zebrafish_id,aescallii_id,plm_cosine_distance,selection_reasons,target_name,in_stratified,in_top,in_random,in_target,8m,35m,150m,650m,esm3,identity,seqdiv,max_length,nonstandard,input_order
XP_073800755,XP_056308722,0.707825094461441,top,,False,True,False,False,0.4562256336212158,0.4235677123069763,0.1927938461303711,0.0924552679061889,0.0123695135116577,52.01793721973094,47.98206278026906,1324,False,0
XP_073802884,XP_056312358,0.5321629047393799,top,,False,True,False,False,0.1030235290527343,0.0720875859260559,0.0298818349838256,0.0103887319564819,0.0043163895606994,47.19195305951383,52.80804694048617,4757,True,1
XP_073799587,XP_056316887,0.2925274968147278,top,,False,True,False,False,0.2925273776054382,0.3043237328529358,0.1767852306365966,0.0637081861495971,0.0165871977806091,58.040201005025125,41.959798994974875,398,False,2
XP_005162934,XP_056306558,0.2890889048576355,top,,False,True,False,False,0.2890891432762146,0.2699403166770935,0.1529189348220825,0.0999768376350402,0.017584204673767,57.73809523809524,42.26190476190476,336,True,3
NP_001020468,XP_056306558,0.2887305021286011,top,,False,True,False,False,0.2887306213378906,0.2713350653648376,0.1532639265060424,0.1005513072013855,0.0172762274742126,57.73809523809524,42.26190476190476,336,True,4
XP_073796138,XP_056306558,0.2887305021286011,top,,False,True,False,False,0.2887307405471802,0.2713350653648376,0.1532639265060424,0.1005513072013855,0.0172762274742126,57.73809523809524,42.26190476190476,336,True,5
XP_073805509,XP_056317440,0.2684953808784485,top,,False,True,False,False,0.0005134344100952,0.0005592107772827,0.000224232673645,0.0001198649406433,5.495548248291016e-05,96.59863945578232,3.401360544217681,4776,False,6
XP_073805507,XP_056317440,0.265969455242157,top,,False,True,False,False,0.0003284811973571,0.000336468219757,9.66191291809082e-05,8.440017700195312e-05,3.910064697265625e-05,97.75171065493646,2.24828934506354,4788,False,7
XP_073805506,XP_056317440,0.2643866539001465,top,,False,True,False,False,0.0005136132240295,0.000311255455017,0.000177264213562,0.0001279115676879,5.1081180572509766e-05,96.22093023255816,3.7790697674418396,4798,False,8
NP_001098605,XP_056321319,0.2318271398544311,top,,False,True,False,False,0.2318273186683654,0.2270575761795044,0.1204596161842346,0.0674852132797241,0.0102736353874206,68.5131195335277,31.4868804664723,342,False,9
XP_005162934,XP_056307122,0.2180123329162597,top,,False,True,False,False,0.2180123925209045,0.1576195955276489,0.0776506662368774,0.0535881519317626,0.0124405026435852,57.73809523809524,42.26190476190476,336,True,10
NP_001020468,XP_056307122,0.2173510789871215,stratified;top,,True,True,False,False,0.2173510789871215,0.158323585987091,0.0777562856674194,0.0535392165184021,0.0122329592704772,57.73809523809524,42.26190476190476,336,True,11
XP_073796138,XP_056307122,0.2173510789871215,top,,False,True,False,False,0.2173511385917663,0.158323585987091,0.0777562856674194,0.0535392165184021,0.0122329592704772,57.73809523809524,42.26190476190476,336,True,12
NP_001077333,XP_056322046,0.2167057991027832,top,,False,True,False,False,0.2167057394981384,0.1933070421218872,0.0932313799858093,0.0595881938934326,0.0099808573722839,70.99697885196375,29.003021148036254,328,False,13
XP_073795535,XP_056305543,0.1898771524429321,top,,False,True,False,False,0.1898770928382873,0.1882234811782837,0.1376257538795471,0.0844371318817138,0.024059772491455,36.58810325476992,63.41189674523008,891,False,14
XP_073789377,XP_056336569,0.1705944538116455,top,,False,True,False,False,0.0002285242080688,0.0001434683799743,0.0001754760742187,0.000143826007843,0.000147521495819,92.76126558005753,7.238734419942475,8754,False,15
XP_073789379,XP_056336569,0.1691216826438903,top,,False,True,False,False,0.0003448128700256,0.0002498626708984,0.0003019571304321,0.0001991391181945,0.0002235770225524,90.99571224392568,9.00428775607432,8754,False,16
XP_073789378,XP_056336569,0.1686418652534485,top,,False,True,False,False,0.000271737575531,0.0001763701438903,0.0002045631408691,0.0001393556594848,0.0001503825187683,93.43945972021226,6.560540279787745,8754,False,17
XP_073789376,XP_056336569,0.1681166291236877,top,,False,True,False,False,0.0003350377082824,0.0002477169036865,0.0003852248191833,0.0001844763755798,0.0002548694610595,91.65867689357624,8.341323106423758,8754,False,18
XP_073789375,XP_056336569,0.1681166291236877,top,,False,True,False,False,0.0003350377082824,0.0002477169036865,0.0003852248191833,0.0001844763755798,0.0002548694610595,91.65867689357624,8.341323106423758,8754,False,19
XP_073799314,XP_056307366,0.1577844023704528,top,,False,True,False,False,0.1577842831611633,0.1728829145431518,0.0899803042411804,0.0347962975502014,0.0075222253799438,69.6223316912972,30.377668308702795,595,False,20
XP_073810441,XP_056316142,0.1450013518333435,top,,False,True,False,False,4.00543212890625e-05,2.3245811462402344e-05,2.968311309814453e-05,2.8431415557861328e-05,5.0067901611328125e-06,99.31640625,0.68359375,4832,False,21
NP_001035388,XP_056302862,0.1441215276718139,top,,False,True,False,False,0.1441220641136169,0.0750343799591064,0.0251469016075134,0.0294283032417297,0.0072401165962219,80.0632911392405,19.936708860759495,315,False,22
XP_073806762,XP_056314267,0.143060564994812,top,,False,True,False,False,0.0003136992454528,0.0001395344734191,0.0001118183135986,0.0002327561378479,1.9252300262451172e-05,96.54837141468155,3.4516285853184456,4002,False,23
XP_073806743,XP_056309459,0.1408203840255737,top,,False,True,False,False,0.1364994049072265,0.1634916067123413,0.0798784494400024,0.0326170921325683,0.0037365555763244,75.6120527306968,24.387947269303197,1062,False,24
XP_073806762,XP_056314268,0.1400843858718872,top,,False,True,False,False,7.742643356323242e-05,0.0001601576805114,5.286931991577149e-05,7.826089859008789e-05,1.0073184967041016e-05,97.60508308895406,2.3949169110459394,3991,False,25
XP_073794610,XP_056304885,0.1398321986198425,top,,False,True,False,False,4.7147274017333984e-05,4.214048385620117e-05,4.38690185546875e-05,2.1219253540039062e-05,2.3543834686279297e-05,97.3417109714838,2.6582890285161938,4551,False,26
XP_073794611,XP_056304885,0.1398321986198425,top,,False,True,False,False,5.179643630981445e-05,4.13060188293457e-05,5.036592483520508e-05,2.2172927856445312e-05,2.3305416107177734e-05,97.43713733075435,2.5628626692456464,4551,False,27
XP_073794604,XP_056304885,0.1398321986198425,top,,False,True,False,False,5.179643630981445e-05,4.13060188293457e-05,5.036592483520508e-05,2.2172927856445312e-05,2.3305416107177734e-05,97.43713733075435,2.5628626692456464,4551,False,28
XP_073794605,XP_056304885,0.1398321986198425,top;random,,False,True,True,False,4.7147274017333984e-05,4.214048385620117e-05,4.38690185546875e-05,2.1219253540039062e-05,2.3543834686279297e-05,97.3417109714838,2.6582890285161938,4551,False,29
XP_073794608,XP_056304885,0.1398321986198425,top,,False,True,False,False,5.179643630981445e-05,4.13060188293457e-05,5.036592483520508e-05,2.2172927856445312e-05,2.3305416107177734e-05,97.43713733075435,2.5628626692456464,4551,False,30
XP_073794606,XP_056304885,0.1398321986198425,top,,False,True,False,False,4.7147274017333984e-05,4.214048385620117e-05,4.38690185546875e-05,2.1219253540039062e-05,2.3543834686279297e-05,97.3417109714838,2.6582890285161938,4551,False,31
XP_073794609,XP_056304885,0.1398321986198425,top,,False,True,False,False,5.179643630981445e-05,4.13060188293457e-05,5.036592483520508e-05,2.2172927856445312e-05,2.3305416107177734e-05,97.43713733075435,2.5628626692456464,4551,False,32
XP_073794603,XP_056304885,0.1398321986198425,top,,False,True,False,False,5.179643630981445e-05,4.13060188293457e-05,5.036592483520508e-05,2.2172927856445312e-05,2.3305416107177734e-05,97.43713733075435,2.5628626692456464,4551,False,33
XP_073801131,XP_056310103,0.1385478973388672,top,,False,True,False,False,0.2249045372009277,0.2591729760169983,0.1211099028587341,0.0570700168609619,0.009091317653656,57.259713701431494,42.740286298568506,978,False,34
XP_073801132,XP_056310103,0.1385478973388672,top,,False,True,False,False,0.1385478973388672,0.1380700469017028,0.0733142495155334,0.0318784713745117,0.005038559436798,77.46478873239437,22.535211267605632,710,False,35
XP_073794615,XP_056304882,0.1365087032318115,top,,False,True,False,False,8.553266525268555e-05,5.8531761169433594e-05,7.933378219604492e-05,4.088878631591797e-05,3.635883331298828e-05,97.48549323017409,2.514506769825914,4582,False,36
XP_073794618,XP_056304882,0.1365087032318115,top,,False,True,False,False,7.957220077514648e-05,5.537271499633789e-05,7.849931716918945e-05,4.017353057861328e-05,3.594160079956055e-05,97.48549323017409,2.514506769825914,4582,False,37
XP_073794616,XP_056304882,0.1365087032318115,top,,False,True,False,False,7.957220077514648e-05,5.537271499633789e-05,7.849931716918945e-05,4.017353057861328e-05,3.594160079956055e-05,97.48549323017409,2.514506769825914,4582,False,38
XP_073794613,XP_056304882,0.1365087032318115,top,,False,True,False,False,8.553266525268555e-05,5.8531761169433594e-05,7.933378219604492e-05,4.088878631591797e-05,3.635883331298828e-05,97.48549323017409,2.514506769825914,4582,False,39
XP_073794614,XP_056304882,0.1365087032318115,top,,False,True,False,False,7.957220077514648e-05,5.537271499633789e-05,7.849931716918945e-05,4.017353057861328e-05,3.594160079956055e-05,97.48549323017409,2.514506769825914,4582,False,40
XP_073794597,XP_056304882,0.1365087032318115,top,,False,True,False,False,7.957220077514648e-05,5.537271499633789e-05,7.849931716918945e-05,4.017353057861328e-05,3.594160079956055e-05,97.48549323017409,2.514506769825914,4582,False,41
XP_073794596,XP_056304882,0.1365087032318115,top,,False,True,False,False,8.553266525268555e-05,5.8531761169433594e-05,7.933378219604492e-05,4.088878631591797e-05,3.635883331298828e-05,97.48549323017409,2.514506769825914,4582,False,42
XP_073794598,XP_056304882,0.1365087032318115,top,,False,True,False,False,8.553266525268555e-05,5.8531761169433594e-05,7.933378219604492e-05,4.088878631591797e-05,3.635883331298828e-05,97.48549323017409,2.514506769825914,4582,False,43
XP_073794602,XP_056304882,0.1365087032318115,top,,False,True,False,False,7.957220077514648e-05,5.537271499633789e-05,7.849931716918945e-05,4.017353057861328e-05,3.594160079956055e-05,97.48549323017409,2.514506769825914,4582,False,44
XP_073794612,XP_056304882,0.1365087032318115,top,,False,True,False,False,7.957220077514648e-05,5.537271499633789e-05,7.849931716918945e-05,4.017353057861328e-05,3.594160079956055e-05,97.48549323017409,2.514506769825914,4582,False,45
XP_073794600,XP_056304882,0.1365087032318115,top,,False,True,False,False,7.957220077514648e-05,5.537271499633789e-05,7.849931716918945e-05,4.017353057861328e-05,3.594160079956055e-05,97.48549323017409,2.514506769825914,4582,False,46
XP_073794601,XP_056304882,0.1365087032318115,top,,False,True,False,False,8.553266525268555e-05,5.8531761169433594e-05,7.933378219604492e-05,4.088878631591797e-05,3.635883331298828e-05,97.48549323017409,2.514506769825914,4582,False,47
XP_073794599,XP_056304882,0.1365087032318115,top,,False,True,False,False,8.553266525268555e-05,5.8531761169433594e-05,7.933378219604492e-05,4.088878631591797e-05,3.635883331298828e-05,97.48549323017409,2.514506769825914,4582,False,48
XP_073794593,XP_056304882,0.1365087032318115,top,,False,True,False,False,8.553266525268555e-05,5.8531761169433594e-05,7.933378219604492e-05,4.088878631591797e-05,3.635883331298828e-05,97.48549323017409,2.514506769825914,4582,False,49
XP_073794594,XP_056304882,0.1365087032318115,top,,False,True,False,False,8.553266525268555e-05,5.8531761169433594e-05,7.933378219604492e-05,4.088878631591797e-05,3.635883331298828e-05,97.48549323017409,2.514506769825914,4582,False,50
XP_073794595,XP_056304882,0.1365087032318115,top,,False,True,False,False,8.553266525268555e-05,5.8531761169433594e-05,7.933378219604492e-05,4.088878631591797e-05,3.635883331298828e-05,97.48549323017409,2.514506769825914,4582,False,51
XP_073794617,XP_056304884,0.1351547241210937,top,,False,True,False,False,8.553266525268555e-05,5.8531761169433594e-05,7.933378219604492e-05,4.088878631591797e-05,3.635883331298828e-05,97.48549323017409,2.514506769825914,4570,False,52
XP_073794602,XP_056304884,0.1351547241210937,top,,False,True,False,False,7.957220077514648e-05,5.537271499633789e-05,7.849931716918945e-05,4.017353057861328e-05,3.594160079956055e-05,97.48549323017409,2.514506769825914,4570,False,53
XP_073794612,XP_056304884,0.1351547241210937,top,,False,True,False,False,7.957220077514648e-05,5.537271499633789e-05,7.849931716918945e-05,4.017353057861328e-05,3.594160079956055e-05,97.48549323017409,2.514506769825914,4570,False,54
XP_073794616,XP_056304884,0.1351547241210937,top,,False,True,False,False,7.957220077514648e-05,5.537271499633789e-05,7.849931716918945e-05,4.017353057861328e-05,3.594160079956055e-05,97.48549323017409,2.514506769825914,4570,False,55
XP_073794594,XP_056304884,0.1351547241210937,top,,False,True,False,False,8.553266525268555e-05,5.8531761169433594e-05,7.933378219604492e-05,4.088878631591797e-05,3.635883331298828e-05,97.48549323017409,2.514506769825914,4570,False,56
XP_073794615,XP_056304884,0.1351547241210937,top,,False,True,False,False,8.553266525268555e-05,5.8531761169433594e-05,7.933378219604492e-05,4.088878631591797e-05,3.635883331298828e-05,97.48549323017409,2.514506769825914,4570,False,57
XP_073794618,XP_056304884,0.1351547241210937,top,,False,True,False,False,7.957220077514648e-05,5.537271499633789e-05,7.849931716918945e-05,4.017353057861328e-05,3.594160079956055e-05,97.48549323017409,2.514506769825914,4570,False,58
XP_073794614,XP_056304884,0.1351547241210937,top,,False,True,False,False,7.957220077514648e-05,5.537271499633789e-05,7.849931716918945e-05,4.017353057861328e-05,3.594160079956055e-05,97.48549323017409,2.514506769825914,4570,False,59
XP_073794598,XP_056304884,0.1351547241210937,top,,False,True,False,False,8.553266525268555e-05,5.8531761169433594e-05,7.933378219604492e-05,4.088878631591797e-05,3.635883331298828e-05,97.48549323017409,2.514506769825914,4570,False,60
XP_073794599,XP_056304884,0.1351547241210937,top,,False,True,False,False,8.553266525268555e-05,5.8531761169433594e-05,7.933378219604492e-05,4.088878631591797e-05,3.635883331298828e-05,97.48549323017409,2.514506769825914,4570,False,61
XP_073794595,XP_056304884,0.1351547241210937,top,,False,True,False,False,8.553266525268555e-05,5.8531761169433594e-05,7.933378219604492e-05,4.088878631591797e-05,3.635883331298828e-05,97.48549323017409,2.514506769825914,4570,False,62
XP_073794613,XP_056304884,0.1351547241210937,top,,False,True,False,False,8.553266525268555e-05,5.8531761169433594e-05,7.933378219604492e-05,4.088878631591797e-05,3.635883331298828e-05,97.48549323017409,2.514506769825914,4570,False,63
XP_073794600,XP_056304884,0.1351547241210937,top,,False,True,False,False,7.957220077514648e-05,5.537271499633789e-05,7.849931716918945e-05,4.017353057861328e-05,3.594160079956055e-05,97.48549323017409,2.514506769825914,4570,False,64
XP_073794596,XP_056304884,0.1351547241210937,top,,False,True,False,False,8.553266525268555e-05,5.8531761169433594e-05,7.933378219604492e-05,4.088878631591797e-05,3.635883331298828e-05,97.48549323017409,2.514506769825914,4570,False,65
XP_073794601,XP_056304884,0.1351547241210937,top,,False,True,False,False,8.553266525268555e-05,5.8531761169433594e-05,7.933378219604492e-05,4.088878631591797e-05,3.635883331298828e-05,97.48549323017409,2.514506769825914,4570,False,66
XP_073794597,XP_056304884,0.1351547241210937,top,,False,True,False,False,7.957220077514648e-05,5.537271499633789e-05,7.849931716918945e-05,4.017353057861328e-05,3.594160079956055e-05,97.48549323017409,2.514506769825914,4570,False,67
XP_073794593,XP_056304884,0.1351547241210937,top,,False,True,False,False,8.553266525268555e-05,5.8531761169433594e-05,7.933378219604492e-05,4.088878631591797e-05,3.635883331298828e-05,97.48549323017409,2.514506769825914,4570,False,68
XP_073794616,XP_056304883,0.1334024667739868,top,,False,True,False,False,7.957220077514648e-05,5.537271499633789e-05,7.849931716918945e-05,4.017353057861328e-05,3.594160079956055e-05,97.48549323017409,2.514506769825914,4576,False,69
XP_073794615,XP_056304883,0.1334024667739868,top,,False,True,False,False,8.553266525268555e-05,5.8531761169433594e-05,7.933378219604492e-05,4.088878631591797e-05,3.635883331298828e-05,97.48549323017409,2.514506769825914,4576,False,70
XP_073794614,XP_056304883,0.1334024667739868,top,,False,True,False,False,7.957220077514648e-05,5.537271499633789e-05,7.849931716918945e-05,4.017353057861328e-05,3.594160079956055e-05,97.48549323017409,2.514506769825914,4576,False,71
XP_073794617,XP_056304883,0.1334024667739868,top,,False,True,False,False,8.553266525268555e-05,5.8531761169433594e-05,7.933378219604492e-05,4.088878631591797e-05,3.635883331298828e-05,97.48549323017409,2.514506769825914,4576,False,72
XP_073794598,XP_056304883,0.1334024667739868,top,,False,True,False,False,8.553266525268555e-05,5.8531761169433594e-05,7.933378219604492e-05,4.088878631591797e-05,3.635883331298828e-05,97.48549323017409,2.514506769825914,4576,False,73
XP_073794593,XP_056304883,0.1334024667739868,stratified;top,,True,True,False,False,8.553266525268555e-05,5.8531761169433594e-05,7.933378219604492e-05,4.088878631591797e-05,3.635883331298828e-05,97.48549323017409,2.514506769825914,4576,False,74
XP_073794602,XP_056304883,0.1334024667739868,top,,False,True,False,False,7.957220077514648e-05,5.537271499633789e-05,7.849931716918945e-05,4.017353057861328e-05,3.594160079956055e-05,97.48549323017409,2.514506769825914,4576,False,75
XP_073794597,XP_056304883,0.1334024667739868,top,,False,True,False,False,7.957220077514648e-05,5.537271499633789e-05,7.849931716918945e-05,4.017353057861328e-05,3.594160079956055e-05,97.48549323017409,2.514506769825914,4576,False,76
XP_073794599,XP_056304883,0.1334024667739868,top,,False,True,False,False,8.553266525268555e-05,5.8531761169433594e-05,7.933378219604492e-05,4.088878631591797e-05,3.635883331298828e-05,97.48549323017409,2.514506769825914,4576,False,77
XP_073794596,XP_056304883,0.1334024667739868,top,,False,True,False,False,8.553266525268555e-05,5.8531761169433594e-05,7.933378219604492e-05,4.088878631591797e-05,3.635883331298828e-05,97.48549323017409,2.514506769825914,4576,False,78
XP_073794594,XP_056304883,0.1334024667739868,stratified;top,,True,True,False,False,8.553266525268555e-05,5.8531761169433594e-05,7.933378219604492e-05,4.088878631591797e-05,3.635883331298828e-05,97.48549323017409,2.514506769825914,4576,False,79
XP_073794600,XP_056304883,0.1334024667739868,top,,False,True,False,False,7.957220077514648e-05,5.537271499633789e-05,7.849931716918945e-05,4.017353057861328e-05,3.594160079956055e-05,97.48549323017409,2.514506769825914,4576,False,80
XP_073794601,XP_056304883,0.1334024667739868,top,,False,True,False,False,8.553266525268555e-05,5.8531761169433594e-05,7.933378219604492e-05,4.088878631591797e-05,3.635883331298828e-05,97.48549323017409,2.514506769825914,4576,False,81
XP_073794612,XP_056304883,0.1334024667739868,top,,False,True,False,False,7.957220077514648e-05,5.537271499633789e-05,7.849931716918945e-05,4.017353057861328e-05,3.594160079956055e-05,97.48549323017409,2.514506769825914,4576,False,82
XP_073794595,XP_056304883,0.1334024667739868,top,,False,True,False,False,8.553266525268555e-05,5.8531761169433594e-05,7.933378219604492e-05,4.088878631591797e-05,3.635883331298828e-05,97.48549323017409,2.514506769825914,4576,False,83
XP_073794613,XP_056304883,0.1334024667739868,top,,False,True,False,False,8.553266525268555e-05,5.8531761169433594e-05,7.933378219604492e-05,4.088878631591797e-05,3.635883331298828e-05,97.48549323017409,2.514506769825914,4576,False,84
XP_073801132,XP_056310102,0.1316596865653991,top,,False,True,False,False,0.1316598057746887,0.1167306303977966,0.0635302662849426,0.028670310974121,0.0041086673736572,77.44565217391305,22.554347826086953,735,False,85
XP_073801131,XP_056310102,0.1316596865653991,top,,False,True,False,False,0.1914658546447754,0.2088038921356201,0.0976282358169555,0.0408037900924682,0.0057289600372314,67.48466257668711,32.515337423312886,978,False,86
XP_073794594,XP_056304881,0.1304373741149902,top,,False,True,False,False,8.553266525268555e-05,5.8531761169433594e-05,7.933378219604492e-05,4.088878631591797e-05,3.635883331298828e-05,97.48549323017409,2.514506769825914,4583,False,87
XP_073794597,XP_056304880,0.1304373741149902,top,,False,True,False,False,7.957220077514648e-05,5.537271499633789e-05,7.849931716918945e-05,4.017353057861328e-05,3.594160079956055e-05,97.48549323017409,2.514506769825914,4583,False,88
XP_073794602,XP_056304880,0.1304373741149902,stratified;top,,True,True,False,False,7.957220077514648e-05,5.537271499633789e-05,7.849931716918945e-05,4.017353057861328e-05,3.594160079956055e-05,97.48549323017409,2.514506769825914,4583,False,89
XP_073794612,XP_056304881,0.1304373741149902,top,,False,True,False,False,7.957220077514648e-05,5.537271499633789e-05,7.849931716918945e-05,4.017353057861328e-05,3.594160079956055e-05,97.48549323017409,2.514506769825914,4583,False,90
XP_073794593,XP_056304881,0.1304373741149902,top,,False,True,False,False,8.553266525268555e-05,5.8531761169433594e-05,7.933378219604492e-05,4.088878631591797e-05,3.635883331298828e-05,97.48549323017409,2.514506769825914,4583,False,91
XP_073794614,XP_056304881,0.1304373741149902,top,,False,True,False,False,7.957220077514648e-05,5.537271499633789e-05,7.849931716918945e-05,4.017353057861328e-05,3.594160079956055e-05,97.48549323017409,2.514506769825914,4583,False,92
XP_073794614,XP_056304880,0.1304373741149902,top,,False,True,False,False,7.957220077514648e-05,5.537271499633789e-05,7.849931716918945e-05,4.017353057861328e-05,3.594160079956055e-05,97.48549323017409,2.514506769825914,4583,False,93
XP_073794616,XP_056304880,0.1304373741149902,top,,False,True,False,False,7.957220077514648e-05,5.537271499633789e-05,7.849931716918945e-05,4.017353057861328e-05,3.594160079956055e-05,97.48549323017409,2.514506769825914,4583,False,94
XP_073794617,XP_056304880,0.1304373741149902,stratified;top,,True,True,False,False,8.553266525268555e-05,5.8531761169433594e-05,7.933378219604492e-05,4.088878631591797e-05,3.635883331298828e-05,97.48549323017409,2.514506769825914,4583,False,95
XP_073794617,XP_056304881,0.1304373741149902,top,,False,True,False,False,8.553266525268555e-05,5.8531761169433594e-05,7.933378219604492e-05,4.088878631591797e-05,3.635883331298828e-05,97.48549323017409,2.514506769825914,4583,False,96
XP_073794615,XP_056304880,0.1304373741149902,top,,False,True,False,False,8.553266525268555e-05,5.8531761169433594e-05,7.933378219604492e-05,4.088878631591797e-05,3.635883331298828e-05,97.48549323017409,2.514506769825914,4583,False,97
XP_073794616,XP_056304881,0.1304373741149902,top,,False,True,False,False,7.957220077514648e-05,5.537271499633789e-05,7.849931716918945e-05,4.017353057861328e-05,3.594160079956055e-05,97.48549323017409,2.514506769825914,4583,False,98
XP_073794601,XP_056304881,0.1304373741149902,top,,False,True,False,False,8.553266525268555e-05,5.8531761169433594e-05,7.933378219604492e-05,4.088878631591797e-05,3.635883331298828e-05,97.48549323017409,2.514506769825914,4583,False,99
XP_073794598,XP_056304880,0.1304373741149902,top,,False,True,False,False,8.553266525268555e-05,5.8531761169433594e-05,7.933378219604492e-05,4.088878631591797e-05,3.635883331298828e-05,97.48549323017409,2.514506769825914,4583,False,100
XP_073794596,XP_056304881,0.1304373741149902,top,,False,True,False,False,8.553266525268555e-05,5.8531761169433594e-05,7.933378219604492e-05,4.088878631591797e-05,3.635883331298828e-05,97.48549323017409,2.514506769825914,4583,False,101
XP_073794601,XP_056304880,0.1304373741149902,top,,False,True,False,False,8.553266525268555e-05,5.8531761169433594e-05,7.933378219604492e-05,4.088878631591797e-05,3.635883331298828e-05,97.48549323017409,2.514506769825914,4583,False,102
XP_073794602,XP_056304881,0.1304373741149902,top,,False,True,False,False,7.957220077514648e-05,5.537271499633789e-05,7.849931716918945e-05,4.017353057861328e-05,3.594160079956055e-05,97.48549323017409,2.514506769825914,4583,False,103
XP_073794598,XP_056304881,0.1304373741149902,stratified;top,,True,True,False,False,8.553266525268555e-05,5.8531761169433594e-05,7.933378219604492e-05,4.088878631591797e-05,3.635883331298828e-05,97.48549323017409,2.514506769825914,4583,False,104
XP_073794597,XP_056304881,0.1304373741149902,top,,False,True,False,False,7.957220077514648e-05,5.537271499633789e-05,7.849931716918945e-05,4.017353057861328e-05,3.594160079956055e-05,97.48549323017409,2.514506769825914,4583,False,105
XP_073794599,XP_056304880,0.1304373741149902,top,,False,True,False,False,8.553266525268555e-05,5.8531761169433594e-05,7.933378219604492e-05,4.088878631591797e-05,3.635883331298828e-05,97.48549323017409,2.514506769825914,4583,False,106
XP_073794596,XP_056304880,0.1304373741149902,top,,False,True,False,False,8.553266525268555e-05,5.8531761169433594e-05,7.933378219604492e-05,4.088878631591797e-05,3.635883331298828e-05,97.48549323017409,2.514506769825914,4583,False,107
XP_073794600,XP_056304881,0.1304373741149902,top,,False,True,False,False,7.957220077514648e-05,5.537271499633789e-05,7.849931716918945e-05,4.017353057861328e-05,3.594160079956055e-05,97.48549323017409,2.514506769825914,4583,False,108
XP_073794600,XP_056304880,0.1304373741149902,top,,False,True,False,False,7.957220077514648e-05,5.537271499633789e-05,7.849931716918945e-05,4.017353057861328e-05,3.594160079956055e-05,97.48549323017409,2.514506769825914,4583,False,109
XP_073794593,XP_056304880,0.1304373741149902,top,,False,True,False,False,8.553266525268555e-05,5.8531761169433594e-05,7.933378219604492e-05,4.088878631591797e-05,3.635883331298828e-05,97.48549323017409,2.514506769825914,4583,False,110
XP_073794599,XP_056304881,0.1304373741149902,top,,False,True,False,False,8.553266525268555e-05,5.8531761169433594e-05,7.933378219604492e-05,4.088878631591797e-05,3.635883331298828e-05,97.48549323017409,2.514506769825914,4583,False,111
XP_073794594,XP_056304880,0.1304373741149902,top,,False,True,False,False,8.553266525268555e-05,5.8531761169433594e-05,7.933378219604492e-05,4.088878631591797e-05,3.635883331298828e-05,97.48549323017409,2.514506769825914,4583,False,112
XP_073794595,XP_056304880,0.1304373741149902,top,,False,True,False,False,8.553266525268555e-05,5.8531761169433594e-05,7.933378219604492e-05,4.088878631591797e-05,3.635883331298828e-05,97.48549323017409,2.514506769825914,4583,False,113
XP_073794595,XP_056304881,0.1304373741149902,top,,False,True,False,False,8.553266525268555e-05,5.8531761169433594e-05,7.933378219604492e-05,4.088878631591797e-05,3.635883331298828e-05,97.48549323017409,2.514506769825914,4583,False,114
XP_073794613,XP_056304880,0.1304373741149902,top,,False,True,False,False,8.553266525268555e-05,5.8531761169433594e-05,7.933378219604492e-05,4.088878631591797e-05,3.635883331298828e-05,97.48549323017409,2.514506769825914,4583,False,115
XP_073794615,XP_056304881,0.1304373741149902,top,,False,True,False,False,8.553266525268555e-05,5.8531761169433594e-05,7.933378219604492e-05,4.088878631591797e-05,3.635883331298828e-05,97.48549323017409,2.514506769825914,4583,False,116
XP_073794612,XP_056304880,0.1304373741149902,top,,False,True,False,False,7.957220077514648e-05,5.537271499633789e-05,7.849931716918945e-05,4.017353057861328e-05,3.594160079956055e-05,97.48549323017409,2.514506769825914,4583,False,117
XP_073794613,XP_056304881,0.1304373741149902,top,,False,True,False,False,8.553266525268555e-05,5.8531761169433594e-05,7.933378219604492e-05,4.088878631591797e-05,3.635883331298828e-05,97.48549323017409,2.514506769825914,4583,False,118
XP_073794615,XP_056304886,0.1295089721679687,top,,False,True,False,False,8.553266525268555e-05,5.8531761169433594e-05,7.933378219604492e-05,4.088878631591797e-05,3.635883331298828e-05,97.48549323017409,2.514506769825914,4527,False,119
XP_073794614,XP_056304886,0.1295089721679687,top,,False,True,False,False,7.957220077514648e-05,5.537271499633789e-05,7.849931716918945e-05,4.017353057861328e-05,3.594160079956055e-05,97.48549323017409,2.514506769825914,4527,False,120
XP_073794618,XP_056304886,0.1295089721679687,top,,False,True,False,False,7.957220077514648e-05,5.537271499633789e-05,7.849931716918945e-05,4.017353057861328e-05,3.594160079956055e-05,97.48549323017409,2.514506769825914,4527,False,121
XP_073794616,XP_056304886,0.1295089721679687,top,,False,True,False,False,7.957220077514648e-05,5.537271499633789e-05,7.849931716918945e-05,4.017353057861328e-05,3.594160079956055e-05,97.48549323017409,2.514506769825914,4527,False,122
XP_073794602,XP_056304886,0.1295089721679687,top,,False,True,False,False,7.957220077514648e-05,5.537271499633789e-05,7.849931716918945e-05,4.017353057861328e-05,3.594160079956055e-05,97.48549323017409,2.514506769825914,4554,False,123
XP_073794593,XP_056304886,0.1295089721679687,top,,False,True,False,False,8.553266525268555e-05,5.8531761169433594e-05,7.933378219604492e-05,4.088878631591797e-05,3.635883331298828e-05,97.48549323017409,2.514506769825914,4569,False,124
XP_073794613,XP_056304886,0.1295089721679687,top,,False,True,False,False,8.553266525268555e-05,5.8531761169433594e-05,7.933378219604492e-05,4.088878631591797e-05,3.635883331298828e-05,97.48549323017409,2.514506769825914,4527,False,125
XP_073794599,XP_056304886,0.1295089721679687,top,,False,True,False,False,8.553266525268555e-05,5.8531761169433594e-05,7.933378219604492e-05,4.088878631591797e-05,3.635883331298828e-05,97.48549323017409,2.514506769825914,4556,False,126
XP_073794595,XP_056304886,0.1295089721679687,top,,False,True,False,False,8.553266525268555e-05,5.8531761169433594e-05,7.933378219604492e-05,4.088878631591797e-05,3.635883331298828e-05,97.48549323017409,2.514506769825914,4568,False,127
XP_073794598,XP_056304886,0.1295089721679687,top,,False,True,False,False,8.553266525268555e-05,5.8531761169433594e-05,7.933378219604492e-05,4.088878631591797e-05,3.635883331298828e-05,97.48549323017409,2.514506769825914,4556,False,128
XP_073794617,XP_056304886,0.1295089721679687,top,,False,True,False,False,8.553266525268555e-05,5.8531761169433594e-05,7.933378219604492e-05,4.088878631591797e-05,3.635883331298828e-05,97.48549323017409,2.514506769825914,4527,False,129
XP_073794612,XP_056304886,0.1295089721679687,top,,False,True,False,False,7.957220077514648e-05,5.537271499633789e-05,7.849931716918945e-05,4.017353057861328e-05,3.594160079956055e-05,97.48549323017409,2.514506769825914,4527,False,130
XP_073794594,XP_056304886,0.1295089721679687,top,,False,True,False,False,8.553266525268555e-05,5.8531761169433594e-05,7.933378219604492e-05,4.088878631591797e-05,3.635883331298828e-05,97.48549323017409,2.514506769825914,4568,False,131
XP_073794601,XP_056304886,0.1295089721679687,top,,False,True,False,False,8.553266525268555e-05,5.8531761169433594e-05,7.933378219604492e-05,4.088878631591797e-05,3.635883331298828e-05,97.48549323017409,2.514506769825914,4555,False,132
XP_073794600,XP_056304886,0.1295089721679687,top,,False,True,False,False,7.957220077514648e-05,5.537271499633789e-05,7.849931716918945e-05,4.017353057861328e-05,3.594160079956055e-05,97.48549323017409,2.514506769825914,4555,False,133
XP_073794596,XP_056304886,0.1295089721679687,top,,False,True,False,False,8.553266525268555e-05,5.8531761169433594e-05,7.933378219604492e-05,4.088878631591797e-05,3.635883331298828e-05,97.48549323017409,2.514506769825914,4568,False,134
XP_073794597,XP_056304886,0.1295089721679687,top,,False,True,False,False,7.957220077514648e-05,5.537271499633789e-05,7.849931716918945e-05,4.017353057861328e-05,3.594160079956055e-05,97.48549323017409,2.514506769825914,4567,False,135
XP_073795758,XP_056304665,0.1294261813163757,top,,False,True,False,False,0.0009160637855529,0.0005592107772827,0.0005546808242797,0.000271737575531,6.765127182006836e-05,75.51467367498906,24.485326325010945,4165,False,136
XP_073803197,XP_056311848,0.1287579536437988,top,,False,True,False,False,0.0011110305786132,0.0011415481567382,0.000634491443634,0.0005295276641845,0.0002471804618835,87.09377901578459,12.906220984215409,4356,False,137
XP_073804780,XP_056310948,0.1199256777763366,top,,False,True,False,False,0.1199256777763366,0.1631296873092651,0.0838397741317749,0.0373356342315673,0.0166741013526916,45.45454545454545,54.54545454545455,327,False,138
XP_005172209,XP_056318564,0.1181472539901733,top,,False,True,False,False,0.1181472539901733,0.1166532039642334,0.0516326427459716,0.0396670699119567,0.0091094374656677,35.69405099150141,64.30594900849859,352,False,139
XP_005161694,XP_056303766,0.1107110381126403,top,,False,True,False,False,0.110710859298706,0.0905650854110717,0.0480281710624694,0.0305289626121521,0.0048468112945556,62.0,38.0,400,False,140
NP_001170806,XP_056313328,0.10554701089859,top,,False,True,False,False,0.1053749322891235,0.0934999585151672,0.0230672359466552,0.0154269933700561,0.005374252796173,68.43537414965986,31.564625850340136,735,False,141
NP_001107111,XP_056308382,0.104275107383728,top,,False,True,False,False,0.0998446941375732,0.0460158586502075,0.0172724723815917,0.0135722756385803,0.008729875087738,42.20183486238532,57.79816513761468,106,False,142
XP_699087,XP_056307214,0.1039884686470031,top,,False,True,False,False,0.1039882898330688,0.0580464601516723,0.0195316076278686,0.0229851603507995,0.0048680305480957,56.68449197860963,43.31550802139037,374,True,143
XP_073803335,XP_056311413,0.1026497483253479,top,,False,True,False,False,0.0001142621040344,0.0001062750816345,6.914138793945312e-05,6.937980651855469e-05,3.069639205932617e-05,97.60508308895406,2.3949169110459394,3017,False,144
XP_073803336,XP_056311413,0.1026497483253479,top,,False,True,False,False,0.0001142621040344,0.0001062750816345,6.914138793945312e-05,6.937980651855469e-05,3.069639205932617e-05,97.60508308895406,2.3949169110459394,3017,False,145
XP_073803337,XP_056311413,0.1026497483253479,top,,False,True,False,False,0.0001142621040344,0.0001062750816345,6.914138793945312e-05,6.937980651855469e-05,3.069639205932617e-05,97.60508308895406,2.3949169110459394,3017,False,146
XP_073803335,XP_056311412,0.1023929119110107,stratified;top,,True,True,False,False,0.0001142621040344,0.0001062750816345,6.914138793945312e-05,6.937980651855469e-05,3.069639205932617e-05,97.60508308895406,2.3949169110459394,3021,False,147
XP_073803336,XP_056311412,0.1023929119110107,top,,False,True,False,False,0.0001142621040344,0.0001062750816345,6.914138793945312e-05,6.937980651855469e-05,3.069639205932617e-05,97.60508308895406,2.3949169110459394,3021,False,148
XP_073803337,XP_056311412,0.1023929119110107,top,,False,True,False,False,0.0001142621040344,0.0001062750816345,6.914138793945312e-05,6.937980651855469e-05,3.069639205932617e-05,97.60508308895406,2.3949169110459394,3021,False,149
XP_073792923,XP_056303811,0.1016167998313903,top,,False,True,False,False,0.0007250308990478,0.0004403591156005,0.0002896189689636,0.000108778476715,3.641843795776367e-05,94.58800585080448,5.411994149195522,3142,False,150
XP_073792923,XP_056303810,0.1013765335083007,top,,False,True,False,False,0.0008652210235595,0.0004511475563049,0.0002971291542053,0.0001129508018493,3.594160079956055e-05,94.49317738791424,5.506822612085756,3143,False,151
XP_073803337,XP_056311414,0.101044476032257,top,,False,True,False,False,0.0001142621040344,0.0001062750816345,6.914138793945312e-05,6.937980651855469e-05,3.069639205932617e-05,97.60508308895406,2.3949169110459394,3020,False,152
XP_073803336,XP_056311414,0.101044476032257,top,,False,True,False,False,0.0001142621040344,0.0001062750816345,6.914138793945312e-05,6.937980651855469e-05,3.069639205932617e-05,97.60508308895406,2.3949169110459394,3020,False,153
XP_073803335,XP_056311414,0.101044476032257,top,,False,True,False,False,0.0001142621040344,0.0001062750816345,6.914138793945312e-05,6.937980651855469e-05,3.069639205932617e-05,97.60508308895406,2.3949169110459394,3020,False,154
XP_073794998,XP_056305354,0.1001971960067749,top,,False,True,False,False,8.0108642578125e-05,8.910894393920898e-05,4.941225051879883e-05,4.369020462036133e-05,2.193450927734375e-05,98.33822091886609,1.6617790811339148,4361,False,155
XP_073794997,XP_056305354,0.1001971960067749,top,,False,True,False,False,8.0108642578125e-05,8.910894393920898e-05,4.941225051879883e-05,4.369020462036133e-05,2.193450927734375e-05,98.33822091886609,1.6617790811339148,4400,False,156
XP_073803334,XP_056311411,0.0998194813728332,stratified;top,,True,True,False,False,0.000127375125885,9.429454803466796e-05,7.200241088867188e-05,5.775690078735352e-05,3.045797348022461e-05,97.60508308895406,2.3949169110459394,3034,False,157
XP_073803334,XP_056311408,0.0995818972587585,top,,False,True,False,False,0.000127375125885,9.429454803466796e-05,7.200241088867188e-05,5.775690078735352e-05,3.045797348022461e-05,97.60508308895406,2.3949169110459394,3048,False,158
XP_073794997,XP_056305355,0.0994977951049804,top,,False,True,False,False,0.0001284480094909,0.0001121759414672,5.2809715270996094e-05,4.887580871582031e-05,2.47955322265625e-05,98.24132877381534,1.75867122618466,4400,False,159
XP_073794998,XP_056305355,0.0994977951049804,top,,False,True,False,False,0.0001284480094909,0.0001121759414672,5.2809715270996094e-05,4.887580871582031e-05,2.47955322265625e-05,98.24132877381534,1.75867122618466,4361,False,160
XP_073803334,XP_056311409,0.0991847515106201,top,,False,True,False,False,0.000127375125885,9.429454803466796e-05,7.200241088867188e-05,5.775690078735352e-05,3.045797348022461e-05,97.60508308895406,2.3949169110459394,3047,False,161
XP_697727,XP_056332436,0.0985206961631774,top,,False,True,False,False,0.000423789024353,0.0002788305282592,0.0003409385681152,9.92417335510254e-05,4.70280647277832e-05,94.31762991743564,5.682370082564361,2527,False,162
XP_073795180,XP_056304941,0.098419189453125,top,,False,True,False,False,0.0002375245094299,0.0001553297042846,0.0001059174537658,0.0001171827316284,3.355741500854492e-05,95.27027027027027,4.729729729729726,4946,False,163
XP_073807185,XP_056314718,0.0974858999252319,top,,False,True,False,False,5.221366882324219e-05,4.112720489501953e-05,3.0338764190673828e-05,2.5272369384765625e-05,5.543231964111328e-06,98.87585532746824,1.1241446725317559,2482,False,164
XP_073807186,XP_056314718,0.0974858999252319,stratified;top,,True,True,False,False,5.221366882324219e-05,4.112720489501953e-05,3.0338764190673828e-05,2.5272369384765625e-05,5.543231964111328e-06,98.87585532746824,1.1241446725317559,2482,False,165
XP_073795178,XP_056304941,0.0974751710891723,top,,False,True,False,False,0.0001134872436523,9.85264778137207e-05,8.720159530639648e-05,6.133317947387695e-05,1.430511474609375e-05,97.65395894428153,2.346041055718473,4949,False,166
XP_073795179,XP_056304941,0.0974751710891723,top,,False,True,False,False,0.0001259446144104,0.0001159310340881,9.09566879272461e-05,6.264448165893555e-05,1.4960765838623049e-05,97.55740107474352,2.442598925256476,4948,False,167
XP_073795177,XP_056304941,0.0974751710891723,top,,False,True,False,False,0.0001698732376098,0.0002054572105407,0.000163197517395,9.930133819580078e-05,2.491474151611328e-05,95.93023255813954,4.0697674418604635,4966,False,168
XP_073803334,XP_056311410,0.0968682765960693,top,,False,True,False,False,0.000127375125885,9.429454803466796e-05,7.200241088867188e-05,5.775690078735352e-05,3.045797348022461e-05,97.60508308895406,2.3949169110459394,3044,False,169
XP_073795177,XP_056304940,0.0964997410774231,top;random,,False,True,True,False,0.0001126527786254,9.435415267944336e-05,8.809566497802734e-05,5.5730342864990234e-05,1.3172626495361328e-05,97.65395894428153,2.346041055718473,4966,False,170
XP_073795178,XP_056304940,0.0964997410774231,top,,False,True,False,False,0.0002202987670898,0.0001192092895507,9.131431579589844e-05,7.110834121704102e-05,2.664327621459961e-05,95.93023255813954,4.0697674418604635,4963,False,171
XP_073795179,XP_056304940,0.0964997410774231,top,,False,True,False,False,0.0002077221870422,0.0001120567321777,9.185075759887697e-05,6.788969039916992e-05,2.6524066925048828e-05,95.93023255813954,4.0697674418604635,4963,False,172
XP_073795178,XP_056304938,0.096393883228302,top,,False,True,False,False,0.0001873970031738,0.0001069903373718,9.739398956298828e-05,6.920099258422852e-05,2.568960189819336e-05,95.93023255813954,4.0697674418604635,4964,False,173
XP_073795178,XP_056304939,0.096393883228302,stratified;top,,True,True,False,False,0.0001873970031738,0.0001069903373718,9.739398956298828e-05,6.920099258422852e-05,2.568960189819336e-05,95.93023255813954,4.0697674418604635,4964,False,174
XP_073795177,XP_056304938,0.096393883228302,top,,False,True,False,False,0.0001347661018371,8.982419967651367e-05,0.0001032948493957,5.775690078735352e-05,1.323223114013672e-05,97.55740107474352,2.442598925256476,4966,False,175
XP_073795179,XP_056304938,0.096393883228302,top,,False,True,False,False,0.0001847743988037,0.0001091957092285,0.0001007914543151,6.99162483215332e-05,2.6166439056396484e-05,95.83535108958836,4.164648910411643,4964,False,176
XP_073795179,XP_056304939,0.096393883228302,top,,False,True,False,False,0.0001847743988037,0.0001091957092285,0.0001007914543151,6.99162483215332e-05,2.6166439056396484e-05,95.83535108958836,4.164648910411643,4964,False,177
XP_073795177,XP_056304939,0.096393883228302,top,,False,True,False,False,0.0001347661018371,8.982419967651367e-05,0.0001032948493957,5.775690078735352e-05,1.323223114013672e-05,97.55740107474352,2.442598925256476,4966,False,178
XP_068068931,XP_056327439,0.0940101146697998,top,,False,True,False,False,0.0940099954605102,0.0930618047714233,0.0526681542396545,0.0135690569877624,0.0037659406661987,79.57860615883307,20.421393841166932,617,False,179
XP_005156868,XP_056327439,0.0940101146697998,top,,False,True,False,False,0.0940099954605102,0.0930618047714233,0.0526681542396545,0.0135690569877624,0.0037659406661987,79.57860615883307,20.421393841166932,617,False,180
NP_999947,XP_056327439,0.0937607288360595,top,,False,True,False,False,0.09376060962677,0.0931192636489868,0.0526919364929199,0.0134311318397521,0.0037230849266052,79.57860615883307,20.421393841166932,617,False,181
NP_001108575,XP_056308382,0.0934056639671325,top,,False,True,False,False,0.0909182429313659,0.0483683943748474,0.0189216136932373,0.0155463218688964,0.0094004273414611,43.11926605504587,56.88073394495413,106,False,182
XP_073794997,XP_056305356,0.0933619141578674,stratified;top,,True,True,False,False,8.0108642578125e-05,8.910894393920898e-05,4.941225051879883e-05,4.369020462036133e-05,2.193450927734375e-05,98.33822091886609,1.6617790811339148,4400,False,183
XP_073794998,XP_056305356,0.0933619141578674,top,,False,True,False,False,8.0108642578125e-05,8.910894393920898e-05,4.941225051879883e-05,4.369020462036133e-05,2.193450927734375e-05,98.33822091886609,1.6617790811339148,4386,False,184
NP_001005950,XP_056325645,0.0911903977394104,top,,False,True,False,False,0.0911900997161865,0.0547814965248107,0.0118343234062194,0.019906997680664,0.0030395984649658,72.12121212121212,27.878787878787875,326,False,185
NP_001035450,XP_056301966,0.0887117981910705,top,,False,True,False,False,0.0887119174003601,0.0526034832000732,0.0106318593025207,0.010698914527893,0.0041014552116394,62.5,37.5,456,False,186
XP_073788352,XP_056305304,0.0884963274002075,top,,False,True,False,False,0.0884960293769836,0.0585914254188537,0.0340139269828796,0.0375565290451049,0.0119716525077819,49.775784753363226,50.224215246636774,218,False,187
XP_073794974,XP_056304857,0.0873368382453918,top,,False,True,False,False,0.0005354881286621,0.0002777576446533,9.334087371826172e-05,4.392862319946289e-05,0.0004191994667053,97.81871061560834,2.181289384391661,5167,True,188
XP_073794993,XP_056304857,0.0873368382453918,top,,False,True,False,False,0.0001909732818603,0.000163197517395,2.9087066650390625e-05,2.139806747436523e-05,0.0003218054771423,99.267578125,0.732421875,5144,True,189
XP_073794988,XP_056304857,0.0873368382453918,top,,False,True,False,False,0.0001909732818603,0.000163197517395,2.9087066650390625e-05,2.139806747436523e-05,0.0003218054771423,99.267578125,0.732421875,5152,True,190
XP_073794990,XP_056304857,0.0873368382453918,top,,False,True,False,False,0.0001909732818603,0.000163197517395,2.9087066650390625e-05,2.139806747436523e-05,0.0003218054771423,99.267578125,0.732421875,5146,True,191
XP_073794995,XP_056304857,0.0873368382453918,top,,False,True,False,False,0.0001909732818603,0.000163197517395,2.9087066650390625e-05,2.139806747436523e-05,0.0003218054771423,99.267578125,0.732421875,5144,True,192
XP_073794994,XP_056304857,0.0873368382453918,top,,False,True,False,False,0.0001909732818603,0.000163197517395,2.9087066650390625e-05,2.139806747436523e-05,0.0003218054771423,99.267578125,0.732421875,5144,True,193
XP_073794978,XP_056304857,0.0873368382453918,top,,False,True,False,False,0.0001909732818603,0.000163197517395,2.9087066650390625e-05,2.139806747436523e-05,0.0003218054771423,99.267578125,0.732421875,5163,True,194
XP_073794991,XP_056304857,0.0873368382453918,top,,False,True,False,False,0.0001909732818603,0.000163197517395,2.9087066650390625e-05,2.139806747436523e-05,0.0003218054771423,99.267578125,0.732421875,5145,True,195
XP_073794987,XP_056304857,0.0872653722763061,top,,False,True,False,False,3.528594970703125e-05,1.8894672393798828e-05,4.00543212890625e-05,1.996755599975586e-05,0.0002755522727966,99.51124144672532,0.4887585532746783,5154,True,196
XP_073794983,XP_056304857,0.0872653722763061,top,,False,True,False,False,0.0002663731575012,0.0003118515014648,8.404254913330078e-05,3.814697265625e-05,0.0003678798675537,98.0591945657448,1.9408054342551964,5158,True,197
XP_073794984,XP_056304857,0.0872653722763061,top,,False,True,False,False,0.0002663731575012,0.0003118515014648,8.404254913330078e-05,3.814697265625e-05,0.0003678798675537,98.0591945657448,1.9408054342551964,5157,True,198
XP_073794968,XP_056304857,0.0872653722763061,top,,False,True,False,False,0.0002663731575012,0.0003118515014648,8.404254913330078e-05,3.814697265625e-05,0.0003678798675537,98.0591945657448,1.9408054342551964,5176,True,199
XP_073794996,XP_056304857,0.0872653722763061,top,,False,True,False,False,3.528594970703125e-05,1.8894672393798828e-05,4.00543212890625e-05,1.996755599975586e-05,0.0002755522727966,99.51124144672532,0.4887585532746783,5144,True,200
XP_073794992,XP_056304857,0.0872653722763061,top,,False,True,False,False,3.528594970703125e-05,1.8894672393798828e-05,4.00543212890625e-05,1.996755599975586e-05,0.0002755522727966,99.51124144672532,0.4887585532746783,5144,True,201
XP_073794986,XP_056304857,0.0872653722763061,top,,False,True,False,False,3.528594970703125e-05,1.8894672393798828e-05,4.00543212890625e-05,1.996755599975586e-05,0.0002755522727966,99.51124144672532,0.4887585532746783,5155,True,202
XP_073794976,XP_056304857,0.0872653722763061,top,,False,True,False,False,0.0002663731575012,0.0003118515014648,8.404254913330078e-05,3.814697265625e-05,0.0003678798675537,98.0591945657448,1.9408054342551964,5165,True,203
XP_073794989,XP_056304857,0.0872653722763061,top,,False,True,False,False,3.528594970703125e-05,1.8894672393798828e-05,4.00543212890625e-05,1.996755599975586e-05,0.0002755522727966,99.51124144672532,0.4887585532746783,5150,True,204
XP_073794981,XP_056304857,0.0862061381340026,top,,False,True,False,False,0.0002568960189819,0.0002397894859313,7.683038711547852e-05,3.784894943237305e-05,0.0003769397735595,98.15533980582524,1.8446601941747645,5158,True,205
XP_073794964,XP_056304857,0.0862061381340026,top,,False,True,False,False,0.0005450248718261,0.0003243684768676,0.0001187920570373,5.316734313964844e-05,0.0004252195358276,96.72289156626506,3.277108433734938,5184,True,206
XP_073794977,XP_056304857,0.0862061381340026,top,,False,True,False,False,0.0002568960189819,0.0002397894859313,7.683038711547852e-05,3.784894943237305e-05,0.0003769397735595,98.15533980582524,1.8446601941747645,5164,True,207
XP_073794962,XP_056304857,0.0862061381340026,top,,False,True,False,False,0.0005450248718261,0.0003243684768676,0.0001187920570373,5.316734313964844e-05,0.0004252195358276,96.72289156626506,3.277108433734938,5190,True,208
XP_073794970,XP_056304857,0.0862061381340026,top,,False,True,False,False,0.0002568960189819,0.0002397894859313,7.683038711547852e-05,3.784894943237305e-05,0.0003769397735595,98.15533980582524,1.8446601941747645,5175,True,209
XP_073794972,XP_056304857,0.0862061381340026,top,,False,True,False,False,0.0002568960189819,0.0002397894859313,7.683038711547852e-05,3.784894943237305e-05,0.0003769397735595,98.15533980582524,1.8446601941747645,5169,True,210
XP_073794963,XP_056304857,0.0861937999725341,stratified;top,,True,True,False,False,0.0004381537437438,0.0003421902656555,0.0001082420349121,4.905462265014648e-05,0.0004352331161499,96.81774349083896,3.1822565091610358,5189,True,211
XP_073794985,XP_056304857,0.0861937999725341,top,,False,True,False,False,0.0001561045646667,0.0002506971359252,8.219480514526367e-05,3.725290298461914e-05,0.0003807544708251,98.25157843613404,1.7484215638659606,5156,True,212
XP_073797517,XP_056306431,0.0861071348190307,top,,False,True,False,False,0.0002342462539672,0.0002557635307312,7.814168930053711e-05,6.401538848876953e-05,2.1159648895263672e-05,95.93023255813954,4.0697674418604635,4926,False,213
XP_073797519,XP_056306431,0.0861071348190307,top,,False,True,False,False,0.0001413226127624,0.0002350807189941,5.811452865600586e-05,6.80685043334961e-05,1.4781951904296877e-05,97.4609375,2.5390625,4926,False,214
XP_073794973,XP_056304857,0.0860631465911865,top,,False,True,False,False,0.0001824498176574,0.0003513097763061,6.693601608276367e-05,3.868341445922851e-05,0.0003928542137145,97.91464597478176,2.085354025218237,5169,True,215
XP_073794975,XP_056304857,0.0860631465911865,top,,False,True,False,False,0.0001824498176574,0.0003513097763061,6.693601608276367e-05,3.868341445922851e-05,0.0003928542137145,97.91464597478176,2.085354025218237,5166,True,216
XP_073794971,XP_056304857,0.0860631465911865,top,,False,True,False,False,0.0002172589302062,0.0003243684768676,0.0001246929168701,6.693601608276367e-05,0.0004757046699523,96.4853153586904,3.5146846413096,5174,True,217
XP_073794967,XP_056304857,0.0860631465911865,top,,False,True,False,False,0.0001824498176574,0.0003513097763061,6.693601608276367e-05,3.868341445922851e-05,0.0003928542137145,97.91464597478176,2.085354025218237,5177,True,218
XP_073794979,XP_056304857,0.0860631465911865,top,,False,True,False,False,0.0001824498176574,0.0003513097763061,6.693601608276367e-05,3.868341445922851e-05,0.0003928542137145,97.91464597478176,2.085354025218237,5160,True,219
XP_073794965,XP_056304857,0.0860631465911865,top,,False,True,False,False,0.0002172589302062,0.0003243684768676,0.0001246929168701,6.693601608276367e-05,0.0004757046699523,96.4853153586904,3.5146846413096,5181,True,220
XP_073794953,XP_056304857,0.0860423445701599,top,,False,True,False,False,0.0008683800697326,0.0006311535835266,0.0003297924995422,0.0002675056457519,0.0009554624557495,92.590844738084,7.409155261915998,5234,True,221
XP_073794969,XP_056304857,0.0859398245811462,top,,False,True,False,False,0.0002364516258239,0.000306487083435,6.0677528381347656e-05,3.534555435180664e-05,0.000414490699768,98.0106744298884,1.9893255701116033,5176,True,222
XP_073794980,XP_056304857,0.0859398245811462,top,,False,True,False,False,0.0002364516258239,0.000306487083435,6.0677528381347656e-05,3.534555435180664e-05,0.000414490699768,98.0106744298884,1.9893255701116033,5159,True,223
XP_073794966,XP_056304857,0.0859398245811462,top,,False,True,False,False,0.000500202178955,0.000318706035614,0.0001115798950195,5.698204040527344e-05,0.0004845857620239,96.57996146435453,3.4200385356454746,5180,True,224
XP_073794961,XP_056304857,0.0859398245811462,top,,False,True,False,False,0.000500202178955,0.000318706035614,0.0001115798950195,5.698204040527344e-05,0.0004845857620239,96.57996146435453,3.4200385356454746,5191,True,225
XP_073797512,XP_056306428,0.0855064392089843,top,,False,True,False,False,0.0001620650291442,9.5367431640625e-05,4.482269287109375e-05,5.072355270385742e-05,1.710653305053711e-05,97.412109375,2.587890625,4964,False,226
XP_073797516,XP_056306428,0.0855064392089843,top,,False,True,False,False,0.0003004074096679,0.00015389919281,8.809566497802734e-05,7.075071334838867e-05,2.276897430419922e-05,95.88178294573645,4.118217054263553,4964,False,227
XP_073797514,XP_056306428,0.0855064392089843,top,,False,True,False,False,0.0001620650291442,9.5367431640625e-05,4.482269287109375e-05,5.072355270385742e-05,1.710653305053711e-05,97.412109375,2.587890625,4964,False,228
XP_073797515,XP_056306428,0.0855064392089843,top,,False,True,False,False,0.0003004074096679,0.00015389919281,8.809566497802734e-05,7.075071334838867e-05,2.276897430419922e-05,95.88178294573645,4.118217054263553,4964,False,229
XP_073797511,XP_056306428,0.0855064392089843,top,,False,True,False,False,0.0001620650291442,9.5367431640625e-05,4.482269287109375e-05,5.072355270385742e-05,1.710653305053711e-05,97.412109375,2.587890625,4964,False,230
XP_073797513,XP_056306428,0.0855064392089843,top,,False,True,False,False,0.0001620650291442,9.5367431640625e-05,4.482269287109375e-05,5.072355270385742e-05,1.710653305053711e-05,97.412109375,2.587890625,4964,False,231
XP_073794951,XP_056304857,0.0851898193359375,top,,False,True,False,False,0.0010526180267333,0.0005427598953247,0.0003688335418701,0.0002769827842712,0.0009029507637023,92.27508243052284,7.724917569477157,5238,True,232
XP_073794956,XP_056304857,0.0851898193359375,top,,False,True,False,False,0.0009204745292663,0.0004844665527343,0.0003089308738708,0.0002189874649047,0.0008348226547241,93.64326375711576,6.356736242884239,5223,True,233
XP_073797513,XP_056306429,0.0849144458770752,top,,False,True,False,False,0.0001620650291442,9.5367431640625e-05,4.482269287109375e-05,5.072355270385742e-05,1.710653305053711e-05,97.412109375,2.587890625,4962,False,234
XP_073797511,XP_056306429,0.0849144458770752,top,,False,True,False,False,0.0001620650291442,9.5367431640625e-05,4.482269287109375e-05,5.072355270385742e-05,1.710653305053711e-05,97.412109375,2.587890625,4962,False,235
XP_073797512,XP_056306429,0.0849144458770752,top,,False,True,False,False,0.0001620650291442,9.5367431640625e-05,4.482269287109375e-05,5.072355270385742e-05,1.710653305053711e-05,97.412109375,2.587890625,4962,False,236
XP_073797514,XP_056306429,0.0849144458770752,top,,False,True,False,False,0.0001620650291442,9.5367431640625e-05,4.482269287109375e-05,5.072355270385742e-05,1.710653305053711e-05,97.412109375,2.587890625,4962,False,237
XP_073797515,XP_056306429,0.0849144458770752,top,,False,True,False,False,0.0003004074096679,0.00015389919281,8.809566497802734e-05,7.075071334838867e-05,2.276897430419922e-05,95.88178294573645,4.118217054263553,4962,False,238
XP_073797516,XP_056306429,0.0849144458770752,top,,False,True,False,False,0.0003004074096679,0.00015389919281,8.809566497802734e-05,7.075071334838867e-05,2.276897430419922e-05,95.88178294573645,4.118217054263553,4962,False,239
XP_073794958,XP_056304857,0.0847650170326232,top,,False,True,False,False,0.0010288953781127,0.0006510019302368,0.0003633499145507,0.0002664327621459,0.000903844833374,93.41232227488152,6.587677725118482,5218,True,240
XP_073794955,XP_056304857,0.0847650170326232,top,,False,True,False,False,0.0010288953781127,0.0006510019302368,0.0003633499145507,0.0002664327621459,0.000903844833374,93.41232227488152,6.587677725118482,5225,True,241
XP_073794952,XP_056304857,0.0847650170326232,top,,False,True,False,False,0.0010480880737304,0.0006830096244812,0.0004135966300964,0.0003116130828857,0.0009810924530029,92.0470588235294,7.952941176470603,5234,True,242
XP_073794954,XP_056304857,0.0847650170326232,top,,False,True,False,False,0.0010480880737304,0.0006830096244812,0.0004135966300964,0.0003116130828857,0.0009810924530029,92.0470588235294,7.952941176470603,5233,True,243
XP_073794957,XP_056304857,0.0847650170326232,top;random,,False,True,True,False,0.0010288953781127,0.0006510019302368,0.0003633499145507,0.0002664327621459,0.000903844833374,93.41232227488152,6.587677725118482,5219,True,244
XP_073794949,XP_056304857,0.0847650170326232,top,,False,True,False,False,0.0010480880737304,0.0006830096244812,0.0004135966300964,0.0003116130828857,0.0009810924530029,92.0470588235294,7.952941176470603,5240,True,245
XP_073794960,XP_056304857,0.0847650170326232,top,,False,True,False,False,0.0010288953781127,0.0006510019302368,0.0003633499145507,0.0002664327621459,0.000903844833374,93.41232227488152,6.587677725118482,5213,True,246
XP_073797516,XP_056306433,0.0845875144004821,top,,False,True,False,False,0.0003004074096679,0.00015389919281,8.809566497802734e-05,7.075071334838867e-05,2.276897430419922e-05,95.88178294573645,4.118217054263553,4961,False,247
XP_073797512,XP_056306433,0.0845875144004821,top,,False,True,False,False,0.0001620650291442,9.5367431640625e-05,4.482269287109375e-05,5.072355270385742e-05,1.710653305053711e-05,97.412109375,2.587890625,4961,False,248
XP_073797511,XP_056306433,0.0845875144004821,top,,False,True,False,False,0.0001620650291442,9.5367431640625e-05,4.482269287109375e-05,5.072355270385742e-05,1.710653305053711e-05,97.412109375,2.587890625,4961,False,249
XP_073797513,XP_056306433,0.0845875144004821,top,,False,True,False,False,0.0001620650291442,9.5367431640625e-05,4.482269287109375e-05,5.072355270385742e-05,1.710653305053711e-05,97.412109375,2.587890625,4961,False,250
XP_073797515,XP_056306433,0.0845875144004821,top,,False,True,False,False,0.0003004074096679,0.00015389919281,8.809566497802734e-05,7.075071334838867e-05,2.276897430419922e-05,95.88178294573645,4.118217054263553,4961,False,251
XP_073797514,XP_056306433,0.0845875144004821,top,,False,True,False,False,0.0001620650291442,9.5367431640625e-05,4.482269287109375e-05,5.072355270385742e-05,1.710653305053711e-05,97.412109375,2.587890625,4961,False,252
XP_073794950,XP_056304857,0.0845162868499755,top,,False,True,False,False,0.0011036992073059,0.0005741715431213,0.0004172921180725,0.0003148317337036,0.0009587407112121,92.13747645951037,7.862523540489633,5239,True,253
XP_073797512,XP_056306430,0.0841808319091796,top,,False,True,False,False,0.0001574754714965,0.0001729726791381,9.769201278686523e-05,8.690357208251953e-05,2.6166439056396484e-05,96.0717749757517,3.928225024248306,4953,False,254
XP_073797514,XP_056306430,0.0841808319091796,top,,False,True,False,False,0.0001574754714965,0.0001729726791381,9.769201278686523e-05,8.690357208251953e-05,2.6166439056396484e-05,96.0717749757517,3.928225024248306,4952,False,255
XP_073797513,XP_056306430,0.0841808319091796,top,,False,True,False,False,0.0001574754714965,0.0001729726791381,9.769201278686523e-05,8.690357208251953e-05,2.6166439056396484e-05,96.0717749757517,3.928225024248306,4953,False,256
XP_073797516,XP_056306430,0.0841808319091796,top,,False,True,False,False,0.000162661075592,0.0001366138458251,4.6372413635253906e-05,6.377696990966797e-05,1.71661376953125e-05,97.412109375,2.587890625,4950,False,257
XP_073797515,XP_056306430,0.0841808319091796,top,,False,True,False,False,0.000162661075592,0.0001366138458251,4.6372413635253906e-05,6.377696990966797e-05,1.71661376953125e-05,97.412109375,2.587890625,4950,False,258
XP_073797511,XP_056306430,0.0841808319091796,top,,False,True,False,False,0.0001574754714965,0.0001729726791381,9.769201278686523e-05,8.690357208251953e-05,2.6166439056396484e-05,96.0717749757517,3.928225024248306,4956,False,259
XP_073797516,XP_056306425,0.0837839245796203,top,,False,True,False,False,0.0003004074096679,0.00015389919281,8.809566497802734e-05,7.075071334838867e-05,2.276897430419922e-05,95.88178294573645,4.118217054263553,4966,False,260
XP_073797515,XP_056306425,0.0837839245796203,top,,False,True,False,False,0.0003004074096679,0.00015389919281,8.809566497802734e-05,7.075071334838867e-05,2.276897430419922e-05,95.88178294573645,4.118217054263553,4966,False,261
XP_073797512,XP_056306425,0.0837839245796203,top,,False,True,False,False,0.0001620650291442,9.5367431640625e-05,4.482269287109375e-05,5.072355270385742e-05,1.710653305053711e-05,97.412109375,2.587890625,4966,False,262
XP_073797511,XP_056306425,0.0837839245796203,top,,False,True,False,False,0.0001620650291442,9.5367431640625e-05,4.482269287109375e-05,5.072355270385742e-05,1.710653305053711e-05,97.412109375,2.587890625,4966,False,263
XP_073797514,XP_056306425,0.0837839245796203,top,,False,True,False,False,0.0001620650291442,9.5367431640625e-05,4.482269287109375e-05,5.072355270385742e-05,1.710653305053711e-05,97.412109375,2.587890625,4966,False,264
XP_073797513,XP_056306425,0.0837839245796203,stratified;top,,True,True,False,False,0.0001620650291442,9.5367431640625e-05,4.482269287109375e-05,5.072355270385742e-05,1.710653305053711e-05,97.412109375,2.587890625,4966,False,265
XP_073797515,XP_056306427,0.0835123658180236,top,,False,True,False,False,0.0003004074096679,0.00015389919281,8.809566497802734e-05,7.075071334838867e-05,2.276897430419922e-05,95.88178294573645,4.118217054263553,4965,False,266
XP_073797516,XP_056306427,0.0835123658180236,top,,False,True,False,False,0.0003004074096679,0.00015389919281,8.809566497802734e-05,7.075071334838867e-05,2.276897430419922e-05,95.88178294573645,4.118217054263553,4965,False,267
XP_073797514,XP_056306427,0.0835123658180236,top,,False,True,False,False,0.0001620650291442,9.5367431640625e-05,4.482269287109375e-05,5.072355270385742e-05,1.710653305053711e-05,97.412109375,2.587890625,4965,False,268
XP_073797513,XP_056306427,0.0835123658180236,top,,False,True,False,False,0.0001620650291442,9.5367431640625e-05,4.482269287109375e-05,5.072355270385742e-05,1.710653305053711e-05,97.412109375,2.587890625,4965,False,269
XP_073797512,XP_056306427,0.0835123658180236,top,,False,True,False,False,0.0001620650291442,9.5367431640625e-05,4.482269287109375e-05,5.072355270385742e-05,1.710653305053711e-05,97.412109375,2.587890625,4965,False,270
XP_073797511,XP_056306427,0.0835123658180236,top,,False,True,False,False,0.0001620650291442,9.5367431640625e-05,4.482269287109375e-05,5.072355270385742e-05,1.710653305053711e-05,97.412109375,2.587890625,4965,False,271
XP_073797514,XP_056306426,0.0834413766860961,top,,False,True,False,False,0.0001620650291442,9.5367431640625e-05,4.482269287109375e-05,5.072355270385742e-05,1.710653305053711e-05,97.412109375,2.587890625,4965,False,272
XP_073797516,XP_056306426,0.0834413766860961,top,,False,True,False,False,0.0003004074096679,0.00015389919281,8.809566497802734e-05,7.075071334838867e-05,2.276897430419922e-05,95.88178294573645,4.118217054263553,4965,False,273
XP_073797515,XP_056306426,0.0834413766860961,top,,False,True,False,False,0.0003004074096679,0.00015389919281,8.809566497802734e-05,7.075071334838867e-05,2.276897430419922e-05,95.88178294573645,4.118217054263553,4965,False,274
XP_073797511,XP_056306426,0.0834413766860961,top,,False,True,False,False,0.0001620650291442,9.5367431640625e-05,4.482269287109375e-05,5.072355270385742e-05,1.710653305053711e-05,97.412109375,2.587890625,4965,False,275
XP_073797512,XP_056306426,0.0834413766860961,top,,False,True,False,False,0.0001620650291442,9.5367431640625e-05,4.482269287109375e-05,5.072355270385742e-05,1.710653305053711e-05,97.412109375,2.587890625,4965,False,276
XP_073797513,XP_056306426,0.0834413766860961,top,,False,True,False,False,0.0001620650291442,9.5367431640625e-05,4.482269287109375e-05,5.072355270385742e-05,1.710653305053711e-05,97.412109375,2.587890625,4965,False,277
XP_073808700,XP_056315576,0.0832992196083068,top,,False,True,False,False,0.0008309483528137,0.0008344650268554,0.0003354549407958,0.0001113414764404,9.691715240478516e-05,91.32130667966844,8.678693320331561,4295,False,278
XP_073808702,XP_056315576,0.0832992196083068,top,,False,True,False,False,0.0008309483528137,0.0008344650268554,0.0003354549407958,0.0001113414764404,9.691715240478516e-05,91.32130667966844,8.678693320331561,4286,False,279
XP_073808701,XP_056315576,0.0832992196083068,top,,False,True,False,False,0.0008309483528137,0.0008344650268554,0.0003354549407958,0.0001113414764404,9.691715240478516e-05,91.32130667966844,8.678693320331561,4293,False,280
XP_073808699,XP_056315576,0.0832992196083068,top,,False,True,False,False,0.0008309483528137,0.0008344650268554,0.0003354549407958,0.0001113414764404,9.691715240478516e-05,91.32130667966844,8.678693320331561,4302,False,281
NP_001007283,XP_056302248,0.0821014046669006,top,,False,True,False,False,0.0821017622947692,0.0829267501831054,0.018797218799591,0.0344758033752441,0.0114930272102355,47.8494623655914,52.1505376344086,186,True,282
XP_073800243,XP_056305128,0.0815737843513488,top,,False,True,False,False,0.0815737247467041,0.0339497327804565,0.019704520702362,0.0302322506904602,0.0047951936721801,61.070559610705594,38.929440389294406,411,False,283
XP_073804780,XP_056310941,0.0814162492752075,top,,False,True,False,False,0.0814160704612732,0.0927599668502807,0.0577384233474731,0.0361684560775756,0.0140967965126037,40.318302387267906,59.681697612732094,327,False,284
XP_073804780,XP_056310942,0.0814162492752075,stratified;top,,True,True,False,False,0.0814160704612732,0.0927599668502807,0.0577384233474731,0.0361684560775756,0.0140967965126037,40.318302387267906,59.681697612732094,327,False,285
XP_073804780,XP_056310943,0.0814162492752075,top,,False,True,False,False,0.0814160704612732,0.0927599668502807,0.0577384233474731,0.0361684560775756,0.0140967965126037,40.318302387267906,59.681697612732094,327,False,286
XP_073804780,XP_056310940,0.0814162492752075,top,,False,True,False,False,0.0814160704612732,0.0927599668502807,0.0577384233474731,0.0361685752868652,0.0140967965126037,40.318302387267906,59.681697612732094,327,False,287
XP_073804780,XP_056310945,0.0814162492752075,top,,False,True,False,False,0.0814160704612732,0.0927599668502807,0.0577384233474731,0.0361684560775756,0.0140967965126037,40.318302387267906,59.681697612732094,327,False,288
XP_009292899,XP_056337466,0.0802130103111267,top,,False,True,False,False,0.0802130103111267,0.0776892304420471,0.0622689127922058,0.0322705507278442,0.0052171945571899,79.49152542372882,20.508474576271183,589,False,289
XP_073789832,XP_056336618,0.0801549553871154,stratified;top,,True,True,False,False,0.0003638863563537,0.0001959800720214,0.0001124143600463,0.000109314918518,1.5616416931152344e-05,97.61324890404286,2.3867510959571376,3608,False,290
XP_073789833,XP_056336618,0.0801549553871154,top,,False,True,False,False,0.0003517866134643,0.0001958608627319,0.0001397728919982,0.0001179575920104,1.823902130126953e-05,97.61324890404286,2.3867510959571376,3605,False,291
XP_073789830,XP_056336618,0.0801549553871154,top,,False,True,False,False,0.0003517866134643,0.0001958608627319,0.0001397728919982,0.0001179575920104,1.823902130126953e-05,97.61324890404286,2.3867510959571376,3643,False,292
XP_073789831,XP_056336618,0.0801549553871154,top,,False,True,False,False,0.0002058744430541,0.0001211166381835,7.236003875732422e-05,5.906820297241211e-05,6.735324859619141e-06,98.28934506353862,1.7106549364613812,3612,False,293
XP_003201252,XP_056304607,0.0801477432250976,top,,False,True,False,False,0.0486310720443725,0.0035673379898071,0.0123064517974853,0.0008528232574462,0.0071580410003662,85.19417475728156,14.805825242718441,3485,True,294
NP_001038622,XP_056337466,0.0798884630203247,top,,False,True,False,False,0.0798883438110351,0.0778921842575073,0.0622358918190002,0.0322527289390563,0.0052176713943481,79.62648556876061,20.373514431239386,589,False,295
XP_009295192,XP_056304607,0.0798181295394897,top,,False,True,False,False,0.0482490062713623,0.0035845041275024,0.0123714804649353,0.0008581280708312,0.0071728825569152,85.10431829209122,14.895681707908778,3485,True,296
XP_017206475,XP_056330047,0.0789790153503418,top,,False,True,False,False,0.0043158531188964,0.0082170963287353,0.0046207904815673,0.0124551057815551,0.0006876587867736,28.63720073664825,71.36279926335175,4601,False,297
NP_001293035,XP_056301481,0.0788373947143554,top,,False,True,False,False,0.0735211372375488,0.0506787300109863,0.0286623835563659,0.0238279104232788,0.0064854025840759,58.26558265582656,41.73441734417344,368,False,298
XP_073806316,XP_056313146,0.0777940154075622,top,,False,True,False,False,0.0006828904151916,0.0003503561019897,0.0002745389938354,0.0002474784851074,0.0002074837684631,93.67760617760618,6.3223938223938205,2072,False,299
XP_073806299,XP_056313146,0.0777109861373901,top,,False,True,False,False,0.0006242990493774,0.0003722310066223,0.000241219997406,0.0002800822257995,0.0001482963562011,92.58555133079848,7.414448669201519,2072,False,300
NP_991182,XP_056306006,0.0776094794273376,top,,False,True,False,False,0.0776095390319824,0.0548865795135498,0.0646434426307678,0.0279848575592041,0.0230374336242675,69.87179487179488,30.128205128205124,156,True,301
XP_073806310,XP_056313146,0.0772388577461242,top,,False,True,False,False,0.0006829500198364,0.0003362894058227,0.0002818703651428,0.0003080368041992,0.0001307129859924,93.97009165460685,6.029908345393153,2072,False,302
XP_073806302,XP_056313146,0.0767862200736999,top,,False,True,False,False,0.000513732433319,0.0003040432929992,0.0002183318138122,0.0002298951148986,0.0001463294029235,92.62957679505467,7.370423204945325,2072,False,303
XP_073806313,XP_056313146,0.0767342448234558,top,,False,True,False,False,0.0006173253059387,0.000287115573883,0.0002558231353759,0.0002500414848327,0.0001358985900878,94.01544401544402,5.984555984555982,2072,False,304
XP_073806304,XP_056313146,0.0767340660095214,top,,False,True,False,False,0.0006139278411865,0.0002928972244262,0.000220239162445,0.0002216696739196,0.0001847147941589,92.29671897289586,7.70328102710414,2072,False,305
XP_073806329,XP_056313146,0.0750657320022583,top,,False,True,False,False,0.0008413791656494,0.0004177093505859,0.0003105401992797,0.0002689361572265,0.0002031326293945,91.7953667953668,8.204633204633197,2072,False,306
XP_073806324,XP_056313146,0.0742865800857544,top,,False,True,False,False,0.0008516311645507,0.0004147291183471,0.0003140568733215,0.0003125667572021,0.0001413822174072,92.0887602508442,7.911239749155797,2072,False,307
XP_073806325,XP_056313146,0.0735670328140258,top,,False,True,False,False,0.0007503032684326,0.0003544688224792,0.0002871751785278,0.0002611279487609,0.000149130821228,92.13320463320464,7.866795366795358,2072,False,308
XP_073797231,XP_056307207,0.0724965929985046,top,,False,True,False,False,0.0001587867736816,0.0001631379127502,0.0001966953277587,0.0001214742660522,7.843971252441406e-05,95.66276803118907,4.337231968810926,4012,True,309
NP_001417763,XP_056318168,0.0713728666305542,top,,False,True,False,False,0.0005786418914794,0.0004447698593139,0.000209629535675,0.0001271963119506,3.337860107421875e-05,96.8886728245017,3.111327175498303,3470,False,310
XP_021336792,XP_056328313,0.067870020866394,top,,False,True,False,False,0.0678703188896179,0.0578129291534423,0.0688667297363281,0.0839390754699707,0.0174641013145446,38.627450980392155,61.372549019607845,1020,False,311
XP_021336793,XP_056328313,0.067870020866394,top,,False,True,False,False,0.0678703188896179,0.0578129291534423,0.0688667297363281,0.0839390754699707,0.0174641013145446,38.627450980392155,61.372549019607845,1020,False,312
NP_001231965,XP_056311338,0.0655968189239502,top,,False,True,False,False,0.0655967593193054,0.0662137866020202,0.0273530483245849,0.0190393924713134,0.0042909383773803,64.11378555798687,35.88621444201313,456,False,313
XP_073794903,XP_056305469,0.064462125301361,top,,False,True,False,False,8.547306060791016e-05,8.732080459594727e-05,9.006261825561523e-05,5.239248275756836e-05,6.753206253051758e-05,97.5085490962384,2.491450903761603,3970,False,314
XP_073805227,XP_056320045,0.0639494657516479,top,,False,True,False,False,0.0023602843284606,0.0012950301170349,0.0009888410568237,0.0003567337989807,0.0001387596130371,89.8854961832061,10.1145038167939,2664,False,315
XP_073805226,XP_056320045,0.0639494657516479,top,,False,True,False,False,0.0023602843284606,0.0012950301170349,0.0009888410568237,0.0003567337989807,0.0001387596130371,89.8854961832061,10.1145038167939,2664,False,316
XP_073802941,XP_056312376,0.0636096000671386,top,,False,True,False,False,0.0636094808578491,0.0811501145362854,0.0361162424087524,0.0208204388618469,0.0043249726295471,61.73913043478261,38.26086956521739,455,False,317
XP_073805226,XP_056320063,0.0632064938545227,top,,False,True,False,False,0.0023602843284606,0.0012950301170349,0.0009888410568237,0.0003567337989807,0.0001387596130371,89.8854961832061,10.1145038167939,2641,False,318
XP_073805227,XP_056320063,0.0632064938545227,top,,False,True,False,False,0.0023602843284606,0.0012950301170349,0.0009888410568237,0.0003567337989807,0.0001387596130371,89.8854961832061,10.1145038167939,2641,False,319
XP_073790413,XP_056302875,0.0620425343513488,top,,False,True,False,False,0.0005673170089721,0.000298798084259,0.0003419518470764,0.0001351833343505,0.0001004338264465,92.78048780487804,7.219512195121965,2765,False,320
XP_073790398,XP_056302875,0.0620425343513488,top,,False,True,False,False,0.0005673170089721,0.000298798084259,0.0003419518470764,0.0001351833343505,0.0001004338264465,92.78048780487804,7.219512195121965,2794,False,321
XP_073790413,XP_056302874,0.0620425343513488,top,,False,True,False,False,0.0005673170089721,0.000298798084259,0.0003419518470764,0.0001351833343505,0.0001004338264465,92.78048780487804,7.219512195121965,2765,False,322
XP_073790414,XP_056302874,0.0620425343513488,top,,False,True,False,False,0.0005673170089721,0.000298798084259,0.0003419518470764,0.0001351833343505,0.0001004338264465,92.78048780487804,7.219512195121965,2765,False,323
XP_073790411,XP_056302875,0.0620425343513488,top,,False,True,False,False,0.0005673170089721,0.000298798084259,0.0003419518470764,0.0001351833343505,0.0001004338264465,92.78048780487804,7.219512195121965,2765,False,324
XP_073790412,XP_056302874,0.0620425343513488,top,,False,True,False,False,0.0005673170089721,0.000298798084259,0.0003419518470764,0.0001351833343505,0.0001004338264465,92.78048780487804,7.219512195121965,2765,False,325
XP_073790414,XP_056302875,0.0620425343513488,top,,False,True,False,False,0.0005673170089721,0.000298798084259,0.0003419518470764,0.0001351833343505,0.0001004338264465,92.78048780487804,7.219512195121965,2765,False,326
XP_073790399,XP_056302874,0.0620425343513488,top,,False,True,False,False,0.0005673170089721,0.000298798084259,0.0003419518470764,0.0001351833343505,0.0001004338264465,92.78048780487804,7.219512195121965,2793,False,327
XP_073790398,XP_056302874,0.0620425343513488,top,,False,True,False,False,0.0005673170089721,0.000298798084259,0.0003419518470764,0.0001351833343505,0.0001004338264465,92.78048780487804,7.219512195121965,2794,False,328
XP_073790400,XP_056302875,0.0620425343513488,top,,False,True,False,False,0.0005673170089721,0.000298798084259,0.0003419518470764,0.0001351833343505,0.0001004338264465,92.78048780487804,7.219512195121965,2793,False,329
XP_073790399,XP_056302875,0.0620425343513488,top,,False,True,False,False,0.0005673170089721,0.000298798084259,0.0003419518470764,0.0001351833343505,0.0001004338264465,92.78048780487804,7.219512195121965,2793,False,330
XP_073790400,XP_056302874,0.0620425343513488,top,,False,True,False,False,0.0005673170089721,0.000298798084259,0.0003419518470764,0.0001351833343505,0.0001004338264465,92.78048780487804,7.219512195121965,2793,False,331
XP_073790397,XP_056302875,0.0620425343513488,top,,False,True,False,False,0.0005673170089721,0.000298798084259,0.0003419518470764,0.0001351833343505,0.0001004338264465,92.78048780487804,7.219512195121965,2794,False,332
XP_073790412,XP_056302875,0.0620425343513488,top,,False,True,False,False,0.0005673170089721,0.000298798084259,0.0003419518470764,0.0001351833343505,0.0001004338264465,92.78048780487804,7.219512195121965,2765,False,333
XP_073790411,XP_056302874,0.0620425343513488,top,,False,True,False,False,0.0005673170089721,0.000298798084259,0.0003419518470764,0.0001351833343505,0.0001004338264465,92.78048780487804,7.219512195121965,2765,False,334
XP_073790397,XP_056302874,0.0620425343513488,top,,False,True,False,False,0.0005673170089721,0.000298798084259,0.0003419518470764,0.0001351833343505,0.0001004338264465,92.78048780487804,7.219512195121965,2794,False,335
XP_073805985,XP_056314630,0.0620310306549072,stratified;top,,True,True,False,False,0.0091233849525451,0.0045125484466552,0.0017725229263305,0.0013625025749206,0.0008192062377929,66.20842572062084,33.79157427937916,2849,False,336
NP_001160156,XP_056308636,0.0614055395126342,top,,False,True,False,False,0.0614054799079895,0.1046062707901001,0.0160277485847473,0.0069506764411926,0.0059646964073181,62.30769230769231,37.69230769230769,130,False,337
XP_073790390,XP_056302872,0.0612005591392517,top,,False,True,False,False,0.0006014108657836,0.0003231763839721,0.0003424882888793,0.0001361966133117,9.250640869140624e-05,92.73170731707316,7.268292682926841,2830,False,338
XP_073790406,XP_056302872,0.0612005591392517,top,,False,True,False,False,0.0006014108657836,0.0003231763839721,0.0003424882888793,0.0001361966133117,9.250640869140624e-05,92.73170731707316,7.268292682926841,2788,False,339
XP_073790405,XP_056302872,0.0612005591392517,top,,False,True,False,False,0.0006014108657836,0.0003231763839721,0.0003424882888793,0.0001361966133117,9.250640869140624e-05,92.73170731707316,7.268292682926841,2788,False,340
XP_073790388,XP_056302872,0.0612005591392517,top,,False,True,False,False,0.0006014108657836,0.0003231763839721,0.0003424882888793,0.0001361966133117,9.250640869140624e-05,92.73170731707316,7.268292682926841,2831,False,341
XP_073790391,XP_056302872,0.0612005591392517,top,,False,True,False,False,0.0006014108657836,0.0003231763839721,0.0003424882888793,0.0001361966133117,9.250640869140624e-05,92.73170731707316,7.268292682926841,2826,False,342
XP_073790392,XP_056302872,0.0612005591392517,top,,False,True,False,False,0.0006014108657836,0.0003231763839721,0.0003424882888793,0.0001361966133117,9.250640869140624e-05,92.73170731707316,7.268292682926841,2825,False,343
XP_073790405,XP_056302870,0.0609754920005798,top,,False,True,False,False,0.0006014108657836,0.0003231763839721,0.0003424882888793,0.0001361966133117,9.250640869140624e-05,92.73170731707316,7.268292682926841,2797,False,344
XP_073790391,XP_056302870,0.0609754920005798,top,,False,True,False,False,0.0006014108657836,0.0003231763839721,0.0003424882888793,0.0001361966133117,9.250640869140624e-05,92.73170731707316,7.268292682926841,2826,False,345
XP_073790392,XP_056302870,0.0609754920005798,top,,False,True,False,False,0.0006014108657836,0.0003231763839721,0.0003424882888793,0.0001361966133117,9.250640869140624e-05,92.73170731707316,7.268292682926841,2825,False,346
XP_073790406,XP_056302870,0.0609754920005798,top,,False,True,False,False,0.0006014108657836,0.0003231763839721,0.0003424882888793,0.0001361966133117,9.250640869140624e-05,92.73170731707316,7.268292682926841,2797,False,347
XP_073790416,XP_056302876,0.0608530044555664,top,,False,True,False,False,0.0005951523780822,0.0003034472465515,0.0003343224525451,0.0001283288002014,8.83340835571289e-05,92.92682926829268,7.073170731707322,2762,False,348
XP_073790384,XP_056302876,0.0608530044555664,top,,False,True,False,False,0.0005951523780822,0.0003034472465515,0.0003343224525451,0.0001283288002014,8.83340835571289e-05,92.92682926829268,7.073170731707322,2838,False,349
XP_073790401,XP_056302876,0.0608530044555664,top,,False,True,False,False,0.0005951523780822,0.0003034472465515,0.0003343224525451,0.0001283288002014,8.83340835571289e-05,92.92682926829268,7.073170731707322,2791,False,350
XP_073790402,XP_056302876,0.0608530044555664,top,,False,True,False,False,0.0005951523780822,0.0003034472465515,0.0003343224525451,0.0001283288002014,8.83340835571289e-05,92.92682926829268,7.073170731707322,2790,False,351
XP_073810732,XP_056316506,0.0607238411903381,top,,False,True,False,False,0.0001598596572875,8.618831634521484e-05,4.398822784423828e-05,5.239248275756836e-05,2.366304397583008e-05,98.046875,1.953125,2951,False,352
XP_073810733,XP_056316506,0.0607238411903381,top;random,,False,True,True,False,0.0001598596572875,8.618831634521484e-05,4.398822784423828e-05,5.239248275756836e-05,2.366304397583008e-05,98.046875,1.953125,2951,False,353
XP_073793585,XP_056303596,0.0606411099433898,top,,False,True,False,False,0.0606409907341003,0.0535132884979248,0.0418327450752258,0.0292327404022216,0.0082036852836608,60.84762865792129,39.15237134207871,956,False,354
XP_073793586,XP_056303596,0.0606411099433898,top,,False,True,False,False,0.0606409907341003,0.0535132884979248,0.0418327450752258,0.0292327404022216,0.0082036852836608,60.84762865792129,39.15237134207871,956,False,355
XP_073798580,XP_056307637,0.060518741607666,top,,False,True,False,False,0.0004277229309082,0.0004971027374267,0.0003278851509094,0.0002588033676147,5.1081180572509766e-05,94.30933852140078,5.690661478599225,2285,False,356
XP_699360,XP_056316506,0.060447871685028,top,,False,True,False,False,0.0001351237297058,6.967782974243164e-05,4.172325134277344e-05,4.07099723815918e-05,2.419948577880859e-05,98.3390327308256,1.6609672691744066,2953,False,357
XP_073805226,XP_056320055,0.0604047179222106,top,,False,True,False,False,0.0018451809883117,0.0013498067855834,0.0009062886238098,0.0003468394279479,0.0001411437988281,89.8854961832061,10.1145038167939,2663,False,358
XP_073805227,XP_056320055,0.0604047179222106,top,,False,True,False,False,0.0018451809883117,0.0013498067855834,0.0009062886238098,0.0003468394279479,0.0001411437988281,89.8854961832061,10.1145038167939,2663,False,359
XP_073810733,XP_056316507,0.0603114366531372,top,,False,True,False,False,0.0001197457313537,6.049871444702149e-05,4.988908767700195e-05,4.023313522338867e-05,2.920627593994141e-05,98.38788470933072,1.61211529066928,2950,False,360
XP_073810732,XP_056316507,0.0603114366531372,stratified;top,,True,True,False,False,0.0001197457313537,6.049871444702149e-05,4.988908767700195e-05,4.023313522338867e-05,2.920627593994141e-05,98.38788470933072,1.61211529066928,2951,False,361
XP_009291892,XP_056318446,0.0602979063987731,top,,False,True,False,False,0.0602979063987731,0.0515312552452087,0.0236613154411315,0.0132646560668945,0.0038408637046813,65.18987341772151,34.810126582278485,316,False,362
XP_073810733,XP_056316505,0.060249388217926,top,,False,True,False,False,0.0001598596572875,8.618831634521484e-05,4.398822784423828e-05,5.239248275756836e-05,2.366304397583008e-05,98.046875,1.953125,2952,False,363
XP_073810732,XP_056316505,0.060249388217926,top,,False,True,False,False,0.0001598596572875,8.618831634521484e-05,4.398822784423828e-05,5.239248275756836e-05,2.366304397583008e-05,98.046875,1.953125,2952,False,364
XP_073810735,XP_056316506,0.0602203607559204,top,,False,True,False,False,0.0003500580787658,0.0001383423805236,9.739398956298828e-05,7.283687591552734e-05,5.984306335449219e-05,96.75387596899223,3.246124031007767,2951,False,365
NP_001231965,XP_056311339,0.0601980090141296,top,,False,True,False,False,0.0601980686187744,0.0609156489372253,0.0268469452857971,0.0209646821022033,0.0040711164474487,65.41019955654102,34.589800443458984,450,False,366
XP_073786073,XP_056318446,0.0600954890251159,top;random,,False,True,True,False,0.0600954890251159,0.0510829091072082,0.0234517455101013,0.0131683349609375,0.0036892294883728,65.18987341772151,34.810126582278485,316,False,367
XP_699360,XP_056316507,0.060081660747528,top,,False,True,False,False,0.0001226067543029,6.699562072753906e-05,5.78761100769043e-05,3.534555435180664e-05,3.457069396972656e-05,97.9502196193265,2.0497803806734964,2953,False,368
XP_699360,XP_056316505,0.0599920749664306,top,,False,True,False,False,0.0001351237297058,6.967782974243164e-05,4.172325134277344e-05,4.07099723815918e-05,2.419948577880859e-05,98.3390327308256,1.6609672691744066,2953,False,369
XP_073810735,XP_056316507,0.0598149895668029,top,,False,True,False,False,0.0003012418746948,0.0001184344291687,9.28044319152832e-05,6.216764450073242e-05,7.253885269165039e-05,96.9447138700291,3.055286129970895,2950,False,370
XP_073810735,XP_056316505,0.0597422122955322,stratified;top,,True,True,False,False,0.0003500580787658,0.0001383423805236,9.739398956298828e-05,7.283687591552734e-05,5.984306335449219e-05,96.75387596899223,3.246124031007767,2952,False,371
XP_073798577,XP_056307637,0.0596916079521179,top,,False,True,False,False,0.0005040764808654,0.0005031824111938,0.0004468560218811,0.0003449916839599,6.949901580810547e-05,93.65002423654872,6.349975763451283,2292,False,372
XP_073810732,XP_056316508,0.0596488118171691,top,,False,True,False,False,0.0001616477966308,0.000120460987091,7.408857345581055e-05,6.16312026977539e-05,1.537799835205078e-05,96.84924866698982,3.1507513330101773,2951,False,373
XP_073810733,XP_056316508,0.0596488118171691,top,,False,True,False,False,0.0001616477966308,0.000120460987091,7.408857345581055e-05,6.16312026977539e-05,1.537799835205078e-05,96.84924866698982,3.1507513330101773,2950,False,374
XP_699360,XP_056316508,0.0593937039375305,top,,False,True,False,False,0.0001649260520935,0.000121533870697,8.13603401184082e-05,5.429983139038086e-05,1.5497207641601562e-05,96.65859564164649,3.3414043583535147,2953,False,375
XP_021323468,XP_056318446,0.0593107938766479,top,,False,True,False,False,0.0593110918998718,0.0502694249153137,0.0228986740112304,0.0127819776535034,0.0036404132843017,64.87341772151899,35.12658227848101,316,False,376
XP_073810735,XP_056316508,0.0590816140174865,top,,False,True,False,False,0.0001115798950195,5.7220458984375e-05,3.725290298461914e-05,3.063678741455078e-05,1.817941665649414e-05,98.38788470933072,1.61211529066928,2934,False,377
XP_073798574,XP_056307637,0.0590735077857971,top,,False,True,False,False,0.0006497502326965,0.0005703568458557,0.0005177855491638,0.0004648566246032,8.529424667358398e-05,92.62295081967213,7.377049180327873,2303,False,378
XP_073798575,XP_056307637,0.0590735077857971,top,,False,True,False,False,0.0006497502326965,0.0005703568458557,0.0005177855491638,0.0004648566246032,8.529424667358398e-05,92.62295081967213,7.377049180327873,2303,False,379
XP_073798576,XP_056307637,0.0588784217834472,top,,False,True,False,False,0.0005765557289123,0.0005568265914916,0.0004598498344421,0.0003768801689147,6.860494613647461e-05,93.27527818093856,6.724721819061443,2296,False,380
XP_073800142,XP_056304567,0.0586275458335876,top,,False,True,False,False,0.058627426624298,0.0746327638626098,0.0782817602157592,0.0302950143814086,0.0069373250007629,69.4949494949495,30.505050505050505,493,False,381
XP_073809698,XP_056315393,0.0580891370773315,top,,False,True,False,False,6.639957427978516e-05,5.310773849487305e-05,2.855062484741211e-05,4.023313522338867e-05,1.4722347259521484e-05,99.24471299093656,0.7552870090634372,1986,False,382
XP_073794113,XP_056304690,0.057387351989746,top,,False,True,False,False,7.826089859008789e-05,5.036592483520508e-05,3.892183303833008e-05,3.8743019104003906e-05,1.5079975128173828e-05,98.28934506353862,1.7106549364613812,3665,True,383
XP_073794114,XP_056304690,0.057387351989746,top,,False,True,False,False,7.826089859008789e-05,5.036592483520508e-05,3.892183303833008e-05,3.8743019104003906e-05,1.5079975128173828e-05,98.28934506353862,1.7106549364613812,3664,True,384
XP_073801180,XP_056308798,0.0571070313453674,top,,False,True,False,False,0.0571070909500122,0.0600460171699523,0.0161355137825012,0.0161309242248535,0.0033811926841735,57.24331926863572,42.75668073136428,709,False,385
XP_073799227,XP_056309604,0.0570006370544433,top,,False,True,False,False,4.363059997558594e-05,4.601478576660156e-05,3.820657730102539e-05,3.7789344787597656e-05,1.0073184967041016e-05,98.82697947214076,1.1730205278592365,3640,False,386
XP_683046,XP_056315393,0.0568445920944213,top,,False,True,False,False,1.806020736694336e-05,9.834766387939451e-06,1.1205673217773438e-05,1.627206802368164e-05,1.0132789611816406e-06,99.74696356275304,0.253036437246962,1976,False,387
NP_001106975,XP_056325918,0.0566283464431762,top,,False,True,False,False,0.056628406047821,0.0261951684951782,0.0124890208244323,0.010896623134613,0.0085546374320983,57.03883495145631,42.96116504854369,411,False,388
NP_571137,XP_056320468,0.0565215349197387,top,,False,True,False,False,0.0565213561058044,0.0152571201324462,0.0100792646408081,0.0085830092430114,0.0039087533950805,71.69811320754717,28.301886792452834,105,False,389
XP_073809698,XP_056315392,0.0563883781433105,top,,False,True,False,False,0.000329315662384,4.5359134674072266e-05,2.008676528930664e-05,7.88569450378418e-05,1.0132789611816406e-05,99.44779116465864,0.5522088353413608,1992,False,390
XP_073808616,XP_056315332,0.0563141703605651,stratified;top,,True,True,False,False,0.0004713535308837,0.0003454089164733,0.00015789270401,9.566545486450197e-05,7.975101470947266e-05,98.26680672268908,1.7331932773109173,1904,False,391
XP_073808615,XP_056315332,0.0563141703605651,stratified;top,,True,True,False,False,0.0004713535308837,0.0003454089164733,0.00015789270401,9.566545486450197e-05,7.975101470947266e-05,98.26680672268908,1.7331932773109173,1904,False,392
XP_073808612,XP_056315332,0.0563141703605651,top,,False,True,False,False,8.255243301391602e-05,4.291534423828125e-05,4.8995018005371094e-05,2.7298927307128903e-05,2.974271774291992e-05,98.73949579831933,1.260504201680675,1904,False,393
XP_073808613,XP_056315332,0.0563141703605651,top,,False,True,False,False,8.255243301391602e-05,4.291534423828125e-05,4.8995018005371094e-05,2.7298927307128903e-05,2.974271774291992e-05,98.73949579831933,1.260504201680675,1904,False,394
XP_073797283,XP_056306637,0.0562413334846496,top,,False,True,False,False,7.802248001098633e-05,8.320808410644531e-05,5.245208740234375e-05,2.211332321166992e-05,1.3828277587890623e-05,99.0721649484536,0.9278350515463956,1940,False,395
XP_073805358,XP_056310791,0.0561631917953491,top,,False,True,False,False,0.0561633706092834,0.059654951095581,0.0338948965072631,0.0181233882904052,0.0096111893653869,40.0749063670412,59.9250936329588,266,False,396
XP_021333282,XP_056310791,0.0561631917953491,top,,False,True,False,False,0.0561633706092834,0.059654951095581,0.0338948965072631,0.0181233882904052,0.0096111893653869,40.0749063670412,59.9250936329588,266,False,397
XP_021337120,XP_056330047,0.0560907125473022,top,,False,True,False,False,0.0046359896659851,0.0062445402145385,0.0046982169151306,0.0117579102516174,0.0006846189498901,29.03819604233778,70.96180395766223,4578,False,398
XP_073792929,XP_056304182,0.0559792518615722,top,,False,True,False,False,3.5703182220458984e-05,3.081560134887695e-05,2.568960189819336e-05,1.323223114013672e-05,9.298324584960938e-06,99.17355371900828,0.8264462809917177,1936,False,399
XP_073808615,XP_056315333,0.0559200048446655,top,,False,True,False,False,8.356571197509766e-05,4.875659942626953e-05,6.121397018432617e-05,2.366304397583008e-05,3.713369369506836e-05,98.837823560486,1.162176439513999,1893,False,400
XP_073808613,XP_056315333,0.0559200048446655,top,,False,True,False,False,0.0002781748771667,0.0002910494804382,9.387731552124023e-05,5.501508712768555e-05,3.504753112792969e-05,98.26680672268908,1.7331932773109173,1904,False,401
XP_073808612,XP_056315333,0.0559200048446655,top,,False,True,False,False,0.0002781748771667,0.0002910494804382,9.387731552124023e-05,5.501508712768555e-05,3.504753112792969e-05,98.26680672268908,1.7331932773109173,1904,False,402
XP_073808616,XP_056315333,0.0559200048446655,top,,False,True,False,False,8.356571197509766e-05,4.875659942626953e-05,6.121397018432617e-05,2.366304397583008e-05,3.713369369506836e-05,98.837823560486,1.162176439513999,1893,False,403
XP_073800856,XP_056309873,0.0558316111564636,top,,False,True,False,False,0.000141441822052,0.0001477599143981,9.018182754516602e-05,3.9517879486083984e-05,1.6748905181884766e-05,97.48490945674044,2.5150905432595607,1988,False,404
XP_073794186,XP_056305837,0.0556191205978393,top,,False,True,False,False,0.0104181766510009,0.0125942826271057,0.0044405460357666,0.0038075447082519,0.0019398927688598,80.60094886663153,19.399051133368474,1897,False,405
XP_073794190,XP_056305837,0.0556191205978393,top,,False,True,False,False,0.0104469656944274,0.0127046704292297,0.0044497847557067,0.0038083791732788,0.0019373297691345,80.54823405376911,19.451765946230893,1896,False,406
XP_073794185,XP_056305837,0.0556191205978393,top,,False,True,False,False,0.0104181766510009,0.0125942826271057,0.0044405460357666,0.0038075447082519,0.0019398927688598,80.60094886663153,19.399051133368474,1897,False,407
XP_073794184,XP_056305837,0.0556191205978393,top,,False,True,False,False,0.0104181766510009,0.0125942826271057,0.0044405460357666,0.0038075447082519,0.0019398927688598,80.60094886663153,19.399051133368474,1897,False,408
XP_073794187,XP_056305837,0.0556191205978393,top,,False,True,False,False,0.0104181766510009,0.0125942826271057,0.0044405460357666,0.0038075447082519,0.0019398927688598,80.60094886663153,19.399051133368474,1897,False,409
XP_073794182,XP_056305837,0.0556191205978393,top,,False,True,False,False,0.0104181766510009,0.0125942826271057,0.0044405460357666,0.0038075447082519,0.0019398927688598,80.60094886663153,19.399051133368474,1897,False,410
XP_073794189,XP_056305837,0.0556191205978393,top,,False,True,False,False,0.0104469656944274,0.0127046704292297,0.0044497847557067,0.0038083791732788,0.0019373297691345,80.54823405376911,19.451765946230893,1896,False,411
XP_073794188,XP_056305837,0.0556191205978393,top,,False,True,False,False,0.0104469656944274,0.0127046704292297,0.0044497847557067,0.0038083791732788,0.0019373297691345,80.54823405376911,19.451765946230893,1896,False,412
XP_073793322,XP_056303267,0.0553887486457824,top,,False,True,False,False,0.0260416865348815,0.0284754037857055,0.0097875595092773,0.0065440535545349,0.0010442733764648,45.2638270820089,54.7361729179911,1539,False,413
XP_073799227,XP_056309603,0.0551374554634094,top,,False,True,False,False,5.9723854064941406e-05,4.863739013671875e-05,5.066394805908203e-05,4.166364669799805e-05,1.329183578491211e-05,98.72984855886664,1.2701514411333648,3641,False,414
XP_073808611,XP_056315332,0.0551108121871948,top,,False,True,False,False,0.0004705786705017,7.110834121704102e-05,6.872415542602539e-05,7.861852645874023e-05,2.157688140869141e-05,98.42931937172774,1.5706806282722567,1910,False,415
XP_073808610,XP_056315332,0.0551108121871948,top,,False,True,False,False,0.0004705786705017,7.110834121704102e-05,6.872415542602539e-05,7.861852645874023e-05,2.157688140869141e-05,98.42931937172774,1.5706806282722567,1910,False,416
XP_073808614,XP_056315332,0.0551108121871948,top,,False,True,False,False,0.0004634261131286,0.0004026293754577,0.0001526474952697,0.0001328587532043,8.499622344970703e-05,97.95811518324608,2.041884816753921,1904,False,417
XP_073808609,XP_056315332,0.0551108121871948,top,,False,True,False,False,0.0004705786705017,7.110834121704102e-05,6.872415542602539e-05,7.861852645874023e-05,2.157688140869141e-05,98.42931937172774,1.5706806282722567,1910,False,418
XP_073808619,XP_056315335,0.0547295808792114,top,,False,True,False,False,0.000133454799652,0.0003212690353393,7.396936416625977e-05,6.395578384399414e-05,4.7266483306884766e-05,98.60879243183084,1.3912075681691647,1797,False,419
XP_073808621,XP_056315335,0.0546609163284301,top,,False,True,False,False,9.447336196899414e-05,4.965066909790039e-05,6.109476089477539e-05,2.682209014892578e-05,4.869699478149414e-05,98.9391401451703,1.060859854829701,1791,False,420
XP_073808620,XP_056315335,0.0546609163284301,top,,False,True,False,False,9.447336196899414e-05,4.965066909790039e-05,6.109476089477539e-05,2.682209014892578e-05,4.869699478149414e-05,98.9391401451703,1.060859854829701,1791,False,421
XP_073808618,XP_056315335,0.0546609163284301,top,,False,True,False,False,0.0001605749130249,0.0005857348442077,9.226799011230467e-05,0.0001195669174194,3.165006637573242e-05,98.33518312985572,1.6648168701442785,1802,False,422
XP_073808617,XP_056315335,0.0546609163284301,top,,False,True,False,False,0.0001605749130249,0.000585913658142,9.226799011230467e-05,0.0001195669174194,3.165006637573242e-05,98.33518312985572,1.6648168701442785,1802,False,423
XP_073790391,XP_056302871,0.0545842051506042,top,,False,True,False,False,0.0006014108657836,0.0003231763839721,0.0003424882888793,0.0001361966133117,9.250640869140624e-05,92.73170731707316,7.268292682926841,2826,False,424
XP_073790405,XP_056302871,0.0545842051506042,top;random,,False,True,True,False,0.0006014108657836,0.0003231763839721,0.0003424882888793,0.0001361966133117,9.250640869140624e-05,92.73170731707316,7.268292682926841,2796,False,425
XP_073790392,XP_056302871,0.0545842051506042,top,,False,True,False,False,0.0006014108657836,0.0003231763839721,0.0003424882888793,0.0001361966133117,9.250640869140624e-05,92.73170731707316,7.268292682926841,2825,False,426
XP_073790406,XP_056302871,0.0545842051506042,top,,False,True,False,False,0.0006014108657836,0.0003231763839721,0.0003424882888793,0.0001361966133117,9.250640869140624e-05,92.73170731707316,7.268292682926841,2796,False,427
XP_073808619,XP_056315334,0.054573655128479,top,,False,True,False,False,0.0002698302268981,0.0004196166992187,0.0001686215400695,0.0001451969146728,0.0001054406166076,98.00884955752213,1.991150442477874,1802,False,428
XP_073808614,XP_056315333,0.0544588565826416,top,,False,True,False,False,0.0001592636108398,0.0001105666160583,7.635354995727539e-05,6.771087646484375e-05,4.863739013671875e-05,98.52553975776723,1.474460242232766,1899,False,429
XP_073808618,XP_056315334,0.0544530749320983,top;random,,False,True,True,False,8.96453857421875e-05,4.3272972106933594e-05,4.982948303222656e-05,3.2007694244384766e-05,3.248453140258789e-05,98.834628190899,1.1653718091010035,1802,False,430
XP_073808621,XP_056315334,0.0544530749320983,top,,False,True,False,False,0.0002342462539672,0.0005263686180114,0.0001828074455261,0.0001025199890136,0.000110924243927,98.33518312985572,1.6648168701442785,1802,False,431
XP_073808620,XP_056315334,0.0544530749320983,top,,False,True,False,False,0.0002342462539672,0.0005263686180114,0.0001828074455261,0.0001025199890136,0.000110924243927,98.33518312985572,1.6648168701442785,1802,False,432
XP_073808617,XP_056315334,0.0544530749320983,top,,False,True,False,False,8.96453857421875e-05,4.3332576751708984e-05,4.982948303222656e-05,3.2007694244384766e-05,3.248453140258789e-05,98.834628190899,1.1653718091010035,1802,False,433
XP_695742,XP_056317280,0.0532960295677185,top,,False,True,False,False,9.775161743164062e-05,0.0001222491264343,8.535385131835938e-05,4.684925079345703e-05,2.5451183319091797e-05,98.09477283829996,1.90522716170004,3615,False,434
XP_073790647,XP_056301754,0.0530610084533691,top,,False,True,False,False,0.0004147887229919,0.001000702381134,0.0008109211921691,0.000409185886383,0.000140905380249,96.4853153586904,3.5146846413096,2501,False,435
XP_073790637,XP_056301754,0.0530610084533691,top,,False,True,False,False,0.0001384615898132,9.41157341003418e-05,7.724761962890625e-05,5.1021575927734375e-05,4.89354133605957e-05,98.34710743801652,1.652892561983478,2501,False,436
XP_073790646,XP_056301754,0.0530610084533691,top,,False,True,False,False,0.0004147887229919,0.001000702381134,0.0008109211921691,0.000409185886383,0.000140905380249,96.4853153586904,3.5146846413096,2501,False,437
XP_073790638,XP_056301749,0.0528041124343872,top,,False,True,False,False,0.0006134510040283,0.001514196395874,0.0003968477249145,0.000199556350708,0.0001218318939208,96.4853153586904,3.5146846413096,2512,False,438
XP_073790637,XP_056301749,0.0528041124343872,top,,False,True,False,False,0.0002452731132507,0.0019156336784362,0.0003469586372375,0.0001755952835083,9.942054748535156e-05,97.29206963249516,2.7079303675048436,2512,False,439
XP_073790639,XP_056301749,0.0528041124343872,top,,False,True,False,False,0.0006134510040283,0.001514196395874,0.0003968477249145,0.000199556350708,0.0001218318939208,96.4853153586904,3.5146846413096,2512,False,440
XP_701288,XP_056326301,0.0527802109718322,top,,False,True,False,False,0.0002678036689758,9.375810623168944e-05,9.012222290039062e-05,4.887580871582031e-05,3.999471664428711e-05,95.60117302052784,4.398826979472162,3193,False,441
NP_001289712,XP_056308417,0.0527421236038208,top,,False,True,False,False,0.052742063999176,0.0327758193016052,0.0208317041397094,0.0148348808288574,0.0099793672561645,66.66666666666667,33.33333333333333,93,False,442
XP_073790649,XP_056301759,0.052577793598175,top,,False,True,False,False,0.0002452731132507,0.0019156336784362,0.0003469586372375,0.0001755952835083,9.942054748535156e-05,97.29206963249516,2.7079303675048436,2485,False,443
XP_073790659,XP_056301759,0.052577793598175,top,,False,True,False,False,0.0006134510040283,0.001514196395874,0.0003968477249145,0.000199556350708,0.0001218318939208,96.4853153586904,3.5146846413096,2485,False,444
XP_073790653,XP_056301759,0.052577793598175,top,,False,True,False,False,0.0006134510040283,0.001514196395874,0.0003968477249145,0.000199556350708,0.0001218318939208,96.4853153586904,3.5146846413096,2485,False,445
XP_073790658,XP_056301759,0.052577793598175,top,,False,True,False,False,0.0006134510040283,0.001514196395874,0.0003968477249145,0.000199556350708,0.0001218318939208,96.4853153586904,3.5146846413096,2485,False,446
XP_073790652,XP_056301759,0.052577793598175,top,,False,True,False,False,0.0006134510040283,0.001514196395874,0.0003968477249145,0.000199556350708,0.0001218318939208,96.4853153586904,3.5146846413096,2485,False,447
XP_073790641,XP_056301759,0.052577793598175,top,,False,True,False,False,0.0002177357673645,0.0001486539840698,8.952617645263672e-05,3.999471664428711e-05,3.3974647521972656e-05,98.34710743801652,1.652892561983478,2485,False,448
XP_073790645,XP_056301759,0.052577793598175,top,,False,True,False,False,0.0003255605697631,0.0003756284713745,0.0002027153968811,0.0001565217971801,4.5180320739746094e-05,97.86614936954412,2.133850630455882,2485,False,449
XP_073790640,XP_056301759,0.052577793598175,top,,False,True,False,False,0.0002177357673645,0.0001486539840698,8.952617645263672e-05,3.999471664428711e-05,3.3974647521972656e-05,98.34710743801652,1.652892561983478,2485,False,450
XP_073790648,XP_056301759,0.052577793598175,top,,False,True,False,False,0.0002452731132507,0.0019156336784362,0.0003469586372375,0.0001755952835083,9.942054748535156e-05,97.29206963249516,2.7079303675048436,2485,False,451
XP_073790652,XP_056301757,0.0525150299072265,top,,False,True,False,False,0.0006134510040283,0.001514196395874,0.0003968477249145,0.000199556350708,0.0001218318939208,96.4853153586904,3.5146846413096,2491,False,452
XP_073790653,XP_056301757,0.0525150299072265,top,,False,True,False,False,0.0006134510040283,0.001514196395874,0.0003968477249145,0.000199556350708,0.0001218318939208,96.4853153586904,3.5146846413096,2491,False,453
XP_073790648,XP_056301757,0.0525150299072265,top,,False,True,False,False,0.0002452731132507,0.0019156336784362,0.0003469586372375,0.0001755952835083,9.942054748535156e-05,97.29206963249516,2.7079303675048436,2491,False,454
XP_073790641,XP_056301757,0.0525150299072265,top,,False,True,False,False,0.0002177357673645,0.0001486539840698,8.952617645263672e-05,3.999471664428711e-05,3.3974647521972656e-05,98.34710743801652,1.652892561983478,2491,False,455
XP_073790640,XP_056301757,0.0525150299072265,top,,False,True,False,False,0.0002177357673645,0.0001486539840698,8.952617645263672e-05,3.999471664428711e-05,3.3974647521972656e-05,98.34710743801652,1.652892561983478,2491,False,456
XP_073790649,XP_056301757,0.0525150299072265,top,,False,True,False,False,0.0002452731132507,0.0019156336784362,0.0003469586372375,0.0001755952835083,9.942054748535156e-05,97.29206963249516,2.7079303675048436,2491,False,457
XP_073790645,XP_056301757,0.0525150299072265,top,,False,True,False,False,0.0003255605697631,0.0003756284713745,0.0002027153968811,0.0001565217971801,4.5180320739746094e-05,97.86614936954412,2.133850630455882,2491,False,458
XP_073790639,XP_056301752,0.0522750616073608,top,,False,True,False,False,0.0003982186317443,0.001387596130371,0.0003317594528198,0.0001847743988037,8.767843246459961e-05,97.53146176185868,2.4685382381413206,2501,False,459
XP_073790639,XP_056301751,0.0522750616073608,top,,False,True,False,False,0.0003982186317443,0.001387596130371,0.0003317594528198,0.0001847743988037,8.767843246459961e-05,97.53146176185868,2.4685382381413206,2501,False,460
XP_073790637,XP_056301752,0.0522750616073608,top,,False,True,False,False,0.0001521706581115,0.0017924904823303,0.0003067851066589,0.0001527667045593,6.181001663208008e-05,98.34710743801652,1.652892561983478,2501,False,461
XP_073790638,XP_056301752,0.0522750616073608,top,,False,True,False,False,0.0003982186317443,0.001387596130371,0.0003317594528198,0.0001847743988037,8.767843246459961e-05,97.53146176185868,2.4685382381413206,2501,False,462
XP_073790638,XP_056301751,0.0522750616073608,top,,False,True,False,False,0.0003982186317443,0.001387596130371,0.0003317594528198,0.0001847743988037,8.767843246459961e-05,97.53146176185868,2.4685382381413206,2501,False,463
XP_073790638,XP_056301753,0.0522750616073608,top,,False,True,False,False,0.0003982186317443,0.001387596130371,0.0003317594528198,0.0001847743988037,8.767843246459961e-05,97.53146176185868,2.4685382381413206,2501,False,464
XP_073790637,XP_056301753,0.0522750616073608,top,,False,True,False,False,0.0001521706581115,0.0017924904823303,0.0003067851066589,0.0001527667045593,6.181001663208008e-05,98.34710743801652,1.652892561983478,2501,False,465
XP_073790637,XP_056301751,0.0522750616073608,top;random,,False,True,True,False,0.0001521706581115,0.0017924904823303,0.0003067851066589,0.0001527667045593,6.181001663208008e-05,98.34710743801652,1.652892561983478,2501,False,466
XP_073790639,XP_056301753,0.0522750616073608,top,,False,True,False,False,0.0003982186317443,0.001387596130371,0.0003317594528198,0.0001847743988037,8.767843246459961e-05,97.53146176185868,2.4685382381413206,2501,False,467
XP_073807487,XP_056315670,0.0521683096885681,top,,False,True,False,False,0.00027996301651,0.0001892447471618,9.91225242614746e-05,7.855892181396484e-05,2.1517276763916016e-05,97.22086786933204,2.7791321306679606,2860,False,468
XP_073807483,XP_056315670,0.0521683096885681,top,,False,True,False,False,0.0002726316452026,0.0001882314682006,0.0001009702682495,7.69495964050293e-05,2.193450927734375e-05,97.22086786933204,2.7791321306679606,2865,False,469
XP_073807494,XP_056315670,0.0521683096885681,top,,False,True,False,False,0.00027996301651,0.0001892447471618,9.91225242614746e-05,7.855892181396484e-05,2.1517276763916016e-05,97.22086786933204,2.7791321306679606,2859,False,470
XP_073799247,XP_056307248,0.0520342588424682,top,,False,True,False,False,0.0191622972488403,0.0260061025619506,0.0121340155601501,0.0042504072189331,0.0012288093566894,74.93556701030928,25.064432989690715,1522,False,471
XP_073790637,XP_056301750,0.0519770383834838,top,,False,True,False,False,0.0002861618995666,0.0026416182518005,0.0002806782722473,0.0002609491348266,0.0001150369644165,97.29206963249516,2.7079303675048436,2507,False,472
XP_073790642,XP_056301750,0.0519770383834838,top,,False,True,False,False,0.0006176233291625,0.0022376179695129,0.0003601908683776,0.0002360343933105,0.0001041889190673,96.4853153586904,3.5146846413096,2507,False,473
XP_073790639,XP_056301750,0.0519770383834838,top,,False,True,False,False,0.0006206631660461,0.0021886825561523,0.0003321170806884,0.0002549886703491,0.0001364350318908,96.4853153586904,3.5146846413096,2507,False,474
XP_073790638,XP_056301750,0.0519770383834838,top,,False,True,False,False,0.0006206631660461,0.0021886825561523,0.0003321170806884,0.0002549886703491,0.0001364350318908,96.4853153586904,3.5146846413096,2507,False,475
XP_073790644,XP_056301750,0.0519770383834838,top,,False,True,False,False,0.0006176233291625,0.0022376179695129,0.0003601908683776,0.0002360343933105,0.0001041889190673,96.4853153586904,3.5146846413096,2507,False,476
XP_073807487,XP_056315654,0.0517601370811462,top,,False,True,False,False,0.00027996301651,0.0001892447471618,9.91225242614746e-05,7.855892181396484e-05,2.1517276763916016e-05,97.22086786933204,2.7791321306679606,2863,False,477
XP_073807483,XP_056315654,0.0517601370811462,top,,False,True,False,False,0.0002726316452026,0.0001882314682006,0.0001009702682495,7.69495964050293e-05,2.193450927734375e-05,97.22086786933204,2.7791321306679606,2865,False,478
XP_073807494,XP_056315654,0.0517601370811462,top,,False,True,False,False,0.00027996301651,0.0001892447471618,9.91225242614746e-05,7.855892181396484e-05,2.1517276763916016e-05,97.22086786933204,2.7791321306679606,2863,False,479
XP_073790650,XP_056301755,0.0516353249549865,top,,False,True,False,False,0.0005022287368774,0.0011590719223022,0.0005891323089599,0.0003049373626708,0.0001338720321655,96.4853153586904,3.5146846413096,2496,False,480
XP_073790651,XP_056301755,0.0516353249549865,top,,False,True,False,False,0.0005022287368774,0.0011590719223022,0.0005891323089599,0.0003049373626708,0.0001338720321655,96.4853153586904,3.5146846413096,2496,False,481
XP_073787710,XP_056304658,0.0515522360801696,top,,False,True,False,False,0.0515524744987487,0.0414960980415344,0.0361665487289428,0.0276013016700744,0.0033574700355529,25.70281124497992,74.29718875502007,482,False,482
NP_001093546,XP_056336232,0.0513496994972229,top,,False,True,False,False,0.0513498187065124,0.008807897567749,0.0058114528656005,0.0584779977798461,0.003617525100708,78.60696517412936,21.393034825870643,192,False,483
XP_073807487,XP_056315679,0.0512947440147399,top,,False,True,False,False,0.00027996301651,0.0001892447471618,9.91225242614746e-05,7.855892181396484e-05,2.1517276763916016e-05,97.22086786933204,2.7791321306679606,2860,False,484
XP_073807483,XP_056315679,0.0512947440147399,top,,False,True,False,False,0.0002726316452026,0.0001882314682006,0.0001009702682495,7.69495964050293e-05,2.193450927734375e-05,97.22086786933204,2.7791321306679606,2865,False,485
XP_073807494,XP_056315679,0.0512947440147399,top,,False,True,False,False,0.00027996301651,0.0001892447471618,9.91225242614746e-05,7.855892181396484e-05,2.1517276763916016e-05,97.22086786933204,2.7791321306679606,2859,False,486
NP_957123,XP_056305557,0.0512862205505371,top,,False,True,False,False,0.0512861609458923,0.0199566483497619,0.0085837244987487,0.005126953125,0.002810001373291,91.07551487414187,8.924485125858126,433,True,487
XP_073807494,XP_056315663,0.0512130260467529,top,,False,True,False,False,0.0002639889717102,0.0001885294914245,9.98377799987793e-05,7.551908493041992e-05,2.092123031616211e-05,97.22086786933204,2.7791321306679606,2863,False,488
XP_073807487,XP_056315663,0.0512130260467529,top,,False,True,False,False,0.0002639889717102,0.0001885294914245,9.98377799987793e-05,7.551908493041992e-05,2.092123031616211e-05,97.22086786933204,2.7791321306679606,2863,False,489
XP_073807483,XP_056315663,0.0512130260467529,top,,False,True,False,False,0.0002570748329162,0.0001872777938842,0.0001026988029479,7.528066635131836e-05,2.1696090698242188e-05,97.12475633528264,2.8752436647173596,2865,False,490
XP_073807487,XP_056315645,0.0511659979820251,top,,False,True,False,False,0.00027996301651,0.0001892447471618,9.91225242614746e-05,7.855892181396484e-05,2.1517276763916016e-05,97.22086786933204,2.7791321306679606,2864,False,491
XP_073807483,XP_056315645,0.0511659979820251,top,,False,True,False,False,0.0002726316452026,0.0001882314682006,0.0001009702682495,7.69495964050293e-05,2.193450927734375e-05,97.22086786933204,2.7791321306679606,2865,False,492
XP_073807494,XP_056315645,0.0511659979820251,top,,False,True,False,False,0.00027996301651,0.0001892447471618,9.91225242614746e-05,7.855892181396484e-05,2.1517276763916016e-05,97.22086786933204,2.7791321306679606,2864,False,493
XP_073807562,XP_056314404,0.0511195063591003,top,,False,True,False,False,0.000300645828247,0.000116229057312,0.0001708269119262,0.0001393556594848,4.583597183227539e-05,93.87361312108057,6.126386878919433,2585,False,494
XP_021333865,XP_056310884,0.0510859489440918,top,,False,True,False,False,0.0510861873626709,0.0260091423988342,0.0062576532363891,0.0059298276901245,0.0036756992340087,67.6470588235294,32.352941176470594,646,False,495
XP_073790638,XP_056301756,0.0510752201080322,top,,False,True,False,False,8.910894393920898e-05,7.700920104980469e-05,4.398822784423828e-05,5.394220352172851e-05,2.4616718292236328e-05,98.39572192513369,1.6042780748663148,2492,False,496
XP_073790642,XP_056301756,0.0510752201080322,top,,False,True,False,False,0.0001823306083679,0.0002458095550537,0.0001522898674011,0.000197410583496,4.8160552978515625e-05,97.91464597478176,2.085354025218237,2492,False,497
XP_073790651,XP_056301756,0.0510752201080322,top,,False,True,False,False,0.0002580881118774,0.0009248852729797,0.0002667903900146,0.0002351403236389,7.611513137817383e-05,96.86444766039556,3.1355523396044447,2492,False,498
XP_073790644,XP_056301756,0.0510752201080322,top,,False,True,False,False,0.0001823306083679,0.0002458095550537,0.0001522898674011,0.000197410583496,4.8160552978515625e-05,97.91464597478176,2.085354025218237,2492,False,499
XP_073790647,XP_056301756,0.0510752201080322,top,,False,True,False,False,0.0002042055130004,0.0005483627319335,0.000398576259613,0.0002581477165222,6.121397018432617e-05,97.34042553191487,2.6595744680851254,2492,False,500
XP_073790650,XP_056301756,0.0510752201080322,top,,False,True,False,False,0.0002580881118774,0.0009248852729797,0.0002667903900146,0.0002351403236389,7.611513137817383e-05,96.86444766039556,3.1355523396044447,2492,False,501
XP_073790639,XP_056301756,0.0510752201080322,top,,False,True,False,False,8.910894393920898e-05,7.700920104980469e-05,4.398822784423828e-05,5.394220352172851e-05,2.4616718292236328e-05,98.39572192513369,1.6042780748663148,2492,False,502
XP_073790646,XP_056301756,0.0510752201080322,top,,False,True,False,False,0.0002042055130004,0.0005483627319335,0.000398576259613,0.0002581477165222,6.121397018432617e-05,97.34042553191487,2.6595744680851254,2492,False,503
XP_073807561,XP_056314404,0.0510436296463012,top,,False,True,False,False,0.0003144741058349,0.0001294016838073,0.0001881718635559,0.0001370906829833,4.780292510986328e-05,93.82835101253616,6.17164898746384,2586,False,504
XP_073807560,XP_056314404,0.0510412454605102,top,,False,True,False,False,0.0003654360771179,0.0001503825187683,0.000178575515747,0.0001401901245117,5.8650970458984375e-05,93.97009165460685,6.029908345393153,2591,False,505
XP_073807559,XP_056314404,0.0510236024856567,top,,False,True,False,False,0.0003419518470764,0.0001562237739562,0.000216782093048,0.0001436471939086,6.407499313354492e-05,93.87656702025072,6.123432979749282,2592,False,506
XP_073807562,XP_056314408,0.0510061383247375,top,,False,True,False,False,0.0002907514572143,0.0001479387283325,0.0001757144927978,0.0001301765441894,4.9114227294921875e-05,93.9218523878437,6.0781476121563,2585,False,507
XP_073807563,XP_056314404,0.0509581565856933,top,,False,True,False,False,0.0004016160964965,0.0002132058143615,0.0001817345619201,0.0001962780952453,3.6716461181640625e-05,94.90538573508006,5.09461426491994,2576,False,508
XP_073795509,XP_056305554,0.0509406328201293,top,,False,True,False,False,0.050940454006195,0.0309553742408752,0.0151686668395996,0.0118915438652038,0.0029908418655395,43.52517985611511,56.47482014388489,278,False,509
XP_073807561,XP_056314408,0.0509294867515563,top,,False,True,False,False,0.0003066658973693,0.0001377463340759,0.0001850724220275,0.0001226663589477,3.969669342041016e-05,93.9218523878437,6.0781476121563,2586,False,510
XP_073807563,XP_056314408,0.0509113669395446,top,,False,True,False,False,0.0003813505172729,0.0001930594444274,0.0001744627952575,0.0001675486564636,3.3974647521972656e-05,95.37712895377128,4.622871046228724,2570,False,511
XP_073807560,XP_056314408,0.05090993642807,top,,False,True,False,False,0.0003585219383239,0.000196635723114,0.0001922845840454,0.000141441822052,6.300210952758789e-05,93.97009165460685,6.029908345393153,2591,False,512
XP_073807562,XP_056314407,0.0508835315704345,top,,False,True,False,False,0.0002738833427429,0.000156283378601,0.0001701116561889,0.0001266598701477,4.249811172485352e-05,93.9218523878437,6.0781476121563,2585,False,513
XP_073807559,XP_056314408,0.0508793592453002,top,,False,True,False,False,0.0003342628479003,0.0001736283302307,0.0002195835113525,0.0001387000083923,5.5849552154541016e-05,93.97009165460685,6.029908345393153,2592,False,514
XP_073807561,XP_056314407,0.0508126616477966,top,,False,True,False,False,0.0002936124801635,0.0001499652862548,0.0001814365386962,0.0001221299171447,4.45246696472168e-05,93.82835101253616,6.17164898746384,2586,False,515
XP_701288,XP_056326300,0.0508053302764892,top,,False,True,False,False,0.0002678036689758,9.375810623168944e-05,9.012222290039062e-05,4.887580871582031e-05,3.999471664428711e-05,95.60117302052784,4.398826979472162,3193,False,516
XP_073807560,XP_056314407,0.050783634185791,top,,False,True,False,False,0.0003461241722106,0.0002088546752929,0.0001865625381469,0.000139832496643,5.644559860229492e-05,93.97009165460685,6.029908345393153,2591,False,517
XP_073807563,XP_056314407,0.0507764816284179,top,,False,True,False,False,0.0003589391708374,0.0001948475837707,0.0001687407493591,0.0001611113548278,3.069639205932617e-05,95.37712895377128,4.622871046228724,2570,False,518
XP_073807559,XP_056314407,0.0507566332817077,top,,False,True,False,False,0.0003241300582885,0.0001894831657409,0.0002151727676391,0.0001406073570251,6.133317947387695e-05,93.87656702025072,6.123432979749282,2592,False,519
XP_073790668,XP_056301761,0.0506494045257568,top,,False,True,False,False,0.0002228617668151,0.0009570717811584,0.0006396174430847,0.0004043579101562,6.085634231567383e-05,96.86444766039556,3.1355523396044447,2471,False,520
XP_073790667,XP_056301761,0.0506494045257568,top,,False,True,False,False,0.0002580881118774,0.0009248852729797,0.0002667903900146,0.0002351403236389,7.611513137817383e-05,96.86444766039556,3.1355523396044447,2471,False,521
XP_073790641,XP_056301761,0.0506494045257568,top,,False,True,False,False,0.0002590417861938,0.001638114452362,0.000215470790863,0.0001479983329772,4.267692565917969e-05,97.53146176185868,2.4685382381413206,2480,False,522
XP_073790663,XP_056301761,0.0506494045257568,top,,False,True,False,False,0.0001823306083679,0.0002458095550537,0.0001522898674011,0.000197410583496,4.8160552978515625e-05,97.91464597478176,2.085354025218237,2471,False,523
XP_073790649,XP_056301761,0.0506494045257568,top,,False,True,False,False,0.0002264380455017,0.0006447434425354,0.000180959701538,0.0001288056373596,3.165006637573242e-05,97.34042553191487,2.6595744680851254,2471,False,524
XP_073790659,XP_056301761,0.0506494045257568,top,,False,True,False,False,8.910894393920898e-05,7.700920104980469e-05,4.398822784423828e-05,5.394220352172851e-05,2.4616718292236328e-05,98.39572192513369,1.6042780748663148,2471,False,525
XP_073790656,XP_056301761,0.0506494045257568,top,,False,True,False,False,0.0001823306083679,0.0002458095550537,0.0001522898674011,0.000197410583496,4.8160552978515625e-05,97.91464597478176,2.085354025218237,2471,False,526
XP_073790648,XP_056301761,0.0506494045257568,top,,False,True,False,False,0.0002264380455017,0.0006447434425354,0.000180959701538,0.0001288056373596,3.165006637573242e-05,97.34042553191487,2.6595744680851254,2471,False,527
XP_073790640,XP_056301761,0.0506494045257568,top,,False,True,False,False,0.0002590417861938,0.001638114452362,0.000215470790863,0.0001479983329772,4.267692565917969e-05,97.53146176185868,2.4685382381413206,2480,False,528
XP_073790657,XP_056301761,0.0506494045257568,top,,False,True,False,False,0.0001823306083679,0.0002458095550537,0.0001522898674011,0.000197410583496,4.8160552978515625e-05,97.91464597478176,2.085354025218237,2471,False,529
XP_073790653,XP_056301761,0.0506494045257568,top,,False,True,False,False,8.910894393920898e-05,7.700920104980469e-05,4.398822784423828e-05,5.394220352172851e-05,2.4616718292236328e-05,98.39572192513369,1.6042780748663148,2471,False,530
XP_073790658,XP_056301761,0.0506494045257568,top,,False,True,False,False,8.910894393920898e-05,7.700920104980469e-05,4.398822784423828e-05,5.394220352172851e-05,2.4616718292236328e-05,98.39572192513369,1.6042780748663148,2471,False,531
XP_073790664,XP_056301761,0.0506494045257568,top,,False,True,False,False,0.0001823306083679,0.0002458095550537,0.0001522898674011,0.000197410583496,4.8160552978515625e-05,97.91464597478176,2.085354025218237,2471,False,532
XP_073790652,XP_056301761,0.0506494045257568,top,,False,True,False,False,8.910894393920898e-05,7.700920104980469e-05,4.398822784423828e-05,5.394220352172851e-05,2.4616718292236328e-05,98.39572192513369,1.6042780748663148,2471,False,533
XP_073790669,XP_056301761,0.0506494045257568,top,,False,True,False,False,0.0002228617668151,0.0009570717811584,0.0006396174430847,0.0004043579101562,6.085634231567383e-05,96.86444766039556,3.1355523396044447,2471,False,534
XP_073790662,XP_056301761,0.0506494045257568,top,,False,True,False,False,0.0002042055130004,0.0005483627319335,0.000398576259613,0.0002581477165222,6.121397018432617e-05,97.34042553191487,2.6595744680851254,2471,False,535
XP_073790661,XP_056301761,0.0506494045257568,top,,False,True,False,False,0.0002042055130004,0.0005483627319335,0.000398576259613,0.0002581477165222,6.121397018432617e-05,97.34042553191487,2.6595744680851254,2471,False,536
XP_073790666,XP_056301761,0.0506494045257568,top,,False,True,False,False,0.0002580881118774,0.0009248852729797,0.0002667903900146,0.0002351403236389,7.611513137817383e-05,96.86444766039556,3.1355523396044447,2471,False,537
XP_009294635,XP_056304550,0.0505169034004211,top,,False,True,False,False,0.0505169630050659,0.0652201175689697,0.0541900992393493,0.0429970026016235,0.0169034004211425,52.70935960591133,47.29064039408867,406,False,538
NP_001315310,XP_056320467,0.0504797101020813,top,,False,True,False,False,0.0504798889160156,0.0146169662475585,0.0101280808448791,0.0083518028259277,0.0037502646446228,71.96261682242991,28.037383177570092,106,False,539
XP_073807483,XP_056315685,0.050438106060028,top,,False,True,False,False,0.0002570748329162,0.0001872777938842,0.0001026988029479,7.528066635131836e-05,2.1696090698242188e-05,97.12475633528264,2.8752436647173596,2865,False,540
XP_073807494,XP_056315685,0.050438106060028,top,,False,True,False,False,0.0002639889717102,0.0001885294914245,9.98377799987793e-05,7.551908493041992e-05,2.092123031616211e-05,97.22086786933204,2.7791321306679606,2859,False,541
XP_073807487,XP_056315685,0.050438106060028,top,,False,True,False,False,0.0002639889717102,0.0001885294914245,9.98377799987793e-05,7.551908493041992e-05,2.092123031616211e-05,97.22086786933204,2.7791321306679606,2860,False,542
XP_073807562,XP_056314410,0.0503960847854614,top,,False,True,False,False,0.0002796053886413,0.0001377463340759,0.0001899003982543,0.0001335144042968,4.082918167114258e-05,93.9218523878437,6.0781476121563,2585,False,543
XP_073790657,XP_056301758,0.0503652095794677,top,,False,True,False,False,0.0006176233291625,0.0022376179695129,0.0003601908683776,0.0002360343933105,0.0001041889190673,96.4853153586904,3.5146846413096,2486,False,544
XP_073790648,XP_056301758,0.0503652095794677,top,,False,True,False,False,0.0002861618995666,0.0026416182518005,0.0002806782722473,0.0002609491348266,0.0001150369644165,97.29206963249516,2.7079303675048436,2486,False,545
XP_073790640,XP_056301758,0.0503652095794677,top,,False,True,False,False,0.0003765225410461,0.0003789663314819,0.0001088380813598,0.0001654624938964,4.285573959350586e-05,98.34710743801652,1.652892561983478,2486,False,546
XP_073790645,XP_056301758,0.0503652095794677,top,,False,True,False,False,0.0002319812774658,0.0001232624053955,0.0001041889190673,4.464387893676758e-05,4.875659942626953e-05,98.34710743801652,1.652892561983478,2486,False,547
XP_073790649,XP_056301758,0.0503652095794677,top,,False,True,False,False,0.0002861618995666,0.0026416182518005,0.0002806782722473,0.0002609491348266,0.0001150369644165,97.29206963249516,2.7079303675048436,2486,False,548
XP_073790656,XP_056301758,0.0503652095794677,top,,False,True,False,False,0.0006176233291625,0.0022376179695129,0.0003601908683776,0.0002360343933105,0.0001041889190673,96.4853153586904,3.5146846413096,2486,False,549
XP_073790641,XP_056301758,0.0503652095794677,top,,False,True,False,False,0.0003765225410461,0.0003789663314819,0.0001088380813598,0.0001654624938964,4.285573959350586e-05,98.34710743801652,1.652892561983478,2486,False,550
XP_073807561,XP_056314410,0.0503243207931518,top,,False,True,False,False,0.0002980232238769,0.0001537799835205,0.0002102255821228,0.0001299381256103,4.315376281738281e-05,93.82835101253616,6.17164898746384,2586,False,551
XP_073807563,XP_056314410,0.0502997636795043,top,,False,True,False,False,0.0003934502601623,0.0002269744873046,0.0001876950263977,0.0001688003540039,2.9981136322021484e-05,95.47224926971762,4.527750730282378,2569,False,552
XP_073807560,XP_056314410,0.0502849221229553,top,,False,True,False,False,0.0003511309623718,0.0001816749572753,0.0002046823501586,0.0001458525657653,5.507469177246094e-05,93.97009165460685,6.029908345393153,2591,False,553
XP_073807559,XP_056314410,0.050266146659851,top,,False,True,False,False,0.000329852104187,0.0001814365386962,0.0002468228340148,0.0001478195190429,5.984306335449219e-05,93.87656702025072,6.123432979749282,2592,False,554
XP_073807562,XP_056314405,0.0495705008506774,top,,False,True,False,False,0.0002614259719848,0.0001843571662902,0.0001794695854187,0.0001346468925476,5.4001808166503906e-05,93.9218523878437,6.0781476121563,2585,False,555
XP_073807561,XP_056314405,0.0495042204856872,top,,False,True,False,False,0.0002734661102294,0.0001841783523559,0.0001869201660156,0.0001272559165954,4.410743713378906e-05,93.9218523878437,6.0781476121563,2586,False,556
XP_073807560,XP_056314405,0.0494740605354309,top,,False,True,False,False,0.0003367662429809,0.0002321600914001,0.0001881718635559,0.0001506209373474,6.854534149169922e-05,93.97009165460685,6.029908345393153,2591,False,557
XP_073807563,XP_056314405,0.0494671463966369,top,,False,True,False,False,0.00035160779953,0.0002380609512329,0.0001838207244873,0.000174343585968,3.534555435180664e-05,95.3307392996109,4.669260700389103,2571,False,558
XP_073807559,XP_056314405,0.0494394302368164,top,,False,True,False,False,0.0003141164779663,0.0002136826515197,0.00021493434906,0.0001471638679504,6.115436553955078e-05,93.97009165460685,6.029908345393153,2592,False,559
NP_001002097,XP_056324134,0.0474950671195983,top,,False,True,False,False,0.0474949479103088,0.0316409468650817,0.0230993032455444,0.0267426371574401,0.010075569152832,73.03370786516854,26.966292134831463,89,True,560
NP_001006080,XP_056305553,0.0472239851951599,top,,False,True,False,False,0.047160267829895,0.039124310016632,0.0115418434143066,0.0086869001388549,0.0048083662986755,70.4391891891892,29.560810810810807,592,False,561
XP_073791874,XP_056302791,0.0465994477272033,top,,False,True,False,False,0.0465992093086242,0.0431897044181823,0.0320855975151062,0.055555522441864,0.0073440670967102,59.00735294117647,40.99264705882353,544,False,562
XP_073798491,XP_056328370,0.0465196967124938,top,,False,True,False,False,0.0158314704895019,0.0167871713638305,0.0056106448173522,0.0088480114936828,0.0019387006759643,43.37662337662338,56.62337662337662,381,False,563
XP_073791840,XP_056319202,0.0462138056755065,top,,False,True,False,False,0.0462138056755065,0.0203869342803955,0.0165234208106994,0.014475405216217,0.0200256705284118,57.51633986928105,42.48366013071895,153,False,564
XP_690503,XP_056312321,0.0460520386695861,top,,False,True,False,False,0.0460520386695861,0.046710729598999,0.0519991517066955,0.0344316363334655,0.010935366153717,63.445378151260506,36.554621848739494,238,False,565
XP_073810957,XP_056316683,0.0454686880111694,top,,False,True,False,False,0.0454686284065246,0.0442215204238891,0.0153658986091613,0.0084820985794067,0.0019728541374206,77.24425887265136,22.755741127348642,477,False,566
XP_073810956,XP_056316683,0.0454686880111694,stratified;top,,True,True,False,False,0.0454686284065246,0.0442215800285339,0.0153659582138061,0.0084820985794067,0.0019728541374206,77.24425887265136,22.755741127348642,477,False,567
XP_073810955,XP_056316683,0.0454686880111694,top,,False,True,False,False,0.0454686284065246,0.0442215800285339,0.0153659582138061,0.0084820985794067,0.0019728541374206,77.24425887265136,22.755741127348642,477,False,568
XP_073810958,XP_056316683,0.0454686880111694,top,,False,True,False,False,0.0454686284065246,0.0442215204238891,0.0153658986091613,0.0084820985794067,0.0019728541374206,77.24425887265136,22.755741127348642,477,False,569
NP_001315125,XP_056321353,0.0450589656829834,top,,False,True,False,False,0.045058786869049,0.0350462794303894,0.023732304573059,0.016432762145996,0.0074084401130676,45.175438596491226,54.824561403508774,222,False,570
XP_073810957,XP_056316684,0.0450411438941955,top,,False,True,False,False,0.0450412034988403,0.0438092947006225,0.01545250415802,0.0084726810455322,0.0019938945770263,77.03549060542798,22.96450939457202,476,False,571
XP_073810956,XP_056316684,0.0450411438941955,top,,False,True,False,False,0.0450412034988403,0.0438094139099121,0.01545250415802,0.0084726810455322,0.0019938945770263,77.03549060542798,22.96450939457202,476,False,572
XP_073810955,XP_056316684,0.0450411438941955,top,,False,True,False,False,0.0450412034988403,0.0438094139099121,0.01545250415802,0.0084726810455322,0.0019938945770263,77.03549060542798,22.96450939457202,476,False,573
XP_073810958,XP_056316684,0.0450411438941955,top,,False,True,False,False,0.0450412034988403,0.0438092947006225,0.01545250415802,0.0084726810455322,0.0019938945770263,77.03549060542798,22.96450939457202,476,False,574
XP_073793333,XP_056312323,0.0446030497550964,top,,False,True,False,False,0.0446032285690307,0.0171294212341308,0.0105260014533996,0.0111445188522338,0.0056265592575073,56.47482014388489,43.52517985611511,278,False,575
XP_073793334,XP_056312323,0.0446030497550964,top,,False,True,False,False,0.0446032285690307,0.0171294212341308,0.0105260014533996,0.0111445188522338,0.0056265592575073,56.47482014388489,43.52517985611511,278,False,576
XP_073810953,XP_056316684,0.0444363355636596,top,,False,True,False,False,0.0444362759590148,0.0435555577278137,0.01526939868927,0.0084044337272644,0.0019983053207397,76.875,23.125,476,False,577
XP_073810954,XP_056316684,0.0444363355636596,top,,False,True,False,False,0.0444362759590148,0.0435555577278137,0.01526939868927,0.0084044337272644,0.0019983053207397,76.875,23.125,476,False,578
XP_073810951,XP_056316684,0.0444363355636596,top,,False,True,False,False,0.0444362759590148,0.0435555577278137,0.01526939868927,0.0084044337272644,0.0019983053207397,76.875,23.125,476,False,579
XP_073810952,XP_056316684,0.0444363355636596,top,,False,True,False,False,0.0444362759590148,0.0435555577278137,0.01526939868927,0.0084044337272644,0.0019983053207397,76.875,23.125,476,False,580
XP_021334993,XP_056323129,0.0438722372055053,top,,False,True,False,False,0.0438724160194397,0.0355831384658813,0.0175126791000366,0.0072104334831237,0.0034654140472412,60.74582924435721,39.25417075564279,998,False,581
NP_001017616,XP_056318181,0.0438529253005981,top,,False,True,False,False,0.0438529849052429,0.1049302220344543,0.0192741751670837,0.0138970017433166,0.0061368346214294,83.04347826086956,16.956521739130437,229,False,582
XP_073801025,XP_056309952,0.043320894241333,top,,False,True,False,False,0.0001981258392333,0.0001514554023742,0.0001123547554016,7.748603820800781e-05,4.935264587402344e-05,96.53996101364524,3.4600389863547605,2921,False,583
XP_073801019,XP_056309952,0.043320894241333,top,,False,True,False,False,0.000207245349884,0.0001538395881652,0.0001077651977539,7.545948028564453e-05,4.7147274017333984e-05,96.63578742077036,3.364212579229644,2931,False,584
XP_073801020,XP_056309952,0.043320894241333,top,,False,True,False,False,0.000207245349884,0.0001538395881652,0.0001077651977539,7.545948028564453e-05,4.7147274017333984e-05,96.63578742077036,3.364212579229644,2931,False,585
XP_073801024,XP_056309952,0.043320894241333,top,,False,True,False,False,0.000207245349884,0.0001538395881652,0.0001077651977539,7.545948028564453e-05,4.7147274017333984e-05,96.63578742077036,3.364212579229644,2921,False,586
XP_073801023,XP_056309952,0.0431447029113769,top,,False,True,False,False,0.0002182722091674,0.0001401305198669,6.818771362304688e-05,5.233287811279297e-05,3.868341445922851e-05,96.923828125,3.076171875,2924,False,587
XP_073801021,XP_056309952,0.0431447029113769,top,,False,True,False,False,0.0002034306526184,0.000131607055664,6.866455078125e-05,5.14984130859375e-05,4.076957702636719e-05,96.923828125,3.076171875,2924,False,588
XP_073801022,XP_056309952,0.0431447029113769,top,,False,True,False,False,0.0002034306526184,0.000131607055664,6.866455078125e-05,5.14984130859375e-05,4.076957702636719e-05,96.923828125,3.076171875,2923,False,589
XP_073801018,XP_056309952,0.0431447029113769,top,,False,True,False,False,0.0002182722091674,0.0001401305198669,6.818771362304688e-05,5.233287811279297e-05,3.868341445922851e-05,96.923828125,3.076171875,2936,False,590
XP_073801025,XP_056309951,0.0431129932403564,top,,False,True,False,False,0.0001981258392333,0.0001514554023742,0.0001123547554016,7.748603820800781e-05,4.935264587402344e-05,96.53996101364524,3.4600389863547605,2922,False,591
XP_073801019,XP_056309951,0.0431129932403564,top,,False,True,False,False,0.000207245349884,0.0001538395881652,0.0001077651977539,7.545948028564453e-05,4.7147274017333984e-05,96.63578742077036,3.364212579229644,2931,False,592
XP_073801020,XP_056309951,0.0431129932403564,top,,False,True,False,False,0.000207245349884,0.0001538395881652,0.0001077651977539,7.545948028564453e-05,4.7147274017333984e-05,96.63578742077036,3.364212579229644,2931,False,593
XP_073801024,XP_056309951,0.0431129932403564,top,,False,True,False,False,0.000207245349884,0.0001538395881652,0.0001077651977539,7.545948028564453e-05,4.7147274017333984e-05,96.63578742077036,3.364212579229644,2922,False,594
XP_073802123,XP_056312665,0.0430938601493835,top,,False,True,False,False,2.676248550415039e-05,6.622076034545898e-05,1.9550323486328125e-05,1.0788440704345705e-05,1.132488250732422e-06,99.77426636568848,0.22573363431152416,1772,False,595
XP_073802123,XP_056312664,0.0430938601493835,top,,False,True,False,False,2.676248550415039e-05,6.622076034545898e-05,1.9550323486328125e-05,1.0788440704345705e-05,1.132488250732422e-06,99.77426636568848,0.22573363431152416,1772,False,596
XP_073801400,XP_056308705,0.043084979057312,top,,False,True,False,False,0.0087640285491943,0.0221588015556335,0.0095786452293396,0.0066397190093994,0.002070128917694,45.91877764374749,54.08122235625251,2985,False,597
XP_021326380,XP_056307596,0.0430039167404174,top,,False,True,False,False,0.026791512966156,0.0620786547660827,0.0067375898361206,0.0036891102790832,0.0009121298789978,65.90131900341964,34.098680996580356,2142,False,598
XP_073801020,XP_056309949,0.0429731607437133,top,,False,True,False,False,0.000207245349884,0.0001538395881652,0.0001077651977539,7.545948028564453e-05,4.7147274017333984e-05,96.63578742077036,3.364212579229644,2933,False,599
XP_073801019,XP_056309949,0.0429731607437133,top,,False,True,False,False,0.000207245349884,0.0001538395881652,0.0001077651977539,7.545948028564453e-05,4.7147274017333984e-05,96.63578742077036,3.364212579229644,2933,False,600
XP_073801024,XP_056309949,0.0429731607437133,top,,False,True,False,False,0.000207245349884,0.0001538395881652,0.0001077651977539,7.545948028564453e-05,4.7147274017333984e-05,96.63578742077036,3.364212579229644,2933,False,601
XP_073801021,XP_056309951,0.0429282188415527,top,,False,True,False,False,0.0002034306526184,0.000131607055664,6.866455078125e-05,5.14984130859375e-05,4.076957702636719e-05,96.923828125,3.076171875,2924,False,602
XP_073801018,XP_056309951,0.0429282188415527,top,,False,True,False,False,0.0002182722091674,0.0001401305198669,6.818771362304688e-05,5.233287811279297e-05,3.868341445922851e-05,96.923828125,3.076171875,2936,False,603
XP_073801022,XP_056309951,0.0429282188415527,top,,False,True,False,False,0.0002034306526184,0.000131607055664,6.866455078125e-05,5.14984130859375e-05,4.076957702636719e-05,96.923828125,3.076171875,2923,False,604
XP_073801023,XP_056309951,0.0429282188415527,top,,False,True,False,False,0.0002182722091674,0.0001401305198669,6.818771362304688e-05,5.233287811279297e-05,3.868341445922851e-05,96.923828125,3.076171875,2924,False,605
NP_705949,XP_056309172,0.0427846908569335,top,,False,True,False,False,0.0411820411682128,0.0379821062088012,0.0607747435569763,0.0535486340522766,0.0065857172012329,63.049095607235145,36.950904392764855,774,True,606
XP_073801023,XP_056309949,0.0427827835083007,top,,False,True,False,False,0.0002182722091674,0.0001401305198669,6.818771362304688e-05,5.233287811279297e-05,3.868341445922851e-05,96.923828125,3.076171875,2933,False,607
XP_073801018,XP_056309949,0.0427827835083007,top,,False,True,False,False,0.0002182722091674,0.0001401305198669,6.818771362304688e-05,5.233287811279297e-05,3.868341445922851e-05,96.923828125,3.076171875,2936,False,608
XP_073801021,XP_056309949,0.0427827835083007,top,,False,True,False,False,0.0002034306526184,0.000131607055664,6.866455078125e-05,5.14984130859375e-05,4.076957702636719e-05,96.923828125,3.076171875,2933,False,609
XP_073801022,XP_056309949,0.0427827835083007,top,,False,True,False,False,0.0002034306526184,0.000131607055664,6.866455078125e-05,5.14984130859375e-05,4.076957702636719e-05,96.923828125,3.076171875,2933,False,610
XP_009290388,XP_056332070,0.0426603555679321,top,,False,True,False,False,0.0149212479591369,0.0200920104980468,0.0078070759773254,0.0098233819007873,0.0039324760437011,47.49138261202605,52.50861738797395,2600,False,611
XP_073807572,XP_056314409,0.0426051020622253,top,,False,True,False,False,0.0003960728645324,0.0002006292343139,0.0001809000968933,0.0001134872436523,5.02467155456543e-05,94.71130519165452,5.288694808345483,2430,False,612
XP_073807573,XP_056314409,0.0426037907600402,top,,False,True,False,False,0.0004274845123291,0.0001935958862304,0.0001918077468872,0.0001173019409179,5.394220352172851e-05,94.6168768186227,5.3831231813773,2430,False,613
XP_073797233,XP_056307190,0.0425500869750976,top,,False,True,False,False,0.0004436373710632,0.0002837181091308,0.0001754760742187,0.0001189112663269,5.644559860229492e-05,93.84391662627242,6.156083373727583,2462,False,614
XP_073797235,XP_056307190,0.0425500869750976,top,,False,True,False,False,0.0004436373710632,0.0002837181091308,0.0001754760742187,0.0001189112663269,5.644559860229492e-05,93.84391662627242,6.156083373727583,2462,False,615
XP_073797234,XP_056307191,0.0425500869750976,top,,False,True,False,False,0.0004436373710632,0.0002837181091308,0.0001754760742187,0.0001189112663269,5.644559860229492e-05,93.84391662627242,6.156083373727583,2462,False,616
XP_073797233,XP_056307191,0.0425500869750976,top,,False,True,False,False,0.0004436373710632,0.0002837181091308,0.0001754760742187,0.0001189112663269,5.644559860229492e-05,93.84391662627242,6.156083373727583,2462,False,617
XP_073797235,XP_056307191,0.0425500869750976,top,,False,True,False,False,0.0004436373710632,0.0002837181091308,0.0001754760742187,0.0001189112663269,5.644559860229492e-05,93.84391662627242,6.156083373727583,2462,False,618
XP_073797234,XP_056307190,0.0425500869750976,top,,False,True,False,False,0.0004436373710632,0.0002837181091308,0.0001754760742187,0.0001189112663269,5.644559860229492e-05,93.84391662627242,6.156083373727583,2462,False,619
XP_073797233,XP_056307189,0.0425171852111816,top,,False,True,False,False,0.0004436373710632,0.0002837181091308,0.0001754760742187,0.0001189112663269,5.644559860229492e-05,93.84391662627242,6.156083373727583,2468,False,620
XP_073797234,XP_056307189,0.0425171852111816,top,,False,True,False,False,0.0004436373710632,0.0002837181091308,0.0001754760742187,0.0001189112663269,5.644559860229492e-05,93.84391662627242,6.156083373727583,2468,False,621
XP_073797234,XP_056307188,0.0425171852111816,top,,False,True,False,False,0.0004436373710632,0.0002837181091308,0.0001754760742187,0.0001189112663269,5.644559860229492e-05,93.84391662627242,6.156083373727583,2468,False,622
XP_073797233,XP_056307188,0.0425171852111816,top,,False,True,False,False,0.0004436373710632,0.0002837181091308,0.0001754760742187,0.0001189112663269,5.644559860229492e-05,93.84391662627242,6.156083373727583,2468,False,623
XP_073801020,XP_056309950,0.0423779487609863,top,,False,True,False,False,0.000215470790863,0.000135600566864,0.0001009106636047,7.75456428527832e-05,4.017353057861328e-05,96.63578742077036,3.364212579229644,2932,False,624
XP_073801019,XP_056309950,0.0423779487609863,top,,False,True,False,False,0.000215470790863,0.000135600566864,0.0001009106636047,7.75456428527832e-05,4.017353057861328e-05,96.63578742077036,3.364212579229644,2932,False,625
XP_073801023,XP_056309950,0.0421961545944213,top,,False,True,False,False,0.0002688765525817,0.0001534819602966,7.456541061401367e-05,5.567073822021485e-05,3.4689903259277344e-05,96.82772083943388,3.17227916056612,2932,False,626
XP_073801018,XP_056309950,0.0421961545944213,top,,False,True,False,False,0.0002688765525817,0.0001534819602966,7.456541061401367e-05,5.567073822021485e-05,3.4689903259277344e-05,96.82772083943388,3.17227916056612,2936,False,627
XP_073801021,XP_056309950,0.0421961545944213,top,,False,True,False,False,0.0002470612525939,0.0001426339149475,7.253885269165039e-05,5.358457565307617e-05,3.606081008911133e-05,96.923828125,3.076171875,2932,False,628
XP_073801022,XP_056309950,0.0421961545944213,stratified;top,,True,True,False,False,0.0002470612525939,0.0001426339149475,7.253885269165039e-05,5.358457565307617e-05,3.606081008911133e-05,96.923828125,3.076171875,2932,False,629
NP_001038839,XP_056307445,0.0420586466789245,top,,False,True,False,False,0.0420588254928588,0.0159568786621093,0.0008069276809692,0.0015377402305603,0.0003017783164978,94.0909090909091,5.9090909090909065,220,False,630
XP_073797233,XP_056307187,0.0419980287551879,top,,False,True,False,False,0.0004583597183227,0.0003149509429931,0.0001508593559265,9.40561294555664e-05,4.374980926513672e-05,95.02439024390245,4.975609756097555,2468,False,631
XP_073797235,XP_056307187,0.0419980287551879,top,,False,True,False,False,0.0004583597183227,0.0003149509429931,0.0001508593559265,9.40561294555664e-05,4.374980926513672e-05,95.02439024390245,4.975609756097555,2468,False,632
XP_073797234,XP_056307187,0.0419980287551879,top,,False,True,False,False,0.0004583597183227,0.0003149509429931,0.0001508593559265,9.40561294555664e-05,4.374980926513672e-05,95.02439024390245,4.975609756097555,2468,False,633
XP_009304943,XP_056326200,0.0419545173645019,stratified;top,,True,True,False,False,0.0419545173645019,0.0414244532585144,0.0264294147491455,0.0216080546379089,0.0151950120925903,64.9746192893401,35.0253807106599,197,True,634
NP_001002488,XP_056326200,0.0419545173645019,top,,False,True,False,False,0.0419545173645019,0.0414244532585144,0.0264294147491455,0.0216080546379089,0.0151950120925903,64.9746192893401,35.0253807106599,197,True,635
XP_009290387,XP_056332070,0.0418514609336853,top;random,,False,True,True,False,0.0149212479591369,0.0200920104980468,0.0078070759773254,0.0098233819007873,0.0039324760437011,47.49138261202605,52.50861738797395,2604,False,636
XP_009290386,XP_056332070,0.0418514609336853,top,,False,True,False,False,0.0149212479591369,0.0200920104980468,0.0078070759773254,0.0098233819007873,0.0039324760437011,47.49138261202605,52.50861738797395,2604,False,637
XP_073805415,XP_056310878,0.0416542887687683,top,,False,True,False,False,0.0610889792442321,0.0475239753723144,0.0267698168754577,0.0218147635459899,0.0041121244430541,24.936386768447836,75.06361323155217,1169,False,638
XP_009290389,XP_056332070,0.0415806174278259,top,,False,True,False,False,0.0149212479591369,0.0200920104980468,0.0078070759773254,0.0098233819007873,0.0039324760437011,47.49138261202605,52.50861738797395,2599,False,639
NP_001180454,XP_056327216,0.0415773391723632,top,,False,True,False,False,0.041577398777008,0.037076711654663,0.0197862386703491,0.0262265801429748,0.0084514021873474,63.06306306306306,36.93693693693694,333,True,640
NP_001341481,XP_056327216,0.0415772199630737,top,,False,True,False,False,0.0415772795677185,0.037076711654663,0.0197862386703491,0.0262265801429748,0.0084514021873474,63.06306306306306,36.93693693693694,333,True,641
NP_001341482,XP_056327216,0.0415772199630737,top,,False,True,False,False,0.0415772795677185,0.037076711654663,0.0197862386703491,0.0262265801429748,0.0084514021873474,63.06306306306306,36.93693693693694,333,True,642
XP_017211153,XP_056310457,0.041550874710083,top,,False,True,False,False,0.041550874710083,0.0362208485603332,0.0217902660369873,0.0118721723556518,0.005191683769226,37.764350453172206,62.235649546827794,613,False,643
XP_009290390,XP_056332070,0.0414730310440063,top,,False,True,False,False,0.0145743489265441,0.0171552896499633,0.0067390799522399,0.0086751580238342,0.0036826729774475,48.55379868877747,51.44620131122253,2586,False,644
XP_021325206,XP_056303950,0.0414214134216308,stratified;top,,True,True,False,False,0.0414214134216308,0.0175561308860778,0.0143462419509887,0.0150180459022521,0.0033573508262634,55.72289156626506,44.27710843373494,329,False,645
XP_009289566,XP_056328805,0.0413169860839843,top,,False,True,False,False,0.0413170456886291,0.0225204229354858,0.0241298079490661,0.0064246654510498,0.0110535621643066,77.18120805369128,22.81879194630872,149,False,646
XP_021324081,XP_056326066,0.041293442249298,top,,False,True,False,False,0.0412932038307189,0.0362132787704467,0.0241488218307495,0.0279476046562194,0.0126483440399169,29.75206611570248,70.24793388429752,600,False,647
XP_005174189,XP_056305557,0.0412573814392089,top,,False,True,False,False,0.0412573218345642,0.0156888961791992,0.0072766542434692,0.0038316249847412,0.0035432577133178,86.52173913043478,13.478260869565219,456,True,648
XP_005163889,XP_056309172,0.0411821007728576,top,,False,True,False,False,0.0411820411682128,0.0379822850227355,0.0607747435569763,0.0535486936569213,0.0065857172012329,63.049095607235145,36.950904392764855,774,True,649
XP_073807571,XP_056314409,0.0410849452018737,top,,False,True,False,False,0.0004358291625976,0.0001988410949707,0.0001701116561889,0.0001193881034851,4.6193599700927734e-05,95.18482490272372,4.815175097276281,2430,False,650
XP_073795138,XP_056304639,0.0400891304016113,top,,False,True,False,False,0.0007429122924804,0.0004986524581909,0.0003203749656677,0.0002138018608093,0.0012118816375732,93.52657004830918,6.473429951690818,3703,True,651
XP_003201260,XP_056305573,0.0400289297103881,top,,False,True,False,False,0.0400287508964538,0.0188305377960205,0.0225644707679748,0.0180794596672058,0.0131886601448059,47.52475247524752,52.47524752475248,390,False,652
XP_073807569,XP_056314409,0.0399143695831298,stratified;top,,True,True,False,False,0.0005605220794677,0.0002096891403198,0.0001526474952697,0.0001025199890136,4.750490188598633e-05,94.0406976744186,5.959302325581405,2435,False,653
XP_073807568,XP_056314409,0.0397742986679077,top,,False,True,False,False,0.0004371404647827,0.0002017617225646,0.0001431107521057,0.0001022219657897,4.190206527709961e-05,94.0406976744186,5.959302325581405,2436,False,654
XP_073801594,XP_056323202,0.0396583080291748,top,,False,True,False,False,0.03965824842453,0.067747950553894,0.0429010391235351,0.0130819678306579,0.0020511150360107,79.55729166666667,20.44270833333333,761,False,655
XP_003201035,XP_056304483,0.0396217703819274,top,,False,True,False,False,0.0396218299865722,0.0254261493682861,0.028353989124298,0.0426934957504272,0.0172740817070007,63.90728476821192,36.09271523178808,302,False,656
NP_001017855,XP_056308570,0.0396173596382141,top,,False,True,False,False,0.0396170616149902,0.0212013125419616,0.0139024257659912,0.0206918120384216,0.0039826035499572,17.320261437908496,82.6797385620915,305,False,657
XP_073795139,XP_056304639,0.0395053625106811,top,,False,True,False,False,0.0007146596908569,0.0004871487617492,0.0003135800361633,0.0002074837684631,0.0011922717094421,93.43312409464028,6.566875905359723,3703,True,658
XP_021332406,XP_056314895,0.0393848419189453,top,,False,True,False,False,0.0393851399421691,0.0566146373748779,0.0447650551795959,0.0359182357788085,0.0166397094726562,50.1002004008016,49.8997995991984,996,False,659
XP_073808008,XP_056314895,0.0393848419189453,top,,False,True,False,False,0.0393852591514587,0.0566145181655883,0.0447650551795959,0.0359182357788085,0.0166397094726562,50.1002004008016,49.8997995991984,996,False,660
XP_073808007,XP_056314895,0.0393848419189453,top,,False,True,False,False,0.0393851399421691,0.0566146373748779,0.0447650551795959,0.0359182357788085,0.0166397094726562,50.1002004008016,49.8997995991984,996,False,661
XP_073808006,XP_056314895,0.0393848419189453,top,,False,True,False,False,0.0393851399421691,0.0566146373748779,0.0447650551795959,0.0359182357788085,0.0166397094726562,50.1002004008016,49.8997995991984,996,False,662
XP_017207531,XP_056318446,0.0393813848495483,top,,False,True,False,False,0.0393813848495483,0.0294466614723205,0.0127745866775512,0.0075528621673583,0.0023583769798278,68.67088607594937,31.32911392405063,316,False,663
XP_073800556,XP_056309444,0.0393791198730468,top,,False,True,False,False,0.00013929605484,0.0001171827316284,8.33272933959961e-05,3.534555435180664e-05,1.704692840576172e-05,97.31576378721329,2.6842362127867148,2900,False,664
XP_073800552,XP_056309444,0.0393791198730468,top,,False,True,False,False,0.00013929605484,0.0001171827316284,8.33272933959961e-05,3.534555435180664e-05,1.704692840576172e-05,97.31576378721329,2.6842362127867148,2900,False,665
XP_021331590,XP_056320346,0.0393292307853698,top,,False,True,False,False,0.0393292307853698,0.0261657238006591,0.0103839039802551,0.0111116170883178,0.0134392976760864,47.113884555382214,52.886115444617786,621,False,666
XP_003198028,XP_056326066,0.0393198728561401,top,,False,True,False,False,0.0393197536468505,0.0357536077499389,0.0236749053001403,0.0272853970527648,0.012597382068634,29.55665024630542,70.44334975369458,604,False,667
XP_073796608,XP_056306873,0.0392897129058837,top,,False,True,False,False,0.0004598498344421,0.0002814531326293,0.0001243352890014,0.0001033544540405,0.0005958676338195,96.38495359062044,3.615046409379559,3075,True,668
XP_073800552,XP_056309441,0.0392721891403198,top,,False,True,False,False,0.0001266002655029,0.0001219511032104,9.03606414794922e-05,3.510713577270508e-05,1.8656253814697266e-05,97.21951219512196,2.7804878048780353,2901,False,669
XP_073800556,XP_056309441,0.0392721891403198,top,,False,True,False,False,0.0001266002655029,0.0001219511032104,9.03606414794922e-05,3.510713577270508e-05,1.8656253814697266e-05,97.21951219512196,2.7804878048780353,2901,False,670
XP_005164293,XP_056308793,0.0392540693283081,top,,False,True,False,False,0.0392541885375976,0.0127985477447509,0.0069705843925476,0.0054931044578552,0.0042638182640075,60.80617495711835,39.19382504288165,1164,True,671
NP_001410430,XP_056323202,0.0392048954963684,top,,False,True,False,False,0.0273360610008239,0.0472911596298217,0.0345864295959472,0.010347843170166,0.001722514629364,74.69733656174334,25.30266343825666,821,False,672
XP_073800554,XP_056309444,0.0391547679901123,top,,False,True,False,False,0.0001305341720581,0.0001027584075927,7.855892181396484e-05,3.337860107421875e-05,1.233816146850586e-05,97.412109375,2.587890625,2900,False,673
XP_003198201,XP_056308793,0.0391037464141845,top,,False,True,False,False,0.0391039252281188,0.0127558708190917,0.0069053769111633,0.0053873658180236,0.0041537880897521,60.891938250428815,39.108061749571185,1165,True,674
XP_073800554,XP_056309441,0.0390464067459106,top,,False,True,False,False,0.0001223087310791,0.0001139640808105,8.463859558105469e-05,3.3915042877197266e-05,1.430511474609375e-05,97.31576378721329,2.6842362127867148,2901,False,675
XP_073800555,XP_056309444,0.0389870405197143,top,,False,True,False,False,0.0001484155654907,0.0001121163368225,7.700920104980469e-05,3.4809112548828125e-05,1.3172626495361328e-05,97.31576378721329,2.6842362127867148,2900,False,676
XP_073800555,XP_056309441,0.0388756990432739,top,,False,True,False,False,0.0001353025436401,0.0001132488250732,8.255243301391602e-05,3.463029861450195e-05,1.4543533325195312e-05,97.31576378721329,2.6842362127867148,2901,False,677
XP_073801039,XP_056310218,0.0386602282524108,top,,False,True,False,False,0.0282105803489685,0.058897316455841,0.0294346809387207,0.0153884887695312,0.0021241307258605,66.30615640599002,33.69384359400998,2564,False,678
XP_073805416,XP_056320177,0.0384752750396728,top,,False,True,False,False,0.0534469485282897,0.0416265130043029,0.023023784160614,0.0191684365272521,0.0041419863700866,26.0,74.0,1140,False,679
XP_073805416,XP_056320178,0.0384752750396728,top,,False,True,False,False,0.0534469485282897,0.0416265130043029,0.023023784160614,0.0191684365272521,0.0041419863700866,26.0,74.0,1140,False,680
XP_073805417,XP_056320177,0.0381796360015869,top,,False,True,False,False,0.0526708364486694,0.039758563041687,0.0231909155845642,0.018983781337738,0.0041326880455017,26.022628372497824,73.97737162750218,1139,False,681
XP_073805417,XP_056320178,0.0381796360015869,top,,False,True,False,False,0.0526708364486694,0.039758563041687,0.0231909155845642,0.018983781337738,0.0041326880455017,26.022628372497824,73.97737162750218,1139,False,682
NP_001410430,XP_056323228,0.0380034446716308,top,,False,True,False,False,0.0260666012763977,0.0521838665008544,0.041206419467926,0.0106990933418273,0.0020343661308288,73.8498789346247,26.150121065375302,821,False,683
NP_571006,XP_056308605,0.0379623770713806,top,,False,True,False,False,0.0379627346992492,0.0559948086738586,0.017219603061676,0.0319968461990356,0.014094054698944,65.32438478747204,34.67561521252796,444,False,684
NP_001123874,XP_056336287,0.037887692451477,top,,False,True,False,False,0.037887692451477,0.0225025415420532,0.0116038918495178,0.0083144307136535,0.0018749237060546,72.19430485762145,27.805695142378553,597,False,685
XP_073805849,XP_056313411,0.0377882122993469,top,,False,True,False,False,0.0002771019935607,0.00015789270401,6.526708602905273e-05,5.668401718139648e-05,2.181529998779297e-05,96.93877551020408,3.0612244897959187,2250,False,686
XP_073805849,XP_056313412,0.0377882122993469,top,,False,True,False,False,0.0002771019935607,0.00015789270401,6.526708602905273e-05,5.668401718139648e-05,2.181529998779297e-05,96.93877551020408,3.0612244897959187,2250,False,687
XP_073805850,XP_056313411,0.0377882122993469,top,,False,True,False,False,0.0002771019935607,0.00015789270401,6.526708602905273e-05,5.668401718139648e-05,2.181529998779297e-05,96.93877551020408,3.0612244897959187,2250,False,688
XP_073805850,XP_056313412,0.0377882122993469,top,,False,True,False,False,0.0002771019935607,0.00015789270401,6.526708602905273e-05,5.668401718139648e-05,2.181529998779297e-05,96.93877551020408,3.0612244897959187,2250,False,689
XP_073802946,XP_056312241,0.0375416874885559,top,,False,True,False,False,0.0375416874885559,0.0406704545021057,0.0312539935111999,0.0201982259750366,0.0049533247947692,66.08695652173913,33.913043478260875,230,False,690
NP_001314986,XP_056319180,0.0374881625175476,top,,False,True,False,False,0.037488043308258,0.0239911675453186,0.0368672609329223,0.0392909049987793,0.0069268345832824,65.50218340611353,34.49781659388647,229,False,691
NP_001076546,XP_056336610,0.037472665309906,top,,False,True,False,False,0.0374725461006164,0.0136362314224243,0.007590889930725,0.0196563005447387,0.0062978267669677,80.48048048048048,19.51951951951952,327,False,692
XP_073795141,XP_056304639,0.0374692678451538,top,,False,True,False,False,0.0004321336746215,0.0003036856651306,0.0001977682113647,0.0001513361930847,0.001392662525177,95.458984375,4.541015625,3703,True,693
XP_073795137,XP_056304639,0.0374692678451538,top,,False,True,False,False,0.0006308555603027,0.0004438161849975,0.0003104209899902,0.0001956224441528,0.0014311671257019,93.701171875,6.298828125,3703,True,694
XP_073795135,XP_056304639,0.0374692678451538,top,,False,True,False,False,0.0004321336746215,0.0003036856651306,0.0001977682113647,0.0001513361930847,0.001392662525177,95.458984375,4.541015625,3703,True,695
XP_073795140,XP_056304639,0.0374692678451538,top,,False,True,False,False,0.0004321336746215,0.0003036856651306,0.0001977682113647,0.0001513361930847,0.001392662525177,95.458984375,4.541015625,3703,True,696
XP_021325441,XP_056305557,0.0373496413230896,top,,False,True,False,False,0.0373495221138,0.0135325193405151,0.0118371844291687,0.0047207474708557,0.0059143900871276,81.22448979591837,18.775510204081627,486,True,697
XP_073804167,XP_056311151,0.0372655987739563,top,,False,True,False,False,0.0152340531349182,0.0082891583442687,0.002439260482788,0.0018538832664489,0.0038455128669738,79.22330097087378,20.77669902912622,1545,False,698
XP_073804166,XP_056311151,0.0372655987739563,top,,False,True,False,False,0.0150703787803649,0.0085251331329345,0.0024571418762207,0.0018291473388671,0.0037940144538879,78.8659793814433,21.134020618556704,1552,False,699
XP_073799823,XP_056308976,0.0372376441955566,top,,False,True,False,False,0.0372374653816223,0.0162166953086853,0.0090177655220031,0.0107433795928955,0.0027794241905212,56.93333333333333,43.06666666666667,748,False,700
XP_073802856,XP_056310457,0.0371402502059936,top,,False,True,False,False,0.0371400713920593,0.031152606010437,0.0200088620185852,0.011274516582489,0.0043948292732238,36.10271903323263,63.89728096676737,613,False,701
XP_073791713,XP_056324308,0.0370572805404663,top,,False,True,False,False,0.0262894630432128,0.0293174386024475,0.0171747803688049,0.0182595252990722,0.0040411949157714,40.64,59.36,1239,False,702
XP_073809661,XP_056315378,0.0365989208221435,top,,False,True,False,False,0.0001112818717956,5.84721565246582e-05,6.73532485961914e-05,2.3186206817626953e-05,2.1219253540039062e-05,98.48484848484848,1.5151515151515156,2695,False,703
XP_005166970,XP_056319180,0.0363743305206298,top,,False,True,False,False,0.0363740921020507,0.0233954787254333,0.0356522798538208,0.0384078025817871,0.0065404772758483,65.78947368421052,34.21052631578948,228,False,704
XP_073807459,XP_056314161,0.0361501574516296,top,,False,True,False,False,0.0073112249374389,0.0095799565315246,0.0075776576995849,0.0068165063858032,0.0156537294387817,43.85245901639344,56.14754098360656,2287,False,705
NP_001003450,XP_056304486,0.0357563495635986,top,,False,True,False,False,0.0357565283775329,0.0329717397689819,0.0175049304962158,0.0200518369674682,0.0103412270545959,64.38356164383562,35.61643835616438,274,True,706
XP_073800563,XP_056309445,0.0356650948524475,top,,False,True,False,False,0.0001596808433532,0.0001406669616699,8.237361907958984e-05,4.088878631591797e-05,1.4424324035644531e-05,97.26695949243532,2.733040507564681,2873,False,707
XP_073800563,XP_056309442,0.0356574654579162,top,,False,True,False,False,0.0001697540283203,0.0001396536827087,9.16123390197754e-05,4.2319297790527344e-05,1.4722347259521484e-05,97.17073170731707,2.829268292682926,2874,False,708
XP_686084,XP_056309651,0.0356368422508239,top,,False,True,False,False,0.0001301169395446,0.0001276731491088,8.26716423034668e-05,4.076957702636719e-05,1.1801719665527344e-05,97.42092457420924,2.579075425790762,2656,False,709
XP_073800559,XP_056309445,0.0354484915733337,top,,False,True,False,False,0.0001372694969177,0.000110387802124,8.07642936706543e-05,3.886222839355469e-05,1.3887882232666016e-05,97.36328125,2.63671875,2873,False,710
XP_073800562,XP_056309445,0.0354484915733337,top,,False,True,False,False,0.0001372694969177,0.000110387802124,8.07642936706543e-05,3.886222839355469e-05,1.3887882232666016e-05,97.36328125,2.63671875,2873,False,711
NP_001154960,XP_056323459,0.0354442000389099,top,,False,True,False,False,0.0354443788528442,0.0289098024368286,0.0329871177673339,0.0303585529327392,0.0126398801803588,53.50877192982456,46.49122807017544,114,True,712
XP_073800559,XP_056309442,0.0354374647140502,top,,False,True,False,False,0.0001432299613952,0.0001202821731567,8.90493392944336e-05,4.029273986816406e-05,1.4901161193847656e-05,97.26695949243532,2.733040507564681,2874,False,713
XP_073800562,XP_056309442,0.0354374647140502,top,,False,True,False,False,0.0001432299613952,0.0001202821731567,8.90493392944336e-05,4.029273986816406e-05,1.4901161193847656e-05,97.26695949243532,2.733040507564681,2874,False,714
XP_073793320,XP_056304483,0.0353255271911621,top,,False,True,False,False,0.0353255271911621,0.0284161567687988,0.0368255972862243,0.0543963313102722,0.0251157879829406,60.3125,39.6875,320,False,715
XP_073800560,XP_056309445,0.0352945923805236,top,,False,True,False,False,0.0001605749130249,0.0001372098922729,8.320808410644531e-05,4.142522811889648e-05,1.4066696166992188e-05,97.26695949243532,2.733040507564681,2873,False,716
XP_073800560,XP_056309442,0.0352820754051208,top,,False,True,False,False,0.0001663565635681,0.0001329183578491,9.071826934814452e-05,4.225969314575195e-05,1.4722347259521484e-05,97.26695949243532,2.733040507564681,2874,False,717
XP_073809660,XP_056315377,0.0352100133895874,top,,False,True,False,False,0.0001087188720703,6.216764450073242e-05,6.437301635742188e-05,2.110004425048828e-05,2.0325183868408203e-05,98.48484848484848,1.5151515151515156,2723,False,718
XP_073800561,XP_056309445,0.0351337194442749,top,,False,True,False,False,0.0001193881034851,0.0001085996627807,8.159875869750977e-05,4.0471553802490234e-05,1.3172626495361328e-05,97.36328125,2.63671875,2873,False,719
XP_073800561,XP_056309442,0.0351226329803466,top,,False,True,False,False,0.0001240372657775,0.0001112818717956,8.809566497802734e-05,4.106760025024414e-05,1.4066696166992188e-05,97.36328125,2.63671875,2874,False,720
XP_686084,XP_056309650,0.0350450277328491,top,,False,True,False,False,0.0001218318939208,0.000131607055664,8.106231689453125e-05,3.9577484130859375e-05,1.0251998901367188e-05,97.5170399221032,2.4829600778968057,2656,False,721
NP_001093576,XP_056317123,0.0350086092948913,top,,False,True,False,False,0.0350086688995361,0.0181260108947753,0.0161142945289611,0.0217067003250122,0.0072321891784667,73.38709677419355,26.61290322580645,124,False,722
NP_001116765,XP_056320841,0.0349113345146179,top,,False,True,False,False,0.0349115133285522,0.0269189476966857,0.0397753119468688,0.0543733835220336,0.0092490315437316,74.02597402597402,25.974025974025977,231,False,723
XP_073792146,XP_056302869,0.0347034335136413,top,,False,True,False,False,0.0015326738357543,0.0026917457580566,0.0012741684913635,0.0011115074157714,0.0003836154937744,84.75113122171946,15.248868778280539,2758,False,724
XP_073800564,XP_056309445,0.0346149206161499,top,,False,True,False,False,0.0001943707466125,0.0002281069755554,0.0001708269119262,6.842613220214844e-05,3.1948089599609375e-05,95.92825981580224,4.071740184197765,2873,False,725
XP_073800564,XP_056309442,0.034590721130371,top,,False,True,False,False,0.0001971125602722,0.0002305507659912,0.0001816749572753,7.277727127075195e-05,3.2901763916015625e-05,95.92825981580224,4.071740184197765,2874,False,726
XP_073800565,XP_056309445,0.0345411896705627,top,,False,True,False,False,0.0002146959304809,0.0002331137657165,0.0001654028892517,6.99162483215332e-05,3.528594970703125e-05,95.92825981580224,4.071740184197765,2873,False,727
XP_073807459,XP_056314160,0.0345333814620971,top,,False,True,False,False,0.0064635872840881,0.0086679458618164,0.0073715448379516,0.0064420700073242,0.015352189540863,43.58452138492871,56.41547861507129,2287,False,728
XP_073800565,XP_056309442,0.0345159769058227,top,,False,True,False,False,0.0002202987670898,0.0002426505088806,0.0001782774925231,7.534027099609375e-05,3.600120544433594e-05,95.83333333333331,4.166666666666686,2874,False,729
XP_073807459,XP_056314159,0.0344442129135131,top,,False,True,False,False,0.0064938068389892,0.008559763431549,0.0075627565383911,0.0064947605133056,0.0153835415840148,43.56677524429968,56.43322475570032,2287,False,730
XP_073788353,XP_056308426,0.0340727567672729,top,,False,True,False,False,0.0340726971626281,0.0307026505470275,0.0255593657493591,0.0149347186088562,0.0104353427886962,65.47619047619048,34.52380952380952,168,True,731
XP_073803071,XP_056312367,0.0339165925979614,top,,False,True,False,False,0.0339167714118957,0.0217827558517456,0.0143691897392272,0.0131098628044128,0.0042283535003662,35.58282208588957,64.41717791411043,304,True,732
XP_017211320,XP_056311164,0.0338945984840393,top,,False,True,False,False,0.0338947772979736,0.0140744447708129,0.0130550265312194,0.0089076161384582,0.0034144520759582,65.21739130434783,34.78260869565217,230,False,733
XP_021334574,XP_056320841,0.0338879227638244,top,,False,True,False,False,0.0338881015777587,0.0260014533996582,0.0409696102142334,0.0549187660217285,0.0093452334403991,74.45887445887446,25.54112554112554,231,False,734
NP_001092713,XP_056320841,0.0338879227638244,top,,False,True,False,False,0.0338881015777587,0.0260014533996582,0.0409696102142334,0.0549187660217285,0.0093452334403991,74.45887445887446,25.54112554112554,231,False,735
XP_021324375,XP_056301538,0.0338356494903564,top,,False,True,False,False,0.0338354706764221,0.0286795496940612,0.0140395164489746,0.0081625580787658,0.0028802752494812,65.7331136738056,34.266886326194395,606,False,736
XP_073792222,XP_056309181,0.0338019132614135,top,,False,True,False,False,0.0338018536567688,0.0139415264129638,0.0116792321205139,0.0261240601539611,0.0047307610511779,86.73139158576052,13.26860841423948,309,False,737
NP_958454,XP_056309181,0.0338019132614135,top,,False,True,False,False,0.0338018536567688,0.0139415264129638,0.0116792321205139,0.0261241197586059,0.0047307610511779,86.73139158576052,13.26860841423948,309,False,738
XP_073797048,XP_056332513,0.033650517463684,top,,False,True,False,False,0.0003761053085327,0.0002462863922119,9.399652481079102e-05,0.000115692615509,3.4868717193603516e-05,94.384765625,5.615234375,2060,False,739
XP_021332017,XP_056314884,0.0334205031394958,top,,False,True,False,False,0.0334202647209167,0.0254780054092407,0.019040822982788,0.0111061930656433,0.0066118240356445,67.58241758241758,32.41758241758242,182,False,740
XP_693710,XP_056316917,0.0333284139633178,top,,False,True,False,False,0.0333282947540283,0.0403717756271362,0.0266283154487609,0.0202927589416503,0.0141015648841857,73.9622641509434,26.037735849056602,265,True,741
XP_684360,XP_056306627,0.033242642879486,top,,False,True,False,False,9.995698928833008e-05,9.465217590332033e-05,3.892183303833008e-05,2.7418136596679688e-05,0.0003052353858947,98.72984855886664,1.2701514411333648,3528,True,742
XP_073806063,XP_056314200,0.0332232117652893,top;random,,False,True,True,False,0.0001266598701477,0.0001259446144104,5.131959915161133e-05,2.8371810913085938e-05,2.9981136322021484e-05,97.99902391410444,2.0009760858955588,2410,False,743
XP_073806064,XP_056314200,0.0332218408584594,top,,False,True,False,False,0.0001299381256103,0.0001369714736938,5.286931991577149e-05,3.063678741455078e-05,3.1113624572753906e-05,97.99902391410444,2.0009760858955588,2410,False,744
XP_073806062,XP_056314200,0.0332218408584594,top,,False,True,False,False,0.0001299381256103,0.0001369714736938,5.286931991577149e-05,3.063678741455078e-05,3.1113624572753906e-05,97.99902391410444,2.0009760858955588,2411,False,745
XP_073806066,XP_056314200,0.0332139134407043,top,,False,True,False,False,0.0001213550567626,0.0001025199890136,5.328655242919922e-05,2.5153160095214844e-05,2.759695053100586e-05,98.1924767953102,1.8075232046898009,2409,False,746
XP_073801386,XP_056305422,0.0332109332084655,top,,False,True,False,False,0.0266945362091064,0.0364455580711364,0.0062204003334045,0.0052376389503479,0.0018004775047302,66.82368775235531,33.17631224764469,1478,False,747
XP_073808005,XP_056314895,0.0330008864402771,top,,False,True,False,False,0.0393851399421691,0.0566146373748779,0.0447650551795959,0.0359182357788085,0.0166397094726562,50.1002004008016,49.8997995991984,996,False,748
XP_073806067,XP_056314200,0.0329668521881103,top,,False,True,False,False,0.0001153349876403,0.0001053810119628,5.3763389587402344e-05,2.9385089874267575e-05,2.7954578399658203e-05,98.1924767953102,1.8075232046898009,2409,False,749
XP_073806065,XP_056314200,0.0329668521881103,top,,False,True,False,False,0.0001153349876403,0.0001053810119628,5.3763389587402344e-05,2.9385089874267575e-05,2.7954578399658203e-05,98.1924767953102,1.8075232046898009,2409,False,750
XP_691552,XP_056313573,0.0328874588012695,top,,False,True,False,False,0.0003749728202819,6.449222564697266e-05,7.49826431274414e-05,8.594989776611328e-05,0.0004602670669555,98.38945827232796,1.610541727672043,2723,True,751
XP_073791875,XP_056302791,0.0328592658042907,top,,False,True,False,False,0.0328589081764221,0.0327812433242797,0.0265488624572753,0.0402814149856567,0.0050918459892272,65.77868852459017,34.221311475409834,488,False,752
XP_697383,XP_056326227,0.0327139496803283,top,,False,True,False,False,0.0001007914543151,7.516145706176758e-05,4.523992538452149e-05,2.300739288330078e-05,1.5437602996826172e-05,98.04305283757338,1.9569471624266157,2044,False,753
XP_697383,XP_056326225,0.0327139496803283,top,,False,True,False,False,0.0001007914543151,7.516145706176758e-05,4.523992538452149e-05,2.300739288330078e-05,1.5437602996826172e-05,98.04305283757338,1.9569471624266157,2044,False,754
XP_697383,XP_056326228,0.0327139496803283,top;random,,False,True,True,False,0.0001007914543151,7.516145706176758e-05,4.523992538452149e-05,2.300739288330078e-05,1.5437602996826172e-05,98.04305283757338,1.9569471624266157,2044,False,755
XP_697383,XP_056326226,0.0327139496803283,top,,False,True,False,False,0.0001007914543151,7.516145706176758e-05,4.523992538452149e-05,2.300739288330078e-05,1.5437602996826172e-05,98.04305283757338,1.9569471624266157,2044,False,756
XP_073792805,XP_056304322,0.0325749516487121,top,,False,True,False,False,0.0002353191375732,0.0001543760299682,5.125999450683594e-05,5.4717063903808594e-05,1.0848045349121094e-05,98.92525647288716,1.0747435271128438,2868,False,757
NP_001314903,XP_056302348,0.0323501825332641,top,,False,True,False,False,0.0323503613471984,0.0300394892692565,0.0280622839927673,0.022231638431549,0.0376349091529846,59.642857142857146,40.357142857142854,560,False,758
NP_001314903,XP_056302340,0.0323501825332641,top,,False,True,False,False,0.0323503017425537,0.0300394892692565,0.0280622839927673,0.022231638431549,0.0376349091529846,59.642857142857146,40.357142857142854,560,False,759
XP_073803088,XP_056311996,0.0321756601333618,top,,False,True,False,False,0.0002643465995788,0.0001563429832458,9.512901306152344e-05,8.32676887512207e-05,2.485513687133789e-05,95.76023391812863,4.239766081871366,2416,False,760
XP_073803087,XP_056311996,0.0321756601333618,top,,False,True,False,False,0.0002330541610717,0.0001769661903381,9.196996688842772e-05,8.368492126464844e-05,2.5331974029541016e-05,95.85568015602144,4.144319843978565,2416,False,761
XP_073786515,XP_056308712,0.0321285128593444,top,,False,True,False,False,0.0321284532546997,0.0399553179740905,0.0257919430732727,0.0231655240058898,0.0038433074951171,35.0,65.0,177,False,762
XP_073786516,XP_056308712,0.0321285128593444,top,,False,True,False,False,0.0321284532546997,0.0399553179740905,0.0257919430732727,0.0231655240058898,0.0038433074951171,35.0,65.0,177,False,763
XP_073806060,XP_056314200,0.0320518612861633,top,,False,True,False,False,0.0001975297927856,0.0002123713493347,0.000167429447174,8.440017700195312e-05,7.450580596923828e-05,95.61234329797492,4.387656702025083,2435,False,764
XP_073806058,XP_056314200,0.0320518612861633,top,,False,True,False,False,0.0001975297927856,0.0002123713493347,0.000167429447174,8.440017700195312e-05,7.450580596923828e-05,95.61234329797492,4.387656702025083,2436,False,765
NP_001314904,XP_056302348,0.0319690704345703,top,,False,True,False,False,0.0319692492485046,0.0292916297912597,0.0272432565689086,0.0210058093070983,0.0362606644630432,59.749552772808585,40.250447227191415,559,False,766
NP_001314904,XP_056302340,0.0319690704345703,top,,False,True,False,False,0.0319691896438598,0.0292916297912597,0.0272432565689086,0.0210058093070983,0.0362606644630432,59.749552772808585,40.250447227191415,559,False,767
XP_002664631,XP_056329443,0.031947910785675,top,,False,True,False,False,0.0319480895996093,0.0749139189720153,0.0676446557044982,0.0247129201889038,0.0043363571166992,59.59780621572212,40.40219378427788,547,False,768
NP_001410531,XP_056323473,0.031929612159729,top,,False,True,False,False,0.0275714397430419,0.0290556550025939,0.023378312587738,0.0065203309059143,0.0011139512062072,81.5340909090909,18.465909090909093,704,False,769
XP_073806057,XP_056314200,0.0319010615348815,top,,False,True,False,False,0.0002151131629943,0.000221312046051,0.0001605153083801,6.35981559753418e-05,7.241964340209961e-05,95.42389210019267,4.576107899807326,2437,False,770
XP_073806059,XP_056314200,0.0318837761878967,top,,False,True,False,False,0.0002124905586242,0.0002160668373107,0.0001685619354248,9.238719940185548e-05,7.617473602294922e-05,95.61234329797492,4.387656702025083,2435,False,771
NP_001410321,XP_056336199,0.0318149924278259,top,,False,True,False,False,0.0314643383026123,0.0247122645378112,0.0157238841056823,0.0125970244407653,0.0029648542404174,61.92660550458716,38.07339449541284,436,False,772
XP_073801181,XP_056308798,0.0317869186401367,top,,False,True,False,False,0.0317867994308471,0.032537817955017,0.0080853104591369,0.0078573822975158,0.0020292401313781,68.14310051107326,31.856899488926743,585,False,773
XP_001346027,XP_056334499,0.0316327810287475,top,,False,True,False,False,0.0316327214241027,0.0292361378669738,0.0112792253494262,0.0080384016036987,0.0013632178306579,72.65556529360211,27.34443470639789,1140,False,774
XP_017208504,XP_056302791,0.0315469503402709,top,,False,True,False,False,0.0315468907356262,0.0331632494926452,0.025758683681488,0.0400033593177795,0.0047963261604309,65.51020408163265,34.48979591836735,490,False,775
XP_073800580,XP_056309443,0.031506597995758,top,,False,True,False,False,0.0001277327537536,0.0001271963119506,8.040666580200195e-05,3.457069396972656e-05,1.4126300811767578e-05,97.26695949243532,2.733040507564681,2817,False,776
XP_073800582,XP_056309443,0.031506597995758,top,,False,True,False,False,0.0001277327537536,0.0001271963119506,8.040666580200195e-05,3.457069396972656e-05,1.4126300811767578e-05,97.26695949243532,2.733040507564681,2817,False,777
XP_073800568,XP_056309443,0.031506597995758,top,,False,True,False,False,0.0003435015678405,0.0002192854881286,0.0001158118247985,6.03795051574707e-05,3.737211227416992e-05,94.9831162566329,5.016883743367103,2842,False,778
XP_073800581,XP_056309443,0.0313683152198791,top,,False,True,False,False,0.0001348853111267,0.0001299381256103,7.873773574829102e-05,3.659725189208984e-05,1.33514404296875e-05,97.26695949243532,2.733040507564681,2817,False,779
XP_073800569,XP_056309443,0.0313683152198791,top,,False,True,False,False,0.0003320574760437,0.0001938939094543,0.000109314918518,6.03795051574707e-05,3.4868717193603516e-05,94.9831162566329,5.016883743367103,2842,False,780
NP_957131,XP_056310967,0.0313345789909362,top,,False,True,False,False,0.0313346982002258,0.0260154604911804,0.0198844671249389,0.0100617408752441,0.0030508041381835,76.99115044247787,23.008849557522126,113,False,781
XP_073789692,XP_056301564,0.0312483310699462,top,,False,True,False,False,0.0312485694885253,0.0315638184547424,0.0193727612495422,0.0096650123596191,0.0021224021911621,75.18115942028986,24.81884057971014,551,False,782
NP_001007782,XP_056310302,0.0312325954437255,top,,False,True,False,False,0.031232476234436,0.013862133026123,0.0204690694808959,0.0196335315704345,0.0089669823646545,87.08133971291866,12.918660287081337,209,True,783
NP_001019577,XP_056302917,0.0312292575836181,top,,False,True,False,False,0.0312291979789733,0.0317527055740356,0.018256664276123,0.0101235508918762,0.0052539706230163,83.15789473684211,16.84210526315789,190,False,784
XP_073807485,XP_056314154,0.0311952829360961,top,,False,True,False,False,0.0311952829360961,0.0139300823211669,0.0106417536735534,0.0061646699905395,0.0023428201675415,71.7206132879046,28.279386712095402,587,False,785
XP_073799830,XP_056308982,0.0308839678764343,top,,False,True,False,False,0.0308838486671447,0.0209763050079345,0.0117096900939941,0.0238877534866333,0.0027669072151184,56.063268892794376,43.936731107205624,559,False,786
XP_009290494,XP_056331874,0.0308690071105957,top,,False,True,False,False,0.0308689475059509,0.0194986462593078,0.0141665339469909,0.0209314227104187,0.006580114364624,62.42774566473989,37.57225433526011,173,False,787
XP_073805857,XP_056313839,0.0308263301849365,top,,False,True,False,False,9.60230827331543e-05,5.990266799926758e-05,9.965896606445312e-05,4.178285598754883e-05,1.8656253814697266e-05,98.61954721148535,1.3804527885146456,1811,False,788
XP_073803020,XP_056312027,0.0307645797729492,top,,False,True,False,False,0.0123428702354431,0.0098136067390441,0.00544935464859,0.0031213164329528,0.0015572905540466,67.74415405777167,32.25584594222833,1451,False,789
XP_073795778,XP_056306060,0.0307262539863586,top,,False,True,False,False,0.0002464652061462,0.0002506971359252,0.0002768039703369,0.0001181960105895,3.921985626220703e-05,93.1851135814403,6.814886418559695,2265,False,790
XP_073800583,XP_056309443,0.0307094454765319,top,,False,True,False,False,0.0002328157424926,0.0002098679542541,0.0001465082168579,6.633996963500977e-05,2.694129943847656e-05,95.92825981580224,4.071740184197765,2817,False,791
XP_073797237,XP_056307192,0.0306513905525207,top,,False,True,False,False,0.0002193450927734,0.000207245349884,0.000118613243103,8.028745651245117e-05,2.664327621459961e-05,95.21951219512196,4.780487804878035,2319,False,792
XP_073797238,XP_056307192,0.0306513905525207,stratified;top,,True,True,False,False,0.0002193450927734,0.000207245349884,0.000118613243103,8.028745651245117e-05,2.664327621459961e-05,95.21951219512196,4.780487804878035,2319,False,793
XP_073797236,XP_056307192,0.0306352972984313,top,,False,True,False,False,0.0003854036331176,0.00044447183609,0.0001884698867797,0.0001004338264465,4.190206527709961e-05,93.9893359185652,6.010664081434797,2319,False,794
XP_073800584,XP_056309443,0.0306158661842346,top,,False,True,False,False,0.0002572536468505,0.0002220869064331,0.0001483559608459,6.759166717529297e-05,2.682209014892578e-05,95.83333333333331,4.166666666666686,2817,False,795
XP_073803020,XP_056312028,0.0306051969528198,top,,False,True,False,False,0.0122859477996826,0.0097745656967163,0.0055117011070251,0.0031757950782775,0.0015471577644348,67.67537826685007,32.324621733149925,1451,False,796
NP_001002489,XP_056312772,0.0305678844451904,top,,False,True,False,False,0.0305678844451904,0.0470401048660278,0.0218896865844726,0.0304483771324157,0.0069538354873657,69.6774193548387,30.322580645161295,154,True,797
XP_073803072,XP_056312367,0.0305621027946472,top,,False,True,False,False,0.0305621027946472,0.0214627385139465,0.0130278468132019,0.0136834383010864,0.0061762332916259,35.58282208588957,64.41717791411043,302,True,798
XP_005174182,XP_056304687,0.0305336713790893,top,,False,True,False,False,0.0305333137512207,0.010965347290039,0.0116682052612304,0.0101752877235412,0.0116515755653381,77.61732851985559,22.38267148014441,277,False,799
XP_073787226,XP_056336199,0.0305312275886535,top,,False,True,False,False,0.0305308699607849,0.0239846110343933,0.0153273940086364,0.0123806595802307,0.0029917955398559,60.94808126410835,39.05191873589165,443,False,800
XP_021331600,XP_056319499,0.0305255651473999,top,,False,True,False,False,0.0305257439613342,0.0149064660072326,0.0082124471664428,0.0047300457954406,0.0018572807312011,56.15384615384615,43.84615384615385,386,False,801
XP_073800585,XP_056309443,0.0304431319236755,stratified;top,,True,True,False,False,0.0002676844596862,0.0002201199531555,0.0001412630081176,6.449222564697266e-05,2.485513687133789e-05,95.83333333333331,4.166666666666686,2817,False,802
NP_001311383,XP_056319189,0.0304356813430786,top,,False,True,False,False,0.0304358005523681,0.0279744267463684,0.0159681439399719,0.029214322566986,0.0033966898918151,63.50515463917526,36.49484536082474,485,False,803
XP_073803083,XP_056311991,0.0304045677185058,top,,False,True,False,False,0.0002501606941223,0.0001815557479858,9.906291961669922e-05,8.624792098999023e-05,3.069639205932617e-05,95.80896686159844,4.191033138401565,2449,False,804
XP_073803082,XP_056311991,0.0304045677185058,top,,False,True,False,False,0.0002771019935607,0.0002715587615966,0.0001465678215026,0.0001329183578491,7.712841033935547e-05,95.14327343370567,4.856726566294327,2456,False,805
NP_001410321,XP_056336037,0.030314028263092,top,,False,True,False,False,0.0301403403282165,0.0242961049079895,0.0149446129798889,0.0140618681907653,0.0073077678680419,62.41457858769932,37.58542141230068,436,True,806
XP_073803082,XP_056311990,0.0303075909614563,top,,False,True,False,False,0.0002643465995788,0.0001563429832458,9.512901306152344e-05,8.32676887512207e-05,2.485513687133789e-05,95.76023391812863,4.239766081871366,2456,False,807
XP_073803087,XP_056311995,0.0302912592887878,top,,False,True,False,False,0.0002330541610717,0.0001769661903381,9.196996688842772e-05,8.368492126464844e-05,2.5331974029541016e-05,95.85568015602144,4.144319843978565,2430,False,808
XP_073803088,XP_056311995,0.0302912592887878,top,,False,True,False,False,0.0002643465995788,0.0001563429832458,9.512901306152344e-05,8.32676887512207e-05,2.485513687133789e-05,95.76023391812863,4.239766081871366,2430,False,809
XP_009296341,XP_056307312,0.03020840883255,top,,False,True,False,False,0.0302085876464843,0.0266029834747314,0.0094873309135437,0.0205405354499816,0.0050819516181945,77.31239092495638,22.687609075043625,573,False,810
XP_073793861,XP_056303965,0.0300576090812683,top,,False,True,False,False,0.0300577282905578,0.0261276364326477,0.0241057872772216,0.0187907218933105,0.0064788460731506,62.5,37.5,360,False,811
XP_005157765,XP_056329215,0.0300238132476806,top,,False,True,False,False,0.0300235152244567,0.0292918682098388,0.027052879333496,0.0111859440803527,0.0036277770996093,61.50442477876106,38.49557522123894,221,False,812
NP_001014345,XP_056307951,0.0299705266952514,top,,False,True,False,False,0.029970645904541,0.0230312943458557,0.0182642936706542,0.0164030194282531,0.0045318603515625,58.36065573770492,41.63934426229508,915,False,813
XP_009292731,XP_056335481,0.0299513936042785,top,,False,True,False,False,0.0299513339996337,0.0303387641906738,0.0169978141784667,0.0189083218574523,0.0110948681831359,63.71257485029941,36.28742514970059,835,True,814
XP_689347,XP_056336532,0.0299338698387146,top,,False,True,False,False,0.0002582669258117,0.0001618862152099,0.0001144409179687,0.000149130821228,3.027915954589844e-05,95.31021006350755,4.689789936492446,2863,False,815
XP_073798839,XP_056307688,0.0299153327941894,top,,False,True,False,False,0.0299151539802551,0.0102509260177612,0.0144319534301757,0.0091696977615356,0.0013989806175231,73.50119904076739,26.49880095923261,834,False,816
XP_017206934,XP_056332098,0.0298473834991455,top,,False,True,False,False,0.0298472046852111,0.0172335505485534,0.0056042671203613,0.0040323138236999,0.001304268836975,65.0219298245614,34.9780701754386,904,False,817
XP_689347,XP_056336533,0.0296827554702758,top,,False,True,False,False,0.0002435445785522,0.0001841783523559,0.0001258254051208,0.0001530051231384,3.0875205993652344e-05,95.21484375,4.78515625,2863,False,818
XP_689347,XP_056336534,0.0296797752380371,top,,False,True,False,False,0.0002516508102416,0.0001948475837707,0.0001209378242492,0.0001398921012878,3.063678741455078e-05,95.21484375,4.78515625,2863,False,819
XP_073809052,XP_056316716,0.0295888185501098,top,,False,True,False,False,0.0020105838775634,0.0034202337265014,0.0010241270065307,0.0014417767524719,0.0003052353858947,83.65041617122473,16.349583828775266,1678,False,820
NP_001128154,XP_056317109,0.0295343399047851,top,,False,True,False,False,0.0295342803001403,0.0303545594215393,0.0138691067695617,0.0073282718658447,0.0017991662025451,84.63302752293578,15.366972477064223,436,False,821
XP_021331600,XP_056319507,0.0295146703720092,top,,False,True,False,False,0.0295146107673645,0.0171087980270385,0.008533775806427,0.0045726299285888,0.0019599199295043,55.64102564102564,44.35897435897436,386,False,822
XP_073802828,XP_056311089,0.0294861197471618,top,,False,True,False,False,0.0294860005378723,0.0109351873397827,0.0068897604942321,0.0037339925765991,0.0016984939575195,82.31292517006803,17.687074829931973,147,False,823
XP_073802827,XP_056311089,0.0294861197471618,stratified;top,,True,True,False,False,0.0294860005378723,0.0109351873397827,0.0068897604942321,0.0037339925765991,0.0016984939575195,82.31292517006803,17.687074829931973,147,False,824
XP_073787226,XP_056336037,0.0293974876403808,top,,False,True,False,False,0.0293971896171569,0.0236845016479492,0.0147101879119873,0.0140016674995422,0.0072453022003173,61.43497757847533,38.56502242152467,443,True,825
XP_073803082,XP_056311988,0.0293815732002258,top,,False,True,False,False,0.0002643465995788,0.0001563429832458,9.512901306152344e-05,8.32676887512207e-05,2.485513687133789e-05,95.76023391812863,4.239766081871366,2461,False,826
XP_073803046,XP_056312366,0.0293726921081542,top,,False,True,False,False,0.0293725728988647,0.0299291014671325,0.0187098383903503,0.0151939988136291,0.003165066242218,43.55029585798817,56.44970414201183,829,False,827
XP_073803047,XP_056312366,0.0293726921081542,top,,False,True,False,False,0.0293725728988647,0.0299291014671325,0.0187098383903503,0.0151939988136291,0.003165066242218,43.55029585798817,56.44970414201183,829,False,828
XP_073793862,XP_056303965,0.0293536782264709,top,,False,True,False,False,0.0293534994125366,0.0257341861724853,0.0245521068572998,0.0185900330543518,0.0066285729408264,62.674094707520894,37.325905292479106,359,False,829
XP_017206874,XP_056332098,0.0293530225753784,top,,False,True,False,False,0.0293529629707336,0.0165900588035583,0.0055314302444458,0.0034263134002685,0.0013313293457031,65.46052631578948,34.53947368421052,904,False,830
XP_073803082,XP_056311989,0.0292845964431762,top,,False,True,False,False,0.0002361536026,0.0001685619354248,8.755922317504883e-05,8.690357208251953e-05,2.390146255493164e-05,95.85568015602144,4.144319843978565,2460,False,831
XP_073803083,XP_056311989,0.0292845964431762,top,,False,True,False,False,0.0003870725631713,0.0003106594085693,0.0002098083496093,0.000109314918518,6.866455078125e-05,94.76490547746,5.235094522539995,2460,False,832
XP_073791235,XP_056302469,0.0292822122573852,top;random,,False,True,True,False,0.0042223930358886,0.0031277537345886,0.0018720626831054,0.0015652775764465,0.0008488297462463,85.44474393530997,14.555256064690028,1484,False,833
XP_073805400,XP_056319545,0.0291497111320495,top,,False,True,False,False,0.0291497707366943,0.0401894450187683,0.0295003056526184,0.023762822151184,0.0118499994277954,51.5625,48.4375,379,False,834
XP_021330987,XP_056310982,0.0291255116462707,top,,False,True,False,False,0.0291255712509155,0.0460747480392456,0.0426186323165893,0.0089583992958068,0.0109962224960327,73.58490566037736,26.41509433962264,159,False,835
NP_001315083,XP_056304407,0.0291088223457336,top,,False,True,False,False,0.0291087627410888,0.0135128498077392,0.0073177814483642,0.0054326653480529,0.0043457150459289,72.46376811594203,27.53623188405797,207,False,836
XP_692550,XP_056320752,0.0290672183036804,stratified;top,,True,True,False,False,0.0012450218200683,0.0015124082565307,0.0009522438049316,0.0006809830665588,0.0002592802047729,86.39024390243902,13.609756097560975,2775,False,837
XP_073791235,XP_056302463,0.0289693474769592,top,,False,True,False,False,0.0040852427482604,0.0029299259185791,0.0017335414886474,0.0013644695281982,0.0007849335670471,85.91644204851752,14.083557951482476,1484,False,838
XP_073796065,XP_056309857,0.028914451599121,top,,False,True,False,False,0.0003384947776794,0.0002819895744323,0.0001682043075561,7.784366607666016e-05,5.429983139038086e-05,95.92298980747452,4.077010192525478,1766,False,839
NP_956172,XP_056328252,0.0288333892822265,top,,False,True,False,False,0.0049275159835815,0.0048578381538391,0.0033703446388244,0.0019698739051818,0.0003578662872314,83.02521008403362,16.974789915966383,592,False,840
XP_073791235,XP_056302462,0.0287986993789672,top,,False,True,False,False,0.0040562152862548,0.0028654932975769,0.0017103552818298,0.0013564825057983,0.0007802248001098,85.85858585858585,14.141414141414145,1484,False,841
NP_956888,XP_056316873,0.0286086201667785,top,,False,True,False,False,0.0286086201667785,0.0244724750518798,0.0124131441116333,0.0129275918006896,0.0041667819023132,75.0,25.0,236,False,842
XP_021323772,XP_056325664,0.0285521149635314,top,,False,True,False,False,0.0591826438903808,0.0778075456619262,0.0425784587860107,0.0260860323905944,0.0032522082328796,72.00193423597679,27.99806576402321,2271,True,843
XP_073793319,XP_056304123,0.0285091400146484,top,,False,True,False,False,0.0285091996192932,0.023577332496643,0.0114750266075134,0.0109872221946716,0.0028406381607055,77.37556561085972,22.624434389140276,442,False,844
XP_021334455,XP_056320774,0.0283799171447753,top,,False,True,False,False,0.0283802151679992,0.0222144126892089,0.0192543268203735,0.0124316811561584,0.0043475627899169,58.37173579109063,41.62826420890937,647,False,845
XP_073801620,XP_056325931,0.0283641219139099,top,,False,True,False,False,0.0283641815185546,0.0543470978736877,0.033872902393341,0.0090730190277099,0.0043742060661315,69.26315789473684,30.736842105263165,936,False,846
NP_001352989,XP_056331989,0.0281621217727661,top,,False,True,False,False,0.0221809148788452,0.0218785405158996,0.0097071528434753,0.0068318843841552,0.0015546679496765,82.7977315689981,17.202268431001897,529,False,847
XP_073803084,XP_056311994,0.028051733970642,top,,False,True,False,False,0.0001943707466125,0.0001567006111145,8.744001388549805e-05,7.587671279907227e-05,2.6166439056396484e-05,95.85568015602144,4.144319843978565,2434,False,848
XP_073807124,XP_056313092,0.0278027057647705,top,,False,True,False,False,0.0278027057647705,0.0062788724899291,0.0065726637840271,0.0057608485221862,0.0021098256111145,82.37704918032787,17.622950819672127,244,False,849
NP_001093643,XP_056307377,0.027699589729309,top,,False,True,False,False,0.0276997089385986,0.0395236015319824,0.0371009707450866,0.0276944041252136,0.090090811252594,63.981042654028435,36.018957345971565,211,False,850
NP_001410239,XP_056307377,0.027699589729309,top,,False,True,False,False,0.0276997089385986,0.0395236015319824,0.0371009707450866,0.0276944041252136,0.090090811252594,63.981042654028435,36.018957345971565,211,False,851
XP_002666951,XP_056307377,0.027699589729309,top,,False,True,False,False,0.0276997089385986,0.0395236015319824,0.0371009707450866,0.0276944041252136,0.090090811252594,63.981042654028435,36.018957345971565,211,False,852
NP_001020342,XP_056307377,0.027699589729309,top,,False,True,False,False,0.0276997089385986,0.0395236015319824,0.0371009707450866,0.0276944041252136,0.090090811252594,63.981042654028435,36.018957345971565,211,False,853
XP_691943,XP_056307377,0.027699589729309,top,,False,True,False,False,0.0276997089385986,0.0395236015319824,0.0371009707450866,0.0276944041252136,0.090090811252594,63.981042654028435,36.018957345971565,211,False,854
XP_017209710,XP_056307377,0.027699589729309,top,,False,True,False,False,0.0276997089385986,0.0395236015319824,0.0371009707450866,0.0276944041252136,0.090090811252594,63.981042654028435,36.018957345971565,211,False,855
XP_073807406,XP_056312779,0.0276563167572021,top,,False,True,False,False,0.0276562571525573,0.0211055278778076,0.0172042250633239,0.0047498345375061,0.0027381181716918,65.075034106412,34.924965893587995,717,False,856
XP_073793157,XP_056304456,0.0275852084159851,top,,False,True,False,False,0.0275852084159851,0.0178791880607604,0.0111443400382995,0.0107848048210144,0.0026745200157165,37.75167785234899,62.24832214765101,589,False,857
XP_073796832,XP_056306238,0.0275503993034362,top,,False,True,False,False,0.0208068490028381,0.018936812877655,0.007468819618225,0.005660057067871,0.0042052268981933,26.050420168067227,73.94957983193277,4207,False,858
XP_073796833,XP_056306238,0.0275503993034362,top;random,,False,True,True,False,0.0198690295219421,0.0177815556526184,0.0078173279762268,0.0056748390197753,0.0041885375976562,26.52396463471382,73.47603536528618,4181,False,859
NP_001018640,XP_056322262,0.027501106262207,top,,False,True,False,False,0.0276974439620971,0.0414050221443176,0.0276324748992919,0.0225564837455749,0.0079128146171569,68.56223175965665,31.437768240343345,932,False,860
XP_073800209,XP_056304484,0.0274614095687866,top,,False,True,False,False,0.0267361402511596,0.0225421786308288,0.0192954540252685,0.015975534915924,0.0076167583465576,59.12806539509537,40.87193460490463,359,False,861
XP_001345427,XP_056303267,0.0274327397346496,top,,False,True,False,False,0.0274327993392944,0.0317518711090087,0.0102674961090087,0.0063644647598266,0.0010905861854553,45.07310870947234,54.92689129052766,1565,False,862
XP_073790041,XP_056337348,0.0274164676666259,top,,False,True,False,False,0.0019484758377075,0.0011819601058959,0.0007271170616149,0.0003907680511474,0.0010243654251098,94.87354750512644,5.126452494873561,1460,False,863
XP_073790038,XP_056337348,0.0274164676666259,top,,False,True,False,False,0.0020322203636169,0.0011696815490722,0.0007389187812805,0.0004468560218811,0.0009344220161437,95.0786056049214,4.921394395078593,1463,False,864
XP_073790034,XP_056337348,0.0274164676666259,top,,False,True,False,False,0.0020486116409301,0.001317024230957,0.000691533088684,0.0005174279212951,0.0006883144378662,94.69026548672566,5.309734513274336,1469,False,865
XP_073805858,XP_056313840,0.0274010896682739,top,,False,True,False,False,9.441375732421876e-05,5.251169204711914e-05,9.042024612426758e-05,3.5881996154785156e-05,1.4007091522216795e-05,98.72093023255816,1.2790697674418396,1720,False,866
NP_898897,XP_056322464,0.0273880958557128,top,,False,True,False,False,0.0273879766464233,0.0191279053688049,0.0112951397895812,0.0076609253883361,0.0033239126205444,65.10791366906474,34.89208633093526,278,False,867
NP_001243658,XP_056320274,0.0273780822753906,top,,False,True,False,False,0.0273781418800354,0.0167372822761535,0.0142775177955627,0.006748080253601,0.0057188272476196,60.150375939849624,39.849624060150376,399,False,868
XP_073801060,XP_056308793,0.0273129940032959,top,,False,True,False,False,0.0392541885375976,0.0127985477447509,0.0069705843925476,0.0054931044578552,0.0042638182640075,60.80617495711835,39.19382504288165,1164,True,869
NP_001116717,XP_056320500,0.0273102521896362,top,,False,True,False,False,0.0019459724426269,0.0017954111099243,0.0013612508773803,0.0007457733154296,0.0003150701522827,95.3846153846154,4.615384615384599,195,False,870
XP_005157778,XP_056329350,0.0272544622421264,stratified;top,,True,True,False,False,0.053700566291809,0.0429182648658752,0.0213029384613037,0.0187960863113403,0.0095336437225341,23.846153846153847,76.15384615384616,3016,False,871
XP_005157778,XP_056329349,0.0272544622421264,top;random,,False,True,True,False,0.053700566291809,0.0429182648658752,0.0213029384613037,0.0187960863113403,0.0095336437225341,23.846153846153847,76.15384615384616,3016,False,872
XP_073801059,XP_056308793,0.0271351933479309,top,,False,True,False,False,0.0391038060188293,0.0127558708190917,0.0069053769111633,0.0053873658180236,0.0041537880897521,60.891938250428815,39.108061749571185,1165,True,873
NP_001348325,XP_056307102,0.0271090269088745,top,,False,True,False,False,0.0271088480949401,0.0268579125404357,0.0108894109725952,0.0087823867797851,0.0032775402069091,59.15492957746479,40.84507042253521,141,False,874
NP_571934,XP_056309492,0.0270168185234069,top;random,,False,True,True,False,0.0270169973373413,0.0223093032836914,0.0114877223968505,0.0097081661224365,0.015701949596405,61.51515151515152,38.48484848484848,328,True,875
XP_073794673,XP_056304967,0.0269504189491271,top,,False,True,False,False,0.0007643103599548,0.0003594160079956,0.0001959204673767,0.0001239776611328,3.7729740142822266e-05,96.30709426627794,3.692905733722057,2054,False,876
XP_073794674,XP_056304967,0.0269504189491271,top,,False,True,False,False,0.0003620386123657,0.0001856684684753,0.0001416206359863,9.721517562866212e-05,3.331899642944336e-05,96.6407010710808,3.359298928919202,2054,False,877
XP_073794670,XP_056304967,0.0269500613212585,top,,False,True,False,False,0.0002239942550659,0.0001906156539916,0.0001168847084045,9.238719940185548e-05,1.71661376953125e-05,97.2181551976574,2.7818448023426043,2054,False,878
XP_073790045,XP_056337348,0.0269120335578918,top,,False,True,False,False,0.0018461942672729,0.0011172890663146,0.0006438493728637,0.000482439994812,0.0007327795028686,95.53877831159916,4.46122168840084,1457,False,879
XP_073790056,XP_056337348,0.0269120335578918,top,,False,True,False,False,0.0018596649169921,0.0010016560554504,0.0007008910179138,0.0003529787063598,0.0009728074073791,95.72708476912474,4.272915230875256,1448,False,880
XP_073790033,XP_056337348,0.0268442034721374,top,,False,True,False,False,0.002083420753479,0.0013304948806762,0.0006614923477172,0.0005208253860473,0.0007944703102111,94.69026548672566,5.309734513274336,1469,False,881
XP_073790032,XP_056337348,0.0268442034721374,top,,False,True,False,False,0.0020679831504821,0.0013309717178344,0.0006823539733886,0.0005715489387512,0.0006182193756103,94.30508474576273,5.694915254237273,1475,False,882
XP_021325094,XP_056303395,0.0268260836601257,top,,False,True,False,False,0.0268261432647705,0.0563483238220214,0.0175598263740539,0.0100529193878173,0.0023107528686523,67.11772665764546,32.88227334235454,704,False,883
NP_001314959,XP_056325901,0.026784062385559,top,,False,True,False,False,0.0262892246246337,0.0252119898796081,0.0143371820449829,0.0063071250915527,0.0038010478019714,44.84304932735426,55.15695067264574,220,False,884
XP_001344904,XP_056307312,0.0267237424850463,top,,False,True,False,False,0.0267242193222045,0.0240092873573303,0.0082542300224304,0.020210862159729,0.005141258239746,66.46884272997033,33.53115727002967,674,False,885
NP_001104686,XP_056307377,0.0267056822776794,top,,False,True,False,False,0.0267059803009033,0.0366365313529968,0.0370885729789733,0.0274723768234252,0.0841916799545288,64.45497630331754,35.54502369668246,211,False,886
XP_073799539,XP_056307377,0.0267056822776794,top,,False,True,False,False,0.0267059803009033,0.0366365313529968,0.0370885729789733,0.0274723768234252,0.0841916799545288,64.45497630331754,35.54502369668246,211,False,887
NP_001373716,XP_056307377,0.0267056822776794,top,,False,True,False,False,0.0267059803009033,0.0366365313529968,0.0370885729789733,0.0274723768234252,0.0841916799545288,64.45497630331754,35.54502369668246,211,False,888
XP_073793863,XP_056303965,0.0266940593719482,top,,False,True,False,False,0.0266941785812377,0.0232414007186889,0.0235121846199035,0.0179283022880554,0.0061724185943603,63.38028169014085,36.61971830985915,355,False,889
XP_073800915,XP_056324795,0.0266041755676269,top,,False,True,False,False,0.0266040563583374,0.013939619064331,0.0122452974319458,0.0138587355613708,0.001418113708496,48.888888888888886,51.111111111111114,301,False,890
XP_073794672,XP_056304967,0.0265856981277465,top,,False,True,False,False,0.0007188916206359,0.0001856684684753,0.0001288652420043,8.368492126464844e-05,2.276897430419922e-05,96.68938656280427,3.3106134371957268,2054,False,891
XP_685629,XP_056322866,0.0264884829521179,top,,False,True,False,False,0.0006125569343566,0.0005407929420471,0.0002740025520324,0.0001666545867919,7.069110870361328e-05,93.70758790869832,6.292412091301685,1620,False,892
XP_685629,XP_056322865,0.0264884829521179,top,,False,True,False,False,0.0006125569343566,0.0005407929420471,0.0002740025520324,0.0001666545867919,7.069110870361328e-05,93.70758790869832,6.292412091301685,1620,False,893
NP_001003838,XP_056325517,0.0263453125953674,top,,False,True,False,False,0.0263450145721435,0.018492043018341,0.0193468332290649,0.0131557583808898,0.0060749650001525,63.44086021505376,36.55913978494624,186,False,894
XP_017207692,XP_056335069,0.0263385772705078,top,,False,True,False,False,0.0263384580612182,0.0220157504081726,0.012014091014862,0.0079178810119628,0.0031678676605224,83.46666666666667,16.53333333333333,375,False,895
XP_073794671,XP_056304967,0.0263154506683349,top,,False,True,False,False,0.0003355741500854,0.0002440214157104,0.0001322031021118,0.0001174807548522,2.09808349609375e-05,96.54669260700388,3.4533073929961233,2054,False,896
XP_073794675,XP_056304967,0.0263154506683349,top,,False,True,False,False,0.0002812147140502,0.000190258026123,0.0001325607299804,9.876489639282228e-05,2.2411346435546875e-05,96.6407010710808,3.359298928919202,2054,False,897
NP_001188469,XP_056312043,0.0263130068778991,top,,False,True,False,False,0.0263130068778991,0.021793246269226,0.0131989121437072,0.0090971589088439,0.0042146444320678,77.6978417266187,22.302158273381295,278,False,898
XP_073791236,XP_056302470,0.0263027548789978,top,,False,True,False,False,0.0042454600334167,0.0031765699386596,0.0020963549613952,0.0016108155250549,0.0008861422538757,85.02080443828017,14.979195561719834,1442,False,899
XP_698274,XP_056330240,0.0262016057968139,top,,False,True,False,False,0.0262014269828796,0.0162084698677063,0.0079964995384216,0.0073034167289733,0.0045523643493652,68.13353566009104,31.86646433990896,659,False,900
XP_073791237,XP_056302467,0.0261063575744628,top,,False,True,False,False,0.0041717886924743,0.0029991269111633,0.0019207596778869,0.0013990998268127,0.0007994771003723,85.4368932038835,14.5631067961165,1441,False,901
XP_073801446,XP_056315227,0.0260341763496398,top,,False,True,False,False,0.0001980066299438,0.000118613243103,0.0001243948936462,0.0001028776168823,3.0219554901123047e-05,94.9243533430942,5.075646656905803,2109,False,902
XP_073801445,XP_056315227,0.0260341763496398,top,,False,True,False,False,0.0001980066299438,0.000118613243103,0.0001243948936462,0.0001028776168823,3.0219554901123047e-05,94.9243533430942,5.075646656905803,2109,False,903
XP_073791236,XP_056302466,0.0260179638862609,top,,False,True,False,False,0.0041099786758422,0.0030186176300048,0.0019502639770507,0.0014383792877197,0.0008114576339721,85.50624133148405,14.493758668515952,1442,False,904
XP_073803160,XP_056311882,0.0260102748870849,top,,False,True,False,False,7.62939453125e-05,5.65648078918457e-05,3.8623809814453125e-05,3.0994415283203125e-05,6.794929504394531e-06,98.7781036168133,1.221896383186703,2773,False,905
XP_073790044,XP_056337348,0.0259883999824523,top,,False,True,False,False,0.0019110441207885,0.0010921359062194,0.0006737112998962,0.0004660487174987,0.000830590724945,95.53877831159916,4.46122168840084,1457,False,906
XP_073793335,XP_056312324,0.0259394645690917,top,,False,True,False,False,0.0259392857551574,0.0244461297988891,0.0176005959510803,0.0105868577957153,0.0094690322875976,56.1764705882353,43.8235294117647,316,False,907
XP_021336061,XP_056324914,0.0259065628051757,top,,False,True,False,False,0.0259066820144653,0.0198035240173339,0.0135428309440612,0.0079540610313415,0.0101119875907897,67.16157205240175,32.83842794759825,1125,False,908
NP_001025428,XP_056334391,0.0259016156196594,top,,False,True,False,False,0.0259016752243042,0.0183138847351074,0.0101774334907531,0.0139087438583374,0.010593295097351,70.27027027027027,29.729729729729726,222,False,909
XP_003201784,XP_056303255,0.0257981419563293,top,,False,True,False,False,0.025797963142395,0.0245060324668884,0.0228863954544067,0.0144687891006469,0.0052083730697631,37.55656108597285,62.44343891402715,210,False,910
XP_073790049,XP_056337348,0.0257961750030517,top,,False,True,False,False,0.0019590854644775,0.0012082457542419,0.000843346118927,0.0004388689994812,0.0011350512504577,95.5264969029594,4.473503097040606,1453,False,911
XP_073790042,XP_056337348,0.0257961750030517,top,,False,True,False,False,0.0018720626831054,0.0013327002525329,0.0007750988006591,0.0005172491073608,0.0008989572525024,95.13365318711446,4.8663468128855385,1459,False,912
XP_073790053,XP_056337348,0.0257961750030517,top,,False,True,False,False,0.0020367503166198,0.0012210011482238,0.0008400082588195,0.0004103779792785,0.0010617971420288,95.32002752924984,4.679972470750158,1450,False,913
XP_073793864,XP_056303965,0.0257720947265625,top,,False,True,False,False,0.0257719159126281,0.023313820362091,0.023563802242279,0.0175026059150695,0.0061500072479248,63.559322033898304,36.440677966101696,354,False,914
XP_073809051,XP_056302348,0.0257400870323181,top,,False,True,False,False,0.0257400870323181,0.0233092308044433,0.0228079557418823,0.0182245969772338,0.0342011451721191,64.35452793834297,35.64547206165703,519,False,915
XP_073809051,XP_056302340,0.0257400870323181,top,,False,True,False,False,0.0257400274276733,0.0233092308044433,0.0228079557418823,0.0182245969772338,0.0342011451721191,64.35452793834297,35.64547206165703,519,False,916
XP_073800532,XP_056309420,0.025653600692749,top,,False,True,False,False,9.071826934814452e-05,7.969141006469727e-05,3.7729740142822266e-05,3.832578659057617e-05,8.58306884765625e-06,98.04782820888238,1.952171791117621,2635,False,917
XP_073800544,XP_056309420,0.025653600692749,top,,False,True,False,False,0.0001056790351867,0.0001784563064575,7.086992263793945e-05,6.0677528381347656e-05,2.8371810913085938e-05,96.99029126213593,3.0097087378640737,2625,False,918
XP_073791236,XP_056302465,0.0256530046463012,top,,False,True,False,False,0.0039950013160705,0.0029908418655395,0.001933991909027,0.0014154911041259,0.000804841518402,85.44698544698545,14.553014553014549,1442,False,919
XP_073800527,XP_056309420,0.025633156299591,top,,False,True,False,False,0.0001255273818969,0.0001618862152099,6.031990051269531e-05,5.251169204711914e-05,1.7881393432617188e-05,97.18172983479106,2.8182701652089435,2644,False,920
XP_073800546,XP_056309420,0.025633156299591,top,,False,True,False,False,0.0001175999641418,0.0001875162124633,7.140636444091797e-05,5.811452865600586e-05,2.9087066650390625e-05,96.99029126213593,3.0097087378640737,2625,False,921
XP_073800534,XP_056309421,0.0256081223487854,top,,False,True,False,False,8.416175842285156e-05,0.0001124739646911,5.537271499633789e-05,4.32133674621582e-05,2.3365020751953125e-05,97.0859640602234,2.9140359397765963,2634,False,922
XP_073800532,XP_056309421,0.0256081223487854,top,,False,True,False,False,9.292364120483398e-05,7.146596908569336e-05,3.2901763916015625e-05,3.2842159271240234e-05,9.000301361083984e-06,98.14453125,1.85546875,2635,False,923
XP_073800544,XP_056309421,0.0256081223487854,top,,False,True,False,False,0.0001080632209777,0.0001622438430786,7.37905502319336e-05,5.745887756347656e-05,2.849102020263672e-05,97.0859640602234,2.9140359397765963,2625,False,924
XP_073807835,XP_056313154,0.0256076455116271,top,,False,True,False,False,0.0256078243255615,0.015939712524414,0.0142211318016052,0.007049024105072,0.0468702316284179,58.705357142857146,41.294642857142854,448,True,925
XP_073800546,XP_056309421,0.0255903005599975,top,,False,True,False,False,0.0001221299171447,0.0001716613769531,7.516145706176758e-05,5.567073822021485e-05,2.9146671295166016e-05,96.99029126213593,3.0097087378640737,2625,False,926
XP_073800527,XP_056309421,0.0255903005599975,top,,False,True,False,False,0.0001258254051208,0.00015389919281,5.441904067993164e-05,4.89354133605957e-05,1.5676021575927734e-05,97.18172983479106,2.8182701652089435,2644,False,927
XP_073800530,XP_056309420,0.0255734920501709,top,,False,True,False,False,0.0001222491264343,0.0001159906387329,4.76837158203125e-05,4.392862319946289e-05,1.2576580047607422e-05,97.18172983479106,2.8182701652089435,2637,False,928
XP_073800530,XP_056309421,0.0255324244499206,top,,False,True,False,False,0.0001237392425537,0.0001111030578613,4.1961669921875e-05,4.094839096069336e-05,1.1861324310302734e-05,97.18172983479106,2.8182701652089435,2637,False,929
XP_073800528,XP_056309420,0.0255264639854431,top,,False,True,False,False,0.0001064538955688,0.0001137852668762,5.078315734863281e-05,4.76837158203125e-05,1.5437602996826172e-05,97.0859640602234,2.9140359397765963,2638,False,930
XP_073800538,XP_056309420,0.0255264639854431,top,,False,True,False,False,0.0001054406166076,9.79900360107422e-05,4.011392593383789e-05,4.756450653076172e-05,1.0609626770019531e-05,97.37354085603113,2.626459143968873,2628,False,931
XP_073800528,XP_056309421,0.0254836082458496,top,,False,True,False,False,0.0001039505004882,0.0001110434532165,4.32133674621582e-05,4.404783248901367e-05,1.4007091522216795e-05,97.18172983479106,2.8182701652089435,2638,False,932
XP_073800538,XP_056309421,0.0254836082458496,top,,False,True,False,False,0.0001032352447509,9.375810623168944e-05,3.725290298461914e-05,4.506111145019531e-05,1.1086463928222656e-05,97.46958637469588,2.5304136253041207,2628,False,933
XP_001341514,XP_056320310,0.0254600644111633,top,,False,True,False,False,0.0254600048065185,0.0006917119026184,0.0005696415901184,0.0006919503211975,0.0004708766937255,90.76655052264807,9.233449477351925,574,False,934
XP_073800545,XP_056309420,0.0254555940628051,top,,False,True,False,False,0.0001066327095031,0.0001794099807739,7.361173629760742e-05,5.984306335449219e-05,2.7894973754882812e-05,97.0859640602234,2.9140359397765963,2625,False,935
XP_073800535,XP_056309420,0.0254555940628051,top,,False,True,False,False,8.702278137207031e-05,0.0001245737075805,5.137920379638672e-05,4.476308822631836e-05,2.4080276489257812e-05,97.0859640602234,2.9140359397765963,2634,False,936
XP_073800533,XP_056309420,0.0254555940628051,top,,False,True,False,False,9.626150131225586e-05,7.152557373046875e-05,3.3020973205566406e-05,3.415346145629883e-05,8.52346420288086e-06,98.14453125,1.85546875,2635,False,937
XP_073800539,XP_056309420,0.0254421234130859,top,,False,True,False,False,0.0001009106636047,0.0001069903373718,3.7729740142822266e-05,4.482269287109375e-05,1.055002212524414e-05,97.46958637469588,2.5304136253041207,2628,False,938
XP_073800529,XP_056309420,0.0254421234130859,top,,False,True,False,False,0.0001041293144226,0.0001075267791748,4.607439041137695e-05,4.297494888305664e-05,1.3828277587890623e-05,97.18172983479106,2.8182701652089435,2638,False,939
XP_073800533,XP_056309421,0.0254143476486206,top,,False,True,False,False,0.0001057982444763,7.086992263793945e-05,3.36766242980957e-05,3.2842159271240234e-05,1.0251998901367188e-05,98.04782820888238,1.952171791117621,2635,False,940
XP_073800545,XP_056309421,0.0254143476486206,top,,False,True,False,False,0.0001155138015747,0.0001655220985412,7.963180541992188e-05,5.799531936645508e-05,2.855062484741211e-05,96.99029126213593,3.0097087378640737,2625,False,941
XP_073800539,XP_056309421,0.0254029035568237,top,,False,True,False,False,0.0001043677330017,0.0001041889190673,3.933906555175781e-05,4.51207160949707e-05,1.1861324310302734e-05,97.37354085603113,2.626459143968873,2628,False,942
XP_073800529,XP_056309421,0.0254029035568237,top;random,,False,True,True,False,0.0001079440116882,0.0001042485237121,4.208087921142578e-05,4.0590763092041016e-05,1.3113021850585938e-05,97.0859640602234,2.9140359397765963,2638,False,943
NP_001373176,XP_056329707,0.0253851413726806,top,,False,True,False,False,0.0253853201866149,0.0285092592239379,0.0187095403671264,0.0174636840820312,0.0059915781021118,72.80701754385964,27.192982456140356,342,False,944
NP_001028283,XP_056335943,0.0253759622573852,top,,False,True,False,False,0.0253762006759643,0.008480429649353,0.0094043016433715,0.0017428994178771,0.0047887563705444,91.49305555555556,8.506944444444443,572,True,945
XP_073800532,XP_056309419,0.0253572463989257,stratified;top,,True,True,False,False,0.0001000165939331,7.808208465576172e-05,3.355741500854492e-05,3.510713577270508e-05,8.702278137207031e-06,98.04782820888238,1.952171791117621,2635,False,946
XP_073800544,XP_056309419,0.0253572463989257,top,,False,True,False,False,0.0001056194305419,0.0001475811004638,6.937980651855469e-05,5.841255187988281e-05,2.7418136596679688e-05,96.99029126213593,3.0097087378640737,2626,False,947
XP_017214041,XP_056324913,0.0253466963768005,top,,False,True,False,False,0.0253466963768005,0.0182281136512756,0.0137356519699096,0.0078917145729064,0.0115605592727661,67.44791666666667,32.55208333333333,1132,False,948
XP_073800546,XP_056309419,0.0253333449363708,top,,False,True,False,False,0.0001130104064941,0.0001518130302429,7.033348083496094e-05,5.6743621826171875e-05,2.819299697875977e-05,96.89471130519163,3.1052886948083653,2626,False,949
XP_073800527,XP_056309419,0.0253333449363708,top,,False,True,False,False,0.0001442432403564,0.0001716613769531,5.84721565246582e-05,5.0067901611328125e-05,1.5497207641601562e-05,97.18172983479106,2.8182701652089435,2644,False,950
XP_073790065,XP_056337348,0.0253298282623291,top,,False,True,False,False,0.0016964673995971,0.0010821819305419,0.000809371471405,0.0003578662872314,0.0011184811592102,96.18320610687024,3.8167938931297556,1438,False,951
XP_073800537,XP_056309420,0.0252839922904968,top,,False,True,False,False,0.0001016855239868,0.000113308429718,4.249811172485352e-05,4.857778549194336e-05,1.239776611328125e-05,97.46958637469588,2.5304136253041207,2629,False,952
XP_017214042,XP_056324913,0.0252687931060791,top,,False,True,False,False,0.0252688527107238,0.0182796120643615,0.0135738253593444,0.0078480839729309,0.0114176273345947,67.36111111111111,32.638888888888886,1132,False,953
NP_001036210,XP_056332399,0.0252578854560852,top,,False,True,False,False,0.0001952648162841,0.0004953145980834,3.8743019104003906e-05,4.279613494873047e-05,6.920099258422852e-05,98.97410845139228,1.0258915486077171,4642,True,954
XP_073800537,XP_056309421,0.0252431631088256,top,,False,True,False,False,9.97781753540039e-05,0.0001083612442016,4.178285598754883e-05,4.7206878662109375e-05,1.2934207916259766e-05,97.46958637469588,2.5304136253041207,2629,False,955
XP_073800538,XP_056309419,0.0252268314361572,top,,False,True,False,False,0.0001149177551269,9.316205978393556e-05,3.725290298461914e-05,4.482269287109375e-05,1.0728836059570312e-05,97.37354085603113,2.626459143968873,2628,False,956
XP_073800528,XP_056309419,0.0252268314361572,top,,False,True,False,False,0.0001086592674255,0.0001249909400939,4.595518112182617e-05,4.4286251068115234e-05,1.3828277587890623e-05,97.18172983479106,2.8182701652089435,2638,False,957
XP_073790057,XP_056337348,0.0252100229263305,top,,False,True,False,False,0.0016776323318481,0.0010298490524291,0.0007693767547607,0.0004318952560424,0.0009300708770751,95.99170697995854,4.008293020041464,1447,False,958
XP_073798553,XP_056308035,0.0251874327659606,top,,False,True,False,False,0.0251872539520263,0.0240442752838134,0.0431104302406311,0.0146480202674865,0.008512794971466,68.52459016393442,31.47540983606558,296,False,959
XP_073800533,XP_056309419,0.0251626968383789,top,,False,True,False,False,0.000110924243927,7.909536361694336e-05,3.2007694244384766e-05,3.343820571899414e-05,9.894371032714844e-06,98.04782820888238,1.952171791117621,2635,False,960
XP_073800545,XP_056309419,0.0251626968383789,top,,False,True,False,False,0.0001103281974792,0.0001461505889892,7.230043411254883e-05,5.841255187988281e-05,2.747774124145508e-05,96.99029126213593,3.0097087378640737,2626,False,961
NP_001269112,XP_056335294,0.0251571536064147,top,,False,True,False,False,0.02515709400177,0.0244077444076538,0.0254628658294677,0.0251421332359313,0.0103797912597656,74.77477477477477,25.22522522522523,111,False,962
XP_073800539,XP_056309419,0.0251474380493164,top,,False,True,False,False,0.0001129508018493,0.0001014471054077,3.6835670471191406e-05,4.369020462036133e-05,1.1086463928222656e-05,97.37354085603113,2.626459143968873,2628,False,963
XP_073800529,XP_056309419,0.0251474380493164,stratified;top,,True,True,False,False,0.0001087188720703,0.0001116394996643,4.1484832763671875e-05,3.9637088775634766e-05,1.2576580047607422e-05,97.18172983479106,2.8182701652089435,2638,False,964
NP_001352989,XP_056331987,0.0251282453536987,top,,False,True,False,False,0.0201407670974731,0.0236029624938964,0.010049819946289,0.0077455639839172,0.0017315745353698,81.86915887850468,18.130841121495322,535,False,965
XP_009290275,XP_056330005,0.025095522403717,top,,False,True,False,False,0.0250955820083618,0.0253407955169677,0.016502559185028,0.0409041047096252,0.0082897543907165,61.98473282442748,38.01526717557252,655,False,966
XP_073790037,XP_056337348,0.0250791907310485,top,,False,True,False,False,0.0019027590751647,0.0013633966445922,0.0007702708244323,0.0005674362182617,0.0007965564727783,94.74402730375428,5.2559726962457205,1465,False,967
XP_073790067,XP_056337348,0.025017499923706,top,,False,True,False,False,0.001767098903656,0.00099778175354,0.0009535551071166,0.0004743933677673,0.0012309551239013,95.83622484385845,4.163775156141554,1433,False,968
XP_073800537,XP_056309419,0.0249869227409362,top,,False,True,False,False,0.00010347366333,0.0001007914543151,3.916025161743164e-05,4.607439041137695e-05,1.245737075805664e-05,97.46958637469588,2.5304136253041207,2629,False,969
XP_073790061,XP_056337348,0.0249841809272766,top,,False,True,False,False,0.0017682313919067,0.0010878443717956,0.0007421374320983,0.0003842711448669,0.0008436441421508,95.7843814789219,4.215618521078099,1444,False,970
XP_003201373,XP_056306748,0.0248499512672424,top,,False,True,False,False,0.0248497724533081,0.0431305766105651,0.0162797570228576,0.0225876569747924,0.0068832039833068,70.74235807860262,29.25764192139738,229,False,971
XP_073796269,XP_056307145,0.0247789621353149,top,,False,True,False,False,0.0006780624389648,0.0008260607719421,0.0003725290298461,0.0003759860992431,0.0032703876495361,92.87369640787948,7.126303592120522,1725,False,972
XP_073803160,XP_056311883,0.0247504115104675,top,,False,True,False,False,0.000160813331604,6.651878356933594e-05,4.51207160949707e-05,3.737211227416992e-05,6.67572021484375e-06,98.63214460185638,1.3678553981436181,2773,False,973
XP_073807836,XP_056313154,0.0247236490249633,top,,False,True,False,False,0.0247238874435424,0.015076994895935,0.0126124024391174,0.0065854787826538,0.0446753501892089,60.556844547563806,39.443155452436194,431,True,974
NP_001129450,XP_056331885,0.0246387720108032,top,,False,True,False,False,0.0246392488479614,0.0049613118171691,0.0014116168022155,0.0008671879768371,0.0008351206779479,90.19607843137256,9.803921568627445,102,False,975
XP_073809568,XP_056315277,0.0245269536972045,top,,False,True,False,False,0.0245273113250732,0.0264400839805603,0.0125067234039306,0.0120627284049987,0.0029535889625549,78.0952380952381,21.904761904761898,315,False,976
XP_073809569,XP_056315277,0.0245269536972045,top,,False,True,False,False,0.0245273113250732,0.0264400839805603,0.0125067234039306,0.0120627284049987,0.0029535889625549,78.0952380952381,21.904761904761898,315,False,977
XP_017208962,XP_056304123,0.0244798064231872,top,,False,True,False,False,0.0244798064231872,0.0166034698486328,0.0064675211906433,0.005195140838623,0.0014021396636962,84.23645320197045,15.763546798029552,406,False,978
NP_001003597,XP_056336027,0.0244609713554382,top,,False,True,False,False,0.0244613885879516,0.0243650078773498,0.0313723087310791,0.032436192035675,0.0110888481140136,68.63636363636364,31.36363636363636,220,False,979
XP_073810471,XP_056316205,0.0244557857513427,top,,False,True,False,False,0.0001267790794372,8.749961853027344e-05,7.87973403930664e-05,3.5881996154785156e-05,2.6345252990722656e-05,98.20213799805636,1.797862001943642,2710,False,980
XP_073810472,XP_056316205,0.0244557857513427,top,,False,True,False,False,0.0001399517059326,0.0001669526100158,4.8279762268066406e-05,4.172325134277344e-05,2.3066997528076172e-05,97.91464597478176,2.085354025218237,2710,False,981
XP_073810473,XP_056316205,0.0244557857513427,top,,False,True,False,False,0.0001516342163085,0.0001353025436401,5.048513412475586e-05,3.707408905029297e-05,2.110004425048828e-05,97.91464597478176,2.085354025218237,2710,False,982
XP_003200133,XP_056329913,0.0244545340538024,top,,False,True,False,False,0.0244544744491577,0.0164237022399902,0.0095735788345336,0.006640076637268,0.0015418529510498,75.5781683626272,24.421831637372804,1080,False,983
XP_003200133,XP_056329911,0.0244545340538024,top,,False,True,False,False,0.0244545340538024,0.0164235234260559,0.0095735788345336,0.006640076637268,0.0015418529510498,75.5781683626272,24.421831637372804,1080,False,984
XP_003200133,XP_056329912,0.0244545340538024,top,,False,True,False,False,0.0244544744491577,0.0164237022399902,0.0095735788345336,0.006640076637268,0.0015418529510498,75.5781683626272,24.421831637372804,1080,False,985
XP_003200133,XP_056329909,0.0244545340538024,top,,False,True,False,False,0.0244545340538024,0.0164235234260559,0.0095735788345336,0.0066401958465576,0.0015418529510498,75.5781683626272,24.421831637372804,1080,False,986
XP_003200133,XP_056329910,0.0244545340538024,top,,False,True,False,False,0.0244545340538024,0.0164235234260559,0.0095735788345336,0.006640076637268,0.0015418529510498,75.5781683626272,24.421831637372804,1080,False,987
XP_073793733,XP_056304085,0.0244402289390563,top,,False,True,False,False,0.0244401693344116,0.0400614738464355,0.0272592902183532,0.0363255739212036,0.0105443596839904,57.714285714285715,42.285714285714285,175,False,988
XP_691343,XP_056304085,0.0244402289390563,top,,False,True,False,False,0.0244401693344116,0.0400614738464355,0.0272592902183532,0.036325454711914,0.0105443596839904,57.714285714285715,42.285714285714285,175,False,989
XP_021336550,XP_056327113,0.0244383811950683,top,,False,True,False,False,0.0244384407997131,0.0181464552879333,0.0123957991600036,0.0083135366439819,0.0053399205207824,62.68115942028985,37.31884057971015,552,False,990
XP_073799800,XP_056304841,0.0244379639625549,top,,False,True,False,False,0.010559856891632,0.0119989514350891,0.0034232139587402,0.0030797719955444,0.001041829586029,52.31023102310231,47.68976897689769,1719,False,991
XP_073803092,XP_056311997,0.0244272947311401,top,,False,True,False,False,0.0002421140670776,0.0001801252365112,9.91225242614746e-05,6.288290023803711e-05,3.331899642944336e-05,95.9551656920078,4.044834307992204,2386,False,992
XP_073803091,XP_056311997,0.0244272947311401,top,,False,True,False,False,0.0002136826515197,0.0001924633979797,9.381771087646484e-05,6.0558319091796875e-05,3.1948089599609375e-05,96.05070697220869,3.949293027791313,2386,False,993
XP_073800544,XP_056309426,0.0244263410568237,top,,False,True,False,False,0.0001351237297058,0.0001333951950073,5.030632019042969e-05,5.5909156799316406e-05,1.2814998626708984e-05,97.46958637469588,2.5304136253041207,2624,False,994
XP_073800534,XP_056309426,0.0244263410568237,top,,False,True,False,False,0.0001809000968933,0.0002452731132507,7.849931716918945e-05,6.759166717529297e-05,1.823902130126953e-05,96.51331719128328,3.486682808716722,2634,False,995
XP_073800532,XP_056309424,0.0244133472442626,top,,False,True,False,False,0.0001720786094665,9.375810623168944e-05,6.687641143798828e-05,5.525350570678711e-05,1.239776611328125e-05,97.37354085603113,2.626459143968873,2635,False,996
XP_073800536,XP_056309426,0.0244070887565612,top,,False,True,False,False,0.0001822710037231,0.0002444982528686,8.434057235717773e-05,7.075071334838867e-05,2.2292137145996097e-05,96.51331719128328,3.486682808716722,2633,False,997
XP_073800546,XP_056309426,0.0244070887565612,top,,False,True,False,False,0.0001447796821594,0.0001201629638671,5.14984130859375e-05,5.257129669189453e-05,1.3887882232666016e-05,97.46958637469588,2.5304136253041207,2623,False,998
XP_073796267,XP_056307145,0.0243894457817077,top,,False,True,False,False,0.0007505416870117,0.00104421377182,0.0004042983055114,0.0003960132598876,0.0030352473258972,92.1264367816092,7.8735632183907995,1739,False,999
XP_073800545,XP_056309424,0.0242276787757873,stratified,,True,False,False,False,0.0001519918441772,0.0001457929611206,8.690357208251953e-05,6.240606307983398e-05,2.866983413696289e-05,97.0859640602234,2.9140359397765963,2624,False,1000
XP_073800544,XP_056309425,0.0235026478767395,stratified,,True,False,False,False,0.000114619731903,7.903575897216797e-05,3.409385681152344e-05,3.165006637573242e-05,9.179115295410156e-06,98.04782820888238,1.952171791117621,2624,False,1001
XP_073800537,XP_056309427,0.0234147310256958,random,,False,False,True,False,0.0001689791679382,0.0002368688583374,9.98377799987793e-05,7.480382919311523e-05,3.141164779663086e-05,96.99029126213593,3.0097087378640737,2629,False,1002
XP_073800533,XP_056309425,0.023340106010437,random,,False,False,True,False,0.0002124905586242,0.0002182126045227,9.620189666748048e-05,6.157159805297852e-05,3.0159950256347656e-05,97.0859640602234,2.9140359397765963,2635,False,1003
XP_073789721,XP_056337050,0.0229304432868957,stratified,,True,False,False,False,0.0001835227012634,0.0001449584960937,9.79304313659668e-05,5.286931991577149e-05,2.539157867431641e-05,98.1230448383733,1.8769551616266966,1911,False,1004
XP_073810745,XP_056316721,0.022793173789978,stratified,,True,False,False,False,0.0003581047058105,0.0002741813659667,0.0001097321510314,0.0003494620323181,9.483098983764648e-05,96.56290531776914,3.437094682230864,1542,False,1005
XP_073790883,XP_056302086,0.021847128868103,stratified,,True,False,False,False,0.0010883808135986,0.0003085136413574,9.512901306152344e-05,7.724761962890625e-05,1.895427703857422e-05,96.39200390053632,3.6079960994636764,2480,False,1006
XP_073800326,XP_056309206,0.0215879082679748,stratified,,True,False,False,False,0.0052227973937988,0.004155158996582,0.0024389028549194,0.0014064908027648,0.0012409090995788,76.3914373088685,23.608562691131496,1635,False,1007
XP_073800329,XP_056309206,0.0215854048728942,random,,False,False,True,False,0.0050537586212158,0.0038546919822692,0.0024827718734741,0.0013535618782043,0.0011966824531555,76.67280540208716,23.327194597912836,1629,False,1008
XP_073789724,XP_056337053,0.0202840566635131,stratified,,True,False,False,False,7.253885269165039e-05,0.0002127885818481,6.306171417236328e-05,1.710653305053711e-05,5.662441253662109e-06,99.28884026258206,0.7111597374179439,1828,False,1009
XP_073805721,XP_056317134,0.019845962524414,random,,False,False,True,False,0.0198458433151245,0.0085604190826416,0.0054004788398742,0.0074898600578308,0.0036576390266418,68.0,32.0,150,False,1010
XP_021322429,XP_056331304,0.0190876722335815,stratified,,True,False,False,False,0.019087791442871,0.0242149233818054,0.0202262997627258,0.0120184421539306,0.0166809558868408,81.61925601750546,18.380743982494536,457,False,1011
XP_073808289,XP_056312759,0.0188145041465759,random,,False,False,True,False,0.0206804275512695,0.0126410126686096,0.0103519558906555,0.0046533942222595,0.0052385926246643,60.60894386298763,39.39105613701237,1051,False,1012
XP_073798900,XP_056309897,0.018698513507843,random,,False,False,True,False,0.0004437565803527,0.0003799796104431,0.0001794099807739,0.0001299381256103,3.7729740142822266e-05,95.374912403644,4.625087596355996,1427,False,1013
NP_001035342,XP_056311056,0.0176697373390197,stratified,,True,False,False,False,0.0176698565483093,0.0202163457870483,0.0150941610336303,0.0227624177932739,0.0016272068023681,64.87603305785125,35.123966942148755,471,False,1014
XP_073807829,XP_056313153,0.0172743201255798,stratified,,True,False,False,False,0.0172742009162902,0.0149279236793518,0.0094134211540222,0.0072109103202819,0.0023075938224792,57.59036144578313,42.40963855421687,410,False,1015
NP_001373251,XP_056330160,0.0168785452842712,stratified,,True,False,False,False,0.0168784856796264,0.0209836959838867,0.0065427422523498,0.0044325590133666,0.0014610290527343,76.12903225806451,23.870967741935488,310,False,1016
NP_001070057,XP_056309623,0.0165772438049316,stratified,,True,False,False,False,0.0165773630142211,0.0110669732093811,0.00872802734375,0.0048944950103759,0.0030320286750793,68.69565217391305,31.304347826086953,345,False,1017
XP_073791828,XP_056302854,0.0159801840782165,stratified,,True,False,False,False,0.0001941919326782,0.0003228783607482,0.0001180171966552,0.0001286268234252,3.153085708618164e-05,96.34680954700438,3.6531904529956165,2175,False,1018
XP_073793656,XP_056303299,0.0156226158142089,stratified,,True,False,False,False,8.040666580200195e-05,0.0001352429389953,6.222724914550781e-05,4.7147274017333984e-05,2.491474151611328e-05,98.73540856031128,1.264591439688715,2077,False,1019
XP_021323890,XP_056335160,0.0153012871742248,random,,False,False,True,False,0.0153013467788696,0.017369270324707,0.0147030353546142,0.0083814263343811,0.0033403635025024,71.89292543021033,28.107074569789674,521,False,1020
NP_999957,XP_056321317,0.0149805545806884,random,,False,False,True,False,0.0149806141853332,0.0162939429283142,0.0157632231712341,0.0139317512512207,0.0048763155937194,76.88172043010752,23.11827956989248,372,False,1021
XP_073799502,XP_056307416,0.0149527192115783,stratified,,True,False,False,False,0.000273585319519,0.0003080368041992,0.0002604722976684,0.0001980066299438,4.7087669372558594e-05,97.87897691827824,2.1210230817217592,1603,False,1022
XP_073805402,XP_056319545,0.014837622642517,stratified,,True,False,False,False,0.0148374438285827,0.0211571455001831,0.0167009830474853,0.0143638849258422,0.0064562559127807,60.55045871559633,39.44954128440367,322,False,1023
XP_003200581,XP_056336192,0.014742374420166,stratified,,True,False,False,False,0.0060159564018249,0.0125606060028076,0.0037795305252075,0.0015551447868347,0.0010814666748046,75.12218963831867,24.877810361681327,2440,False,1024
XP_073807802,XP_056314860,0.0144633650779724,stratified,,True,False,False,False,0.0002794861793518,0.0003697872161865,0.0001507997512817,0.000120997428894,0.0002570152282714,96.730112249878,3.2698877501219954,2123,True,1025
NP_571437,XP_056326982,0.0144629478454589,stratified,,True,False,False,False,0.0144626498222351,0.0064582228660583,0.0042782425880432,0.0024741888046264,0.003824770450592,83.6734693877551,16.326530612244895,294,False,1026
XP_073787799,XP_056335160,0.0143279433250427,stratified,,True,False,False,False,0.0143278241157531,0.0176970958709716,0.0150217413902282,0.0079383254051208,0.0033003091812133,72.27533460803059,27.72466539196941,521,False,1027
XP_073788261,XP_056302513,0.0143011212348937,stratified,,True,False,False,False,0.014301061630249,0.0053179860115051,0.0029152631759643,0.0013202428817749,0.0016828179359436,89.55223880597015,10.447761194029852,267,False,1028
XP_073789571,XP_056337188,0.0139377117156982,random,,False,False,True,False,0.0004729032516479,0.0004959106445312,0.0002517700195312,8.970499038696289e-05,4.76837158203125e-05,94.73940574768632,5.26059425231368,2241,False,1029
XP_073789565,XP_056337191,0.013892650604248,random,,False,False,True,False,0.0003473758697509,0.000400960445404,0.0002254247665405,7.611513137817383e-05,5.125999450683594e-05,95.11957052220596,4.8804294777940385,2238,False,1030
XP_009305696,XP_056327427,0.0138558149337768,stratified,,True,False,False,False,0.0108932852745056,0.0048075318336486,0.0013043284416198,0.00095796585083,0.0024199485778808,79.6384395813511,20.361560418648907,2195,True,1031
XP_073803615,XP_056321892,0.0134340524673461,stratified,,True,False,False,False,0.0134339928627014,0.0093317031860351,0.0092319846153259,0.0076744556427001,0.0016817450523376,59.177215189873415,40.822784810126585,632,False,1032
XP_073793321,XP_056304489,0.0133661031723022,stratified,,True,False,False,False,0.0133662819862365,0.0091132521629333,0.0044256448745727,0.0055286288261413,0.0016257166862487,62.63345195729537,37.36654804270463,275,False,1033
XP_073807514,XP_056306474,0.0132113695144653,random,,False,False,True,False,0.0132113099098205,0.0094624757766723,0.0088692903518676,0.0030759572982788,0.0008238554000854,85.84558823529412,14.154411764705884,544,False,1034
NP_001313294,XP_056315003,0.012988269329071,random,,False,False,True,False,0.0129883885383605,0.008125901222229,0.009853720664978,0.0025216341018676,0.0025557875633239,80.0,20.0,135,False,1035
NP_001315015,XP_056327037,0.0127738118171691,random,,False,False,True,False,0.0127738118171691,0.0128700733184814,0.0067677497863769,0.0077553987503051,0.0018949508666992,77.51677852348993,22.483221476510067,298,False,1036
XP_073791108,XP_056305496,0.0125467777252197,random,,False,False,True,False,0.0037964582443237,0.0046465396881103,0.0053126811981201,0.0029362440109252,0.001313030719757,72.80240420736288,27.197595792637117,1331,False,1037
XP_073803558,XP_056336236,0.0122937560081481,random,,False,False,True,False,0.0122939348220825,0.0105371475219726,0.0079160332679748,0.0076949596405029,0.0022434592247009,59.211927582534614,40.788072417465386,938,False,1038
XP_073808240,XP_056307180,0.0122644901275634,stratified,,True,False,False,False,0.0122643113136291,0.0081942677497863,0.0094626545906066,0.0026964545249938,0.0016629099845886,75.34246575342466,24.657534246575338,218,False,1039
XP_073807519,XP_056306479,0.0122208595275878,stratified,,True,False,False,False,0.0122208595275878,0.0083358287811279,0.0073165893554687,0.0025182366371154,0.0008111000061035,85.4779411764706,14.522058823529406,544,False,1040
NP_001373658,XP_056323540,0.0119222998619079,random,,False,False,True,False,0.0119221806526184,0.0061429738998413,0.0041650533676147,0.0028604269027709,0.0014465451240539,81.18279569892474,18.817204301075265,182,False,1041
XP_073794028,XP_056304977,0.0116907358169555,random,,False,False,True,False,0.011690616607666,0.010225236415863,0.004872977733612,0.0039154291152954,0.0044916272163391,81.63265306122449,18.367346938775512,294,False,1042
XP_073801994,XP_056312281,0.0115677118301391,random,,False,False,True,False,0.0002411603927612,0.0002753734588623,0.000117540359497,0.0001110434532165,4.00543212890625e-05,97.60528488852188,2.3947151114781207,1209,False,1043
XP_695417,XP_056333973,0.0115651488304138,stratified,,True,False,False,False,0.0001791715621948,9.483098983764648e-05,8.815526962280273e-05,5.549192428588867e-05,1.531839370727539e-05,97.7469670710572,2.253032928942801,1731,False,1044
XP_073810522,XP_056316328,0.011537492275238,random,,False,False,True,False,0.000507652759552,0.0001920461654663,0.0001661777496337,8.022785186767578e-05,3.933906555175781e-05,96.59511472982976,3.40488527017024,1351,False,1045
XP_073810520,XP_056316327,0.011537492275238,stratified,,True,False,False,False,0.000507652759552,0.0001920461654663,0.0001661777496337,8.022785186767578e-05,3.933906555175781e-05,96.59511472982976,3.40488527017024,1351,False,1046
XP_073810521,XP_056316328,0.011537492275238,random,,False,False,True,False,0.000507652759552,0.0001920461654663,0.0001661777496337,8.022785186767578e-05,3.933906555175781e-05,96.59511472982976,3.40488527017024,1351,False,1047
XP_073810517,XP_056316327,0.011537492275238,stratified,,True,False,False,False,0.000507652759552,0.0001920461654663,0.0001661777496337,8.022785186767578e-05,3.933906555175781e-05,96.59511472982976,3.40488527017024,1351,False,1048
XP_073810519,XP_056316327,0.0115177631378173,stratified,,True,False,False,False,0.0005555748939514,0.000227928161621,0.0001853108406066,8.368492126464844e-05,4.506111145019531e-05,96.16801768607222,3.8319823139277815,1356,False,1049
XP_073810516,XP_056316328,0.0115177631378173,stratified,,True,False,False,False,0.0005555748939514,0.000227928161621,0.0001853108406066,8.368492126464844e-05,4.506111145019531e-05,96.16801768607222,3.8319823139277815,1356,False,1050
XP_073804887,XP_056329786,0.011156678199768,stratified,,True,False,False,False,0.011156678199768,0.0139884948730468,0.0044864416122436,0.0026386380195617,0.0011154413223266,71.42857142857143,28.57142857142857,286,False,1051
XP_698802,XP_056335677,0.0111339092254638,random,,False,False,True,False,0.011133849620819,0.0046566724777221,0.003363013267517,0.003531277179718,0.002737283706665,80.23809523809524,19.76190476190476,419,False,1052
XP_005164954,XP_056311575,0.0110896229743957,stratified,,True,False,False,False,0.0110896229743957,0.0171338319778442,0.0092617273330688,0.0078780651092529,0.0018320679664611,82.6923076923077,17.307692307692307,416,False,1053
XP_073797016,XP_056306184,0.0110772252082824,random,,False,False,True,False,0.0110771656036376,0.0075955986976623,0.0060926079750061,0.0029983520507812,0.0070948600769042,68.44262295081967,31.55737704918033,488,False,1054
NP_001093617,XP_056335290,0.0110160112380981,stratified,,True,False,False,False,0.0110165476799011,0.0086169838905334,0.0061815977096557,0.0046725273132324,0.0044361352920532,65.15892420537897,34.841075794621034,818,False,1055
XP_073810807,XP_056316573,0.0108972787857055,stratified,,True,False,False,False,0.0003983974456787,0.0002478957176208,0.0001123547554016,7.981061935424805e-05,3.3020973205566406e-05,96.64650907091809,3.3534909290819144,1819,False,1056
XP_073797361,XP_056306442,0.0108846426010131,stratified,,True,False,False,False,0.0108843445777893,0.0059761404991149,0.0027233958244323,0.0020766854286193,0.0012463331222534,92.76018099547512,7.239819004524875,221,False,1057
XP_073796582,XP_056306245,0.0108534097671508,random,,False,False,True,False,0.0007271766662597,0.0004080533981323,0.0003928542137145,0.0003260374069213,0.000126302242279,88.75200856989824,11.247991430101763,1860,False,1058
NP_956249,XP_056312377,0.010745882987976,stratified,,True,False,False,False,0.0107460021972656,0.0082696080207824,0.0072011947631835,0.0065662860870361,0.004341721534729,84.14096916299559,15.859030837004411,227,False,1059
NP_001070181,XP_056325478,0.0104488730430603,random,,False,False,True,False,0.0074647068977355,0.0017211437225341,0.0009542107582092,0.001120388507843,0.0002502799034118,94.95412844036696,5.045871559633042,218,True,1060
XP_073810406,XP_056316024,0.0103379487991333,stratified,,True,False,False,False,0.0001372694969177,0.0003686547279357,0.0001686811447143,0.0002136826515197,5.728006362915039e-05,97.44084983099953,2.5591501690004748,2130,False,1061
XP_073791601,XP_056334027,0.0101449489593505,random,,False,False,True,False,0.0105494856834411,0.0257760286331176,0.0084039568901062,0.0100778341293334,0.0058318376541137,31.333333333333332,68.66666666666667,1049,False,1062
XP_073798360,XP_056308420,0.0101029872894287,random,,False,False,True,False,0.0011758208274841,0.0016258955001831,0.0009920597076416,0.00067800283432,0.0003303885459899,86.88801350590883,13.11198649409117,1775,False,1063
NP_001019395,XP_056315002,0.0100296735763549,stratified,,True,False,False,False,0.0100294947624206,0.0096660256385803,0.014695405960083,0.021093726158142,0.0063909292221069,78.66666666666667,21.33333333333333,225,False,1064
XP_021322751,XP_056331113,0.0099597573280334,stratified,,True,False,False,False,0.0099599361419677,0.0076831579208374,0.0056957006454467,0.0047347545623779,0.003275990486145,68.96551724137932,31.034482758620683,203,False,1065
XP_073790691,XP_056302392,0.0098299384117126,random,,False,False,True,False,0.0012687444686889,0.0010528564453125,0.0004299879074096,0.0002092123031616,0.000141441822052,87.5229357798165,12.477064220183493,1629,False,1066
XP_073790689,XP_056302392,0.0098299384117126,stratified,,True,False,False,False,0.0012687444686889,0.0010528564453125,0.0004299879074096,0.0002092123031616,0.000141441822052,87.5229357798165,12.477064220183493,1629,False,1067
XP_073807277,XP_056312974,0.0098260641098022,random,,False,False,True,False,0.009826123714447,0.0113847851753234,0.0098305344581604,0.009845495223999,0.0044158697128295,77.14285714285714,22.85714285714286,105,False,1068
XP_073790690,XP_056302394,0.0098147392272949,stratified,,True,False,False,False,0.0013151168823242,0.0010890960693359,0.0004584193229675,0.0002235174179077,0.0001507401466369,87.5229357798165,12.477064220183493,1629,False,1069
NP_001035015,XP_056312749,0.0098137855529785,stratified,,True,False,False,False,0.0098137855529785,0.0079156160354614,0.0059835910797119,0.00469172000885,0.001743733882904,87.17201166180757,12.827988338192426,343,False,1070
XP_073810343,XP_056315987,0.0097678899765014,stratified,,True,False,False,False,0.0006098747253417,0.0007233619689941,0.0005282759666442,0.0001206994056701,8.320808410644531e-05,95.80378250591016,4.1962174940898365,1692,False,1071
XP_073790691,XP_056302395,0.0097516775131225,stratified,,True,False,False,False,0.001250147819519,0.0010575056076049,0.0004249215126037,0.000205636024475,0.0001398921012878,87.46177370030581,12.538226299694188,1628,False,1072
XP_073790718,XP_056302397,0.0097126960754394,stratified,,True,False,False,False,0.0013975501060485,0.0008963346481323,0.00050950050354,0.0002357959747314,0.0001809000968933,87.3664362036455,12.633563796354494,1585,False,1073
XP_009299521,XP_056313396,0.0096991062164306,random,,False,False,True,False,0.0096989870071411,0.0086658596992492,0.0074193477630615,0.0069127678871154,0.0039769411087036,76.86375321336762,23.136246786632384,778,False,1074
XP_073810177,XP_056315788,0.0094308853149414,random,,False,False,True,False,0.0004505515098571,0.0003082752227783,0.0001416206359863,7.18832015991211e-05,4.458427429199219e-05,94.53273998728544,5.467260012714561,1573,False,1075
XP_073810174,XP_056315815,0.0093792080879211,random,,False,False,True,False,0.0012257099151611,0.0005216002464294,0.0003686547279357,0.0004625916481018,0.0001195073127746,92.94631710362049,7.053682896379513,1599,False,1076
XP_073793946,XP_056303355,0.0092878937721252,stratified,,True,False,False,False,0.0060232281684875,0.0044968724250793,0.0031827688217163,0.0013659596443176,0.0004835724830627,70.93837535014005,29.06162464985995,1405,False,1077
XP_073800203,XP_056302540,0.0092664361000061,random,,False,False,True,False,0.0092663168907165,0.0092803239822387,0.0111010074615478,0.0027090907096862,0.0017916560173034,75.34246575342466,24.657534246575338,218,False,1078
NP_001373367,XP_056330740,0.0092629194259643,stratified,,True,False,False,False,0.0092628598213195,0.0141145586967468,0.0073280930519104,0.0110611319541931,0.0054823160171508,73.45454545454545,26.545454545454547,271,False,1079
XP_001340683,XP_056324979,0.0092254281044006,random,,False,False,True,False,0.0092254877090454,0.0098758339881896,0.0072382092475891,0.0073912143707275,0.0012109875679016,81.10236220472441,18.897637795275585,254,False,1080
XP_073797208,XP_056306136,0.0092051029205322,stratified,,True,False,False,False,0.0001522898674011,0.0001189708709716,0.0001077055931091,8.249282836914062e-05,3.1054019927978516e-05,97.3738769868694,2.626123013130595,1446,False,1081
NP_998412,XP_056312331,0.0091907382011413,stratified,,True,False,False,False,0.0091908574104309,0.0091552734375,0.012800395488739,0.0145447254180908,0.0070137977600097,72.09302325581395,27.906976744186053,559,False,1082
XP_073787941,XP_056301675,0.0091821551322937,random,,False,False,True,False,0.0091821551322937,0.0062357783317565,0.0075240135192871,0.002598226070404,0.0014928579330444,75.79908675799086,24.200913242009136,218,False,1083
XP_073803139,XP_056311943,0.009114384651184,stratified,,True,False,False,False,0.000235378742218,0.000150442123413,0.000183880329132,0.0001054406166076,2.3186206817626953e-05,98.965307364577,1.0346926354229993,1643,False,1084
XP_073803139,XP_056311942,0.009114384651184,random,,False,False,True,False,0.000235378742218,0.000150442123413,0.000183880329132,0.0001054406166076,2.3186206817626953e-05,98.965307364577,1.0346926354229993,1643,False,1085
NP_956197,XP_056334122,0.0089979171752929,stratified,,True,False,False,False,0.0089979171752929,0.0073539614677429,0.0080253481864929,0.0080688595771789,0.0014339089393615,78.55973813420621,21.440261865793786,611,False,1086
XP_073793136,XP_056304191,0.0089526772499084,random,,False,False,True,False,0.0089526772499084,0.0075262188911437,0.0027656555175781,0.0018718242645263,0.0005067586898803,76.20041753653445,23.799582463465555,478,False,1087
XP_073810403,XP_056316036,0.0089325308799743,random,,False,False,True,False,0.0001420974731445,0.0001577138900756,5.97834587097168e-05,2.9325485229492188e-05,1.806020736694336e-05,99.560546875,0.439453125,2100,False,1088
XP_005165852,XP_056314959,0.0088184475898742,stratified,,True,False,False,False,0.0088183879852294,0.0073972344398498,0.0031992197036743,0.0018330216407775,0.0007134675979614,79.89690721649484,20.10309278350516,582,False,1089
XP_068068946,XP_056327581,0.0088182091712951,stratified,,True,False,False,False,0.0088182091712951,0.0098481774330139,0.0039339065551757,0.0088351964950561,0.002104640007019,90.4040404040404,9.595959595959599,198,False,1090
XP_699547,XP_056316513,0.0087519288063049,random,,False,False,True,False,0.0087521076202392,0.0068917870521545,0.0053995847702026,0.0044336318969726,0.0037254095077514,73.60594795539033,26.394052044609666,269,False,1091
XP_073802558,XP_056311918,0.0087500214576721,stratified,,True,False,False,False,0.0005467534065246,0.0009792447090148,0.0002760291099548,0.0001345872879028,7.331371307373047e-05,96.02106495026332,3.978935049736677,1709,False,1092
XP_073786300,XP_056334517,0.0086579918861389,random,,False,False,True,False,0.0086578726768493,0.0073493719100952,0.0059883594512939,0.0065733790397644,0.0064018368721008,59.25542916235781,40.74457083764219,964,False,1093
XP_073810940,XP_056337726,0.0085684061050415,random,,False,False,True,False,0.0085681080818176,0.0114822387695312,0.0160385370254516,0.0034407377243041,0.0020664930343627,69.40639269406392,30.593607305936075,218,False,1094
XP_073801125,XP_056312531,0.0085098147392272,stratified,,True,False,False,False,0.0020127892494201,0.0023865699768066,0.0011263489723205,0.000445544719696,0.0002341270446777,87.56944444444444,12.430555555555557,1421,False,1095
XP_073799400,XP_056307238,0.0084691643714904,random,,False,False,True,False,0.000760793685913,0.0002961754798889,0.0002939105033874,0.0002948641777038,0.0001516342163085,94.97060744611365,5.029392553886353,1531,False,1096
XP_073799402,XP_056307238,0.0084691643714904,stratified,,True,False,False,False,0.000760793685913,0.0002961754798889,0.0002939105033874,0.0002948641777038,0.0001516342163085,94.97060744611365,5.029392553886353,1531,False,1097
XP_073790845,XP_056302738,0.0084099769592285,random,,False,False,True,False,0.0015395879745483,0.0027361512184143,0.0006415843963623,0.001075267791748,0.0002052783966064,82.5659914057704,17.434008594229596,1629,False,1098
XP_073789428,XP_056337275,0.0082985162734985,stratified,,True,False,False,False,0.0005318522453308,0.0004031062126159,0.0002374053001403,0.0001430511474609,4.416704177856445e-05,94.65081723625558,5.349182763744423,1345,False,1099
XP_005162224,XP_056306039,0.0081743001937866,stratified,,True,False,False,False,0.0081743001937866,0.009669005870819,0.007455825805664,0.0053843855857849,0.0012972950935363,82.15158924205379,17.848410757946212,408,False,1100
XP_073798579,XP_056312587,0.0081529021263122,stratified,,True,False,False,False,7.051229476928711e-05,6.23464584350586e-05,4.106760025024414e-05,2.1696090698242188e-05,1.4543533325195312e-05,98.7936507936508,1.206349206349202,1573,False,1101
XP_073785677,XP_056333974,0.0080587267875671,random,,False,False,True,False,0.0080587863922119,0.0073896646499633,0.0060815215110778,0.0071186423301696,0.0012902021408081,68.23266219239373,31.767337807606268,445,False,1102
XP_073800724,XP_056309735,0.0080087184906005,stratified,,True,False,False,False,0.0032017827033996,0.0011860132217407,0.0015784502029418,0.00105482339859,0.0006508231163024,86.4135407136322,13.586459286367798,2470,False,1103
XP_073800723,XP_056309735,0.0080087184906005,stratified;random,,True,False,True,False,0.0030495524406433,0.0011898875236511,0.0015600323677062,0.0010283589363098,0.0006475448608398,86.32830361225423,13.671696387745769,2471,False,1104
NP_001307020,XP_056317059,0.0079120993614196,random,,False,False,True,False,0.0079116225242614,0.0046916007995605,0.0055599808692932,0.0127902030944824,0.0048792362213134,84.23423423423424,15.765765765765764,222,False,1105
XP_073800498,XP_056309397,0.0076363682746887,stratified,,True,False,False,False,0.0076364874839782,0.010492980480194,0.0022215843200683,0.0026775598526,0.0007072687149047,78.5,21.5,400,False,1106
XP_001340167,XP_056321240,0.0075762271881103,stratified,,True,False,False,False,0.0075762867927551,0.0026794075965881,0.0018921494483947,0.0015757083892822,0.0011866092681884,69.9167657550535,30.083234244946496,840,False,1107
NP_001373668,XP_056315814,0.0075635910034179,stratified,,True,False,False,False,0.0075635910034179,0.0070883631706237,0.0056385397911071,0.0023912191390991,0.0008732676506042,73.52941176470588,26.470588235294116,238,False,1108
XP_073802910,XP_056312230,0.0075610280036926,stratified,,True,False,False,False,0.0005486011505126,0.0003312826156616,0.0003039240837097,0.0001559853553771,6.61015510559082e-05,92.40030097817908,7.599699021820925,1329,False,1109
XP_009303928,XP_056322463,0.0074567198753356,random,,False,False,True,False,0.0074569582939147,0.0042714476585388,0.0038657188415527,0.0031313300132751,0.0056365728378295,77.6303317535545,22.3696682464455,1055,False,1110
NP_001188470,XP_056312045,0.0073647499084472,random,,False,False,True,False,0.0073647499084472,0.0093162655830383,0.0050325989723205,0.003053069114685,0.0018355250358581,87.14859437751004,12.851405622489963,249,False,1111
XP_073797508,XP_056306382,0.007322609424591,stratified,,True,False,False,False,0.0073223114013671,0.0097694396972656,0.0063704252243041,0.0108510851860046,0.0048500299453735,83.79052369077307,16.20947630922693,401,True,1112
NP_001037796,XP_056334029,0.0073127746582031,stratified,,True,False,False,False,0.0073125958442687,0.0069877505302429,0.0055733323097229,0.0020662546157836,0.0008049011230468,80.94302554027504,19.056974459724955,509,False,1113
XP_073793857,XP_056303208,0.0072856545448303,stratified,,True,False,False,False,0.0005992650985717,0.0006110668182373,0.0002065300941467,0.0001507997512817,4.1604042053222656e-05,96.41434262948208,3.5856573705179215,1255,False,1114
XP_073810352,XP_056315986,0.0072609782218933,random,,False,False,True,False,0.0005062222480773,0.0003718733787536,0.0004177689552307,0.0001435279846191,0.0001032948493957,94.33354797166774,5.666452028332259,1552,False,1115
XP_021325529,XP_056305061,0.0072534084320068,random,,False,False,True,False,0.0072534084320068,0.0092087984085083,0.0102810859680175,0.0121257901191711,0.0025244355201721,85.38622129436325,14.613778705636747,479,False,1116
XP_073791239,XP_056302463,0.007252812385559,random,,False,False,True,False,0.0001258254051208,0.000102937221527,8.612871170043945e-05,4.881620407104492e-05,2.300739288330078e-05,98.37962962962963,1.6203703703703667,1296,False,1117
XP_021333799,XP_056318536,0.0072388648986816,stratified,,True,False,False,False,0.0072389245033264,0.0046914219856262,0.0022783279418945,0.0012691020965576,0.0010510087013244,74.92447129909365,25.075528700906347,329,False,1118
XP_073797011,XP_056306975,0.007106065750122,stratified,,True,False,False,False,0.0007225275039672,0.0004101991653442,0.0005590319633483,0.0004853010177612,0.0001387596130371,93.57682619647356,6.4231738035264385,1588,False,1119
XP_073800499,XP_056309397,0.0070984363555908,stratified,,True,False,False,False,0.0070983171463012,0.0103570818901062,0.0021728873252868,0.0025889873504638,0.0006834864616394,78.25,21.75,400,False,1120
XP_073807654,XP_056313132,0.007067859172821,stratified,,True,False,False,False,0.007067859172821,0.0062686204910278,0.004229724407196,0.0035080313682556,0.0016670823097229,82.93650793650794,17.063492063492063,252,False,1121
XP_005170030,XP_056308600,0.007026731967926,stratified,,True,False,False,False,0.0070267915725708,0.0145342350006103,0.0036768913269042,0.0048334002494812,0.0013303756713867,82.86713286713287,17.132867132867133,567,False,1122
XP_073807832,XP_056313153,0.0069860816001892,stratified,,True,False,False,False,0.0069863200187683,0.003543198108673,0.0046955347061157,0.0024141669273376,0.0010004043579101,80.1498127340824,19.850187265917597,267,False,1123
XP_073800937,XP_056309998,0.00697922706604,random,,False,False,True,False,0.0007229447364807,0.000690758228302,0.0001696944236755,0.0001702308654785,4.857778549194336e-05,93.35071707953064,6.649282920469361,1532,False,1124
NP_001018660,XP_056327709,0.0069353580474853,stratified;random,,True,False,True,False,0.006935179233551,0.0032611489295959,0.0037878155708312,0.004176914691925,0.000751256942749,88.42105263157895,11.578947368421055,190,False,1125
XP_073800945,XP_056309999,0.0068394541740417,stratified,,True,False,False,False,0.0006069540977478,0.0008565783500671,0.0001880526542663,0.0001367330551147,4.273653030395508e-05,93.3420365535248,6.657963446475193,1530,False,1126
XP_073800950,XP_056309999,0.0068394541740417,random,,False,False,True,False,0.0006069540977478,0.0008565783500671,0.0001880526542663,0.0001367330551147,4.273653030395508e-05,93.3420365535248,6.657963446475193,1530,False,1127
XP_005168169,XP_056318525,0.0066971778869628,random,,False,False,True,False,0.0066972374916076,0.0069552659988403,0.03351491689682,0.029404878616333,0.0022337436676025,54.91329479768786,45.08670520231214,519,False,1128
NP_001170934,XP_056325987,0.0066206455230712,stratified,,True,False,False,False,0.0066204071044921,0.0056477785110473,0.0070685148239135,0.0012920498847961,0.0027393102645874,85.38205980066445,14.61794019933555,300,False,1129
NP_001034921,XP_056329998,0.0065861344337463,stratified,,True,False,False,False,0.0065863132476806,0.0042234659194946,0.0023524761199951,0.0025866627693176,0.000941514968872,85.28528528528528,14.714714714714717,333,False,1130
XP_073792531,XP_056304225,0.0065749883651733,stratified,,True,False,False,False,0.0065746903419494,0.0029564499855041,0.0019146800041198,0.0013536214828491,0.0003227591514587,84.09836065573771,15.901639344262293,610,False,1131
XP_073792533,XP_056304225,0.0065749883651733,random,,False,False,True,False,0.0065746903419494,0.0029564499855041,0.0019146800041198,0.0013536214828491,0.0003227591514587,84.09836065573771,15.901639344262293,610,False,1132
NP_001070044,XP_056305077,0.0065575838088989,random,,False,False,True,False,0.006557822227478,0.0024415254592895,0.001944363117218,0.0006858706474304,0.0002949237823486,91.1032028469751,8.896797153024906,281,False,1133
NP_958493,XP_056303546,0.0065362453460693,stratified,,True,False,False,False,0.0065363049507141,0.0047869086265563,0.0019792318344116,0.0009098649024963,0.0004024505615234,90.0,10.0,140,False,1134
XP_073805306,XP_056320679,0.0065183639526367,stratified,,True,False,False,False,0.0065186023712158,0.0065138936042785,0.0031695365905761,0.0026999115943908,0.0026624202728271,84.55882352941177,15.441176470588232,136,False,1135
XP_073810855,XP_056315162,0.0065126419067382,random,,False,False,True,False,0.0065127611160278,0.0103845596313476,0.0031226277351379,0.0015458464622497,0.0007980465888977,86.76923076923077,13.230769230769226,325,False,1136
XP_005172702,XP_056322533,0.0065011382102966,random,,False,False,True,False,0.0065009593963623,0.0065222978591918,0.0079350471496582,0.0094048380851745,0.0011215806007385,86.159169550173,13.840830449826996,578,False,1137
XP_073808242,XP_056337726,0.0064892172813415,stratified,,True,False,False,False,0.0064890384674072,0.0089061260223388,0.017195701599121,0.0027447938919067,0.0015357136726379,74.14634146341463,25.85365853658537,204,False,1138
NP_001077014,XP_056312592,0.0064706802368164,stratified,,True,False,False,False,0.0064706206321716,0.0049980282783508,0.0033981204032897,0.0029151439666748,0.0013284087181091,77.01711491442543,22.982885085574566,409,False,1139
NP_001116318,XP_056313938,0.0064349770545959,random,,False,False,True,False,0.0064349174499511,0.0059033632278442,0.0040046572685241,0.0051096081733703,0.001462697982788,86.3157894736842,13.684210526315795,95,False,1140
XP_005172702,XP_056322534,0.006361961364746,stratified,,True,False,False,False,0.0063616037368774,0.0064543485641479,0.0079255104064941,0.0091825127601623,0.0011157989501953,86.30849220103985,13.691507798960146,577,False,1141
XP_073807738,XP_056328853,0.0063344240188598,stratified,,True,False,False,False,0.0063346624374389,0.0073693990707397,0.0024818181991577,0.0017822384834289,0.002009630203247,79.92565055762081,20.074349442379187,268,False,1142
XP_073807738,XP_056328466,0.0063344240188598,stratified,,True,False,False,False,0.0063346624374389,0.0073693990707397,0.0024819374084472,0.0017822980880737,0.002009630203247,79.92565055762081,20.074349442379187,268,False,1143
XP_073810774,XP_056336521,0.0062658190727233,stratified,,True,False,False,False,0.0062659382820129,0.0064984560012817,0.0038597583770751,0.0027869343757629,0.0010880827903747,79.86798679867987,20.132013201320134,302,False,1144
NP_991215,XP_056312317,0.0062565207481384,random,,False,False,True,False,0.0062565207481384,0.0057278871536254,0.0044382214546203,0.0098297595977783,0.0040153861045837,77.1875,22.8125,640,False,1145
NP_001107957,XP_056304289,0.0061933994293212,stratified,,True,False,False,False,0.0061933994293212,0.0064516067504882,0.0040413737297058,0.005578339099884,0.0010163784027099,68.93939393939394,31.060606060606062,260,False,1146
XP_021336076,XP_056325313,0.0061668157577514,stratified,,True,False,False,False,0.0046787858009338,0.0032547712326049,0.0020778179168701,0.00455242395401,0.0013107061386108,78.67679928475637,21.32320071524363,2254,True,1147
NP_001314733,XP_056326686,0.0061603188514709,stratified,,True,False,False,False,0.0061602592468261,0.0028132796287536,0.0017155408859252,0.0011959075927734,0.0003485679626464,87.75510204081633,12.244897959183675,196,False,1148
XP_073801514,XP_056329786,0.0061540603637695,stratified,,True,False,False,False,0.006154179573059,0.0042603611946105,0.0022339820861816,0.0013670921325683,0.0006723403930664,80.0,20.0,254,False,1149
XP_073789981,XP_056329786,0.0061540603637695,random,,False,False,True,False,0.0061541199684143,0.0042603611946105,0.0022339820861816,0.0013670921325683,0.0006723403930664,80.0,20.0,254,False,1150
XP_021333468,XP_056318780,0.0061192512512207,stratified,,True,False,False,False,0.0061191916465759,0.0064438581466674,0.0031784772872924,0.0013833045959472,0.0004847049713134,81.98198198198199,18.01801801801801,444,False,1151
XP_073807360,XP_056312960,0.0061027407646179,stratified,,True,False,False,False,0.0061030983924865,0.0062997937202453,0.0054226517677307,0.0023610591888427,0.0014534592628479,72.48062015503876,27.519379844961236,258,False,1152
XP_073807361,XP_056312960,0.0061027407646179,stratified,,True,False,False,False,0.0061030983924865,0.0062997937202453,0.0054226517677307,0.0023609995841979,0.0014534592628479,72.48062015503876,27.519379844961236,258,False,1153
XP_073808232,XP_056329786,0.0060845613479614,stratified,,True,False,False,False,0.0060847997665405,0.0050092339515686,0.0020885467529296,0.0020515322685241,0.0007775425910949,76.2081784386617,23.791821561338296,268,False,1154
XP_073802930,XP_056312375,0.0060650706291198,random,,False,False,True,False,0.0060649514198303,0.0044060945510864,0.0025956630706787,0.002030611038208,0.0007873773574829,73.95957193816885,26.04042806183115,825,False,1155
NP_957040,XP_056334317,0.0060482621192932,stratified,,True,False,False,False,0.0060484409332275,0.0085768699645996,0.003136396408081,0.0056961774826049,0.0013256669044494,88.86075949367088,11.139240506329116,395,False,1156
XP_009303641,XP_056322533,0.0060425996780395,random,,False,False,True,False,0.0060427188873291,0.0065041780471801,0.0077260136604309,0.0079410076141357,0.0010285973548889,85.2991452991453,14.700854700854705,578,False,1157
XP_009290813,XP_056331007,0.0060197710990905,random,,False,False,True,False,0.0060197710990905,0.006061315536499,0.0058230757713317,0.0022224783897399,0.0014943480491638,94.83747609942638,5.162523900573618,522,False,1158
NP_001182175,XP_056305098,0.0059961080551147,stratified;random,,True,False,True,False,0.0059964060783386,0.0051594972610473,0.0082423686981201,0.0138251781463623,0.0023654699325561,85.5595667870036,14.440433212996396,277,False,1159
XP_073792526,XP_056304225,0.0059849619865417,stratified,,True,False,False,False,0.0059846639633178,0.0040560364723205,0.0024429559707641,0.0016936659812927,0.0004569292068481,81.58730158730158,18.41269841269842,630,False,1160
XP_073801286,XP_056310245,0.005894124507904,stratified,,True,False,False,False,0.0058944225311279,0.0045626759529113,0.0031020641326904,0.0032714009284973,0.0005896091461181,72.76887871853548,27.231121281464524,437,False,1161
XP_021328778,XP_056332963,0.0058614015579223,stratified,,True,False,False,False,0.005861222743988,0.0066885948181152,0.0033572912216186,0.0013932585716247,0.001052439212799,90.9090909090909,9.090909090909093,110,False,1162
XP_697139,XP_056327437,0.0058488249778747,stratified,,True,False,False,False,0.0081639289855957,0.006513237953186,0.0039598941802978,0.0064270496368408,0.0018289685249328,68.08769792935445,31.912302070645552,1642,False,1163
XP_073785494,XP_056336222,0.0058442950248718,random,,False,False,True,False,0.0058441758155822,0.0038185715675354,0.0028746724128723,0.0025134086608886,0.0014144778251647,51.88821752265861,48.11178247734139,1308,False,1164
XP_073791245,XP_056302470,0.0058319568634033,stratified,,True,False,False,False,0.0001335144042968,0.0001128315925598,0.0001081228256225,5.7637691497802734e-05,1.4424324035644531e-05,98.47389558232932,1.5261044176706804,1245,False,1165
NP_001373212,XP_056301524,0.0057951211929321,stratified,,True,False,False,False,0.0057952404022216,0.0046746730804443,0.002708613872528,0.0020665526390075,0.0011973977088928,84.9624060150376,15.037593984962399,133,False,1166
NP_001017591,XP_056311516,0.0057453513145446,random,,False,False,True,False,0.0057453513145446,0.0101147890090942,0.0045786499977111,0.004840075969696,0.001810073852539,82.85123966942149,17.14876033057851,483,False,1167
NP_001410627,XP_056328632,0.0056889653205871,stratified,,True,False,False,False,0.005688726902008,0.0064948201179504,0.0056641697883605,0.0050106644630432,0.0013469457626342,75.98870056497175,24.01129943502825,354,False,1168
NP_998126,XP_056313020,0.0056484937667846,stratified,,True,False,False,False,0.0056486725807189,0.0065367221832275,0.0015389323234558,0.0016462206840515,0.0023890733718872,94.79768786127168,5.202312138728317,346,True,1169
NP_001018518,XP_056322916,0.0055662393569946,stratified,,True,False,False,False,0.0055662393569946,0.0032135248184204,0.0008301138877868,0.0005043745040893,0.001574695110321,96.93251533742333,3.0674846625766747,163,False,1170
XP_073788447,XP_056337500,0.0055646300315856,stratified,,True,False,False,False,0.0055645704269409,0.0024603605270385,0.0012502074241638,0.0009772181510925,0.0003226399421691,88.20861678004535,11.791383219954653,441,False,1171
XP_073802594,XP_056311685,0.0055291056632995,stratified,,True,False,False,False,0.0004348158836364,0.0002955198287963,0.000195026397705,0.0001913905143737,5.257129669189453e-05,97.2356599861783,2.7643400138216947,1447,False,1172
XP_073802591,XP_056311685,0.0055291056632995,stratified,,True,False,False,False,0.0003851652145385,0.0003979206085205,0.0002292394638061,0.0001713633537292,6.818771362304688e-05,94.55645161290325,5.4435483870967545,1488,False,1173
NP_001017731,XP_056308240,0.0055260062217712,stratified,,True,False,False,False,0.005526065826416,0.0029680728912353,0.0018553733825683,0.0013513565063476,0.0014850497245788,93.75,6.25,256,False,1174
XP_073800976,XP_056310003,0.005506694316864,stratified,,True,False,False,False,0.0008142590522766,0.0006080865859985,0.0001832842826843,0.0001744627952575,5.644559860229492e-05,93.3988764044944,6.601123595505598,1422,False,1175
XP_073808232,XP_056319372,0.0054251551628112,stratified,,True,False,False,False,0.0054255723953247,0.0060664415359497,0.0022314190864562,0.0015981197357177,0.0012965202331542,79.92565055762081,20.074349442379187,268,False,1176
XP_073801490,XP_056310573,0.0053567886352539,random,,False,False,True,False,0.0053569078445434,0.0051972866058349,0.0032262802124023,0.0021896362304687,0.0013666749000549,82.3529411764706,17.647058823529406,252,False,1177
XP_073793589,XP_056332166,0.005346655845642,stratified,,True,False,False,False,0.0053467750549316,0.007032573223114,0.0042035579681396,0.0029267072677612,0.0008339285850524,76.01246105919003,23.98753894080997,316,False,1178
XP_073808222,XP_056332166,0.005346655845642,stratified,,True,False,False,False,0.0053467750549316,0.007032573223114,0.0042035579681396,0.0029267072677612,0.0008339285850524,76.01246105919003,23.98753894080997,316,False,1179
XP_073791533,XP_056329778,0.0053004622459411,stratified,,True,False,False,False,0.0053005218505859,0.0044872164726257,0.0034719109535217,0.0016467571258544,0.0006433129310607,81.31487889273356,18.68512110726644,288,False,1180
XP_073796967,XP_056329778,0.0053004622459411,random,,False,False,True,False,0.0053004622459411,0.0044871568679809,0.0034719109535217,0.0016467571258544,0.0006433129310607,81.31487889273356,18.68512110726644,288,False,1181
XP_073810778,XP_056329778,0.0053004622459411,stratified,,True,False,False,False,0.0053006410598754,0.0044872760772705,0.0034719109535217,0.0016467571258544,0.0006433129310607,81.31487889273356,18.68512110726644,288,False,1182
XP_073791532,XP_056329778,0.0053004622459411,stratified,,True,False,False,False,0.0053005218505859,0.0044872760772705,0.0034719109535217,0.0016467571258544,0.0006433129310607,81.31487889273356,18.68512110726644,288,False,1183
XP_073807797,XP_056316855,0.0052896738052368,stratified,,True,False,False,False,0.0052898526191711,0.0064901709556579,0.0019877552986145,0.0016731023788452,0.001357614994049,80.29739776951673,19.702602230483265,268,False,1184
XP_073810933,XP_056311484,0.0052896738052368,random,,False,False,True,False,0.0052900314331054,0.0064901709556579,0.0019878149032592,0.0016730427742004,0.001357614994049,80.29739776951673,19.702602230483265,268,False,1185
XP_073800379,XP_056322201,0.0052896738052368,stratified,,True,False,False,False,0.0052899718284606,0.0064901709556579,0.0019877552986145,0.0016731023788452,0.001357614994049,80.29739776951673,19.702602230483265,268,False,1186
XP_073800280,XP_056302209,0.0052896738052368,stratified,,True,False,False,False,0.0052899718284606,0.0064901709556579,0.0019877552986145,0.0016730427742004,0.001357614994049,80.29739776951673,19.702602230483265,268,False,1187
XP_073808231,XP_056328853,0.0052896738052368,stratified,,True,False,False,False,0.0052900314331054,0.0064901709556579,0.0019877552986145,0.0016730427742004,0.001357614994049,80.29739776951673,19.702602230483265,268,False,1188
XP_073800281,XP_056325655,0.0052896738052368,stratified,,True,False,False,False,0.0052900314331054,0.0064901709556579,0.0019878149032592,0.0016731023788452,0.001357614994049,80.29739776951673,19.702602230483265,268,False,1189
XP_073810932,XP_056333343,0.0052896738052368,random,,False,False,True,False,0.0052900314331054,0.0064901709556579,0.0019877552986145,0.0016730427742004,0.001357614994049,80.29739776951673,19.702602230483265,268,False,1190
XP_073807798,XP_056325547,0.0052896738052368,random,,False,False,True,False,0.0052898526191711,0.0064901709556579,0.0019877552986145,0.0016730427742004,0.001357614994049,80.29739776951673,19.702602230483265,268,False,1191
XP_073793593,XP_056313241,0.0052896738052368,random,,False,False,True,False,0.0052898526191711,0.0064901709556579,0.0019877552986145,0.0016731023788452,0.001357614994049,80.29739776951673,19.702602230483265,268,False,1192
XP_073793593,XP_056328466,0.0052896738052368,stratified,,True,False,False,False,0.0052898526191711,0.0064901709556579,0.0019878149032592,0.0016731023788452,0.001357614994049,80.29739776951673,19.702602230483265,268,False,1193
XP_073793592,XP_056322201,0.0052896738052368,stratified,,True,False,False,False,0.0052900314331054,0.0064901709556579,0.0019877552986145,0.0016730427742004,0.001357614994049,80.29739776951673,19.702602230483265,268,False,1194
XP_073793593,XP_056311466,0.0052896738052368,stratified,,True,False,False,False,0.0052898526191711,0.0064901709556579,0.0019878149032592,0.0016731023788452,0.001357614994049,80.29739776951673,19.702602230483265,268,False,1195
XP_073810781,XP_056313241,0.0052896738052368,stratified,,True,False,False,False,0.0052900314331054,0.0064901709556579,0.0019877552986145,0.0016731023788452,0.001357614994049,80.29739776951673,19.702602230483265,268,False,1196
XP_073793592,XP_056313241,0.0052896738052368,stratified,,True,False,False,False,0.0052899718284606,0.0064901709556579,0.0019877552986145,0.0016730427742004,0.001357614994049,80.29739776951673,19.702602230483265,268,False,1197
XP_073807799,XP_056313241,0.0052896738052368,random,,False,False,True,False,0.0052898526191711,0.0064901709556579,0.0019877552986145,0.0016730427742004,0.001357614994049,80.29739776951673,19.702602230483265,268,False,1198
XP_073810781,XP_056311484,0.0052896738052368,random,,False,False,True,False,0.0052900314331054,0.0064901709556579,0.0019878149032592,0.0016731023788452,0.001357614994049,80.29739776951673,19.702602230483265,268,False,1199
XP_073810931,XP_056318306,0.0052896738052368,stratified,,True,False,False,False,0.0052900314331054,0.0064901709556579,0.0019877552986145,0.0016730427742004,0.001357614994049,80.29739776951673,19.702602230483265,268,False,1200
XP_073810932,XP_056316855,0.0052896738052368,stratified,,True,False,False,False,0.0052900314331054,0.0064901709556579,0.0019877552986145,0.0016730427742004,0.001357614994049,80.29739776951673,19.702602230483265,268,False,1201
XP_073800379,XP_056313242,0.0052896738052368,stratified,,True,False,False,False,0.0052898526191711,0.0064901709556579,0.0019877552986145,0.0016731023788452,0.001357614994049,80.29739776951673,19.702602230483265,268,False,1202
XP_073800281,XP_056311466,0.0052896738052368,stratified,,True,False,False,False,0.0052900314331054,0.0064901709556579,0.0019878149032592,0.0016731023788452,0.001357614994049,80.29739776951673,19.702602230483265,268,False,1203
XP_073810931,XP_056306804,0.0052896738052368,stratified,,True,False,False,False,0.0052900314331054,0.0064901709556579,0.0019877552986145,0.0016730427742004,0.001357614994049,80.29739776951673,19.702602230483265,268,False,1204
XP_073800379,XP_056306804,0.0052896738052368,random,,False,False,True,False,0.0052898526191711,0.0064901709556579,0.0019877552986145,0.0016731023788452,0.001357614994049,80.29739776951673,19.702602230483265,268,False,1205
XP_073810931,XP_056313242,0.0052896738052368,stratified;random,,True,False,True,False,0.0052900314331054,0.0064901709556579,0.0019877552986145,0.0016730427742004,0.001357614994049,80.29739776951673,19.702602230483265,268,False,1206
XP_017208769,XP_056303289,0.0052216053009033,stratified,,True,False,False,False,0.005221664905548,0.0040571689605712,0.00388765335083,0.0030024647712707,0.0010334849357604,74.53874538745387,25.461254612546128,270,False,1207
XP_073810936,XP_056318230,0.0052211880683898,stratified,,True,False,False,False,0.0052210688591003,0.0050871968269348,0.0029366016387939,0.0022840499877929,0.0007913708686828,79.6078431372549,20.392156862745097,254,False,1208
XP_073804891,XP_056318230,0.0052211880683898,random,,False,False,True,False,0.0052210688591003,0.0050871968269348,0.0029366016387939,0.0022840499877929,0.0007913708686828,79.6078431372549,20.392156862745097,254,False,1209
XP_073791936,XP_056303050,0.0052003860473632,stratified,,True,False,False,False,0.0002774596214294,0.0005567073822021,0.0001438856124877,0.0001363158226013,4.476308822631836e-05,97.4076983503535,2.592301649646501,1271,False,1210
XP_073793934,XP_056303356,0.0051997900009155,random,,False,False,True,False,0.003325879573822,0.0021703839302062,0.0011574029922485,0.001024305820465,0.0003596544265747,71.13764044943821,28.86235955056179,1423,False,1211
XP_073793556,XP_056329778,0.0051342844963073,random,,False,False,True,False,0.0051344633102416,0.004115343093872,0.0033144950866699,0.0018065571784973,0.0006434321403503,80.96885813148789,19.03114186851211,288,False,1212
XP_073793557,XP_056329778,0.0051342844963073,stratified,,True,False,False,False,0.0051344633102416,0.004115343093872,0.0033144950866699,0.0018065571784973,0.0006434321403503,80.96885813148789,19.03114186851211,288,False,1213
XP_073794101,XP_056305843,0.0051335096359252,stratified,,True,False,False,False,0.0004395246505737,0.0003760457038879,0.0003618001937866,0.0002543330192565,0.000110924243927,94.0,6.0,1448,False,1214
NP_001124266,XP_056337580,0.0051164031028747,stratified,,True,False,False,False,0.0051163434982299,0.0047172307968139,0.0026628971099853,0.0020139813423156,0.0009427070617675,82.08955223880596,17.910447761194035,268,False,1215
XP_073793345,XP_056304495,0.0050867795944213,stratified,,True,False,False,False,0.0050868988037109,0.0081382393836975,0.0039849281311035,0.0019669532775878,0.0011753439903259,76.75840978593273,23.241590214067273,323,False,1216
NP_001004013,XP_056328543,0.0049368739128112,random,,False,False,True,False,0.004936933517456,0.0033056735992431,0.0065154433250427,0.00464928150177,0.0026097297668457,80.65693430656934,19.34306569343066,274,False,1217
NP_571189,XP_056306788,0.0049290060997009,random,,False,False,True,False,0.0049289464950561,0.004999816417694,0.0026657581329345,0.0022394657135009,0.002213180065155,84.04669260700389,15.95330739299611,257,False,1218
XP_021325127,XP_056303292,0.0047299265861511,random,,False,False,True,False,0.0047301054000854,0.0022331476211547,0.0046594142913818,0.0031625628471374,0.0006850957870483,78.9090909090909,21.090909090909093,275,False,1219
XP_073800376,XP_056319124,0.0047158002853393,stratified,,True,False,False,False,0.0047158002853393,0.0045580863952636,0.0029869675636291,0.0018225312232971,0.0006864070892333,81.66089965397924,18.339100346020757,288,False,1220
XP_073810926,XP_056319124,0.0047158002853393,random,,False,False,True,False,0.0047158002853393,0.0045582056045532,0.0029869675636291,0.0018225312232971,0.0006864070892333,81.66089965397924,18.339100346020757,288,False,1221
XP_073804886,XP_056319125,0.0047158002853393,random,,False,False,True,False,0.0047158002853393,0.0045582056045532,0.0029869675636291,0.0018224716186523,0.0006864070892333,81.66089965397924,18.339100346020757,288,False,1222
XP_073796967,XP_056319125,0.0047158002853393,stratified,,True,False,False,False,0.0047158002853393,0.0045580863952636,0.0029869675636291,0.0018224716186523,0.0006864070892333,81.66089965397924,18.339100346020757,288,False,1223
XP_073806902,XP_056312777,0.0046666860580444,stratified,,True,False,False,False,0.0046666264533996,0.0025621056556701,0.0028796792030334,0.0020276308059692,0.002237319946289,78.05429864253394,21.945701357466064,442,False,1224
XP_005171457,XP_056325366,0.0045766830444335,random,,False,False,True,False,0.0045768618583679,0.00366872549057,0.0015547275543212,0.0008719563484191,0.0004335641860961,81.37931034482759,18.620689655172413,1595,False,1225
NP_001018608,XP_056333637,0.0045523047447204,stratified,,True,False,False,False,0.0045520663261413,0.0119292736053466,0.0028778910636901,0.0027413964271545,0.0017828345298767,89.6788990825688,10.321100917431195,436,False,1226
NP_001159589,XP_056324544,0.0045365095138549,stratified,,True,False,False,False,0.0045363903045654,0.0027112364768981,0.0010660886764526,0.0017755627632141,0.0021734237670898,93.0753564154786,6.924643584521405,491,True,1227
NP_001074056,XP_056314969,0.0045059919357299,random,,False,False,True,False,0.0045060515403747,0.0057992339134216,0.002706229686737,0.0005633234977722,0.0001937747001647,90.44684129429892,9.55315870570108,648,False,1228
NP_001070752,XP_056337338,0.0044933557510375,random,,False,False,True,False,0.0044935345649719,0.0044484138488769,0.0042266249656677,0.0067698955535888,0.0026214718818664,90.11627906976744,9.883720930232556,344,False,1229
NP_739570,XP_056320281,0.0044756531715393,stratified,,True,False,False,False,0.004475712776184,0.0041826367378234,0.0031052231788635,0.0016616582870483,0.0038913488388061,79.10714285714286,20.89285714285714,560,True,1230
NP_001096119,XP_056332106,0.0044714212417602,random,,False,False,True,False,0.0044714212417602,0.0053364634513854,0.0018972158432006,0.0011076927185058,0.0002439618110656,87.03170028818444,12.968299711815561,347,False,1231
XP_073791873,XP_056301905,0.0044504404067993,stratified,,True,False,False,False,0.002667486667633,0.0022522211074829,0.0019193291664123,0.0020079612731933,0.0096186995506286,78.21782178217822,21.78217821782178,1110,False,1232
XP_002661886,XP_056310981,0.0044503808021545,random,,False,False,True,False,0.0044504404067993,0.0056378245353698,0.0008792877197265,0.0010713338851928,0.0009464621543884,94.44444444444444,5.555555555555557,126,False,1233
NP_001017775,XP_056331050,0.0043975114822387,random,,False,False,True,False,0.0043974518775939,0.0039893388748168,0.0026639699935913,0.0021737217903137,0.0036861896514892,90.66265060240964,9.337349397590359,332,False,1234
NP_878288,XP_056328384,0.0043879747390747,random,,False,False,True,False,0.0043882131576538,0.0025601983070373,0.0014024972915649,0.0012149214744567,0.0018730759620666,92.6441351888668,7.355864811133202,503,True,1235
NP_998424,XP_056306199,0.0043606162071228,stratified;random,,True,False,True,False,0.004360556602478,0.0030507445335388,0.0015813112258911,0.0009939074516296,0.0002830624580383,94.71830985915491,5.281690140845086,284,False,1236
XP_684581,XP_056323856,0.0043535232543945,stratified,,True,False,False,False,0.008309006690979,0.010848581790924,0.0014806985855102,0.0008004903793334,0.0006954669952392,78.28185328185329,21.718146718146713,3133,False,1237
XP_073790481,XP_056301942,0.0043161511421203,random,,False,False,True,False,0.0002281665802001,0.0002165436744689,0.0001410841941833,7.575750350952148e-05,2.592802047729492e-05,97.61336515513126,2.3866348448687376,1257,False,1238
XP_073808971,XP_056313138,0.0043110847473144,random,,False,False,True,False,0.0043111443519592,0.0033602714538574,0.0021057724952697,0.0016974210739135,0.00089031457901,80.44692737430168,19.55307262569832,354,False,1239
XP_073790492,XP_056301946,0.0042530298233032,random,,False,False,True,False,0.0003559589385986,0.0003572702407836,0.0001261830329895,9.381771087646484e-05,4.2378902435302734e-05,95.98715890850724,4.01284109149276,1238,False,1240
NP_571817,XP_056302527,0.0042500495910644,stratified,,True,False,False,False,0.0042502880096435,0.0011094808578491,0.0014088153839111,0.0013396739959716,0.0002184510231018,91.98717948717947,8.012820512820525,312,False,1241
XP_073809669,XP_056315357,0.0042489767074584,random,,False,False,True,False,0.0032979249954223,0.00283944606781,0.0017911195755004,0.0017653703689575,0.0005565285682678,86.97711128650356,13.022888713496442,1264,False,1242
XP_002664303,XP_056328806,0.0042254328727722,random,,False,False,True,False,0.0042253136634826,0.0042668581008911,0.0032493472099304,0.0010193586349487,0.0006240010261535,82.05521472392638,17.944785276073617,644,False,1243
XP_073791439,XP_056302886,0.0041902661323547,random,,False,False,True,False,0.0041903257369995,0.0076168179512023,0.0050833225250244,0.0137199759483337,0.0024852156639099,81.14035087719299,18.859649122807014,456,False,1244
XP_009299425,XP_056313238,0.0041735768318176,random,,False,False,True,False,0.0041736364364624,0.0057764053344726,0.0018237233161926,0.0009572505950927,0.0004591941833496,94.05940594059406,5.940594059405939,101,False,1245
XP_073808725,XP_056316678,0.0041401982307434,stratified,,True,False,False,False,0.0041402578353881,0.0040133595466613,0.002892792224884,0.0011569261550903,0.0003588199615478,88.94009216589862,11.05990783410138,420,False,1246
XP_073792771,XP_056304547,0.0041201710700988,stratified,,True,False,False,False,0.0041202902793884,0.0014192461967468,0.0004352927207946,0.0005208849906921,0.0001178383827209,97.83783783783784,2.1621621621621614,185,False,1247
XP_003201130,XP_056303259,0.0041180253028869,stratified,,True,False,False,False,0.0041179656982421,0.0026785731315612,0.0014358758926391,0.0007808208465576,0.0003513693809509,87.3767258382643,12.623274161735694,506,False,1248
NP_861431,XP_056325388,0.0041078925132751,stratified,,True,False,False,False,0.0041079521179199,0.0050035119056701,0.0044093132019042,0.0031056404113769,0.0013759732246398,88.93280632411067,11.067193675889328,505,False,1249
NP_001017783,XP_056310579,0.0040771961212158,stratified,,True,False,False,False,0.0040774345397949,0.0039836168289184,0.0026243925094604,0.0024478435516357,0.0006845593452453,81.52610441767068,18.47389558232932,249,False,1250
XP_073807411,XP_056308771,0.0040733814239501,random,,False,False,True,False,0.0040733218193054,0.0065430402755737,0.0075510144233703,0.0049324035644531,0.0053982138633728,62.4,37.6,625,False,1251
NP_001296971,XP_056337470,0.0040630102157592,stratified,,True,False,False,False,0.004063069820404,0.0043597221374511,0.0036269426345825,0.0036171674728393,0.0019465684890747,84.58049886621315,15.419501133786852,882,False,1252
NP_001295578,XP_056317584,0.0040454268455505,random,,False,False,True,False,0.0040454268455505,0.0021706819534301,0.0021025538444519,0.0012921094894409,0.000311255455017,96.7032967032967,3.296703296703299,273,False,1253
NP_001003729,XP_056333200,0.0040076375007629,stratified,,True,False,False,False,0.0040079355239868,0.0044796466827392,0.0039244294166564,0.0072726011276245,0.0040711164474487,89.0909090909091,10.909090909090907,550,True,1254
XP_003199543,XP_056323771,0.0040045380592346,stratified,,True,False,False,False,0.004004418849945,0.0032951235771179,0.0032879114151,0.0029108524322509,0.0005020499229431,77.02888583218707,22.971114167812928,710,False,1255
XP_073789900,XP_056336860,0.0039916038513183,stratified,,True,False,False,False,0.0039915442466735,0.0035275816917419,0.0025810599327087,0.0017668604850769,0.0004391074180603,87.83783783783784,12.162162162162161,516,False,1256
XP_001332231,XP_056315343,0.0039886236190795,random,,False,False,True,False,0.00398850440979,0.002535343170166,0.0017228126525878,0.0010632276535034,0.0005540251731872,89.15094339622641,10.84905660377359,212,False,1257
XP_001923170,XP_056326350,0.0039880871772766,stratified,,True,False,False,False,0.0039880275726318,0.0026531219482421,0.0020861625671386,0.001035451889038,0.0003339648246765,87.00873362445415,12.991266375545848,916,False,1258
XP_009298792,XP_056325231,0.0039774775505065,random,,False,False,True,False,0.0039775967597961,0.0032473802566528,0.0016462802886962,0.0022994875907897,0.0007035732269287,56.741573033707866,43.258426966292134,532,False,1259
XP_073810923,XP_056336644,0.0039774179458618,stratified,,True,False,False,False,0.0039774775505065,0.0048068761825561,0.0030755996704101,0.0019878149032592,0.0008082389831542,81.51815181518151,18.48184818481849,302,False,1260
XP_073800375,XP_056336644,0.0039774179458618,random,,False,False,True,False,0.0039774775505065,0.0048069357872009,0.0030755996704101,0.0019876956939697,0.0008082389831542,81.51815181518151,18.48184818481849,302,False,1261
XP_073800374,XP_056336644,0.0039774179458618,stratified,,True,False,False,False,0.0039774775505065,0.0048069357872009,0.0030755996704101,0.0019878149032592,0.0008082389831542,81.51815181518151,18.48184818481849,302,False,1262
XP_073800375,XP_056336643,0.0039774179458618,stratified,,True,False,False,False,0.0039774775505065,0.0048069953918457,0.0030755996704101,0.0019878149032592,0.0008082389831542,81.51815181518151,18.48184818481849,302,False,1263
XP_073806366,XP_056313057,0.0039729475975036,random,,False,False,True,False,0.0039730072021484,0.0071492195129394,0.0057923197746276,0.0093799233436584,0.0037270188331604,75.77639751552795,24.223602484472053,483,False,1264
NP_001124070,XP_056336738,0.0039705038070678,stratified,,True,False,False,False,0.0039705634117126,0.006558358669281,0.0031063556671142,0.0014192461967468,0.0031118392944335,77.31006160164272,22.689938398357285,974,True,1265
NP_001410451,XP_056327827,0.0039616227149963,stratified,,True,False,False,False,0.0043479800224304,0.0027663111686706,0.0022318363189697,0.0010334849357604,0.0003358721733093,90.2200488997555,9.779951100244503,818,False,1266
XP_017213978,XP_056325565,0.003949761390686,stratified,,True,False,False,False,0.0039499998092651,0.003537118434906,0.0024592280387878,0.001999020576477,0.0004901885986328,86.11111111111111,13.888888888888886,324,False,1267
NP_001353719,XP_056324289,0.0039364099502563,random,,False,False,True,False,0.0039364695549011,0.0031608939170837,0.0023849606513977,0.0016925334930419,0.0004549026489257,90.13157894736842,9.868421052631575,152,False,1268
XP_073790133,XP_056336906,0.0039331316947937,stratified,,True,False,False,False,0.000958502292633,0.0009893774986267,0.0008988976478576,0.0004470944404602,0.0001227259635925,92.06241519674356,7.937584803256442,1473,False,1269
XP_073798268,XP_056307555,0.0038597583770751,random,,False,False,True,False,0.0038596391677856,0.0044462084770202,0.0046838521957397,0.003501534461975,0.0034098625183105,81.16480793060718,18.835192069392818,807,False,1270
NP_001166107,XP_056326298,0.0038594007492065,random,,False,False,True,False,0.0038595795631408,0.0039188265800476,0.0013644695281982,0.0012999176979064,0.0007128715515136,91.34615384615384,8.65384615384616,104,False,1271
NP_001289971,XP_056308415,0.0038540363311767,stratified,,True,False,False,False,0.003854215145111,0.0034223794937133,0.0008060336112976,0.0006557703018188,0.0002980828285217,95.89041095890413,4.109589041095873,73,False,1272
XP_009302848,XP_056320893,0.0038468837738037,stratified,,True,False,False,False,0.0038469433784484,0.0071362853050231,0.0028697848320007,0.0067275762557983,0.0173832774162292,78.02575107296137,21.97424892703863,1136,False,1273
NP_001106972,XP_056313072,0.0038383603096008,stratified,,True,False,False,False,0.0038383603096008,0.000947892665863,0.000536561012268,0.0003885626792907,0.0001139640808105,92.47787610619469,7.522123893805315,450,False,1274
XP_073791919,XP_056302503,0.0038223266601562,random,,False,False,True,False,0.0004294514656066,0.0002901554107666,0.0001363158226013,0.0002340674400329,3.5643577575683594e-05,95.5177743431221,4.482225656877901,1294,False,1275
XP_073791918,XP_056302501,0.0038223266601562,random,,False,False,True,False,0.0004294514656066,0.0002901554107666,0.0001363158226013,0.0002340674400329,3.5643577575683594e-05,95.5177743431221,4.482225656877901,1294,False,1276
XP_073791917,XP_056302502,0.0038223266601562,random,,False,False,True,False,0.0004294514656066,0.0002901554107666,0.0001363158226013,0.0002340674400329,3.5643577575683594e-05,95.5177743431221,4.482225656877901,1294,False,1277
XP_073793957,XP_056303361,0.0038026571273803,random,,False,False,True,False,0.0028454065322875,0.0021227598190307,0.0013240575790405,0.0008701682090759,0.0004246830940246,75.0778816199377,24.9221183800623,1283,False,1278
XP_073803519,XP_056311382,0.0037890672683715,stratified,,True,False,False,False,0.0028204321861267,0.0043063163757324,0.0018069744110107,0.0013350844383239,0.0003449916839599,85.70135746606334,14.298642533936658,1101,False,1279
XP_021322842,XP_056333637,0.003747284412384,random,,False,False,True,False,0.0037472248077392,0.0123586058616638,0.0029950141906738,0.0026277899742126,0.0017398595809936,89.6788990825688,10.321100917431195,436,False,1280
XP_073803277,XP_056311009,0.0037260055541992,random,,False,False,True,False,0.0037258863449096,0.0019696950912475,0.0018368363380432,0.0015919208526611,0.0002846121788024,81.61157024793388,18.388429752066116,481,False,1281
XP_698724,XP_056335689,0.0036921501159667,stratified,,True,False,False,False,0.0036924481391906,0.0014792084693908,0.0009803175926208,0.0006442666053771,0.0002902150154113,88.43416370106762,11.565836298932382,562,False,1282
XP_021335365,XP_056323909,0.0036515593528747,stratified,,True,False,False,False,0.0036517977714538,0.0034992098808288,0.0031185150146484,0.0015099048614501,0.0005591511726379,78.17589576547232,21.82410423452768,1224,False,1283
XP_001332088,XP_056321430,0.0036442279815673,stratified,,True,False,False,False,0.0036441683769226,0.0043749213218688,0.0008929967880249,0.0011712908744812,0.0003148317337036,93.46733668341707,6.532663316582926,199,False,1284
XP_073804383,XP_056310834,0.0036377310752868,random,,False,False,True,False,0.0036953091621398,0.0025407075881958,0.0016748905181884,0.0011062026023864,0.0004251599311828,86.94798822374878,13.05201177625122,1019,False,1285
XP_021323920,XP_056335524,0.0035682916641235,stratified,,True,False,False,False,0.0035682916641235,0.0013338923454284,0.0016423463821411,0.0014498233795166,0.000232458114624,92.48554913294798,7.51445086705202,173,False,1286
XP_073799710,XP_056309544,0.003555417060852,stratified;random,,True,False,True,False,0.0026864409446716,0.0019395947456359,0.0015094876289367,0.0006694793701171,0.0002359747886657,84.52041785375118,15.479582146248816,1050,False,1287
NP_001116416,XP_056314732,0.0035479664802551,stratified,,True,False,False,False,0.0035484433174133,0.0024690628051757,0.0020886659622192,0.003759741783142,0.0010163187980651,83.36980306345733,16.630196936542674,457,False,1288
XP_005160930,XP_056301476,0.0035330057144165,stratified,,True,False,False,False,0.0035329461097717,0.0046678781509399,0.0026699304580688,0.0011531710624694,0.0003185272216796,86.51994497936727,13.480055020632733,726,False,1289
NP_001373283,XP_056301959,0.0035318136215209,random,,False,False,True,False,0.0035319924354553,0.0033324360847473,0.0027647018432617,0.0017400979995727,0.0011071562767028,91.34615384615384,8.65384615384616,104,False,1290
NP_001153304,XP_056321086,0.0035174489021301,stratified,,True,False,False,False,0.0035172700881958,0.003544270992279,0.002887487411499,0.0045936703681945,0.0006558895111083,91.34304207119742,8.656957928802584,1236,False,1291
NP_001373519,XP_056328625,0.00346040725708,stratified,,True,False,False,False,0.0034601092338562,0.0031633973121643,0.0023859143257141,0.0017616748809814,0.0009788274765014,88.15789473684211,11.84210526315789,76,False,1292
XP_005161421,XP_056302108,0.0034250020980834,stratified,,True,False,False,False,0.0034249424934387,0.0022051334381103,0.0014153718948364,0.0008992552757263,0.0028482675552368,95.17241379310344,4.827586206896555,145,False,1293
XP_073800344,XP_056309206,0.0034146308898925,stratified,,True,False,False,False,0.0005145668983459,0.0006071329116821,0.0002835988998413,0.0002163052558898,0.0001032948493957,93.13944817300522,6.860551826994779,1341,False,1294
NP_571339,XP_056303610,0.0034114122390747,target,AHR2,False,False,False,True,0.0034112334251403,0.0010164380073547,0.0006663799285888,0.0002850890159606,0.0028410553932189,93.1840311587147,6.815968841285297,1027,True,1295
XP_021335848,XP_056326084,0.0034042000770568,stratified,,True,False,False,False,0.0034040808677673,0.0022742748260498,0.0020812153816223,0.0009793639183044,0.0005199313163757,81.6205533596838,18.379446640316203,505,False,1296
XP_073804987,XP_056311227,0.0033832192420959,stratified,,True,False,False,False,0.0033831000328063,0.0035958290100097,0.0019379258155822,0.0029370784759521,0.0015106201171875,81.65680473372781,18.34319526627219,338,False,1297
XP_073792897,XP_056330376,0.003359317779541,stratified,,True,False,False,False,0.0033592581748962,0.0036181807518005,0.0026554465293884,0.0014153718948364,0.0006235837936401,80.70652173913044,19.293478260869563,368,False,1298
XP_073792529,XP_056304224,0.0033584237098693,random,,False,False,True,False,0.0033585429191589,0.0019773244857788,0.0012471675872802,0.0008671283721923,0.0002412796020507,87.84440842787683,12.155591572123171,616,False,1299
XP_073798237,XP_056307542,0.0033516287803649,stratified,,True,False,False,False,0.000135600566864,0.0002245306968688,0.0001159310340881,8.970499038696289e-05,6.42538070678711e-05,97.60061919504643,2.399380804953566,1292,False,1300
XP_073795225,XP_056305840,0.0032897591590881,stratified;random,,True,False,True,False,0.0032898187637329,0.0027322769165039,0.0014393925666809,0.0011911392211914,0.0007436871528625,86.95652173913044,13.043478260869563,460,False,1301
XP_005161090,XP_056302958,0.0032783150672912,random,,False,False,True,False,0.003278374671936,0.0019339323043823,0.001173973083496,0.0005746483802795,0.0009610056877136,88.57142857142857,11.42857142857143,833,False,1302
XP_690395,XP_056336694,0.0032569169998168,stratified,,True,False,False,False,2.6106834411621097e-05,1.8775463104248047e-05,1.2636184692382812e-05,9.357929229736328e-06,4.291534423828125e-06,99.48761742100768,0.512382578992316,1171,False,1303
XP_073797945,XP_056307223,0.0032030940055847,stratified,,True,False,False,False,0.0032030344009399,0.0023939609527587,0.003239631652832,0.0013245940208435,0.0002250671386718,88.46918489065607,11.530815109343933,495,False,1304
XP_073788072,XP_056336190,0.0031841397285461,stratified,,True,False,False,False,0.0031839609146118,0.0043659806251525,0.0023011565208435,0.0016831755638122,0.0014646053314208,80.83588175331295,19.164118246687053,981,False,1305
NP_001070218,XP_056332159,0.0031768083572387,random,,False,False,True,False,0.0031769275665283,0.0037694573402404,0.0015772581100463,0.0007326006889343,0.0005446076393127,92.8909952606635,7.109004739336498,211,False,1306
NP_001014373,XP_056313616,0.003174602985382,stratified,,True,False,False,False,0.0024369955062866,0.0016485452651977,0.000702679157257,0.0006690621376037,0.000339925289154,90.21739130434784,9.782608695652158,456,False,1307
NP_001019618,XP_056329798,0.0031557083129882,random,,False,False,True,False,0.0031555294990539,0.0024054646492004,0.0008996129035949,0.0006739497184753,0.0005879998207092,86.36363636363636,13.63636363636364,242,False,1308
XP_017207394,XP_056334133,0.0031206011772155,stratified,,True,False,False,False,0.0031207203865051,0.0041848421096801,0.0017807483673095,0.0019549131393432,0.0047610402107238,87.37727910238429,12.622720897615707,1426,False,1309
NP_001013299,XP_056323143,0.0031178593635559,stratified,,True,False,False,False,0.0031177997589111,0.0022083520889282,0.0012884736061096,0.0008875727653503,0.0003502368927001,90.82125603864736,9.178743961352637,207,False,1310
XP_695071,XP_056332365,0.0031147003173828,stratified,,True,False,False,False,0.000418484210968,0.0004749298095703,0.0002437829971313,0.0001953840255737,0.0001910924911499,92.87128712871286,7.128712871287135,1514,False,1311
XP_009302934,XP_056320817,0.0031132698059082,random,,False,False,True,False,0.0031132698059082,0.0040563941001892,0.0033910870552062,0.0028192400932312,0.0009616613388061,71.05882352941177,28.941176470588232,424,False,1312
XP_073804655,XP_056325318,0.0030668377876281,stratified,,True,False,False,False,0.0030667185783386,0.0026195645332336,0.0020250678062438,0.0014053583145141,0.0002034902572631,93.12169312169311,6.878306878306887,189,False,1313
NP_001353685,XP_056314655,0.0030643343925476,random,,False,False,True,False,0.0030645132064819,0.0017176270484924,0.0014137625694274,0.000740647315979,0.0003663301467895,81.2937062937063,18.706293706293707,567,False,1314
NP_001070718,XP_056329681,0.0030581355094909,stratified,,True,False,False,False,0.0030580163002014,0.0019552111625671,0.0017516613006591,0.000792384147644,0.0005578398704528,90.50925925925924,9.490740740740762,432,False,1315
NP_001005577,XP_056318590,0.0030434727668762,random,,False,False,True,False,0.0030432343482971,0.0020316243171691,0.0011901259422302,0.0010190606117248,0.0022627115249633,88.05970149253731,11.940298507462686,334,True,1316
XP_073800017,XP_056305861,0.0030422806739807,stratified,,True,False,False,False,0.003042459487915,0.0065274238586425,0.0020210146903991,0.0038397908210754,0.0007129311561584,82.23844282238443,17.761557177615572,411,False,1317
XP_021328358,XP_056305820,0.0030255913734436,random,,False,False,True,False,0.0030256509780883,0.0071529150009155,0.0030965209007263,0.0038179159164428,0.000675618648529,81.99513381995133,18.004866180048666,411,False,1318
XP_073807639,XP_056313135,0.0030129551887512,stratified,,True,False,False,False,0.0030126571655273,0.0033134222030639,0.0029468536376953,0.0013650059700012,0.0029002428054809,76.33928571428571,23.660714285714292,891,False,1319
XP_073795102,XP_056304657,0.0029788613319396,random,,False,False,True,False,0.0001621842384338,0.0001535415649414,0.0001891255378723,5.185604095458984e-05,3.36766242980957e-05,98.04054054054056,1.9594594594594383,1480,False,1320
XP_073804119,XP_056310856,0.0029678344726562,stratified,,True,False,False,False,0.0029675960540771,0.0019993782043457,0.0008316040039062,0.0010209083557128,0.0003553032875061,82.95739348370927,17.042606516290732,399,False,1321
XP_009302401,XP_056319239,0.0029650926589965,stratified,,True,False,False,False,0.0029654502868652,0.0026659965515136,0.0014346837997436,0.0014410018920898,0.000805377960205,86.36363636363636,13.63636363636364,257,False,1322
XP_073794796,XP_056308778,0.0029612183570861,stratified,,True,False,False,False,0.0029611587524414,0.0036808848381042,0.0152033567428588,0.0249585509300231,0.00490403175354,73.6842105263158,26.315789473684205,284,False,1323
XP_009294897,XP_056305410,0.002949833869934,stratified,,True,False,False,False,0.0029494762420654,0.0040254592895507,0.0018786191940307,0.0008646845817565,0.0002766847610473,94.46640316205534,5.533596837944657,253,False,1324
XP_073789812,XP_056336613,0.002948522567749,stratified,,True,False,False,False,0.002948522567749,0.0017345547676086,0.0014507174491882,0.0007567405700683,0.0003440976142883,88.68217054263566,11.31782945736434,642,False,1325
XP_073789807,XP_056336613,0.002948522567749,stratified,,True,False,False,False,0.002948522567749,0.0017345547676086,0.0014507174491882,0.0007566213607788,0.0003440976142883,88.68217054263566,11.31782945736434,642,False,1326
NP_938161,XP_056308536,0.0029434561729431,stratified;random,,True,False,True,False,0.003010869026184,0.001849353313446,0.0016366839408874,0.0009382963180541,0.000637412071228,82.51533742331289,17.484662576687114,326,False,1327
XP_005174015,XP_056303273,0.0029422044754028,stratified;random,,True,False,True,False,0.0029423832893371,0.0028180480003356,0.0031900405883789,0.0020747184753417,0.0004410147666931,82.86852589641434,17.13147410358566,251,False,1328
XP_003197979,XP_056335703,0.0029404759407043,stratified,,True,False,False,False,0.0029404163360595,0.0015749335289001,0.0009633898735046,0.0009363889694213,0.0002468824386596,86.79927667269439,13.20072332730561,553,False,1329
XP_005166176,XP_056316333,0.0029143095016479,random,,False,False,True,False,0.0004822611808776,0.0003670454025268,0.0001891255378723,0.0001378655433654,5.877017974853515e-05,95.35415079969536,4.645849200304639,1311,False,1330
XP_073794443,XP_056310361,0.0028965473175048,stratified,,True,False,False,False,0.0027029514312744,0.0018766522407531,0.0028247237205505,0.0033746361732482,0.0021183490753173,85.2105778648384,14.789422135161601,1020,False,1331
XP_001337969,XP_056333860,0.002890408039093,random,,False,False,True,False,0.0028902888298034,0.0036558508872985,0.0051504373550415,0.0019270777702331,0.0011157989501953,76.47058823529412,23.529411764705884,200,False,1332
XP_073792711,XP_056303372,0.0028785467147827,stratified,,True,False,False,False,0.0002873539924621,0.0001859068870544,8.732080459594727e-05,3.916025161743164e-05,3.7789344787597656e-05,97.1671388101983,2.8328611898017044,1412,False,1333
XP_001341328,XP_056325773,0.0028648972511291,stratified,,True,False,False,False,0.0028650164604187,0.0006332993507385,0.0005767345428466,0.0001349449157714,0.0006473660469055,96.33867276887872,3.661327231121277,437,False,1334
XP_017210951,XP_056310461,0.0028609037399291,stratified,,True,False,False,False,0.0028611421585083,0.0027804374694824,0.0016055703163146,0.0019136071205139,0.0004055500030517,84.44816053511705,15.551839464882946,596,False,1335
XP_001334616,XP_056306058,0.0028606057167053,random,,False,False,True,False,0.0028605461120605,0.0033522844314575,0.0024298429489135,0.0009565353393554,0.0003947019577026,89.5582329317269,10.441767068273094,745,False,1336
NP_001257524,XP_056317323,0.0028479099273681,stratified,,True,False,False,False,0.002848207950592,0.0010094046592712,0.0010914802551269,0.0003979802131652,0.0006254911422729,97.27891156462584,2.7210884353741562,147,False,1337
XP_005160412,XP_056301277,0.0028302669525146,stratified,,True,False,False,False,0.0035902261734008,0.0033146142959594,0.0027706623077392,0.0013081431388854,0.001331090927124,75.89861751152074,24.10138248847926,2168,False,1338
XP_073804431,XP_056310441,0.0028244256973266,random,,False,False,True,False,0.0028245449066162,0.0015856623649597,0.0006648302078247,0.0005150437355041,0.000109851360321,89.77407847800238,10.22592152199762,840,False,1339
XP_005156356,XP_056325189,0.0028042197227478,stratified,,True,False,False,False,0.0028043985366821,0.0028976202011108,0.0012534260749816,0.000412106513977,0.0013127326965332,95.1923076923077,4.807692307692307,728,True,1340
XP_073789977,XP_056336822,0.0027804970741271,stratified,,True,False,False,False,0.0027805566787719,0.0023071765899658,0.0016327500343322,0.0008326172828674,0.0003588795661926,90.3030303030303,9.696969696969703,328,False,1341
NP_001070801,XP_056325565,0.0027657151222229,stratified,,True,False,False,False,0.0027658939361572,0.0028455853462219,0.002169907093048,0.0016894936561584,0.0004467368125915,86.11111111111111,13.888888888888886,324,False,1342
NP_001002753,XP_056309721,0.0027596950531005,stratified,,True,False,False,False,0.0031953454017639,0.0022433400154113,0.0063257813453674,0.0018478035926818,0.0021451711654663,91.93548387096774,8.064516129032256,247,False,1343
XP_002663081,XP_056332453,0.0027461647987365,stratified,,True,False,False,False,0.0027461647987365,0.0016551613807678,0.0016111135482788,0.0084410309791564,0.0011569261550903,80.19607843137256,19.803921568627445,1020,False,1344
XP_073791227,XP_056303002,0.0027396082878112,stratified,,True,False,False,False,0.0027394294738769,0.0067391395568847,0.0027414560317993,0.0083546042442321,0.0011392831802368,86.22754491017965,13.772455089820355,330,False,1345
XP_073800702,XP_056309671,0.0027387142181396,random,,False,False,True,False,0.0027390122413635,0.0019569396972656,0.0017518401145935,0.000404953956604,0.00046968460083,91.21447028423772,8.78552971576228,386,False,1346
NP_957029,XP_056337727,0.0027272105216979,random,,False,False,True,False,0.0027278065681457,0.0048132538795471,0.0026469826698303,0.0038496255874633,0.0007375478744506,90.84967320261438,9.150326797385617,153,False,1347
XP_003200380,XP_056333328,0.0027200579643249,stratified,,True,False,False,False,0.0027200579643249,0.0024361610412597,0.0128645300865173,0.0013255476951599,0.0005543828010559,90.29850746268656,9.701492537313442,134,False,1348
XP_021323091,XP_056332362,0.0027161836624145,stratified,,True,False,False,False,0.0027164816856384,0.0011576414108276,0.0010353326797485,0.0009011030197143,0.0002570748329162,91.00719424460432,8.992805755395679,278,False,1349
XP_005155999,XP_056324060,0.002693235874176,stratified,,True,False,False,False,0.0026928186416625,0.0021642446517944,0.0015953183174133,0.0038952231407165,0.0045871138572692,87.31343283582089,12.68656716417911,402,True,1350
NP_001129725,XP_056311479,0.0026856064796447,stratified,,True,False,False,False,0.002685546875,0.0022544264793395,0.0017029047012329,0.0011000037193298,0.0005472898483276,79.71014492753623,20.289855072463766,205,False,1351
XP_003198902,XP_056316830,0.0026570558547973,random,,False,False,True,False,0.0026571750640869,0.0031211376190185,0.0018802881240844,0.0009545087814331,0.0024342536926269,91.14713216957604,8.85286783042396,802,True,1352
XP_017206694,XP_056330082,0.0026535391807556,random,,False,False,True,False,0.0026538372039794,0.0033544898033142,0.0019477009773254,0.0016718506813049,0.0013919472694396,78.49740932642487,21.502590673575128,384,False,1353
XP_073795601,XP_056305036,0.0026478767395019,stratified,,True,False,False,False,0.0026481747627258,0.002560555934906,0.0014300346374511,0.0012522935867309,0.0003848075866699,83.11926605504587,16.88073394495413,540,False,1354
XP_003200754,XP_056337651,0.0026405453681945,stratified,,True,False,False,False,0.0026406645774841,0.0029090642929077,0.002056062221527,0.0015975832939147,0.0019161105155944,85.31468531468532,14.68531468531468,429,False,1355
XP_005166296,XP_056315000,0.0026155710220336,random,,False,False,True,False,0.0026156306266784,0.0019953250885009,0.0044278502464294,0.0099918246269226,0.000471293926239,90.71729957805908,9.282700421940916,237,False,1356
NP_001188466,XP_056311462,0.0025839209556579,stratified,,True,False,False,False,0.0025839209556579,0.0032488107681274,0.0028174519538879,0.0024200677871704,0.0010575652122497,89.40677966101696,10.593220338983045,472,False,1357
NP_001188466,XP_056311463,0.0025839209556579,random,,False,False,True,False,0.0025839209556579,0.0032488107681274,0.0028174519538879,0.0024200677871704,0.0010575652122497,89.40677966101696,10.593220338983045,472,False,1358
XP_021326004,XP_056306113,0.0025779008865356,random,,False,False,True,False,0.0025779604911804,0.0044810771942138,0.0014947056770324,0.0011290907859802,0.0002435445785522,89.27680798004988,10.723192019950119,399,False,1359
XP_073796460,XP_056306225,0.0025672912597656,random,,False,False,True,False,0.0025674700736999,0.001673400402069,0.0011647939682006,0.0017223954200744,0.0005108714103698,90.81632653061224,9.183673469387756,490,False,1360
XP_073796458,XP_056306225,0.0025672912597656,stratified,,True,False,False,False,0.0025674700736999,0.001673400402069,0.0011647939682006,0.001722514629364,0.0005108714103698,90.81632653061224,9.183673469387756,490,False,1361
XP_021329042,XP_056301501,0.0025641322135925,stratified,,True,False,False,False,0.0025638937950134,0.0026613473892211,0.0030083656311035,0.0014508962631225,0.0005865097045898,84.20138888888889,15.798611111111114,575,False,1362
XP_001346279,XP_056304292,0.0025594830513,stratified,,True,False,False,False,0.0025594830513,0.0020782947540283,0.0015880465507507,0.0013390779495239,0.0002328157424926,90.3225806451613,9.677419354838705,279,False,1363
NP_001311424,XP_056337634,0.0025530457496643,stratified,,True,False,False,False,9.632110595703124e-05,0.000230848789215,0.0001241564750671,6.0439109802246094e-05,1.347064971923828e-05,99.38080495356036,0.6191950464396427,323,False,1364
NP_001098585,XP_056325386,0.0025369524955749,random,,False,False,True,False,0.0025368928909301,0.0018644928932189,0.0011329054832458,0.0012011528015136,0.001138150691986,91.66666666666669,8.333333333333314,336,False,1365
XP_021324551,XP_056302964,0.0025267601013183,stratified,,True,False,False,False,0.0025262236595153,0.0013970136642456,0.0007952451705932,0.0004886984825134,0.0002981424331665,92.38095238095238,7.61904761904762,734,False,1366
XP_688797,XP_056302371,0.0025233626365661,random,,False,False,True,False,0.0025231838226318,0.0009889602661132,0.0015454292297363,0.0017346143722534,0.0001247525215148,94.31072210065643,5.6892778993435655,457,False,1367
XP_073795576,XP_056304953,0.0025132298469543,stratified,,True,False,False,False,0.000616431236267,0.0007189512252807,0.0004056692123413,0.0001436471939086,0.0002246499061584,92.88079470198676,7.119205298013242,1208,False,1368
NP_001025291,XP_056301331,0.0025098323822021,stratified,,True,False,False,False,0.0025099515914916,0.002321183681488,0.0009564757347106,0.0007880330085754,0.0002146959304809,91.4942528735632,8.505747126436802,435,False,1369
NP_001038631,XP_056315475,0.002507209777832,stratified,,True,False,False,False,0.0033896565437316,0.0032963156700134,0.0058686137199401,0.0045100450515747,0.0005001425743103,92.76595744680851,7.234042553191486,470,False,1370
XP_073803571,XP_056312301,0.0024966597557067,stratified,,True,False,False,False,0.0024969577789306,0.0018916130065917,0.0012416243553161,0.0011727809906005,0.0004663467407226,90.0889453621347,9.911054637865305,787,False,1371
NP_001186941,XP_056329042,0.0024831891059875,random,,False,False,True,False,0.0024831891059875,0.0033350586891174,0.0021173357963562,0.0022605657577514,0.0033043026924133,94.93087557603688,5.0691244239631175,651,True,1372
XP_690155,XP_056323885,0.0024774074554443,random,,False,False,True,False,0.0024773478507995,0.0019931197166442,0.0017716884613037,0.0011940002441406,0.0003609657287597,90.70422535211269,9.295774647887313,354,False,1373
XP_017207906,XP_056335925,0.0024724006652832,stratified,,True,False,False,False,0.0024724602699279,0.0029556155204772,0.001738429069519,0.0014998316764831,0.0005023479461669,83.17460317460318,16.825396825396822,315,False,1374
XP_073787851,XP_056335925,0.0024724006652832,stratified,,True,False,False,False,0.0024724602699279,0.0029556155204772,0.001738429069519,0.0014998316764831,0.0005023479461669,83.17460317460318,16.825396825396822,315,False,1375
NP_001036815,XP_056326425,0.0024634599685668,stratified,,True,False,False,False,0.0024635791778564,0.0012032389640808,0.000569462776184,0.0003973841667175,0.0001119971275329,92.88956127080182,7.110438729198179,661,False,1376
NP_001314977,XP_056328910,0.0024431943893432,random,,False,False,True,False,0.0029575228691101,0.0029244422912597,0.0023581385612487,0.0013386011123657,0.0004052519798278,83.98791540785498,16.012084592145015,330,False,1377
XP_005162677,XP_056306604,0.002439260482788,random,,False,False,True,False,0.0024393796920776,0.0019892454147338,0.0014873147010803,0.0016751289367675,0.0003579258918762,90.7840440165062,9.2159559834938,727,False,1378
XP_001344844,XP_056324880,0.0024388432502746,stratified,,True,False,False,False,0.0024385452270507,0.0013037919998168,0.0007471442222595,0.0003836750984191,0.000109314918518,89.85126859142608,10.148731408573923,1141,False,1379
XP_073799129,XP_056308180,0.0024305582046508,random,,False,False,True,False,0.0001330971717834,8.976459503173828e-05,0.0001073479652404,5.841255187988281e-05,2.86102294921875e-05,98.23232323232324,1.767676767676761,1188,False,1380
NP_991185,XP_056326362,0.0024243593215942,stratified,,True,False,False,False,0.0024243593215942,0.0029901266098022,0.0007674694061279,0.0007092356681823,0.0002771615982055,90.14084507042251,9.859154929577485,142,False,1381
XP_073809809,XP_056314952,0.0024237036705017,stratified,,True,False,False,False,0.0024236440658569,0.0024133920669555,0.0008766055107116,0.0011345148086547,0.0004425048828125,86.54891304347827,13.451086956521735,733,False,1382
XP_021330084,XP_056334389,0.0024136900901794,random,,False,False,True,False,0.0024134516716003,0.0017412304878234,0.0008500814437866,0.0002913475036621,0.0006597638130187,94.375,5.625,160,False,1383
XP_017211916,XP_056316021,0.0024003982543945,random,,False,False,True,False,0.0024001598358154,0.001802921295166,0.0012990236282348,0.0007570385932922,0.0003774166107177,94.11764705882354,5.882352941176464,153,False,1384
NP_001346857,XP_056311477,0.0023965239524841,stratified,,True,False,False,False,0.0023965835571289,0.0018462538719177,0.0013819932937622,0.0009142756462097,0.0003468394279479,79.74137931034483,20.258620689655174,228,False,1385
XP_073787326,XP_056336008,0.0023871660232543,random,,False,False,True,False,0.0023874640464782,0.0018662810325622,0.0025816559791564,0.0006390213966369,0.0002777576446533,88.98809523809524,11.01190476190476,335,False,1386
XP_073787331,XP_056336008,0.0023871660232543,random,,False,False,True,False,0.0023874640464782,0.0018662810325622,0.0025816559791564,0.0006390213966369,0.0002777576446533,88.98809523809524,11.01190476190476,335,False,1387
XP_073798009,XP_056307954,0.00238037109375,random,,False,False,True,False,0.0023133754730224,0.0012050867080688,0.0009484887123107,0.0005547404289245,0.0021068453788757,94.03973509933776,5.960264900662239,151,False,1388
XP_073795575,XP_056304953,0.0023739337921142,stratified,,True,False,False,False,0.0005598068237304,0.0007442831993103,0.0004644393920898,0.0002079606056213,0.0003004670143127,92.64462809917356,7.355371900826441,1208,False,1389
XP_684629,XP_056315473,0.0023704767227172,stratified,,True,False,False,False,0.0023704171180725,0.0016847252845764,0.0014488101005554,0.0008399486541748,0.0002133250236511,90.6187624750499,9.381237524950095,1001,False,1390
NP_001124063,XP_056302958,0.0023701786994934,random,,False,False,True,False,0.0025015473365783,0.0012321472167968,0.0007329583168029,0.0008348226547241,0.0003715753555297,89.52380952380952,10.476190476190482,833,False,1391
NP_001164537,XP_056314804,0.0023684501647949,random,,False,False,True,False,0.0028045773506164,0.0012516379356384,0.0004776120185852,0.0012856721878051,0.0002137422561645,94.006309148265,5.993690851734996,317,False,1392
XP_073789739,XP_056337280,0.0023631453514099,stratified,,True,False,False,False,0.000152051448822,0.0001097321510314,4.357099533081055e-05,3.886222839355469e-05,9.59634780883789e-06,98.56781802864364,1.432181971356357,1187,False,1393
XP_073789747,XP_056337280,0.0023631453514099,stratified,,True,False,False,False,0.000152051448822,0.0001097321510314,4.357099533081055e-05,3.886222839355469e-05,9.59634780883789e-06,98.56781802864364,1.432181971356357,1187,False,1394
XP_005155966,XP_056323885,0.0023444890975952,random,,False,False,True,False,0.0023443698883056,0.001875102519989,0.0016663074493408,0.0011107921600341,0.0003420710563659,90.96045197740114,9.039548022598865,354,False,1395
NP_001038722,XP_056337096,0.0023431181907653,random,,False,False,True,False,0.0023428797721862,0.0047535896301269,0.0008018612861633,0.0013560056686401,0.0009108781814575,92.62536873156344,7.374631268436559,339,False,1396
XP_073810282,XP_056315190,0.0023344159126281,random,,False,False,True,False,0.002334177494049,0.0025135278701782,0.0026600360870361,0.003380000591278,0.0007632970809936,83.62573099415205,16.37426900584795,171,False,1397
NP_001003838,XP_056325518,0.0023341178894042,random,,False,False,True,False,0.002333641052246,0.0017803311347961,0.0011976361274719,0.0008569359779357,0.0004122257232666,94.4,5.599999999999994,125,False,1398
NP_001373473,XP_056305858,0.0023291110992431,random,,False,False,True,False,0.0023291707038879,0.0019643902778625,0.0015205144882202,0.0007323026657104,0.0003866553306579,92.24137931034484,7.75862068965516,232,False,1399
XP_073809805,XP_056314953,0.0023277997970581,random,,False,False,True,False,0.0023276805877685,0.0021787881851196,0.0008479356765747,0.0011171102523803,0.0004225373268127,86.68478260869566,13.315217391304344,733,False,1400
XP_001923752,XP_056328740,0.0023130774497985,stratified,,True,False,False,False,0.0023131370544433,0.0023037195205688,0.0022855997085571,0.0016164779663085,0.0005537867546081,82.04081632653062,17.959183673469383,245,False,1401
XP_021333237,XP_056318724,0.0023103356361389,random,,False,False,True,False,0.0023103952407836,0.0020355582237243,0.0019779205322265,0.0072695016860961,0.0017315745353698,82.58928571428571,17.410714285714292,222,False,1402
XP_005159833,XP_056336107,0.0023001432418823,stratified,,True,False,False,False,0.0022999048233032,0.0015667676925659,0.000906765460968,0.0005717873573303,0.0004944205284118,91.42857142857144,8.571428571428555,350,False,1403
NP_001038238,XP_056337267,0.0022954940795898,stratified,,True,False,False,False,0.0022956132888793,0.0008902549743652,0.0010657906532287,0.0005934238433837,0.0024524331092834,87.82608695652173,12.173913043478265,230,True,1404
NP_001292542,XP_056306807,0.002286672592163,random,,False,False,True,False,0.0022865533828735,0.0014067888259887,0.0003172159194946,0.0001852512359619,0.0005464553833007,97.29729729729728,2.702702702702723,259,False,1405
XP_073809810,XP_056314955,0.0022779107093811,random,,False,False,True,False,0.0022779703140258,0.0022615194320678,0.000841736793518,0.0011038184165954,0.0004220008850097,86.66666666666667,13.333333333333329,732,False,1406
NP_001003526,XP_056309985,0.002270221710205,stratified,,True,False,False,False,0.0022702813148498,0.0019196271896362,0.0013719797134399,0.0010997056961059,0.0001651048660278,89.60244648318043,10.39755351681957,654,False,1407
XP_005160524,XP_056337202,0.0022593736648559,random,,False,False,True,False,0.0022593140602111,0.0016909837722778,0.0010614395141601,0.0003609061241149,0.0008615255355834,92.05020920502092,7.94979079497908,716,False,1408
NP_001107088,XP_056330390,0.002256691455841,random,,False,False,True,False,0.0022567510604858,0.0003352761268615,0.0001260638236999,0.0001261830329895,8.022785186767578e-05,99.03069466882069,0.9693053311793136,619,False,1409
NP_001003572,XP_056325054,0.0022559165954589,random,,False,False,True,False,0.0022558569908142,0.0009883046150207,0.0009059309959411,0.0003299117088317,0.0001810789108276,95.63106796116504,4.368932038834956,412,False,1410
NP_999983,XP_056334545,0.0022458434104919,random,,False,False,True,False,0.0022458434104919,0.0017812848091125,0.0010484457015991,0.0004723668098449,0.0002659559249877,87.88198103266596,12.118018967334038,948,False,1411
XP_001335854,XP_056310183,0.0022355914115905,stratified,,True,False,False,False,0.0022360682487487,0.0026032328605651,0.0009390115737915,0.000679075717926,0.0014235377311706,86.97916666666667,13.020833333333329,766,True,1412
NP_001108355,XP_056312042,0.0022320747375488,random,,False,False,True,False,0.0022321939468383,0.0018805861473083,0.0005733370780944,0.0004023313522338,0.0003119707107543,94.79768786127168,5.202312138728317,518,False,1413
XP_009290149,XP_056330068,0.0022223591804504,random,,False,False,True,False,0.0022222995758056,0.0041569471359252,0.0022324919700622,0.0012640953063964,0.000348150730133,89.61864406779661,10.381355932203391,471,False,1414
XP_073790448,XP_056302164,0.002212643623352,stratified,,True,False,False,False,0.0004001259803771,0.0002636313438415,0.0001747608184814,0.0001922845840454,2.6345252990722656e-05,97.98488664987406,2.0151133501259437,1191,False,1415
XP_021334632,XP_056321337,0.0022048354148864,random,,False,False,True,False,0.0022048950195312,0.0021238923072814,0.0023876428604125,0.0011922121047973,0.0021523237228393,92.85714285714286,7.142857142857139,224,False,1416
XP_073791697,XP_056301689,0.0021952986717224,stratified,,True,False,False,False,0.0021951794624328,0.0018405318260192,0.0029988288879394,0.0107991099357604,0.0002419352531433,95.1276102088167,4.872389791183295,862,False,1417
NP_001093523,XP_056313129,0.002193808555603,random,,False,False,True,False,0.0016237497329711,0.001854121685028,0.0020772218704223,0.0009132027626037,0.000357449054718,89.91735537190083,10.082644628099175,605,False,1418
NP_001124145,XP_056310694,0.0021916031837463,random,,False,False,True,False,0.0021916031837463,0.0011025667190551,0.0008276104927062,0.0007545948028564,0.000216007232666,89.05660377358491,10.94339622641509,1058,False,1419
XP_009297676,XP_056309414,0.002189815044403,random,,False,False,True,False,0.0021899938583374,0.0015795230865478,0.0006552338600158,0.0004281401634216,0.0001983046531677,91.3907284768212,8.609271523178805,1057,False,1420
NP_001074137,XP_056324182,0.0021777153015136,random,,False,False,True,False,0.0021778941154479,0.0015373826026916,0.0007922649383544,0.0003507733345031,0.0002776384353637,91.3793103448276,8.620689655172399,462,False,1421
XP_001342303,XP_056322443,0.0021740198135375,stratified,,True,False,False,False,0.0021739602088928,0.0030308365821838,0.0020241141319274,0.0015709400177001,0.0004358887672424,85.24844720496894,14.75155279503106,642,False,1422
NP_001138281,XP_056328268,0.0021731853485107,random,,False,False,True,False,0.0020720958709716,0.0006515979766845,0.0003313422203063,0.0001920461654663,0.0018935203552246,91.53846153846152,8.461538461538481,260,True,1423
XP_001340218,XP_056307068,0.0021662712097167,random,,False,False,True,False,0.0021663904190063,0.0016993284225463,0.0011972784996032,0.0008087754249572,0.0004141330718994,85.02304147465438,14.976958525345623,434,False,1424
NP_001076331,XP_056313390,0.0021532773971557,random,,False,False,True,False,0.001493752002716,0.0006929039955139,0.0008736252784729,0.0007341504096984,0.0001372098922729,95.85987261146497,4.140127388535035,314,False,1425
XP_073785676,XP_056336631,0.0021437406539916,stratified,,True,False,False,False,0.0021435618400573,0.00114506483078,0.0004560351371765,0.0003606081008911,0.0002499222755432,92.91217257318952,7.0878274268104775,649,False,1426
NP_001017843,XP_056319218,0.0021436810493469,stratified,,True,False,False,False,0.0021435618400573,0.0025852918624877,0.0015593767166137,0.0005615949630737,0.0005998611450195,93.84615384615384,6.15384615384616,325,False,1427
NP_001373261,XP_056324685,0.0021406412124633,stratified,,True,False,False,False,0.0025732517242431,0.0011741518974304,0.0003133416175842,0.0006201267242431,0.0006700754165649,97.20670391061452,2.7932960893854784,179,False,1428
NP_001002108,XP_056331268,0.0021328926086425,random,,False,False,True,False,0.0021328926086425,0.0015244483947753,0.0008308291435241,0.0006393790245056,0.0003615021705627,93.92523364485982,6.074766355140184,214,False,1429
NP_001025415,XP_056324323,0.0021257400512695,random,,False,False,True,False,0.0021257996559143,0.0007953643798828,0.0013018250465393,0.0004414319992065,0.0002838373184204,95.11002444987776,4.889975550122244,409,False,1430
XP_073790449,XP_056302165,0.0020970106124877,stratified,,True,False,False,False,0.0004941821098327,0.0003876686096191,0.0002174973487854,0.0002251267433166,3.1888484954833984e-05,97.39495798319328,2.6050420168067205,1190,False,1431
NP_001154873,XP_056324495,0.0020904541015625,random,,False,False,True,False,0.0014789700508117,0.0013013482093811,0.0007622838020324,0.0014309287071228,0.0002172589302062,92.3469387755102,7.653061224489804,196,False,1432
XP_005165901,XP_056315629,0.0020870566368103,stratified,,True,False,False,False,0.0020869374275207,0.0022000074386596,0.0022904276847839,0.0013149976730346,0.0006844997406005,93.12320916905443,6.876790830945566,348,False,1433
NP_001007436,XP_056306795,0.0020854473114013,stratified,,True,False,False,False,0.002085268497467,0.0027522444725036,0.0017388463020324,0.0008162260055541,0.0003182291984558,88.33592534992223,11.664074650077765,643,False,1434
XP_073787208,XP_056335448,0.0020846128463745,random,,False,False,True,False,0.0020843744277954,0.002747893333435,0.0020230412483215,0.0042920112609863,0.0013250708580017,87.5912408759124,12.408759124087595,274,False,1435
NP_001104662,XP_056325314,0.0020838975906372,random,,False,False,True,False,0.0020839571952819,0.0024622082710266,0.0015443563461303,0.0012723803520202,0.0005469322204589,89.58333333333333,10.416666666666671,336,False,1436
NP_001073144,XP_056337109,0.0020778179168701,random,,False,False,True,False,0.0020775198936462,0.0015885829925537,0.0005303025245666,0.0003453493118286,0.0001652836799621,93.29268292682929,6.707317073170714,492,False,1437
XP_073809974,XP_056315469,0.002076506614685,random,,False,False,True,False,0.0020766258239746,0.0021141767501831,0.0026017427444458,0.0033466219902038,0.0007264614105224,88.6426592797784,11.3573407202216,361,False,1438
XP_021327030,XP_056308841,0.0020755529403686,random,,False,False,True,False,0.0020755529403686,0.0034154057502746,0.0018981099128723,0.0018974542617797,0.0003528594970703,84.9015317286652,15.098468271334795,457,False,1439
XP_073785667,XP_056336631,0.0020666718482971,stratified,,True,False,False,False,0.0020666718482971,0.0021184086799621,0.0009762048721313,0.0009921193122863,0.0003246068954467,89.06942392909896,10.93057607090104,677,False,1440
XP_073787400,XP_056335356,0.0020632743835449,stratified,,True,False,False,False,0.002063512802124,0.0017652511596679,0.0010234713554382,0.000723659992218,0.0001149773597717,87.73895847066579,12.261041529334207,1494,False,1441
XP_009290393,XP_056331224,0.002048909664154,stratified,,True,False,False,False,0.0020490884780883,0.0011703968048095,0.0008971095085144,0.0005349516868591,0.0001946091651916,89.5778364116095,10.422163588390504,758,False,1442
XP_021332139,XP_056312881,0.0020472407341003,stratified,,True,False,False,False,0.0020471215248107,0.0014240741729736,0.0007943511009216,0.0005741119384765,0.0001709461212158,93.10344827586206,6.896551724137936,348,False,1443
XP_073803131,XP_056311083,0.0020421147346496,random,,False,False,True,False,0.0020424127578735,0.001522958278656,0.0009304285049438,0.0005748867988586,0.0001586079597473,91.26760563380282,8.732394366197184,355,False,1444
XP_003197745,XP_056312726,0.0020347237586975,random,,False,False,True,False,0.0020344257354736,0.002450942993164,0.0012488365173339,0.0008171200752258,0.000287115573883,81.11111111111111,18.888888888888886,448,False,1445
XP_021334186,XP_056320539,0.0020331144332885,stratified,,True,False,False,False,0.0020331144332885,0.0025533437728881,0.0009810924530029,0.0007476806640625,0.0006769895553588,84.84210526315789,15.15789473684211,475,False,1446
XP_073799133,XP_056308185,0.0020223259925842,random,,False,False,True,False,0.0001010298728942,7.873773574829102e-05,7.736682891845703e-05,5.239248275756836e-05,2.9802322387695312e-05,98.47068819031436,1.5293118096856375,1177,False,1447
XP_001921439,XP_056326629,0.0020186901092529,random,,False,False,True,False,0.0020186305046081,0.000362753868103,0.0002581477165222,0.0002001523971557,4.380941390991211e-05,93.2085932085932,6.7914067914068,1443,False,1448
XP_021334748,XP_056321753,0.0020145773887634,stratified,,True,False,False,False,0.0024852752685546,0.0014418363571166,0.0015627741813659,0.0009703636169433,0.0002826452255249,81.34529147982063,18.65470852017937,3113,False,1449
XP_073786480,XP_056336302,0.0020138025283813,stratified,,True,False,False,False,0.0020138025283813,0.0007351040840148,0.0004619359970092,0.0003436207771301,0.0001752376556396,95.625,4.375,320,False,1450
XP_073801703,XP_056312042,0.0020111799240112,random,,False,False,True,False,0.0020114779472351,0.0016790628433227,0.0005525350570678,0.0004019737243652,0.0003454685211181,94.990366088632,5.009633911367999,518,False,1451
XP_073801523,XP_056312017,0.0020015239715576,stratified,,True,False,False,False,0.0020014643669128,0.0011830925941467,0.0018792152404785,0.0004248023033142,0.0002233982086181,94.16342412451364,5.836575875486361,257,False,1452
XP_009293954,XP_056303183,0.0019996166229248,random,,False,False,True,False,0.00199955701828,0.0017430782318115,0.0012972950935363,0.013083279132843,0.0011916160583496,90.0,10.0,310,False,1453
NP_001348442,XP_056318274,0.0019862055778503,random,,False,False,True,False,0.00161874294281,0.001118004322052,0.0008547306060791,0.0012518167495727,0.0002597570419311,92.71402550091076,7.285974499089235,549,False,1454
NP_956683,XP_056323167,0.001984417438507,stratified,,True,False,False,False,0.0019843578338623,0.0014626383781433,0.0011895895004272,0.0010178089141845,0.0004910230636596,93.75,6.25,368,False,1455
XP_021324189,XP_056337431,0.001980185508728,stratified,,True,False,False,False,0.0019801259040832,0.0019550919532775,0.0010464191436767,0.0006532073020935,0.0002383589744567,95.06172839506172,4.938271604938279,162,False,1456
NP_001159810,XP_056327208,0.0019656419754028,stratified,,True,False,False,False,0.0019656419754028,0.0012557506561279,0.0019900202751159,0.001876950263977,0.0001298189163208,94.96402877697842,5.035971223021576,139,False,1457
XP_005172727,XP_056322672,0.00195974111557,stratified,,True,False,False,False,0.0019598007202148,0.0029526352882385,0.000685691833496,0.0008584856986999,0.0002670884132385,88.91687657430731,11.08312342569269,397,False,1458
XP_073798913,XP_056307400,0.0019560456275939,stratified,,True,False,False,False,0.0001470446586608,0.0001001358032226,8.666515350341797e-05,4.4345855712890625e-05,7.987022399902344e-06,98.78366637706344,1.2163336229365598,1151,False,1459
XP_073798914,XP_056307399,0.0019560456275939,stratified,,True,False,False,False,0.0001469850540161,0.0001001358032226,8.666515350341797e-05,4.4345855712890625e-05,7.987022399902344e-06,98.78366637706344,1.2163336229365598,1151,False,1460
NP_001096044,XP_056324448,0.0019477605819702,stratified,,True,False,False,False,0.0019477009773254,0.0013112425804138,0.0007364749908447,0.0006499886512756,0.0002113580703735,93.03370786516854,6.966292134831463,445,False,1461
NP_001038799,XP_056316974,0.0019432306289672,stratified,,True,False,False,False,0.0019431114196777,0.0020923018455505,0.0012612342834472,0.0005266070365905,0.0007308721542358,95.26315789473684,4.736842105263165,190,True,1462
NP_001139258,XP_056319869,0.0019354820251464,stratified,,True,False,False,False,0.0019352436065673,0.0019817948341369,0.0017666220664978,0.0007130503654479,0.0003364086151123,88.35978835978835,11.640211640211646,941,False,1463
NP_001073448,XP_056321274,0.0019285082817077,stratified,,True,False,False,False,0.0019286274909973,0.0016442537307739,0.0009007453918457,0.0004423856735229,0.0003523230552673,89.71774193548387,10.282258064516128,496,False,1464
XP_021322168,XP_056330029,0.0019277334213256,stratified,,True,False,False,False,0.0019276142120361,0.0012210607528686,0.0007402896881103,0.0004644393920898,0.0006593465805053,88.32644628099173,11.673553719008268,942,False,1465
XP_005156015,XP_056324806,0.0019208192825317,stratified,,True,False,False,False,0.0019211769104003,0.0027114152908325,0.000961422920227,0.0011395215988159,0.0012641549110412,79.45017182130584,20.549828178694156,1449,True,1466
NP_001306061,XP_056330585,0.0019170641899108,random,,False,False,True,False,0.0016067624092102,0.0014667510986328,0.0006256699562072,0.0004097819328308,0.0002082586288452,91.5129151291513,8.487084870848705,541,False,1467
XP_073790323,XP_056302574,0.0019167065620422,random,,False,False,True,False,0.0019166469573974,0.0017419457435607,0.0020289421081542,0.0003989934921264,0.0004460215568542,90.15151515151516,9.848484848484844,132,False,1468
NP_001314862,XP_056333615,0.0019161701202392,stratified,,True,False,False,False,0.0021309256553649,0.0019441843032836,0.0016492009162902,0.0020163059234619,0.0019960403442382,88.79120879120879,11.208791208791212,454,False,1469
XP_002666883,XP_056307847,0.0019105672836303,random,,False,False,True,False,0.0019107460975646,0.0012202858924865,0.0008172392845153,0.0009331107139587,0.0001800656318664,90.9814323607427,9.018567639257299,377,False,1470
XP_005163456,XP_056332501,0.0019043684005737,random,,False,False,True,False,0.0019043087959289,0.0018404722213745,0.0008589625358581,0.0008378028869628,0.0002738833427429,97.76422764227642,2.235772357723576,492,False,1471
XP_005173133,XP_056328329,0.0019006729125976,stratified,,True,False,False,False,0.0019007921218872,0.0034918785095214,0.0009760856628417,0.0015795230865478,0.0002279877662658,89.19860627177701,10.80139372822299,287,False,1472
XP_073796428,XP_056307094,0.0018897056579589,stratified,,True,False,False,False,0.0005189180374145,0.0004882216453552,0.0003889799118041,0.0001115202903747,7.218122482299805e-05,96.8722073279714,3.1277926720286047,1119,False,1473
NP_001258768,XP_056314589,0.0018789172172546,stratified,,True,False,False,False,0.0018789768218994,0.0023384690284729,0.0006770491600036,0.0005164146423339,0.0004312396049499,93.66197183098592,6.3380281690140805,568,False,1474
XP_073798007,XP_056307954,0.001875102519989,stratified,,True,False,False,False,0.0018750429153442,0.0014201402664184,0.000983715057373,0.0006476044654846,0.0002861022949218,94.0,6.0,150,False,1475
XP_073808704,XP_056316152,0.001858651638031,random,,False,False,True,False,0.0018583536148071,0.0017703771591186,0.0021870136260986,0.000751256942749,0.0001811981201171,93.5114503816794,6.488549618320604,524,False,1476
NP_001243177,XP_056325477,0.0018379092216491,random,,False,False,True,False,0.0018377304077148,0.0021045207977294,0.0014251470565795,0.0010607242584228,0.0001869797706604,91.21813031161471,8.781869688385285,353,False,1477
XP_698063,XP_056311426,0.0018365383148193,stratified,,True,False,False,False,0.0005481243133544,0.0004377961158752,0.0004745721817016,0.0002399086952209,0.0001148581504821,93.6077057793345,6.392294220665505,1142,False,1478
NP_001191237,XP_056313196,0.0018349289894104,stratified,,True,False,False,False,0.0018350481986999,0.0010616779327392,0.0007138848304748,0.0005826354026794,0.0001479983329772,90.87591240875912,9.12408759124088,548,False,1479
NP_001003769,XP_056337386,0.0018258094787597,stratified,,True,False,False,False,0.0018258690834045,0.0012810230255126,0.0012550354003906,0.0002463459968566,0.0001741647720336,93.31983805668015,6.680161943319845,494,False,1480
XP_073787401,XP_056335356,0.0018257498741149,random,,False,False,True,False,0.0018255710601806,0.0016051530838012,0.0009286999702453,0.0006871819496154,0.0001086592674255,88.0794701986755,11.920529801324506,1487,False,1481
NP_957297,XP_056333370,0.0018247365951538,random,,False,False,True,False,0.0016785264015197,0.0013320446014404,0.0015230178833007,0.000847041606903,0.0002693533897399,92.2077922077922,7.792207792207805,769,False,1482
NP_001076408,XP_056321053,0.0018243789672851,stratified,,True,False,False,False,0.0018242597579956,0.0012177228927612,0.0008599162101745,0.0009706020355224,0.0002389550209045,96.55172413793105,3.4482758620689538,174,False,1483
NP_001277347,XP_056324614,0.0018234848976135,random,,False,False,True,False,0.0018237829208374,0.0021328330039978,0.0008325576782226,0.000411570072174,0.0004941225051879,90.73033707865169,9.269662921348313,356,False,1484
NP_775362,XP_056309194,0.0018215179443359,stratified,,True,False,False,False,0.0018213391304016,0.0011340975761413,0.0009374022483825,0.001098096370697,0.0009310841560363,97.4025974025974,2.5974025974026063,154,False,1485
NP_001074456,XP_056320562,0.0018002390861511,random,,False,False,True,False,0.0018002390861511,0.0015636682510375,0.00129234790802,0.0009852051734924,0.0002386569976806,92.22520107238606,7.7747989276139435,373,False,1486
NP_001035475,XP_056302892,0.0017938613891601,stratified,,True,False,False,False,0.0017935633659362,0.0026201605796813,0.0010061860084533,0.0006744265556335,0.0002543926239013,93.42560553633218,6.574394463667815,289,False,1487
NP_001003738,XP_056308281,0.0017920732498168,stratified,,True,False,False,False,0.0017920732498168,0.0018069148063659,0.0009614825248718,0.0007144808769226,0.0003257393836975,94.85530546623794,5.144694533762063,311,False,1488
XP_005171071,XP_056324023,0.0017870068550109,random,,False,False,True,False,0.0017871856689453,0.001211941242218,0.0010294914245605,0.0005804896354675,0.000126838684082,96.12546125461256,3.87453874538744,542,False,1489
NP_001071198,XP_056319493,0.0017870068550109,random,,False,False,True,False,0.0017867684364318,0.0006390810012817,0.0003473758697509,0.0001623034477233,8.594989776611328e-05,97.62845849802372,2.3715415019762816,253,False,1490
NP_001313518,XP_056314570,0.0017842650413513,stratified,,True,False,False,False,0.0017841458320617,0.0012619495391845,0.0010581016540527,0.0006955862045288,0.0002897381782531,96.2566844919786,3.7433155080213965,187,False,1491
XP_073807189,XP_056314570,0.0017842650413513,random,,False,False,True,False,0.0017841458320617,0.0012619495391845,0.0010581016540527,0.0006957054138183,0.0002897381782531,96.2566844919786,3.7433155080213965,187,False,1492
NP_001373462,XP_056306525,0.0017841458320617,stratified,,True,False,False,False,0.0017843842506408,0.0010055899620056,0.0006050467491149,0.0006488561630249,0.0005476474761962,93.29268292682929,6.707317073170714,164,False,1493
XP_073796947,XP_056310350,0.0017798542976379,stratified,,True,False,False,False,0.0017797350883483,0.0020087361335754,0.0010991096496582,0.0005698204040527,0.000344693660736,93.01397205588822,6.9860279441117825,500,False,1494
NP_001073284,XP_056324900,0.0017709732055664,stratified,,True,False,False,False,0.0017709136009216,0.0015185475349426,0.0007664561271667,0.00026136636734,0.0001844763755798,93.6026936026936,6.397306397306394,297,False,1495
XP_073805739,XP_056314794,0.0017673969268798,stratified,,True,False,False,False,0.0017675161361694,0.0013664364814758,0.0006524324417114,0.0016136169433593,0.0008494853973388,92.51559251559252,7.484407484407484,961,False,1496
NP_001076554,XP_056336608,0.0017575025558471,random,,False,False,True,False,0.0017575025558471,0.0016443729400634,0.0014142990112304,0.0024237036705017,0.0004090070724487,86.47058823529412,13.529411764705884,340,False,1497
XP_073805458,XP_056307509,0.0017498731613159,stratified,,True,False,False,False,0.0017500519752502,0.0016679763793945,0.0007576346397399,0.0007872581481933,0.0002054572105407,92.54658385093168,7.4534161490683175,161,False,1498
NP_001082800,XP_056308309,0.0017454028129577,stratified,,True,False,False,False,0.0017454624176025,0.0025638341903686,0.0011605620384216,0.0007570385932922,0.0002999305725097,88.19599109131403,11.804008908685972,449,False,1499
NP_001313303,XP_056329514,0.0017423629760742,stratified,,True,False,False,False,0.0017092823982238,0.0008536577224731,0.0003917217254638,0.0003600716590881,0.0002164840698242,96.07843137254902,3.9215686274509807,255,False,1500
XP_073800388,XP_056309289,0.0017356276512145,random,,False,False,True,False,0.0012874007225036,0.0008512139320373,0.0007824301719665,0.000343382358551,0.0001839995384216,92.97153024911032,7.028469750889684,1124,False,1501
XP_073800390,XP_056309290,0.0017356276512145,stratified,,True,False,False,False,0.0012874007225036,0.0008512139320373,0.0007824301719665,0.0003432631492614,0.0001839995384216,92.97153024911032,7.028469750889684,1124,False,1502
XP_005163543,XP_056333378,0.0017318725585937,stratified,,True,False,False,False,0.001732051372528,0.0012615323066711,0.0014650821685791,0.0008538961410522,0.0002939105033874,92.07792207792208,7.922077922077918,768,False,1503
NP_001245157,XP_056332368,0.0017310976982116,stratified,,True,False,False,False,0.0018678307533264,0.0019084811210632,0.0007421970367431,0.0008913278579711,0.0006405711174011,81.15015974440895,18.849840255591047,1548,False,1504
NP_001006033,XP_056309041,0.0017253160476684,random,,False,False,True,False,0.0017254948616027,0.0009291172027587,0.0009262561798095,0.0006442070007324,9.065866470336914e-05,96.85714285714286,3.142857142857139,350,False,1505
XP_021324253,XP_056337348,0.0017228126525878,random,,False,False,True,False,0.0017227530479431,0.0009931325912475,0.0007780194282531,0.000439167022705,0.000888168811798,95.99170697995854,4.008293020041464,1447,False,1506
NP_998474,XP_056319789,0.0017200708389282,random,,False,False,True,False,0.0017198920249938,0.001440405845642,0.0005857348442077,0.0009824633598327,0.0002664923667907,91.10576923076924,8.89423076923076,414,False,1507
NP_001239390,XP_056331938,0.0017197132110595,random,,False,False,True,False,0.0017195343971252,0.0013774037361145,0.001660406589508,0.000565767288208,0.0002983212471008,93.47258485639686,6.527415143603136,383,False,1508
XP_073786328,XP_056334434,0.0017151236534118,stratified,,True,False,False,False,0.0017149448394775,0.0045042037963867,0.0011426210403442,0.0006636977195739,0.0005261898040771,86.82008368200837,13.179916317991626,1912,True,1509
XP_073800591,XP_056306919,0.0017142295837402,random,,False,False,True,False,0.0017141103744506,0.0029050111770629,0.0050598382949829,0.001993179321289,0.0004065036773681,96.72131147540983,3.278688524590166,122,False,1510
XP_009304583,XP_056324303,0.0017141103744506,stratified,,True,False,False,False,0.0017140507698059,0.0016359686851501,0.0017768740653991,0.0007602572441101,0.000195026397705,94.71830985915491,5.281690140845086,284,False,1511
XP_001339876,XP_056335941,0.0017087459564208,stratified,,True,False,False,False,0.0017085671424865,0.0015239119529724,0.0010496973991394,0.0003225207328796,0.0001620650291442,91.11111111111111,8.888888888888886,765,False,1512
XP_005157021,XP_056326232,0.001707375049591,stratified,,True,False,False,False,0.0017072558403015,0.0017467737197875,0.0009962320327758,0.0006077885627746,0.0001894831657409,90.32496307237814,9.67503692762186,1354,False,1513
NP_001014359,XP_056333708,0.0017049908638,stratified,,True,False,False,False,0.0017052888870239,0.00134938955307,0.0006278157234191,0.0004052519798278,0.000352144241333,94.5945945945946,5.4054054054054035,407,False,1514
XP_002660769,XP_056328995,0.0017007589340209,stratified,,True,False,False,False,0.0017008781433105,0.0013431906700134,0.0007528066635131,0.0002984404563903,0.0001159906387329,92.24422442244224,7.755775577557756,606,False,1515
NP_001314830,XP_056333710,0.0016964077949523,stratified,,True,False,False,False,0.001696228981018,0.0019797682762145,0.0011764764785766,0.001136302947998,0.0002241730690002,93.5483870967742,6.451612903225794,155,False,1516
XP_073786718,XP_056337467,0.0016932487487792,random,,False,False,True,False,0.0016931891441345,0.0009178519248962,0.0002596378326416,0.0002707242965698,0.0001021027565002,92.20360824742268,7.796391752577321,1551,False,1517
XP_003199150,XP_056320454,0.0016840696334838,stratified,,True,False,False,False,0.0016841888427734,0.0014532208442687,0.001158058643341,0.0009799599647521,0.0002952218055725,89.85507246376811,10.14492753623189,207,False,1518
NP_001108161,XP_056312994,0.0016838312149047,stratified,,True,False,False,False,0.0016839504241943,0.0012302994728088,0.0011028051376342,0.0010676383972167,0.0001143217086791,93.65079365079364,6.349206349206355,441,False,1519
NP_001003545,XP_056325492,0.0016780495643615,stratified,,True,False,False,False,0.0016784071922302,0.0008715391159057,0.0006409287452697,0.0005189180374145,0.0002714991569519,93.158953722334,6.8410462776659955,497,False,1520
XP_073802092,XP_056312102,0.0016712546348571,stratified,,True,False,False,False,0.0006502866744995,0.000452697277069,0.0003171563148498,0.0001325607299804,9.441375732421876e-05,93.542600896861,6.457399103138997,1115,False,1521
XP_073799471,XP_056310021,0.0016674399375915,stratified,,True,False,False,False,0.0011056065559387,0.0008959770202636,0.0006171464920043,0.0003257393836975,9.72747802734375e-05,95.02304147465438,4.976958525345623,1085,False,1522
XP_073792392,XP_056303548,0.0016576647758483,random,,False,False,True,False,0.0008663535118103,0.0007548332214355,0.0003659725189208,0.0001814365386962,0.0008741021156311,96.17169373549883,3.8283062645011654,862,True,1523
XP_005165821,XP_056315560,0.0016477108001708,random,,False,False,True,False,0.0016480684280395,0.0010714530944824,0.0005513429641723,0.0001003146171569,0.0003134608268737,97.21577726218098,2.7842227378190216,431,False,1524
NP_001155221,XP_056308380,0.0016461610794067,random,,False,False,True,False,0.0016463994979858,0.0009682178497314,0.0010104775428771,0.0006825923919677,0.0001007318496704,96.2837837837838,3.7162162162161962,296,False,1525
XP_073794695,XP_056304737,0.0016453862190246,stratified,,True,False,False,False,0.0016454458236694,0.0008819699287414,0.0005481839179992,0.0003400444984436,0.0001404881477355,92.23946784922394,7.760532150776058,902,False,1526
NP_001091718,XP_056302344,0.0016433000564575,random,,False,False,True,False,0.0015795230865478,0.0010694861412048,0.0007641911506652,0.0003480911254882,0.0001274943351745,94.8207171314741,5.1792828685259025,251,False,1527
NP_001189413,XP_056332657,0.0016404390335083,stratified,,True,False,False,False,0.0012511610984802,0.0010484457015991,0.0017547011375427,0.0006116032600402,0.0008925199508666,94.73684210526316,5.263157894736835,209,False,1528
XP_005167077,XP_056319563,0.0016374588012695,random,,False,False,True,False,0.0016374588012695,0.0010810494422912,0.0005837082862854,0.0003846883773803,0.0001772046089172,96.1783439490446,3.821656050955397,628,False,1529
XP_073792908,XP_056303329,0.0016339421272277,stratified,,True,False,False,False,0.0016337037086486,0.0023102760314941,0.0005886554718017,0.0007469654083251,0.000287115573883,90.20044543429844,9.799554565701555,449,False,1530
NP_001070845,XP_056320740,0.0016337633132934,stratified,,True,False,False,False,0.0016336441040039,0.0015919804573059,0.0009270906448364,0.001119315624237,0.0001733303070068,96.34831460674155,3.6516853932584468,356,False,1531
XP_001920282,XP_056306028,0.001629889011383,random,,False,False,True,False,0.001629889011383,0.0011201500892639,0.0020859837532043,0.0008620619773864,0.0001657009124755,88.78923766816143,11.210762331838566,665,False,1532
XP_002667428,XP_056324199,0.0016278624534606,stratified,,True,False,False,False,0.0016278028488159,0.0014162063598632,0.0012201070785522,0.0007034540176391,0.003313660621643,89.62765957446808,10.372340425531917,375,False,1533
NP_001008653,XP_056322984,0.0016270875930786,random,,False,False,True,False,0.0016270875930786,0.0011525750160217,0.001624047756195,0.0008791089057922,0.0001577138900756,98.0,2.0,200,False,1534
XP_073787365,XP_056335140,0.0016266703605651,stratified,,True,False,False,False,0.0018188953399658,0.0019348859786987,0.0009733438491821,0.0007224678993225,0.0002875328063964,85.97071327350024,14.029286726499762,3772,False,1535
XP_073806843,XP_056314466,0.0016161799430847,random,,False,False,True,False,0.0007674694061279,0.0008644461631774,0.0005338191986083,0.0005373358726501,0.0008273720741271,92.94871794871794,7.051282051282058,1091,True,1536
NP_956910,XP_056330541,0.0016160607337951,stratified,,True,False,False,False,0.0016160607337951,0.0009775161743164,0.0003749728202819,0.0002514123916625,0.0001155138015747,94.70198675496688,5.298013245033118,453,False,1537
XP_073807508,XP_056313011,0.0016151666641235,stratified,,True,False,False,False,0.0016153454780578,0.0014392733573913,0.0006558299064636,0.0005298852920532,0.000361680984497,89.28571428571429,10.714285714285708,336,False,1538
XP_073793719,XP_056303599,0.0016132593154907,stratified,,True,False,False,False,0.0016129612922668,0.0019831657409667,0.0015243291854858,0.0026572942733764,0.0004721283912658,90.6832298136646,9.316770186335404,483,False,1539
NP_956467,XP_056311667,0.001612901687622,stratified,,True,False,False,False,0.0016127228736877,0.0012785792350769,0.0007415413856506,0.0005050301551818,0.0002189874649047,96.5,3.5,200,False,1540
XP_073794273,XP_056305238,0.0016077160835266,stratified,,True,False,False,False,0.0010310411453247,0.0007912516593933,0.0004200339317321,0.0004323124885559,7.104873657226562e-05,94.18819188191884,5.81180811808116,1082,False,1541
XP_073797191,XP_056307205,0.0016071796417236,stratified,,True,False,False,False,0.0016074776649475,0.0007535219192504,0.0006861090660095,0.0005679130554199,0.0001072883605957,97.4820143884892,2.5179856115107953,278,False,1542
XP_073808192,XP_056312752,0.0016014575958251,stratified,,True,False,False,False,0.0005127787590026,0.0004692077636718,0.0002036690711975,0.0001749396324157,0.0016413927078247,95.3722334004024,4.6277665995976065,1491,True,1543
NP_001082841,XP_056308244,0.0016005039215087,random,,False,False,True,False,0.0016006231307983,0.0020246505737304,0.0008497238159179,0.0012769103050231,0.0001795291900634,96.36363636363636,3.6363636363636402,110,False,1544
NP_938169,XP_056318702,0.0015931725502014,random,,False,False,True,False,0.0015570521354675,0.0015859007835388,0.0009810328483581,0.0009670257568359,0.0002315640449523,89.68609865470852,10.313901345291484,223,False,1545
NP_001166240,XP_056324440,0.0015915036201477,random,,False,False,True,False,0.0015916228294372,0.0007360577583312,0.0008900165557861,0.0009224414825439,6.860494613647461e-05,94.8339483394834,5.166051660516601,542,False,1546
XP_005166123,XP_056316272,0.0015914440155029,stratified,,True,False,False,False,0.0015913844108581,0.0026069283485412,0.0007663965225219,0.0003929734230041,0.0003724694252014,96.7741935483871,3.225806451612897,310,False,1547
XP_005169066,XP_056318836,0.0015907883644104,stratified,,True,False,False,False,0.0015907287597656,0.0017149448394775,0.000703752040863,0.0009417533874511,0.0005683898925781,88.62660944206009,11.373390557939913,466,False,1548
XP_005163903,XP_056309200,0.0015872716903686,stratified,,True,False,False,False,0.0015870928764343,0.0014501810073852,0.000766634941101,0.0003806948661804,0.0001567006111145,94.57142857142856,5.428571428571445,350,False,1549
XP_005161262,XP_056303159,0.0015690922737121,stratified,,True,False,False,False,0.0015691518783569,0.000856876373291,0.0008288025856018,0.0003352165222167,0.0002071261405944,96.2406015037594,3.759398496240607,399,False,1550
XP_073792374,XP_056303503,0.001565933227539,stratified,,True,False,False,False,0.0015662312507629,0.0015802383422851,0.001138687133789,0.0015100240707397,0.0008512735366821,92.7710843373494,7.228915662650607,415,False,1551
XP_005158206,XP_056330868,0.0015540122985839,stratified,,True,False,False,False,0.0015538930892944,0.0009199380874633,0.0005461573600769,0.0007593631744384,0.0001027584075927,96.8503937007874,3.149606299212607,254,False,1552
NP_001122221,XP_056316382,0.0015472173690795,stratified,,True,False,False,False,0.00154709815979,0.0014886856079101,0.0009739995002746,0.0023136138916015,0.0031177997589111,95.2755905511811,4.7244094488189035,127,True,1553
XP_009289358,XP_056328784,0.0015465021133422,random,,False,False,True,False,0.0015467405319213,0.0011820197105407,0.0005121231079101,0.0004284381866455,0.0001589655876159,86.95652173913044,13.043478260869563,391,False,1554
XP_002665864,XP_056337625,0.0015357136726379,stratified,,True,False,False,False,0.001535415649414,0.0017019510269165,0.0015733838081359,0.0013216733932495,0.0005919337272644,90.74074074074076,9.259259259259238,432,False,1555
NP_001076508,XP_056336733,0.0015347003936767,random,,False,False,True,False,0.0015345215797424,0.001584768295288,0.0012931823730468,0.0007371306419372,0.0002679824829101,89.32926829268293,10.670731707317074,328,False,1556
NP_001121712,XP_056320459,0.0015343427658081,random,,False,False,True,False,0.0015341639518737,0.0013502240180969,0.0003946423530578,0.0001944303512573,0.0001243948936462,98.19277108433737,1.807228915662634,166,False,1557
XP_002667440,XP_056304957,0.0015265941619873,random,,False,False,True,False,0.0015267729759216,0.0023595094680786,0.0016365647315979,0.0017361044883728,0.0011223554611206,88.909426987061,11.090573012939004,541,False,1558
XP_073809576,XP_056315263,0.0015234351158142,stratified,,True,False,False,False,0.0015234947204589,0.0013304352760314,0.0006422400474548,0.0005715489387512,0.0003678798675537,96.09507640067912,3.904923599320881,589,False,1559
XP_073799692,XP_056309457,0.001520812511444,stratified,,True,False,False,False,0.0015209317207336,0.0007604360580444,0.0012580752372741,0.000736117362976,0.0003231763839721,93.59534206695778,6.404657933042216,687,False,1560
XP_005173451,XP_056330002,0.0015201568603515,random,,False,False,True,False,0.0015202760696411,0.0010575056076049,0.000832974910736,0.0009015798568725,0.0001707077026367,97.90575916230368,2.0942408376963186,191,False,1561
XP_002661302,XP_056310316,0.0015120506286621,random,,False,False,True,False,0.0015117526054382,0.0016028881072998,0.0008874535560607,0.0007362365722656,0.0001712441444396,96.90265486725664,3.0973451327433565,226,False,1562
XP_001922019,XP_056308027,0.0015100240707397,random,,False,False,True,False,0.0015102624893188,0.0012375712394714,0.0010571479797363,0.0007160305976867,0.0001152157783508,94.44444444444444,5.555555555555557,216,False,1563
NP_001129949,XP_056319250,0.0015086531639099,random,,False,False,True,False,0.0015085935592651,0.0013467073440551,0.0016024708747863,0.0014521479606628,0.0008875131607055,88.32116788321167,11.678832116788328,273,False,1564
XP_073804343,XP_056310429,0.0015076398849487,random,,False,False,True,False,0.0013154745101928,0.000981867313385,0.0008152723312377,0.0006227493286132,0.0003256201744079,91.8423464711274,8.1576535288726,1091,False,1565
NP_001012372,XP_056334220,0.0015074014663696,random,,False,False,True,False,0.0015075802803039,0.0006394982337951,0.000902771949768,0.0003168582916259,0.0001189112663269,98.0099502487562,1.9900497512438022,201,False,1566
NP_001418075,XP_056337746,0.0015066862106323,random,,False,False,True,False,0.0015066266059875,0.0014426708221435,0.0007706880569458,0.0007076263427734,0.0003252029418945,94.31137724550898,5.688622754491021,334,False,1567
NP_998267,XP_056318802,0.0015036463737487,random,,False,False,True,False,0.0015037059783935,0.0012462735176086,0.0006023645401,0.0003654360771179,8.225440979003906e-05,96.1089494163424,3.891050583657602,257,False,1568
NP_001025433,XP_056329776,0.0015036463737487,stratified,,True,False,False,False,0.0015034675598144,0.0010660886764526,0.0008489489555358,0.0007792115211486,0.0002766251564025,93.69369369369367,6.306306306306325,444,False,1569
NP_001006091,XP_056333616,0.0015010237693786,random,,False,False,True,False,0.0015007853507995,0.0013549327850341,0.0027490258216857,0.0018652081489562,0.0003386139869689,96.19377162629758,3.8062283737024245,289,False,1570
NP_001410660,XP_056303027,0.0015009045600891,random,,False,False,True,False,0.001499056816101,0.0026180148124694,0.001902163028717,0.0018348097801208,0.0007078051567077,88.81431767337807,11.18568232662193,447,False,1571
NP_571231,XP_056304791,0.0014982819557189,stratified,,True,False,False,False,0.0014985799789428,0.0018523931503295,0.0006862878799438,0.0004527568817138,0.0001415014266967,95.13888888888889,4.861111111111114,575,False,1572
NP_001077337,XP_056320892,0.0014893412590026,stratified,,True,False,False,False,0.0014892220497131,0.0014851093292236,0.001282513141632,0.0006529688835144,0.0005437731742858,92.03821656050955,7.961783439490446,313,False,1573
NP_001315274,XP_056313013,0.0014870166778564,random,,False,False,True,False,0.001487374305725,0.0019394159317016,0.0007632374763488,0.0004856586456298,0.0002424120903015,91.73553719008264,8.264462809917362,242,False,1574
XP_009303552,XP_056322276,0.0014837980270385,stratified,,True,False,False,False,0.0014839172363281,0.0008447766304016,0.0003663301467895,0.0001794695854187,0.0001479983329772,96.4,3.5999999999999943,250,False,1575
XP_005163555,XP_056333772,0.0014800429344177,stratified,,True,False,False,False,0.0014803409576416,0.0027520060539245,0.0009202361106872,0.0008549690246582,0.0004144310951232,89.19597989949749,10.804020100502512,397,False,1576
XP_073805573,XP_056303348,0.001476764678955,stratified,,True,False,False,False,0.0014768838882446,0.0008529424667358,0.0006571412086486,0.0003724098205566,0.0002610087394714,95.06172839506172,4.938271604938279,243,False,1577
NP_001076419,XP_056334355,0.0014766454696655,stratified,,True,False,False,False,0.0014766454696655,0.0016156435012817,0.0006392002105712,0.0003682971000671,0.0001636147499084,92.90657439446366,7.093425605536339,578,False,1578
XP_073791556,XP_056302477,0.001471996307373,random,,False,False,True,False,0.001471996307373,0.0010623335838317,0.000425636768341,0.00027996301651,0.0001900196075439,93.96825396825396,6.031746031746039,315,False,1579
XP_073808944,XP_056316124,0.0014633536338806,random,,False,False,True,False,0.0014632940292358,0.0009292960166931,0.0006711483001708,0.0011749863624572,0.0002593398094177,96.03960396039604,3.960396039603964,404,False,1580
NP_001007290,XP_056327087,0.0014625191688537,stratified,,True,False,False,False,0.0014626383781433,0.000726580619812,0.001893937587738,0.0019004940986633,0.0001548528671264,96.72727272727272,3.2727272727272805,275,False,1581
XP_073797702,XP_056306691,0.0014601349830627,stratified,,True,False,False,False,0.0014599561691284,0.0016703605651855,0.0009503960609436,0.0009810924530029,0.00015389919281,91.0569105691057,8.943089430894304,859,False,1582
NP_001025308,XP_056334874,0.0014500617980957,random,,False,False,True,False,0.0014500617980957,0.0013632178306579,0.0008469223976135,0.0006141066551208,0.000140905380249,91.27218934911242,8.727810650887577,676,False,1583
XP_021336400,XP_056326604,0.0014452338218688,random,,False,False,True,False,0.0014450550079345,0.0010100007057189,0.0007554292678833,0.0007393956184387,0.001111626625061,92.92307692307692,7.07692307692308,325,False,1584
NP_001188278,XP_056323378,0.0014432072639465,stratified,,True,False,False,False,0.0014432072639465,0.0012280344963073,0.0008345246315002,0.0007221102714538,0.0003430843353271,95.23809523809524,4.761904761904759,189,False,1585
XP_005166511,XP_056317964,0.001440405845642,random,,False,False,True,False,0.0014405250549316,0.0010138750076293,0.000523567199707,0.0004835128784179,0.0001308321952819,95.74468085106383,4.255319148936167,141,False,1586
XP_005166511,XP_056317965,0.001440405845642,stratified,,True,False,False,False,0.0014405250549316,0.0010138750076293,0.000523567199707,0.0004835128784179,0.0001308321952819,95.74468085106383,4.255319148936167,141,False,1587
XP_073794112,XP_056305461,0.0014384388923645,stratified,,True,False,False,False,0.001438558101654,0.0009443759918212,0.0005728006362915,0.0006324052810668,0.0001202821731567,95.6043956043956,4.395604395604394,273,False,1588
XP_009302026,XP_056320057,0.0014371275901794,stratified,,True,False,False,False,0.0014373660087585,0.0015257596969604,0.0003510117530822,0.0002319812774658,7.31348991394043e-05,95.92969472710452,4.070305272895482,1081,False,1589
NP_001243652,XP_056321522,0.001426339149475,random,,False,False,True,False,0.0013970136642456,0.0006939768791198,0.0004597306251525,0.0002552866935729,0.0013003945350646,95.74468085106383,4.255319148936167,564,False,1590
NP_001129443,XP_056307193,0.0014241337776184,stratified,,True,False,False,False,0.0014241337776184,0.0006738901138305,0.0004590153694152,0.0005622506141662,9.447336196899414e-05,96.8181818181818,3.181818181818201,220,False,1591
XP_005155457,XP_056312530,0.0014237761497497,random,,False,False,True,False,0.0014238357543945,0.0026010870933532,0.0007717609405517,0.0005196928977966,0.0001955032348632,91.28978224455612,8.710217755443878,595,False,1592
XP_073797700,XP_056306690,0.0014227628707885,stratified,,True,False,False,False,0.0014227628707885,0.0016426444053649,0.0009652972221374,0.0009443163871765,0.0001606941223144,91.17305458768874,8.826945412311261,859,False,1593
XP_017208134,XP_056336618,0.0014210939407348,random,,False,False,True,False,0.0002058744430541,0.0001211166381835,7.236003875732422e-05,5.906820297241211e-05,6.735324859619141e-06,98.28934506353862,1.7106549364613812,3650,False,1594
NP_001410928,XP_056328709,0.0014208555221557,random,,False,False,True,False,0.0014208555221557,0.0009692311286926,0.000449001789093,0.000266671180725,0.0001876950263977,94.5859872611465,5.414012738853501,314,False,1595
XP_073809598,XP_056315310,0.0014187097549438,random,,False,False,True,False,0.0014189481735229,0.0008861422538757,0.0008798837661743,0.0004007816314697,0.0002102255821228,91.91489361702128,8.085106382978722,469,False,1596
XP_009305674,XP_056326499,0.001415193080902,random,,False,False,True,False,0.0014154314994812,0.0014364719390869,0.0022344589233398,0.0011438131332397,0.0011054873466491,87.15277777777777,12.847222222222229,286,False,1597
XP_073788329,XP_056326044,0.0014151334762573,random,,False,False,True,False,0.0014150142669677,0.0015851855278015,0.0010681748390197,0.001219630241394,0.0012384057044982,90.64366290643665,9.356337093563354,1507,False,1598
NP_001103947,XP_056333541,0.0014033913612365,stratified,,True,False,False,False,0.001403272151947,0.0003914833068847,0.0003325939178466,0.0003760457038879,4.8220157623291016e-05,97.1264367816092,2.8735632183907995,348,False,1599
XP_073788148,XP_056337428,0.0013996958732604,stratified,,True,False,False,False,0.0013997554779052,0.0012670755386352,0.0007358193397521,0.0006548166275024,0.0003641843795776,81.93018480492813,18.069815195071868,970,False,1600
XP_073788146,XP_056337428,0.0013996958732604,stratified,,True,False,False,False,0.0013997554779052,0.0012670755386352,0.0007358193397521,0.0006548166275024,0.0003641843795776,81.93018480492813,18.069815195071868,970,False,1601
XP_005172140,XP_056315372,0.001393437385559,random,,False,False,True,False,0.0013935565948486,0.0006460547447204,0.0004502534866333,0.0002815723419189,4.6133995056152344e-05,95.11627906976744,4.883720930232556,860,False,1602
XP_073789384,XP_056337600,0.0013930797576904,random,,False,False,True,False,0.0013929605484008,0.000898540019989,0.0006395578384399,0.0003677010536193,0.0003554821014404,95.85492227979276,4.14507772020724,578,False,1603
XP_005163268,XP_056308001,0.0013927817344665,random,,False,False,True,False,0.0013926029205322,0.0006963610649108,0.0009176731109619,0.000375747680664,9.316205978393556e-05,95.83333333333331,4.166666666666686,240,False,1604
XP_073794328,XP_056305940,0.0013849735260009,stratified,,True,False,False,False,0.0013850331306457,0.0017181038856506,0.0011348128318786,0.0003623962402343,0.0001413226127624,95.51820728291317,4.481792717086833,357,False,1605
XP_073799389,XP_056308317,0.0013767480850219,random,,False,False,True,False,0.001376986503601,0.0014513731002807,0.0009461641311645,0.0004076957702636,0.0001077651977539,94.04761904761904,5.952380952380963,924,False,1606
XP_073809674,XP_056315374,0.0013736486434936,random,,False,False,True,False,0.0013735294342041,0.0006532669067382,0.0004884600639343,0.0002720355987548,4.470348358154297e-05,95.11059371362047,4.889406286379526,859,False,1607
XP_009296400,XP_056308318,0.0013672709465026,random,,False,False,True,False,0.0013670325279235,0.00143963098526,0.0009111166000366,0.000415563583374,0.0001083612442016,94.04117009750811,5.958829902491885,923,False,1608
NP_001094417,XP_056313075,0.0013651847839355,stratified,,True,False,False,False,0.0013055205345153,0.0010704398155212,0.000695526599884,0.0004167556762695,0.0002219676971435,94.5945945945946,5.4054054054054035,259,False,1609
XP_005160228,XP_056312215,0.0013642311096191,stratified,,True,False,False,False,0.0013644695281982,0.0008262991905212,0.0003300905227661,0.000181496143341,0.0001096129417419,96.356783919598,3.6432160804019986,795,False,1610
NP_001334810,XP_056327261,0.0013586282730102,random,,False,False,True,False,0.0013583302497863,0.0010395050048828,0.0006808042526245,0.0012838244438171,0.0003947615623474,89.42486085343228,10.575139146567722,1078,False,1611
NP_001132934,XP_056335792,0.0013505816459655,random,,False,False,True,False,0.0013507008552551,0.0022688508033752,0.0007925629615783,0.0006057620048522,0.0002040266990661,96.52173913043478,3.4782608695652186,230,False,1612
XP_021323377,XP_056334145,0.0013471245765686,stratified,,True,False,False,False,0.0013472437858581,0.0016894936561584,0.0007976293563842,0.0006305575370788,0.0001315474510192,89.7005988023952,10.299401197604794,834,False,1613
NP_963874,XP_056311236,0.0013461709022521,stratified,,True,False,False,False,0.0013459920883178,0.0010488033294677,0.0002195239067077,0.0003295540809631,5.251169204711914e-05,95.96199524940616,4.038004750593842,421,False,1614
XP_009296338,XP_056307317,0.0013457536697387,stratified,,True,False,False,False,0.0013458132743835,0.0012044310569763,0.0011689662933349,0.0008918046951293,0.0003426671028137,88.73563218390805,11.264367816091948,435,False,1615
XP_009293482,XP_056302396,0.0013454556465148,random,,False,False,True,False,0.0013453364372253,0.0010161995887756,0.0004751086235046,0.0002263188362121,0.0001612305641174,87.46177370030581,12.538226299694188,1628,False,1616
XP_005164438,XP_056310135,0.0013420581817626,stratified,,True,False,False,False,0.0013419389724731,0.0008264780044555,0.0006801486015319,0.0004122853279113,0.0001971125602722,92.57142857142856,7.428571428571445,350,False,1617
NP_957431,XP_056330677,0.0013416409492492,stratified,,True,False,False,False,0.0013417601585388,0.0007895231246948,0.0008791089057922,0.0009268522262573,0.0001220107078552,96.7948717948718,3.2051282051282044,312,False,1618
XP_017213593,XP_056323320,0.0013390779495239,random,,False,False,True,False,0.001339316368103,0.0009337067604064,0.0010015368461608,0.0014259815216064,0.000692069530487,86.11898016997168,13.881019830028322,353,False,1619
XP_005155912,XP_056323633,0.0013306140899658,random,,False,False,True,False,0.0013306140899658,0.0011168718338012,0.0007562637329101,0.0008288621902465,0.0001705884933471,96.13259668508287,3.8674033149171265,362,False,1620
NP_001373647,XP_056312863,0.0013285875320434,random,,False,False,True,False,0.0013393759727478,0.0016291737556457,0.0004448294639587,0.0003278851509094,0.0004098415374755,92.7860696517413,7.2139303482587,402,False,1621
XP_073798240,XP_056307325,0.0013272762298583,stratified,,True,False,False,False,0.0013273954391479,0.0009710788726806,0.00056654214859,0.0004137158393859,0.0001482367515563,93.33333333333331,6.666666666666686,780,False,1622
XP_021335468,XP_056324314,0.0013234615325927,stratified,,True,False,False,False,0.0013232827186584,0.0002858638763427,0.0002346634864807,0.0001038312911987,3.0934810638427734e-05,98.27188940092168,1.7281105990783203,868,False,1623
XP_073786743,XP_056301248,0.001322865486145,random,,False,False,True,False,0.0013229846954345,0.0014097094535827,0.0009825825691223,0.0009946227073669,0.0007091164588928,86.5845311430527,13.4154688569473,1459,False,1624
NP_956923,XP_056331353,0.0013145804405212,stratified,,True,False,False,False,0.0013143420219421,0.0015526413917541,0.0004217028617858,0.0002036094665527,8.064508438110352e-05,95.65217391304348,4.347826086956516,460,False,1625
NP_001074161,XP_056318353,0.0013002753257751,stratified,,True,False,False,False,0.0013039708137512,0.0005128979682922,0.0003200769424438,0.0002740621566772,3.975629806518555e-05,94.53860640301318,5.461393596986824,531,False,1626
NP_956219,XP_056334832,0.0012995600700378,stratified,,True,False,False,False,0.0012993216514587,0.0009096264839172,0.0006800293922424,0.0005138516426086,0.0001683831214904,96.82539682539682,3.1746031746031775,252,False,1627
XP_073795722,XP_056304794,0.0012980699539184,random,,False,False,True,False,0.0003483295440673,0.0003483295440673,0.0001466870307922,0.0001195073127746,0.000515341758728,94.49853943524828,5.501460564751724,3510,True,1628
XP_073786839,XP_056336484,0.0012905597686767,random,,False,False,True,False,0.0012905597686767,0.0017778873443603,0.0010382533073425,0.002472698688507,0.000199019908905,90.56603773584904,9.433962264150964,371,False,1629
XP_073796214,XP_056306326,0.0012863278388977,stratified,,True,False,False,False,0.0012862682342529,0.0006054043769836,0.0003838539123535,0.0002917051315307,5.733966827392578e-05,96.00431965442765,3.995680345572353,926,False,1630
XP_003199702,XP_056324938,0.001280665397644,stratified,,True,False,False,False,0.0012806057929992,0.0015560984611511,0.0011822581291198,0.0006094574928283,0.0001747608184814,95.4732510288066,4.526748971193399,486,False,1631
XP_001338050,XP_056305898,0.0012805461883544,stratified,,True,False,False,False,0.0012806057929992,0.0008860826492309,0.0005229115486145,0.0007979273796081,0.00013267993927,90.02932551319648,9.970674486803517,341,False,1632
NP_001300637,XP_056320215,0.0012801885604858,stratified,,True,False,False,False,0.0012803673744201,0.0022542476654052,0.0014989376068115,0.0014727711677551,0.0002447366714477,97.27272727272728,2.7272727272727195,220,False,1633
XP_073804867,XP_056313625,0.0012781620025634,stratified,,True,False,False,False,0.0012782216072082,0.0013073682785034,0.0004680156707763,0.0002477169036865,6.896257400512695e-05,97.65432098765432,2.345679012345684,810,False,1634
NP_001289407,XP_056303158,0.00127375125885,stratified,,True,False,False,False,0.00127375125885,0.00096195936203,0.0005667209625244,0.0006291270256042,0.0006868243217468,96.7741935483871,3.225806451612897,62,False,1635
NP_001373225,XP_056329373,0.0012692213058471,random,,False,False,True,False,0.0012691617012023,0.0007614493370056,0.0007697939872741,0.0006296634674072,0.0001415610313415,92.25352112676056,7.74647887323944,284,False,1636
NP_001315525,XP_056312101,0.0012691617012023,stratified,,True,False,False,False,0.001268982887268,0.001000702381134,0.001798391342163,0.0002840757369995,0.0003819465637207,98.0,2.0,100,False,1637
XP_073792768,XP_056304029,0.0012619495391845,random,,False,False,True,False,0.0012623667716979,0.0008540153503417,0.0005513429641723,0.0003086924552917,0.0003474950790405,92.04081632653062,7.959183673469383,978,False,1638
NP_001038706,XP_056334260,0.0012600421905517,stratified,,True,False,False,False,0.0012601017951965,0.0006328225135803,0.0002302527427673,0.0001141428947448,0.0002223849296569,97.1938775510204,2.8061224489795933,392,False,1639
XP_073807992,XP_056313266,0.0012580156326293,stratified,,True,False,False,False,0.0006270408630371,0.0005779266357421,0.0002496838569641,0.00025475025177,7.69495964050293e-05,93.154486586494,6.845513413505998,1080,False,1640
XP_073785462,XP_056336487,0.0012577772140502,random,,False,False,True,False,0.0012577772140502,0.0008919835090637,0.0013620257377624,0.0008802413940429,0.0001577734947204,93.6995153473344,6.300484652665602,1235,False,1641
XP_021332043,XP_056312785,0.0012558102607727,stratified,,True,False,False,False,0.0012558698654174,0.0017511248588562,0.0008449554443359,0.000764787197113,0.0001954436302185,94.0,6.0,250,False,1642
NP_001006060,XP_056329486,0.0012543201446533,random,,False,False,True,False,0.0012545585632324,0.0008093118667602,0.0006082653999328,0.0003541111946105,0.000126302242279,97.73755656108597,2.2624434389140333,221,False,1643
NP_001093466,XP_056313827,0.0012515187263488,random,,False,False,True,False,0.0012513995170593,0.0004604458808898,0.0002698302268981,0.0001683831214904,0.0003256201744079,96.875,3.125,288,False,1644
XP_005157135,XP_056313902,0.0012473464012145,stratified,,True,False,False,False,0.0012475848197937,0.0013726353645324,0.0007821321487426,0.0006792545318603,0.0001376271247863,93.73297002724796,6.2670299727520415,367,False,1645
NP_001373590,XP_056308222,0.0012471675872802,stratified,,True,False,False,False,0.0012474060058593,0.001062273979187,0.0012869834899902,0.0006935596466064,0.0002495646476745,95.47511312217196,4.524886877828038,221,False,1646
XP_005158182,XP_056308495,0.0012468099594116,stratified,,True,False,False,False,0.0012468099594116,0.0005435347557067,0.000429630279541,0.0004060268402099,0.0001349449157714,95.65217391304348,4.347826086956516,230,False,1647
XP_073801950,XP_056311221,0.0012441873550415,random,,False,False,True,False,0.0012440681457519,0.0007891654968261,0.0005698800086975,0.0005412697792053,0.0003119111061096,88.24451410658307,11.755485893416932,638,False,1648
XP_073810189,XP_056315791,0.0012433528900146,stratified,,True,False,False,False,0.0012432932853698,0.0006918311119079,0.0003127455711364,0.0001079440116882,0.0002456307411193,98.61111111111111,1.3888888888888857,72,False,1649
XP_073801617,XP_056312276,0.0012431144714355,stratified,,True,False,False,False,0.001243233680725,0.0020111799240112,0.0008584856986999,0.0006870031356811,0.0001266002655029,97.08520179372198,2.9147982062780216,445,False,1650
NP_997940,XP_056334702,0.0012403130531311,random,,False,False,True,False,0.0012400150299072,0.0011337995529174,0.000660240650177,0.0001904368400573,0.0001409649848937,95.9349593495935,4.065040650406502,246,False,1651
NP_835232,XP_056315789,0.0012402534484863,random,,False,False,True,False,0.0012401938438415,0.0004659295082092,0.0003104209899902,0.0004361867904663,6.771087646484375e-05,93.75,6.25,720,False,1652
XP_005167308,XP_056319147,0.0012376904487609,stratified,,True,False,False,False,0.0012377500534057,0.0005035400390625,0.0004642605781555,0.0003233551979064,0.0001114010810852,94.46227929373995,5.537720706260046,1246,False,1653
XP_005169360,XP_056324136,0.0012366771697998,random,,False,False,True,False,0.0012367367744445,0.0011384487152099,0.0004627108573913,0.0002626776695251,0.0001448988914489,95.4248366013072,4.575163398692794,612,False,1654
XP_073787877,XP_056336488,0.0012356042861938,random,,False,False,True,False,0.0012354254722595,0.0009843707084655,0.000571846961975,0.0002785325050354,0.0001612901687622,95.3416149068323,4.658385093167695,322,False,1655
XP_005168400,XP_056316893,0.0012354850769042,random,,False,False,True,False,0.000366985797882,0.0007383823394775,0.000232458114624,0.0002537369728088,0.000699758529663,96.27839536007733,3.721604639922674,4646,True,1656
XP_002662532,XP_056316117,0.0012343525886535,stratified,,True,False,False,False,0.0012341141700744,0.0007565021514892,0.0006622076034545,0.0006942749023437,0.0001733303070068,93.82151029748285,6.178489702517155,436,False,1657
XP_073799686,XP_056309568,0.0012311339378356,stratified,,True,False,False,False,0.0003596544265747,0.0002844333648681,0.0001546144485473,0.0001534819602966,0.0001885890960693,97.33333333333331,2.6666666666666856,1125,False,1658
NP_956801,XP_056321352,0.0012245178222656,random,,False,False,True,False,0.0012245178222656,0.0005456805229187,0.0008875131607055,0.000598132610321,0.000176191329956,96.67519181585678,3.3248081841432224,391,False,1659
NP_001003753,XP_056314391,0.0012235045433044,stratified,,True,False,False,False,0.0012236833572387,0.0017597675323486,0.0012215971946716,0.0013824701309204,0.0006592273712158,92.43243243243244,7.567567567567565,370,False,1660
NP_955956,XP_056312683,0.001222550868988,random,,False,False,True,False,0.0010531544685363,0.0011048913002014,0.0004810094833374,0.0004130601882934,0.0010499954223632,96.98492462311556,3.0150753768844396,398,False,1661
NP_001038834,XP_056329695,0.0012211799621582,stratified,,True,False,False,False,0.0012211203575134,0.0014171600341796,0.0007480978965759,0.0004933476448059,0.0003274679183959,87.9245283018868,12.075471698113205,264,False,1662
XP_009302544,XP_056319082,0.0012183189392089,stratified,,True,False,False,False,0.0012183189392089,0.0012321472167968,0.000650942325592,0.0002586841583251,0.000207245349884,87.44434550311665,12.55565449688335,1121,False,1663
XP_073810181,XP_056315799,0.0012165904045104,random,,False,False,True,False,0.0012168884277343,0.0008724927902221,0.0006794929504394,0.0003415346145629,0.0001764893531799,92.7038626609442,7.296137339055804,931,False,1664
XP_073788151,XP_056337428,0.0012140274047851,random,,False,False,True,False,0.0012141466140747,0.0011285543441772,0.0006232261657714,0.0006081461906433,0.0003523826599121,82.3045267489712,17.6954732510288,969,False,1665
XP_009291413,XP_056333364,0.0012110471725463,stratified,,True,False,False,False,0.0012112259864807,0.0017706751823425,0.0004527568817138,0.0004419088363647,0.0002756714820861,94.7565543071161,5.2434456928838955,267,False,1666
NP_001373182,XP_056329177,0.0012108087539672,random,,False,False,True,False,0.0012109875679016,0.0008772611618041,0.0004053711891174,0.0003080964088439,0.0001000165939331,98.0295566502463,1.970443349753694,203,False,1667
XP_009295472,XP_056306326,0.001209020614624,stratified,,True,False,False,False,0.001209020614624,0.0005627870559692,0.0003422498703002,0.0002723932266235,4.649162292480469e-05,96.32829373650108,3.671706263498919,926,False,1668
XP_689494,XP_056310018,0.0012069344520568,stratified,,True,False,False,False,0.0012069344520568,0.0010278820991516,0.0012339353561401,0.0004575848579406,0.000368058681488,93.09210526315788,6.907894736842124,607,False,1669
XP_073805283,XP_056313179,0.0012056827545166,stratified,,True,False,False,False,0.001205563545227,0.0002029538154602,0.0001455545425415,0.0001345872879028,1.7702579498291016e-05,97.78761061946902,2.212389380530979,226,False,1670
NP_001038732,XP_056315098,0.001201570034027,stratified,,True,False,False,False,0.001201570034027,0.0015994310379028,0.0034331679344177,0.0006434917449951,0.0001965165138244,92.97520661157024,7.024793388429757,242,False,1671
NP_001315077,XP_056321495,0.0011985898017883,stratified,,True,False,False,False,0.0011985301971435,0.0018580555915832,0.0011771917343139,0.0005087852478027,0.0038496255874633,95.58823529411764,4.411764705882362,340,True,1672
NP_001074100,XP_056301359,0.0011966824531555,stratified,,True,False,False,False,0.001196801662445,0.000784695148468,0.0004194378852844,0.0003792643547058,0.0005269646644592,96.27906976744184,3.7209302325581604,215,False,1673
XP_009293386,XP_056302871,0.0011960864067077,stratified,,True,False,False,False,0.0006014108657836,0.0003231763839721,0.0003424882888793,0.0001361966133117,9.250640869140624e-05,92.73170731707316,7.268292682926841,2873,False,1674
XP_073798688,XP_056308228,0.0011940002441406,stratified,,True,False,False,False,0.0011942982673645,0.0011581778526306,0.0014167428016662,0.0012032985687255,0.0001711845397949,93.15352697095436,6.84647302904564,482,False,1675
XP_073789117,XP_056336924,0.0011927485466003,stratified,,True,False,False,False,0.0011927485466003,0.0017309188842773,0.0006899237632751,0.0005437731742858,0.0002503991127014,92.86846275752774,7.1315372424722625,631,False,1676
NP_001155959,XP_056336924,0.0011927485466003,stratified,,True,False,False,False,0.0011928677558898,0.0017309188842773,0.0006899237632751,0.0005437731742858,0.0002503991127014,92.86846275752774,7.1315372424722625,631,False,1677
NP_001002343,XP_056335464,0.0011780261993408,random,,False,False,True,False,0.0011779069900512,0.0006710886955261,0.0003758668899536,0.0001940131187438,0.0001667141914367,91.80064308681672,8.19935691318328,621,False,1678
XP_017213911,XP_056325430,0.001176118850708,random,,False,False,True,False,0.0011762380599975,0.0017858743667602,0.0011585354804992,0.0004851222038269,0.0002624988555908,95.76059850374064,4.239401496259362,401,False,1679
XP_073800483,XP_056309394,0.0011745691299438,stratified,,True,False,False,False,0.001174509525299,0.0007994771003723,0.0007190108299255,0.0002508163452148,9.137392044067384e-05,96.9047619047619,3.095238095238102,420,False,1680
NP_001313647,XP_056318929,0.001171052455902,stratified,,True,False,False,False,0.0016314387321472,0.0014336705207824,0.0010595917701721,0.0008453130722045,0.0002225637435913,96.93251533742333,3.0674846625766747,163,False,1681
XP_001344126,XP_056328376,0.0011703968048095,stratified,,True,False,False,False,0.0011704564094543,0.001172125339508,0.0005753636360168,0.0003348588943481,0.0001332759857177,93.2394366197183,6.760563380281695,355,False,1682
XP_073788171,XP_056337428,0.0011682510375976,stratified,,True,False,False,False,0.0011681914329528,0.0013057589530944,0.0006975531578063,0.0005383491516113,0.0003577470779418,84.04255319148936,15.957446808510639,940,False,1683
XP_073788170,XP_056337428,0.0011682510375976,random,,False,False,True,False,0.0011681914329528,0.0013057589530944,0.0006975531578063,0.0005383491516113,0.0003577470779418,84.04255319148936,15.957446808510639,940,False,1684
NP_001002122,XP_056315994,0.0011672973632812,random,,False,False,True,False,0.0011670589447021,0.0009012222290039,0.0004580616950988,0.0004778504371643,0.0019675493240356,93.28358208955224,6.71641791044776,402,False,1685
XP_696773,XP_056336548,0.0011588931083679,stratified,,True,False,False,False,0.0011587738990783,0.0004689097404479,0.0003784894943237,0.0006191134452819,0.0001082420349121,97.06959706959708,2.93040293040292,273,False,1686
XP_073800369,XP_056309239,0.0011537075042724,stratified,,True,False,False,False,0.0011535882949829,0.0014222264289855,0.0007463097572326,0.000393807888031,0.000191330909729,92.9742388758782,7.0257611241218,427,False,1687
XP_697468,XP_056323589,0.0011534690856933,stratified,,True,False,False,False,0.0011535286903381,0.0008282661437988,0.0006185173988342,0.0007866621017456,6.031990051269531e-05,96.86411149825784,3.1358885017421585,574,False,1688
XP_005163269,XP_056308253,0.001152753829956,stratified,,True,False,False,False,0.0011526346206665,0.0009636282920837,0.000806450843811,0.0008192062377929,0.0002104043960571,96.875,3.125,224,False,1689
XP_009301640,XP_056317883,0.0011524558067321,random,,False,False,True,False,0.0011520981788635,0.0006928443908691,0.000564694404602,0.0003453493118286,9.143352508544922e-05,97.10610932475883,2.893890675241167,311,False,1690
NP_001107062,XP_056320886,0.0011519789695739,random,,False,False,True,False,0.0011517405509948,0.0008966326713562,0.0005849599838256,0.000434935092926,0.0001502037048339,94.05204460966544,5.947955390334556,268,False,1691
XP_005165179,XP_056313637,0.0011514425277709,random,,False,False,True,False,0.0011515617370605,0.0008220672607421,0.0007272362709045,0.0004264712333679,0.0001632571220397,93.57142857142856,6.428571428571445,280,False,1692
XP_073805462,XP_056306530,0.0011490583419799,random,,False,False,True,False,0.0011491775512695,0.0012718439102172,0.00141042470932,0.000642716884613,0.0002198815345764,93.23843416370109,6.761565836298914,281,False,1693
NP_001252536,XP_056307291,0.0011490583419799,random,,False,False,True,False,0.0011491775512695,0.0007452368736267,0.0006309747695922,0.0002205371856689,0.0001531839370727,97.1311475409836,2.868852459016395,244,False,1694
NP_001017763,XP_056308297,0.0011468529701232,stratified,,True,False,False,False,0.0010421872138977,0.000550627708435,0.0005033016204833,0.0003111958503723,0.000156819820404,95.1127819548872,4.887218045112803,532,False,1695
NP_001025446,XP_056337612,0.001138150691986,stratified,,True,False,False,False,0.001138150691986,0.0013888478279113,0.0004728436470031,0.0008763074874877,8.475780487060547e-05,98.41269841269842,1.5873015873015817,126,False,1696
XP_073808186,XP_056313563,0.0011363625526428,random,,False,False,True,False,0.0011362433433532,0.0014187693595886,0.000508964061737,0.0006445050239562,0.0005415081977844,92.03539823008848,7.964601769911525,904,False,1697
NP_001070739,XP_056314093,0.0011299848556518,stratified,,True,False,False,False,0.001129925251007,0.0007147789001464,0.0005179643630981,0.0005443692207336,9.429454803466796e-05,96.25360230547552,3.7463976945244752,347,False,1698
NP_001035011,XP_056328561,0.0011278986930847,random,,False,False,True,False,0.0011282563209533,0.0014218688011169,0.0008249282836914,0.0005587339401245,0.0003656148910522,97.37373737373736,2.626262626262644,495,False,1699
NP_001036213,XP_056303695,0.0011271238327026,random,,False,False,True,False,0.0011268258094787,0.0009211301803588,0.000703752040863,0.0005347728729248,0.0001088976860046,96.7391304347826,3.260869565217405,184,False,1700
XP_021328841,XP_056309113,0.0011269450187683,stratified,,True,False,False,False,0.0011271238327026,0.0010798573493957,0.0006389617919921,0.0005498528480529,0.0019730925559997,96.056338028169,3.9436619718310055,355,True,1701
NP_998083,XP_056319357,0.0011249780654907,random,,False,False,True,False,0.0011249780654907,0.0005136728286743,0.000771164894104,0.0003888607025146,0.0001153349876403,97.57785467128028,2.422145328719722,289,False,1702
NP_001017776,XP_056302667,0.0011216402053833,stratified,,True,False,False,False,0.0011219978332519,0.0007810592651367,0.0017227530479431,0.0008392333984375,0.0007953643798828,96.65071770334929,3.3492822966507134,209,True,1703
XP_073799678,XP_056309292,0.0011181831359863,stratified,,True,False,False,False,0.0011187195777893,0.0027397274971008,0.0007333755493164,0.0008614063262939,0.0007491707801818,93.801652892562,6.198347107437996,484,False,1704
XP_005173217,XP_056328348,0.001118004322052,stratified,,True,False,False,False,0.0011179447174072,0.0012328028678894,0.0005587935447692,0.0005616545677185,9.08970832824707e-05,94.71428571428572,5.285714285714278,700,False,1705
XP_005160202,XP_056312428,0.0011171102523803,random,,False,False,True,False,0.0011168122291564,0.0010611414909362,0.0008780360221862,0.00082927942276,0.0002841353416442,91.92139737991266,8.078602620087338,458,False,1706
XP_073785397,XP_056334011,0.0011155009269714,random,,False,False,True,False,0.0011156201362609,0.0008866786956787,0.0006607770919799,0.0003779530525207,0.0009698867797851,92.71255060728744,7.28744939271256,741,True,1707
NP_001373205,XP_056328704,0.0011138916015625,stratified;random,,True,False,True,False,0.0011144280433654,0.00125652551651,0.0005258917808532,0.0002955794334411,0.0003468394279479,94.06392694063926,5.936073059360737,219,False,1708
NP_001017786,XP_056310186,0.0011132955551147,random,,False,False,True,False,0.001113474369049,0.0016753077507019,0.0013642907142639,0.0003408789634704,0.0001450777053833,91.95402298850574,8.045977011494259,609,False,1709
XP_021326136,XP_056307403,0.0011119246482849,stratified,,True,False,False,False,0.0011118054389953,0.0010991096496582,0.0008266568183898,0.0005103945732116,9.572505950927734e-05,97.23404255319149,2.765957446808514,470,False,1710
XP_073808513,XP_056315644,0.0011097788810729,stratified,,True,False,False,False,0.0011097192764282,0.0010836720466613,0.0088163018226623,0.0013414621353149,0.0007414817810058,93.61702127659576,6.382978723404236,188,False,1711
XP_005172154,XP_056316419,0.0011084079742431,random,,False,False,True,False,0.001108705997467,0.0005720257759094,0.0004785060882568,0.0003772974014282,0.0004302263259887,96.00570613409415,3.9942938659058456,701,True,1712
NP_001096668,XP_056335095,0.0011056065559387,stratified,,True,False,False,False,0.001105785369873,0.0013040304183959,0.0004213452339172,0.0003225803375244,9.804964065551758e-05,93.64069952305246,6.3593004769475385,627,False,1713
NP_001313648,XP_056318936,0.0011055469512939,random,,False,False,True,False,0.0017616748809814,0.0018520355224609,0.0027516484260559,0.0007932186126708,0.0006015300750732,96.07843137254902,3.9215686274509807,102,False,1714
XP_683309,XP_056309383,0.0011050105094909,stratified,,True,False,False,False,0.0011048913002014,0.0014063119888305,0.0009166002273559,0.0007194876670837,0.0002899169921875,87.35440931780366,12.645590682196342,601,False,1715
NP_001103871,XP_056315859,0.0011024475097656,random,,False,False,True,False,0.0011023879051208,0.000856876373291,0.0009391903877258,0.0005000829696655,0.000307559967041,95.57739557739558,4.422604422604422,407,False,1716
NP_001373248,XP_056322274,0.0010941624641418,stratified,,True,False,False,False,0.0010942220687866,0.000948429107666,0.0010699033737182,0.0008927583694458,0.0003816485404968,95.1923076923077,4.807692307692307,104,False,1717
XP_693491,XP_056301249,0.0010913014411926,stratified,,True,False,False,False,0.0010914802551269,0.0008414387702941,0.0003381967544555,0.000239074230194,9.739398956298828e-05,97.98994974874373,2.010050251256274,199,False,1718
XP_009302520,XP_056319228,0.0010901689529418,stratified,,True,False,False,False,0.0010901093482971,0.0029013156890869,0.0017251372337341,0.0013190507888793,0.0002137422561645,94.16243654822335,5.837563451776646,394,False,1719
XP_073794349,XP_056305507,0.0010895133018493,random,,False,False,True,False,0.001089870929718,0.001146912574768,0.0003758072853088,0.0001340508460998,0.0001222491264343,96.44268774703558,3.5573122529644223,253,False,1720
NP_001318129,XP_056305119,0.0010888576507568,stratified,,True,False,False,False,0.0010887384414672,0.000933289527893,0.0004692673683166,0.0004380941390991,0.0002119541168212,94.18604651162792,5.8139534883720785,516,False,1721
XP_021332887,XP_056316174,0.0010885000228881,random,,False,False,True,False,0.0010886788368225,0.0006543397903442,0.0005461573600769,0.0002169013023376,0.0001740455627441,91.796875,8.203125,512,False,1722
XP_009290791,XP_056330845,0.00108003616333,random,,False,False,True,False,0.0010801553726196,0.0009509921073913,0.0004217624664306,0.0002003908157348,0.0001617670059204,93.93282773564464,6.067172264355364,921,False,1723
NP_001005988,XP_056316273,0.0010793805122375,random,,False,False,True,False,0.0010793209075927,0.0039587020874023,0.002155601978302,0.0004091262817382,0.0003197789192199,97.09677419354838,2.9032258064516157,310,False,1724
NP_001005988,XP_056316274,0.0010793805122375,random,,False,False,True,False,0.0010793209075927,0.0039586424827575,0.002155601978302,0.0004091262817382,0.0003197789192199,97.09677419354838,2.9032258064516157,310,False,1725
XP_005170607,XP_056304082,0.001077651977539,stratified,,True,False,False,False,0.0010775923728942,0.0061947107315063,0.0010015964508056,0.0004741549491882,0.0001229643821716,93.67469879518072,6.325301204819283,332,False,1726
XP_009291852,XP_056334951,0.0010758638381958,stratified,,True,False,False,False,0.0010760426521301,0.0008373260498046,0.0006018280982971,0.0003628134727478,0.0002356171607971,90.711175616836,9.288824383163998,689,False,1727
XP_021326091,XP_056309213,0.0010744929313659,random,,False,False,True,False,0.0010746121406555,0.0012061595916748,0.0011011958122253,0.0007731914520263,0.0002515316009521,97.10144927536231,2.898550724637687,276,False,1728
XP_073796503,XP_056306722,0.0010738968849182,stratified,,True,False,False,False,0.0010739564895629,0.0008760690689086,0.0005071759223937,0.0003612637519836,8.028745651245117e-05,95.81673306772907,4.183266932270925,502,False,1729
XP_073796504,XP_056306721,0.0010738968849182,random,,False,False,True,False,0.0010739564895629,0.0008760690689086,0.0005071759223937,0.0003612637519836,8.028745651245117e-05,95.81673306772907,4.183266932270925,502,False,1730
NP_957075,XP_056318995,0.0010735988616943,stratified,,True,False,False,False,0.0010735988616943,0.000348150730133,0.0001495480537414,0.0001338720321655,0.000256061553955,97.15536105032822,2.8446389496717757,457,False,1731
NP_001091730,XP_056313902,0.0010719299316406,stratified,,True,False,False,False,0.0012475848197937,0.0013726353645324,0.0007821321487426,0.0006792545318603,0.0001376271247863,93.73297002724796,6.2670299727520415,367,False,1732
NP_571139,XP_056304916,0.0010690689086914,stratified,,True,False,False,False,0.0010693073272705,0.0007331371307373,0.0006346106529235,0.0003288388252258,0.0001377463340759,93.99141630901288,6.008583690987123,233,False,1733
XP_005161976,XP_056304917,0.0010690689086914,stratified,,True,False,False,False,0.0010691881179809,0.0007331371307373,0.0006346106529235,0.0003288388252258,0.0001377463340759,93.99141630901288,6.008583690987123,233,False,1734
XP_009289277,XP_056328560,0.0010685324668884,random,,False,False,True,False,0.0010684728622436,0.0022156238555908,0.0009527206420898,0.0008201003074645,0.0003560185432434,96.76767676767676,3.232323232323239,495,False,1735
NP_956369,XP_056309126,0.0010682940483093,stratified,,True,False,False,False,0.0010681748390197,0.0013501048088073,0.0007193684577941,0.0004752278327941,7.748603820800781e-05,94.91017964071855,5.089820359281447,334,False,1736
NP_001315622,XP_056318837,0.0010609626770019,stratified,,True,False,False,False,0.0010609626770019,0.0009158849716186,0.0010551810264587,0.0006151795387268,7.987022399902344e-05,91.74041297935104,8.259587020648965,339,False,1737
NP_957145,XP_056315297,0.0010526180267333,random,,False,False,True,False,0.0010526776313781,0.0025156736373901,0.0006917119026184,0.0004881024360656,0.0001460909843444,96.1038961038961,3.896103896103895,308,False,1738
NP_001018462,XP_056302703,0.001051902770996,stratified,,True,False,False,False,0.0010518431663513,0.0021890997886657,0.0007547736167907,0.0007113218307495,8.481740951538086e-05,97.64397905759162,2.356020942408378,382,False,1739
XP_021334793,XP_056323581,0.0010449886322021,random,,False,False,True,False,0.001044750213623,0.0010599493980407,0.0010449886322021,0.0010569095611572,0.0005768537521362,97.3913043478261,2.608695652173907,115,False,1740
XP_017209063,XP_056306012,0.0010437369346618,stratified,,True,False,False,False,0.0010433793067932,0.0007094144821166,0.000552475452423,0.0003843307495117,0.0002405643463134,92.71948608137043,7.280513918629566,463,False,1741
XP_017212638,XP_056318426,0.0010431408882141,stratified,,True,False,False,False,0.0010431408882141,0.0009641647338867,0.0003865957260131,0.0003341436386108,7.230043411254883e-05,94.98910675381264,5.010893246187365,459,False,1742
NP_001313511,XP_056315059,0.0010381937026977,random,,False,False,True,False,0.0010381340980529,0.0008708834648132,0.0006595253944396,0.0003332495689392,0.0003129839897155,92.1383647798742,7.861635220125805,318,False,1743
NP_001002218,XP_056309139,0.0010370016098022,stratified,,True,False,False,False,0.0010366439819335,0.0008236765861511,0.0005301237106323,0.0003507733345031,0.0001215934753417,95.4054054054054,4.5945945945945965,370,False,1744
NP_001006006,XP_056326028,0.0010350942611694,stratified,,True,False,False,False,0.0010347962379455,0.0009424090385437,0.0004693865776062,0.0003542304039001,0.0002580881118774,96.16519174041298,3.834808259587021,339,False,1745
XP_005157914,XP_056331053,0.0010340809822082,stratified,,True,False,False,False,0.0010339021682739,0.0012398362159729,0.000909686088562,0.0003886818885803,0.0001928806304931,93.5820895522388,6.4179104477612015,670,False,1746
NP_001009918,XP_056306401,0.0010331273078918,random,,False,False,True,False,0.0010329484939575,0.0014930963516235,0.000726044178009,0.0002613067626953,0.0003257989883422,92.67352185089976,7.3264781491002395,777,False,1747
XP_073808166,XP_056313484,0.001033067703247,stratified,,True,False,False,False,0.0006226301193237,0.000429093837738,0.0002307295799255,0.0001154541969299,3.4689903259277344e-05,97.57869249394672,2.4213075060532816,2267,False,1748
XP_073786341,XP_056333998,0.0010319948196411,stratified,,True,False,False,False,0.0010316967964172,0.0018171072006225,0.0004265308380126,0.0003682971000671,8.958578109741211e-05,91.64810690423162,8.351893095768375,888,False,1749
NP_957082,XP_056312819,0.0010309815406799,stratified,,True,False,False,False,0.0010309219360351,0.0008282661437988,0.0006008744239807,0.0004585981369018,7.617473602294922e-05,98.42271293375394,1.5772870662460576,317,False,1750
XP_005159014,XP_056332670,0.0010303854942321,random,,False,False,True,False,0.0010302662849426,0.0011255741119384,0.0011234879493713,0.0005885958671569,0.000258445739746,94.61883408071748,5.381165919282523,223,False,1751
XP_021322044,XP_056330463,0.0010269880294799,stratified,,True,False,False,False,0.0010268092155456,0.0023222565650939,0.0006240010261535,0.0008969902992248,0.0011944770812988,87.37864077669903,12.62135922330097,1648,False,1752
XP_005155462,XP_056322293,0.001025378704071,stratified,,True,False,False,False,0.0010254383087158,0.0011550784111022,0.0007745027542114,0.0006040930747985,0.0002519488334655,94.85714285714286,5.142857142857139,525,False,1753
NP_001002430,XP_056329927,0.0010218024253845,random,,False,False,True,False,0.0010218024253845,0.0011374354362487,0.0009005069732666,0.0005794167518615,0.0001887083053588,95.64356435643565,4.356435643564353,505,False,1754
XP_073785574,XP_056334845,0.0010159015655517,random,,False,False,True,False,8.577108383178711e-05,4.506111145019531e-05,4.649162292480469e-05,3.1054019927978516e-05,2.8133392333984375e-05,98.5874330248417,1.412566975158299,5098,False,1755
XP_001333235,XP_056336210,0.001014232635498,stratified,,True,False,False,False,0.0010141730308532,0.0021864771842956,0.0008635520935058,0.0017088651657104,0.0001510381698608,93.27485380116958,6.725146198830416,342,False,1756
XP_009296422,XP_056323017,0.0010119676589965,stratified,,True,False,False,False,0.0010119676589965,0.0006244182586669,0.0002696514129638,0.0001934170722961,7.230043411254883e-05,96.4992389649924,3.5007610350075993,657,False,1757
NP_957061,XP_056329597,0.0010105371475219,random,,False,False,True,False,0.0010104179382324,0.0009821057319641,0.0003641843795776,0.0001834630966186,0.0001247525215148,98.21428571428572,1.7857142857142776,168,False,1758
XP_073797019,XP_056306835,0.0010079741477966,stratified,,True,False,False,False,0.0010079145431518,0.0007024407386779,0.0003350377082824,0.0005739331245422,0.000140368938446,94.74548440065682,5.254515599343179,609,False,1759
NP_001265531,XP_056337693,0.0010079741477966,stratified,,True,False,False,False,0.0010081529617309,0.0010740160942077,0.0013141632080078,0.001421570777893,0.0005985498428344,92.61363636363636,7.38636363636364,528,False,1760
NP_001013287,XP_056316758,0.0010071396827697,stratified,,True,False,False,False,0.0010069012641906,0.0003737211227416,0.0002819895744323,0.0002346634864807,9.781122207641602e-05,94.90586932447395,5.094130675526046,903,False,1761
XP_021327596,XP_056317483,0.0010066032409667,random,,False,False,True,False,0.0010067224502563,0.0001946091651916,0.0001607537269592,0.000115156173706,2.104043960571289e-05,97.97297297297295,2.027027027027046,444,False,1762
XP_005162247,XP_056304857,0.0010048747062683,random,,False,False,True,False,0.0002172589302062,0.0003243684768676,0.0001246929168701,6.693601608276367e-05,0.0004757046699523,96.4853153586904,3.5146846413096,5192,True,1763
XP_073791602,XP_056324992,0.0010027885437011,stratified,,True,False,False,False,0.0010030269622802,0.000791847705841,0.0006936788558959,0.0005272626876831,0.0001876354217529,94.28571428571428,5.714285714285722,560,False,1764
XP_073806043,XP_056313638,0.0009998083114624,stratified,,True,False,False,False,0.0009997487068176,0.0006355047225952,0.0006431341171264,0.0004147887229919,0.0001622438430786,94.16342412451364,5.836575875486361,257,False,1765
XP_073806043,XP_056313640,0.0009998083114624,random,,False,False,True,False,0.0009997487068176,0.0006355047225952,0.0006431341171264,0.0004147887229919,0.0001622438430786,94.16342412451364,5.836575875486361,257,False,1766
NP_001038357,XP_056335909,0.0009993314743041,random,,False,False,True,False,0.000999093055725,0.0008152723312377,0.0013286471366882,0.0005245208740234,0.0001670122146606,92.0997920997921,7.900207900207903,481,False,1767
XP_005173239,XP_056328263,0.0009986758232116,stratified,,True,False,False,False,0.0020893812179565,0.0032585263252258,0.002604603767395,0.00115567445755,0.0015923380851745,76.1791329204383,23.820867079561694,6722,True,1768
XP_017208065,XP_056328120,0.0009985566139221,stratified,,True,False,False,False,0.0009986162185668,0.0006474256515502,0.0007005929946899,0.0004783272743225,0.0001106858253479,95.49248747913188,4.507512520868119,599,False,1769
XP_009298154,XP_056310362,0.0009979605674743,stratified,,True,False,False,False,0.0009980797767639,0.0006855726242065,0.0004479885101318,0.0002833604812622,7.325410842895508e-05,96.08247422680412,3.9175257731958766,485,False,1770
XP_009302825,XP_056320940,0.0009955167770385,random,,False,False,True,False,0.0001026391983032,8.392333984375e-05,3.6835670471191406e-05,3.0100345611572266e-05,1.2695789337158205e-05,98.78286270691332,1.2171372930866795,4761,False,1771
XP_073786287,XP_056334802,0.0009950399398803,stratified,,True,False,False,False,0.0009952783584594,0.0012380480766296,0.000902771949768,0.0007311105728149,0.0001490116119384,94.65648854961832,5.343511450381683,917,False,1772
XP_021327347,XP_056314158,0.0009905099868774,stratified,,True,False,False,False,0.0009902715682983,0.0007640719413757,0.0004830956459045,0.000297725200653,6.777048110961914e-05,96.55688622754492,3.443113772455078,668,False,1773
XP_073791216,XP_056302414,0.0009885430335998,random,,False,False,True,False,0.0009886622428894,0.0016566514968872,0.0014251470565795,0.0010764598846435,0.0001240372657775,96.7032967032967,3.296703296703299,455,False,1774
XP_073788354,XP_056301575,0.000987946987152,stratified,,True,False,False,False,0.000987946987152,0.0009832978248596,0.0004409551620483,0.0002847909927368,0.0004648566246032,92.67241379310344,7.327586206896555,696,False,1775
XP_073785221,XP_056333872,0.00098717212677,random,,False,False,True,False,0.0009870529174804,0.0012307167053222,0.0006769299507141,0.0002509355545043,0.0001175999641418,96.56160458452722,3.438395415472783,349,False,1776
NP_001007315,XP_056332185,0.000986635684967,random,,False,False,True,False,0.0009865164756774,0.0006999373435974,0.0004940032958984,0.0003899931907653,9.53078269958496e-05,95.23809523809524,4.761904761904759,378,False,1777
XP_073798610,XP_056308288,0.0009863376617431,stratified,,True,False,False,False,0.0004581809043884,0.0003412365913391,0.0002225637435913,5.9664249420166016e-05,7.104873657226562e-05,97.10144927536231,2.898550724637687,1034,False,1778
XP_073809510,XP_056315610,0.0009852051734924,stratified,,True,False,False,False,0.0009851455688476,0.0008367300033569,0.0006771087646484,0.0005406141281127,7.110834121704102e-05,94.28969359331477,5.710306406685234,718,False,1779
XP_009294522,XP_056304205,0.0009851455688476,stratified,,True,False,False,False,0.0009853243827819,0.0007919669151306,0.0003252029418945,0.0004748702049255,8.744001388549805e-05,95.188679245283,4.811320754717002,1060,False,1780
XP_003200424,XP_056332814,0.0009838938713073,random,,False,False,True,False,0.0009840130805969,0.0008150339126586,0.0003132820129394,0.0003148913383483,0.000416100025177,94.65478841870824,5.345211581291764,898,False,1781
XP_005168471,XP_056329368,0.0009788274765014,random,,False,False,True,False,0.0009788274765014,0.0005229711532592,0.0008663535118103,0.0005657076835632,0.0001888275146484,94.23791821561338,5.762081784386623,538,False,1782
NP_998304,XP_056312697,0.0009772181510925,random,,False,False,True,False,0.0009771585464477,0.0012634992599487,0.0025939345359802,0.0005329847335815,0.0003057122230529,97.61904761904762,2.3809523809523796,210,False,1783
NP_001014323,XP_056308250,0.0009762644767761,random,,False,False,True,False,0.0009763240814208,0.0004787445068359,0.0033023953437805,7.623434066772461e-05,6.80088996887207e-05,98.20717131474105,1.7928286852589537,502,False,1784
XP_073808927,XP_056313249,0.0009751319885253,random,,False,False,True,False,0.0009748935699462,0.0004052519798278,0.000270128250122,0.0004128217697143,8.428096771240234e-05,96.04904632152588,3.9509536784741215,733,False,1785
XP_005160189,XP_056312467,0.0009743571281433,stratified,,True,False,False,False,0.0009745359420776,0.000888168811798,0.0005114674568176,0.0002956986427307,6.628036499023438e-05,95.40581929555896,4.594180704441044,653,False,1786
NP_001373560,XP_056306673,0.0009720921516418,stratified,,True,False,False,False,0.0009718537330627,0.0012449622154235,0.0011261701583862,0.000579833984375,0.0001628398895263,95.94594594594597,4.054054054054035,222,False,1787
NP_998248,XP_056314587,0.0009707808494567,random,,False,False,True,False,0.000970721244812,0.0009646415710449,0.0007047653198242,0.0007091164588928,7.69495964050293e-05,97.12230215827338,2.877697841726615,278,False,1788
NP_001315523,XP_056323750,0.0009692907333374,random,,False,False,True,False,0.000969648361206,0.0008663535118103,0.0003735423088073,0.0001466870307922,0.0001337528228759,95.625,4.375,320,False,1789
XP_073785661,XP_056334559,0.0009676814079284,stratified,,True,False,False,False,0.0009678602218627,0.0015630722045898,0.0006197094917297,0.0007537603378295,9.506940841674803e-05,94.48669201520912,5.513307984790885,526,False,1790
XP_073809358,XP_056316337,0.0009623169898986,random,,False,False,True,False,0.0009621977806091,0.0012040734291076,0.0007917881011962,0.0003966689109802,0.0001361966133117,95.47169811320757,4.528301886792434,530,False,1791
XP_073809367,XP_056316337,0.0009623169898986,stratified,,True,False,False,False,0.0009621977806091,0.0012040734291076,0.0007917881011962,0.0003966689109802,0.0001361966133117,95.47169811320757,4.528301886792434,530,False,1792
XP_005166119,XP_056316337,0.0009623169898986,stratified,,True,False,False,False,0.0009621381759643,0.0012040734291076,0.0007917881011962,0.0003966689109802,0.0001361966133117,95.47169811320757,4.528301886792434,530,False,1793
XP_073809391,XP_056316338,0.0009623169898986,random,,False,False,True,False,0.0009621381759643,0.0012040734291076,0.0007917881011962,0.0003966689109802,0.0001361966133117,95.47169811320757,4.528301886792434,530,False,1794
XP_073809379,XP_056316338,0.0009623169898986,stratified,,True,False,False,False,0.0009621381759643,0.0012040734291076,0.0007917881011962,0.0003966689109802,0.0001361966133117,95.47169811320757,4.528301886792434,530,False,1795
XP_073809355,XP_056316337,0.0009623169898986,stratified,,True,False,False,False,0.0009621977806091,0.0012040734291076,0.0007917881011962,0.0003966689109802,0.0001361966133117,95.47169811320757,4.528301886792434,530,False,1796
XP_073786524,XP_056336246,0.0009577870368957,random,,False,False,True,False,0.0009577274322509,0.0007350444793701,0.000356376171112,0.0004305839538574,0.0001510977745056,90.56068133427964,9.439318665720364,1397,False,1797
XP_073786524,XP_056336245,0.0009577870368957,random,,False,False,True,False,0.0009577274322509,0.0007350444793701,0.000356376171112,0.0004305839538574,0.0001510977745056,90.56068133427964,9.439318665720364,1397,False,1798
XP_073786524,XP_056336244,0.0009577870368957,stratified,,True,False,False,False,0.0009577274322509,0.0007350444793701,0.000356376171112,0.0004305839538574,0.0001510977745056,90.56068133427964,9.439318665720364,1397,False,1799
XP_009305755,XP_056327080,0.000957429409027,stratified,,True,False,False,False,0.0009576082229614,0.001040756702423,0.0002812147140502,0.0005850195884704,4.553794860839844e-05,95.66787003610108,4.332129963898922,554,False,1800
NP_001005592,XP_056319280,0.0009551048278808,stratified,,True,False,False,False,0.0007155537605285,0.0005554556846618,0.0003297924995422,0.0001618862152099,0.000165581703186,98.14814814814817,1.8518518518518334,108,False,1801
NP_001070800,XP_056318840,0.0009548664093017,stratified,,True,False,False,False,0.0009549260139465,0.0012416839599609,0.0007935762405395,0.0007242560386657,0.0001260638236999,94.80286738351256,5.197132616487437,558,False,1802
XP_009295491,XP_056306345,0.0009537935256958,random,,False,False,True,False,0.000953733921051,0.0007343292236328,0.0004387497901916,0.0002297759056091,9.483098983764648e-05,94.12878787878788,5.871212121212125,1055,False,1803
XP_021328883,XP_056332918,0.0009527206420898,stratified,,True,False,False,False,0.000952661037445,0.0010314583778381,0.0009645819664001,0.0004667043685913,0.0009343028068542,93.50348027842227,6.496519721577727,861,False,1804
XP_001332484,XP_056307781,0.000950813293457,stratified,,True,False,False,False,0.0009508728981018,0.0008559226989746,0.0009730458259582,0.0022593140602111,0.0001503825187683,91.23841617523168,8.761583824768323,1164,False,1805
XP_073786428,XP_056334019,0.0009474754333496,stratified,,True,False,False,False,0.0009475350379943,0.0020748972892761,0.0013359785079956,0.000500738620758,0.0001876354217529,95.75289575289575,4.247104247104247,259,False,1806
XP_005173827,XP_056335938,0.0009474754333496,stratified,,True,False,False,False,0.0009475350379943,0.0004252195358276,0.0002440214157104,0.0001870393753051,5.322694778442383e-05,97.15099715099716,2.8490028490028436,351,False,1807
XP_073809525,XP_056315131,0.0009461641311645,stratified,,True,False,False,False,0.0009462833404541,0.0007911324501037,0.0005465149879455,0.0003309249877929,0.0001216530799865,96.8,3.200000000000003,125,False,1808
XP_073809525,XP_056315132,0.0009461641311645,random,,False,False,True,False,0.0009462833404541,0.0007911324501037,0.0005465149879455,0.0003309249877929,0.0001216530799865,96.8,3.200000000000003,125,False,1809
NP_997784,XP_056334795,0.000946044921875,random,,False,False,True,False,0.0009459257125854,0.0005989670753479,0.000623345375061,0.0005647540092468,8.344650268554688e-05,96.91629955947135,3.083700440528645,227,False,1810
NP_001070809,XP_056324086,0.0009445548057556,stratified,,True,False,False,False,0.0009443759918212,0.0003072023391723,0.0004198551177978,0.0001396536827087,0.0001633763313293,94.94949494949496,5.050505050505038,396,False,1811
XP_005164005,XP_056309502,0.0009442567825317,random,,False,False,True,False,0.0009443759918212,0.0006948709487915,0.0002890229225158,0.0002041459083557,5.340576171875e-05,98.65771812080536,1.342281879194644,149,False,1812
XP_005164005,XP_056309503,0.0009442567825317,stratified,,True,False,False,False,0.0009443759918212,0.0006948709487915,0.0002890229225158,0.0002041459083557,5.340576171875e-05,98.65771812080536,1.342281879194644,149,False,1813
NP_001155959,XP_056336925,0.0009426474571228,random,,False,False,True,False,0.0009425282478332,0.0014766454696655,0.0005766749382019,0.0006839632987976,7.903575897216797e-05,96.54036243822075,3.459637561779246,607,False,1814
XP_009293301,XP_056336925,0.0009426474571228,stratified,,True,False,False,False,0.0009425282478332,0.0014766454696655,0.0005766749382019,0.0006839632987976,7.903575897216797e-05,96.54036243822075,3.459637561779246,607,False,1815
XP_005165978,XP_056315935,0.0009416341781616,random,,False,False,True,False,0.0009415745735168,0.0004557371139526,0.0002763867378234,0.000243067741394,0.0009551644325256,98.59154929577464,1.4084507042253591,213,False,1816
NP_001108048,XP_056303849,0.0009403824806213,stratified,,True,False,False,False,0.0009403824806213,0.0012121200561523,0.0015849471092224,0.0005402565002441,0.0003764033317565,92.14402618657938,7.8559738134206185,611,False,1817
NP_001104657,XP_056327080,0.000939667224884,stratified,,True,False,False,False,0.0009398460388183,0.0009233951568603,0.0002858042716979,0.000519573688507,4.649162292480469e-05,95.48736462093864,4.512635379061365,554,False,1818
XP_073793080,XP_056303314,0.0009370446205139,random,,False,False,True,False,0.0006394982337951,0.0003172159194946,0.0001649856567382,0.0001565814018249,6.508827209472656e-05,97.82496116002072,2.1750388399792797,1928,False,1819
XP_021323777,XP_056335206,0.00093674659729,random,,False,False,True,False,0.0001291036605834,0.0001209378242492,8.881092071533203e-05,8.499622344970703e-05,3.343820571899414e-05,96.8415937803693,3.158406219630706,4778,False,1820
NP_001410864,XP_056324733,0.0009331107139587,random,,False,False,True,False,0.0009329915046691,0.0008521676063537,0.0009050965309143,0.0011576414108276,0.0001567602157592,96.59574468085108,3.404255319148916,470,False,1821
NP_998461,XP_056310263,0.0009323358535766,stratified,,True,False,False,False,0.0009322166442871,0.0006916522979736,0.0004569888114929,0.0004810094833374,0.0001221299171447,95.852534562212,4.147465437788,217,False,1822
XP_005164822,XP_056311047,0.0009293556213378,random,,False,False,True,False,0.0009295940399169,0.0008114576339721,0.0008200407028198,0.0003043413162231,0.0001344680786132,95.89442815249268,4.105571847507321,341,False,1823
XP_001337612,XP_056329432,0.0009284019470214,stratified,,True,False,False,False,0.0009284019470214,0.0007137060165405,0.0007977485656738,0.0003818869590759,0.0001718997955322,91.95652173913044,8.043478260869563,920,False,1824
XP_009303464,XP_056322126,0.0009278655052185,stratified,,True,False,False,False,0.0009276866912841,0.0012824535369873,0.001274824142456,0.0013148188591003,0.0004145503044128,94.64882943143812,5.351170568561884,299,False,1825
NP_999902,XP_056324655,0.0009276270866394,stratified,,True,False,False,False,0.0009275674819946,0.0011271834373474,0.0006123781204223,0.0007598400115966,4.857778549194336e-05,96.64804469273744,3.351955307262557,358,False,1826
NP_001018504,XP_056307271,0.0009236931800842,stratified,,True,False,False,False,0.0009238123893737,0.0009715557098388,0.000598132610321,0.0002945065498352,0.0001523494720458,95.05494505494504,4.945054945054963,182,False,1827
NP_956596,XP_056337303,0.0009194016456604,stratified,,True,False,False,False,0.0009192824363708,0.000740647315979,0.0004239678382873,0.0002450346946716,0.0001022815704345,93.23308270676692,6.766917293233078,266,False,1828
NP_997905,XP_056335617,0.0009176731109619,random,,False,False,True,False,0.0009175539016723,0.0009304285049438,0.0007576942443847,0.0007153749465942,0.0002101063728332,94.01330376940132,5.986696230598682,451,False,1829
NP_001002684,XP_056303111,0.0009151101112365,stratified;random,,True,False,True,False,0.0009462237358093,0.0007171630859375,0.0004299879074096,0.000318706035614,6.192922592163086e-05,96.37305699481864,3.62694300518136,579,False,1830
XP_073807894,XP_056313187,0.0009114146232604,random,,False,False,True,False,0.0009117722511291,0.0029910802841186,0.0009821057319641,0.000586986541748,0.0001295208930969,93.41692789968651,6.583072100313487,955,False,1831
NP_001013318,XP_056318703,0.0009099841117858,random,,False,False,True,False,0.0009101033210754,0.001214861869812,0.0011459589004516,0.0004971623420715,0.0004599690437316,94.12587412587412,5.87412587412588,715,False,1832
NP_001243709,XP_056332469,0.0009095668792724,stratified,,True,False,False,False,0.000909686088562,0.0008661746978759,0.0004760026931762,0.0004233121871948,9.59634780883789e-05,95.93114241001564,4.068857589984361,639,False,1833
XP_021333890,XP_056319394,0.0009084343910217,stratified,,True,False,False,False,0.0009083747863769,0.0006338953971862,0.0004076957702636,0.0003674626350402,8.207559585571289e-05,95.3405017921147,4.659498207885306,558,False,1834
NP_001373169,XP_056303060,0.0009078383445739,random,,False,False,True,False,0.0014646649360656,0.0008054971694946,0.0003814697265625,0.0002482533454895,0.0001671314239501,94.58413926499033,5.415860735009673,517,False,1835
XP_073790877,XP_056302939,0.0009077787399291,random,,False,False,True,False,0.0009077787399291,0.0010733604431152,0.0005651116371154,0.0004739165306091,0.0002413988113403,94.2367601246106,5.763239875389402,641,False,1836
XP_073806134,XP_056314262,0.0009077191352844,stratified,,True,False,False,False,0.0009079575538635,0.0007449984550476,0.0006552934646606,0.0010865330696105,0.0007935166358947,95.3846153846154,4.615384615384599,325,False,1837
NP_001275592,XP_056302153,0.0009031891822814,random,,False,False,True,False,0.0009032487869262,0.0004336833953857,0.0004254579544067,0.0003033876419067,0.0002217888832092,96.31336405529954,3.6866359447004555,217,False,1838
XP_021335796,XP_056324966,0.0009025335311889,random,,False,False,True,False,0.000902771949768,0.0009691715240478,0.0004560351371765,0.0002838969230651,0.0002487301826477,93.3389544688027,6.661045531197303,1179,False,1839
NP_957434,XP_056323778,0.0009022951126098,random,,False,False,True,False,0.0009021759033203,0.0004513263702392,0.0001789927482604,0.0002451539039611,0.0010650753974914,94.71624266144812,5.2837573385518795,511,True,1840
XP_005165223,XP_056313725,0.0009004473686218,stratified,,True,False,False,False,0.0009006261825561,0.0007227063179016,0.0006974935531616,0.0011495351791381,0.0010403990745544,95.16129032258064,4.838709677419359,992,False,1841
NP_001002592,XP_056322963,0.0008973479270935,random,,False,False,True,False,0.0008972287178039,0.0006272792816162,0.000531256198883,0.0003528594970703,0.0010773539543151,96.89922480620154,3.100775193798455,258,False,1842
XP_021330990,XP_056311385,0.0008960366249084,stratified,,True,False,False,False,0.0008958578109741,0.0006762146949768,0.0004971623420715,0.0003429651260375,0.0001540184020996,91.32507149666348,8.674928503336517,1044,False,1843
NP_001035185,XP_056335084,0.000891625881195,stratified,,True,False,False,False,0.0008912682533264,0.0007139444351196,0.0005580186843872,0.000284194946289,0.0001237392425537,96.137339055794,3.8626609442059987,233,False,1844
NP_001304693,XP_056301305,0.0008898973464965,stratified,,True,False,False,False,0.000889778137207,0.0012325644493103,0.0013721585273742,0.002220869064331,0.0005347728729248,94.9748743718593,5.0251256281406995,398,False,1845
XP_009304516,XP_056323673,0.0008883476257324,random,,False,False,True,False,0.0008884668350219,0.0010372400283813,0.0006720423698425,0.0005698800086975,0.0001085400581359,94.51476793248943,5.485232067510566,237,False,1846
XP_685049,XP_056304696,0.0008880496025085,stratified,,True,False,False,False,0.0006815791130065,0.0006720423698425,0.000511884689331,0.000133454799652,0.0001400709152221,95.94843462246776,4.051565377532242,1086,False,1847
NP_956095,XP_056307993,0.0008833408355712,random,,False,False,True,False,0.000883400440216,0.0005579590797424,0.0004307031631469,0.0003040432929992,0.0001243948936462,96.40718562874252,3.592814371257475,334,False,1848
NP_001348443,XP_056318317,0.0008803606033325,random,,False,False,True,False,0.0007970333099365,0.0004523992538452,0.0003696680068969,0.0006325244903564,0.0001111626625061,95.85687382297552,4.1431261770244845,531,False,1849
NP_998445,XP_056314754,0.0008777976036071,random,,False,False,True,False,0.0008777379989624,0.0003286600112915,0.0002532005310058,0.0001346468925476,0.0001056194305419,96.56019656019656,3.439803439803441,407,False,1850
XP_005167328,XP_056319159,0.0008754134178161,stratified,,True,False,False,False,0.00087571144104,0.0012959837913513,0.0008043646812438,0.0001788139343261,0.0001693367958068,95.31996179560647,4.680038204393526,1047,False,1851
XP_073796694,XP_056306150,0.0008744001388549,random,,False,False,True,False,0.0005300641059875,0.0005409717559814,0.0003104209899902,0.0002118349075317,7.87973403930664e-05,93.48017621145374,6.519823788546262,1131,False,1852
NP_991274,XP_056303705,0.0008742809295654,stratified,,True,False,False,False,0.0008742809295654,0.0007858872413635,0.0005515813827514,0.0004361867904663,0.0003033280372619,95.77464788732394,4.225352112676063,355,False,1853
XP_005170948,XP_056315463,0.0008715987205505,stratified,,True,False,False,False,0.0008716583251953,0.0008730292320251,0.000724971294403,0.000786006450653,0.000206708908081,96.66666666666669,3.3333333333333144,480,False,1854
XP_003200756,XP_056301471,0.0008714199066162,random,,False,False,True,False,0.0008711814880371,0.0008857250213623,0.0005879998207092,0.0003107786178588,0.0002437829971313,95.15885022692888,4.841149773071123,661,False,1855
XP_017208279,XP_056301910,0.0008712410926818,random,,False,False,True,False,0.0013293623924255,0.001337707042694,0.0007221698760986,0.0005789399147033,0.0002304315567016,87.8048780487805,12.195121951219505,2104,False,1856
NP_001122292,XP_056327283,0.0008711814880371,random,,False,False,True,False,0.0008711218833923,0.0008679628372192,0.000753104686737,0.000453233718872,7.2479248046875e-05,97.0183486238532,2.9816513761468,436,False,1857
NP_001108040,XP_056324018,0.0008704662322998,random,,False,False,True,False,0.0009025335311889,0.0008760690689086,0.0006760358810424,0.0003157258033752,0.0001572370529174,96.2162162162162,3.7837837837838038,185,False,1858
NP_956669,XP_056315807,0.0008689761161804,stratified,,True,False,False,False,0.0008689165115356,0.0006823539733886,0.0004154443740844,0.0003206133842468,0.0001168847084045,97.44680851063828,2.5531914893617227,235,False,1859
XP_689465,XP_056303309,0.0008682608604431,stratified,,True,False,False,False,0.0008682608604431,0.000412106513977,0.0004495978355407,0.0002930760383605,5.5789947509765625e-05,93.8506588579795,6.1493411420205035,683,False,1860
NP_571108,XP_056312823,0.0008682608604431,stratified,,True,False,False,False,0.0006367564201354,0.0008180737495422,0.0004282593727111,0.0001594424247741,0.0004393458366394,98.2078853046595,1.7921146953405014,279,False,1861
XP_073787288,XP_056336498,0.00086110830307,stratified,,True,False,False,False,0.00086110830307,0.0008711814880371,0.000623881816864,0.0004135966300964,0.0001205205917358,94.24860853432284,5.751391465677159,539,False,1862
XP_005158581,XP_056332950,0.0008597373962402,stratified,,True,False,False,False,0.0008599162101745,0.0010854005813598,0.0005401372909545,0.0001694560050964,0.0004834532737731,97.4512743628186,2.5487256371814055,667,False,1863
XP_009292113,XP_056308632,0.0008595585823059,random,,False,False,True,False,0.0008593797683715,0.0005621314048767,0.0003436803817749,0.00029057264328,0.0001301169395446,95.3020134228188,4.697986577181197,596,False,1864
XP_009295234,XP_056304828,0.0008577108383178,stratified,,True,False,False,False,0.0008577704429626,0.000490128993988,0.0003158450126647,0.0001635551452636,6.812810897827148e-05,96.94835680751174,3.0516431924882568,426,False,1865
XP_073787871,XP_056301943,0.0008574128150939,stratified,,True,False,False,False,0.0008571743965148,0.0005556941032409,0.0005413889884948,0.0002461671829223,9.018182754516602e-05,94.96855345911948,5.031446540880523,795,False,1866
NP_001103597,XP_056305785,0.0008568167686462,stratified,,True,False,False,False,0.0008654594421386,0.001244843006134,0.000913918018341,0.0006913542747497,0.0001404881477355,97.43589743589745,2.564102564102555,234,False,1867
XP_073809201,XP_056315563,0.0008494853973388,stratified;random,,True,False,True,False,0.0008493661880493,0.0009573101997375,0.0004212856292724,0.0002673268318176,0.000314712524414,95.43010752688171,4.569892473118287,372,False,1868
XP_073790728,XP_056302703,0.0008471012115478,random,,False,False,True,False,0.000847041606903,0.0013951063156127,0.0006231069564819,0.0005812644958496,6.872415542602539e-05,97.64397905759162,2.356020942408378,382,False,1869
XP_073808082,XP_056312816,0.0008441805839538,stratified,,True,False,False,False,0.0008441805839538,0.0007693767547607,0.0005236864089965,0.0002698302268981,0.0001235604286193,96.3350785340314,3.664921465968604,191,False,1870
XP_021328768,XP_056332350,0.000844120979309,random,,False,False,True,False,0.000844120979309,0.0150402188301086,0.000281274318695,0.0002665519714355,0.0001544952392578,98.7012987012987,1.2987012987013031,308,False,1871
XP_073790762,XP_056302983,0.0008435249328613,random,,False,False,True,False,0.0008436441421508,0.0005686283111572,0.0005702376365661,0.0007886290550231,8.320808410644531e-05,97.97979797979798,2.0202020202020208,99,False,1872
XP_073790761,XP_056302982,0.0008435249328613,stratified,,True,False,False,False,0.0008436441421508,0.0005686283111572,0.0005702376365661,0.0007886290550231,8.320808410644531e-05,97.97979797979798,2.0202020202020208,99,False,1873
NP_001333080,XP_056311537,0.0008431673049926,stratified,,True,False,False,False,0.0008430480957031,0.0014416575431823,0.000912606716156,0.0003432035446166,0.0001277923583984,96.53524492234168,3.4647550776583245,837,False,1874
NP_001025142,XP_056332290,0.0008421540260314,stratified,,True,False,False,False,0.0008420944213867,0.0006945133209228,0.0004305243492126,0.0003659129142761,0.0001211166381835,98.57142857142856,1.4285714285714448,210,False,1875
NP_001074083,XP_056316572,0.0008420944213867,random,,False,False,True,False,0.0008422136306762,0.0003716349601745,0.0001772046089172,0.0001441836357116,4.172325134277344e-05,98.95833333333331,1.0416666666666856,192,False,1876
NP_956085,XP_056306904,0.0008419156074523,random,,False,False,True,False,0.0008419156074523,0.0005521774291992,0.0003884434700012,0.0004888772964477,0.0001797080039978,97.8227060653188,2.1772939346812024,643,False,1877
XP_073800481,XP_056309389,0.0008419156074523,stratified,,True,False,False,False,0.0008419752120971,0.0003408193588256,0.0001680254936218,0.0003784894943237,7.444620132446289e-05,97.3568281938326,2.643171806167402,454,False,1878
XP_017214016,XP_056325246,0.0008410811424255,stratified,,True,False,False,False,0.0008410215377807,0.0007225275039672,0.0004581809043884,0.000281274318695,0.0001048445701599,92.46987951807228,7.5301204819277245,996,False,1879
XP_021322905,XP_056332746,0.0008401274681091,stratified,,True,False,False,False,0.0008403062820434,0.0009284615516662,0.0008115768432617,0.0004059672355651,0.0001288056373596,95.5659276546091,4.434072345390902,857,False,1880
NP_001012312,XP_056302319,0.0008389949798583,stratified,,True,False,False,False,0.0008391737937927,0.0001645684242248,0.0001269578933715,0.0003196001052856,2.694129943847656e-05,98.35390946502058,1.6460905349794217,729,False,1881
XP_073785016,XP_056334504,0.0008385777473449,random,,False,False,True,False,0.0008387565612792,0.0006518363952636,0.0010491609573364,0.0002871751785278,9.649991989135742e-05,95.07575757575758,4.924242424242422,528,False,1882
NP_991148,XP_056313822,0.0008381009101867,random,,False,False,True,False,0.0008381605148315,0.0012724995613098,0.0006784796714782,0.0005656480789184,0.0001747012138366,95.94594594594597,4.054054054054035,296,False,1883
XP_009301762,XP_056318926,0.0008365511894226,stratified,,True,False,False,False,0.0008365511894226,0.0007054805755615,0.0005897879600524,0.0003118515014648,0.0002118349075317,94.6927374301676,5.307262569832403,358,False,1884
XP_073796695,XP_056306150,0.0008354783058166,stratified,,True,False,False,False,0.0005244016647338,0.0005698800086975,0.0003325343132019,0.000238299369812,7.736682891845703e-05,93.3920704845815,6.607929515418505,1130,False,1885
XP_021332547,XP_056312892,0.000835359096527,stratified,,True,False,False,False,0.0008351206779479,0.0006100535392761,0.0002396702766418,0.0001270174980163,8.511543273925781e-05,95.61933534743204,4.380664652567958,662,False,1886
NP_001116722,XP_056316007,0.0008336305618286,random,,False,False,True,False,0.0008338093757629,0.0003493428230285,0.0003266930580139,0.0012035965919494,0.000169813632965,97.2318339100346,2.768166089965405,578,False,1887
NP_956732,XP_056336837,0.0008326172828674,stratified,,True,False,False,False,0.0006394386291503,0.0004780888557434,0.0007041096687316,0.0004366040229797,5.310773849487305e-05,97.5346687211094,2.465331278890602,649,False,1888
XP_692939,XP_056325147,0.0008309483528137,random,,False,False,True,False,0.0006771683692932,0.0005882978439331,0.0005472898483276,0.0001707673072814,0.0002679824829101,95.6989247311828,4.3010752688172005,1023,False,1889
XP_009304046,XP_056323833,0.0008301734924316,random,,False,False,True,False,0.0008301138877868,0.0010322332382202,0.0004148483276367,0.0005280971527099,5.817413330078125e-05,97.44897959183672,2.551020408163282,196,False,1890
XP_002660750,XP_056328721,0.0008293390274047,stratified,,True,False,False,False,0.0008295178413391,0.0006480813026428,0.000561237335205,0.0005168318748474,8.362531661987305e-05,95.7516339869281,4.248366013071902,306,False,1891
XP_073805396,XP_056308926,0.0008285045623779,stratified,,True,False,False,False,0.0008286237716674,0.0014372467994689,0.0007335543632507,0.0017150044441223,0.0001857280731201,94.18604651162792,5.8139534883720785,601,False,1892
XP_009305510,XP_056326827,0.0008273124694824,random,,False,False,True,False,0.0008269548416137,0.000595211982727,0.0003905296325683,0.000181496143341,0.0001026988029479,96.27659574468083,3.723404255319167,564,False,1893
XP_017209214,XP_056305669,0.0008230209350585,stratified,,True,False,False,False,0.0008232593536376,0.0011030435562133,0.0006969571113586,0.0003641247749328,0.0001929402351379,91.39784946236558,8.602150537634415,837,False,1894
XP_021329266,XP_056305228,0.0008206367492675,random,,False,False,True,False,0.0008205771446228,0.0009955167770385,0.000552475452423,0.000323474407196,8.630752563476562e-05,95.11834319526628,4.881656804733723,673,False,1895
XP_005166542,XP_056318000,0.0008181929588317,random,,False,False,True,False,0.0008183121681213,0.0007989406585693,0.00044846534729,0.0002610683441162,5.841255187988281e-05,93.32048811817596,6.679511881824041,1548,False,1896
XP_005172311,XP_056318786,0.0008174180984497,stratified,,True,False,False,False,0.0008176565170288,0.0012645721435546,0.0010998249053955,0.0010907649993896,0.0001280307769775,96.28252788104088,3.7174721189591224,538,False,1897
XP_005162523,XP_056319131,0.0008161067962646,stratified,,True,False,False,False,0.0008160471916198,0.0007597804069519,0.0008385777473449,0.0003929734230041,0.0001423954963684,93.53448275862068,6.465517241379317,695,False,1898
XP_005156580,XP_056327118,0.0008145570755004,stratified,,True,False,False,False,0.00081467628479,0.000601589679718,0.0004180669784545,0.0004136562347412,0.000138521194458,96.40625,3.59375,640,False,1899
NP_001038288,XP_056336368,0.0008130669593811,stratified;target,Cx39.4,True,False,False,True,0.0008128881454467,0.0007157325744628,0.000719666481018,0.0002132058143615,0.0003281235694885,94.72140762463344,5.278592375366557,341,False,1900
XP_699919,XP_056319548,0.0008125305175781,stratified,,True,False,False,False,0.0008127689361572,0.0006817579269409,0.0002635717391967,0.0001612305641174,5.46574592590332e-05,96.1904761904762,3.809523809523796,630,False,1901
XP_073796273,XP_056315218,0.0008099675178527,stratified,,True,False,False,False,0.000809907913208,0.0007998943328857,0.0004867315292358,0.0003190636634826,9.560585021972656e-05,97.95918367346938,2.040816326530617,294,False,1902
XP_009300272,XP_056314768,0.0008084177970886,stratified,,True,False,False,False,0.0008085966110229,0.0009219050407409,0.0004622340202331,0.0001905560493469,9.071826934814452e-05,94.47236180904522,5.527638190954775,1390,False,1903
NP_957500,XP_056326541,0.0008057951927185,stratified,,True,False,False,False,0.0008058547973632,0.0010923743247985,0.0007396936416625,0.0002673268318176,0.0001803636550903,97.74436090225564,2.255639097744364,399,False,1904
XP_073794535,XP_056306012,0.0008022189140319,stratified,,True,False,False,False,0.0008022785186767,0.0006331205368041,0.0004839897155761,0.0003851652145385,0.0002422332763671,93.11827956989248,6.881720430107521,461,False,1905
NP_001004580,XP_056336010,0.0008013248443603,stratified,,True,False,False,False,0.0008014440536499,0.0006869435310363,0.0023856163024902,0.0003284215927124,0.0003180503845214,92.87469287469288,7.125307125307117,407,False,1906
XP_021326390,XP_056309655,0.0008003711700439,stratified,,True,False,False,False,0.0008001327514648,0.0005035996437072,0.0003432631492614,0.0001813769340515,6.687641143798828e-05,94.28129829984545,5.718701700154554,1289,False,1907
NP_001073486,XP_056317384,0.0007969737052917,random,,False,False,True,False,0.0007789731025695,0.0007447600364685,0.0007340908050537,0.0003558993339538,7.69495964050293e-05,97.40791268758528,2.5920873124147192,733,False,1908
NP_001070769,XP_056305085,0.0007957816123962,random,,False,False,True,False,0.0007957220077514,0.0014615654945373,0.0005836486816406,0.0005856752395629,8.529424667358398e-05,95.40229885057472,4.597701149425276,522,False,1909
XP_017207509,XP_056334003,0.000795304775238,stratified,,True,False,False,False,0.0076952576637268,0.0058404207229614,0.0026195645332336,0.0030169486999511,0.0006585717201232,80.65447545717035,19.34552454282965,9346,False,1910
XP_073787024,XP_056335898,0.0007945299148559,random,,False,False,True,False,0.0007944107055664,0.0004880428314208,0.0003482699394226,0.0002745985984802,0.0002715587615966,94.0754039497307,5.924596050269301,557,False,1911
NP_001038822,XP_056326802,0.000794231891632,stratified,,True,False,False,False,0.0007942914962768,0.0003038048744201,0.0004475712776184,0.0001347064971923,9.703636169433594e-05,97.61904761904762,2.3809523809523796,126,False,1912
XP_073806755,XP_056313565,0.0007921457290649,stratified,,True,False,False,False,0.0007917881011962,0.0005310773849487,0.0002687573432922,0.0001639127731323,5.525350570678711e-05,95.99383667180275,4.006163328197246,649,False,1913
NP_001070053,XP_056318289,0.0007917881011962,random,,False,False,True,False,0.0007916688919067,0.001068115234375,0.0009809732437133,0.000401496887207,0.0002142786979675,95.58823529411764,4.411764705882362,204,False,1914
XP_005171500,XP_056324211,0.0007908344268798,random,,False,False,True,False,0.0007910132408142,0.0008813142776489,0.0004830956459045,0.000319480895996,8.320808410644531e-05,93.75,6.25,351,False,1915
XP_073805215,XP_056317862,0.0007879734039306,stratified,,True,False,False,False,0.0007880926132202,0.000920832157135,0.0008977055549621,0.000693142414093,7.104873657226562e-05,95.79967689822294,4.200323101777059,619,False,1916
XP_073797888,XP_056307762,0.0007851123809814,stratified,,True,False,False,False,0.0007851123809814,0.0006464719772338,0.0006053447723388,0.0004766583442687,0.0002148151397705,93.45549738219896,6.544502617801044,382,False,1917
NP_001417870,XP_056304952,0.0007845759391784,stratified,,True,False,False,False,0.0007272362709045,0.0023080706596374,0.0007919669151306,0.000640869140625,0.0001797676086425,97.00996677740864,2.9900332225913644,301,False,1918
NP_001417870,XP_056304951,0.0007845759391784,stratified,,True,False,False,False,0.0007272362709045,0.0023080706596374,0.0007919669151306,0.000640869140625,0.0001797676086425,97.00996677740864,2.9900332225913644,301,False,1919
XP_073808782,XP_056315620,0.0007827281951904,random,,False,False,True,False,0.0007826685905456,0.0013954639434814,0.0009078383445739,0.0002285242080688,6.29425048828125e-05,96.13356766256592,3.8664323374340768,569,False,1920
XP_073808778,XP_056315620,0.0007827281951904,random,,False,False,True,False,0.0007826685905456,0.0013954639434814,0.0009078383445739,0.0002285242080688,6.29425048828125e-05,96.13356766256592,3.8664323374340768,569,False,1921
XP_005167220,XP_056319408,0.0007805824279785,random,,False,False,True,False,0.0007808804512023,0.0007165670394897,0.0005372762680053,0.0002111196517944,9.900331497192384e-05,93.95061728395062,6.049382716049379,810,False,1922
XP_021326390,XP_056309654,0.0007794499397277,stratified,,True,False,False,False,0.0007792115211486,0.0005099773406982,0.00034099817276,0.0001798868179321,6.622076034545898e-05,94.2084942084942,5.791505791505799,1290,False,1923
NP_001107071,XP_056325494,0.000776469707489,stratified,,True,False,False,False,0.0007764101028442,0.0012165904045104,0.000502586364746,0.001009464263916,0.0003092288970947,93.83983572895278,6.160164271047222,486,False,1924
NP_001020663,XP_056337464,0.0007737874984741,stratified,,True,False,False,False,0.0007738471031188,0.0008214116096496,0.00061696767807,0.0002452731132507,0.0001580715179443,95.02688172043013,4.973118279569874,744,False,1925
XP_021332756,XP_056314996,0.0007733702659606,stratified,,True,False,False,False,0.0007732510566711,0.0004911422729492,0.0003629326820373,0.0003622770309448,0.0001068711280822,96.94189602446484,3.058103975535161,327,False,1926
NP_001373526,XP_056305849,0.0007689595222473,stratified,,True,False,False,False,0.0007691383361816,0.0006675124168395,0.000588834285736,0.0004453063011169,0.0002306103706359,97.67441860465117,2.3255813953488342,172,False,1927
XP_073809027,XP_056316531,0.0007674098014831,random,,False,False,True,False,0.0007672309875488,0.0016068816184997,0.0002985596656799,0.0002360939979553,2.9921531677246097e-05,97.442143727162,2.557856272837995,821,False,1928
XP_005173186,XP_056328276,0.0007668137550354,stratified,,True,False,False,False,0.0007668733596801,0.0008385181427001,0.0001730322837829,0.0001439452171325,4.5418739318847656e-05,97.14912280701756,2.8508771929824377,912,False,1929
NP_571667,XP_056329961,0.0007632970809936,stratified,,True,False,False,False,0.0007634162902832,0.0010485053062438,0.0005035400390625,0.0004419088363647,0.0001401305198669,96.0122699386503,3.987730061349694,326,False,1930
XP_073801716,XP_056311218,0.0007632374763488,stratified,,True,False,False,False,0.0007636547088623,0.0007821917533874,0.0003476738929748,0.0003386735916137,0.0021402835845947,95.06531204644412,4.93468795355588,689,False,1931
NP_001001838,XP_056306884,0.0007628798484802,stratified,,True,False,False,False,0.000751793384552,0.0008931756019592,0.0003492832183837,0.0004871487617492,0.0001102685928344,95.5,4.5,600,False,1932
XP_009292403,XP_056336215,0.0007615685462951,stratified,,True,False,False,False,0.0007613897323608,0.0003952383995056,0.0003389716148376,0.0010445117950439,6.514787673950195e-05,95.88014981273407,4.119850187265925,267,False,1933
NP_001025246,XP_056309654,0.0007572770118713,random,,False,False,True,False,0.0007959604263305,0.000510811805725,0.0003411769866943,0.0001842379570007,6.693601608276367e-05,94.28571428571428,5.714285714285722,1290,False,1934
XP_021323655,XP_056336432,0.0007542371749877,random,,False,False,True,False,0.0007542967796325,8.744001388549805e-05,0.0003566145896911,9.721517562866212e-05,3.784894943237305e-05,99.36908517350156,0.6309148264984401,317,False,1935
XP_073801853,XP_056312286,0.0007513165473937,stratified,,True,False,False,False,0.0007514357566833,0.0006443262100219,0.0004865527153015,0.0002292394638061,0.0001195669174194,94.27890345649584,5.72109654350416,839,False,1936
NP_571201,XP_056320643,0.0007484555244445,random,,False,False,True,False,0.000748336315155,0.0007812976837158,0.0003576874732971,0.0004425048828125,0.0001091957092285,97.32824427480917,2.6717557251908346,262,False,1937
NP_001352516,XP_056314739,0.0007475614547729,random,,False,False,True,False,0.0007477402687072,0.0005269646644592,0.0004242062568664,0.0002548098564147,5.5909156799316406e-05,94.28942245295262,5.710577547047379,1536,False,1938
XP_021334491,XP_056332103,0.0007474422454833,random,,False,False,True,False,0.0007475614547729,0.0006760954856872,0.0006080269813537,0.0005051493644714,0.0002724528312683,95.74105621805792,4.2589437819420795,587,False,1939
XP_073809680,XP_056315372,0.0007464289665222,stratified,,True,False,False,False,0.0007461905479431,0.0007575750350952,0.0005937814712524,0.0002939105033874,7.164478302001953e-05,93.48837209302326,6.5116279069767415,860,False,1940
XP_021325872,XP_056306246,0.0007458329200744,stratified,,True,False,False,False,0.0007457137107849,0.0004215240478515,0.0003924369812011,0.0003247261047363,0.0001249909400939,88.6509635974304,11.349036402569595,1859,False,1941
XP_021333706,XP_056318333,0.000742495059967,stratified,,True,False,False,False,0.0007423162460327,0.0005253553390502,0.0002793669700622,0.0001832842826843,6.538629531860352e-05,96.46772228989038,3.532277710109625,821,False,1942
XP_073807896,XP_056313177,0.0007417201995849,stratified,,True,False,False,False,0.0007418990135192,0.0005327463150024,0.0005508661270141,0.0002236366271972,0.0001918077468872,90.875,9.125,794,False,1943
XP_073806727,XP_056313990,0.0007414817810058,random,,False,False,True,False,0.0007413625717163,0.0006666183471679,0.0003384351730346,0.0001019239425659,0.0001293420791625,97.50346740638004,2.4965325936199605,721,False,1944
XP_073806730,XP_056313989,0.0007414817810058,random,,False,False,True,False,0.0007413029670715,0.0006666779518127,0.0003384351730346,0.0001019239425659,0.0001293420791625,97.50346740638004,2.4965325936199605,721,False,1945
XP_073806728,XP_056313990,0.0007414817810058,stratified,,True,False,False,False,0.0007413625717163,0.0006666183471679,0.0003384351730346,0.0001019239425659,0.0001293420791625,97.50346740638004,2.4965325936199605,721,False,1946
XP_002667042,XP_056308827,0.0007401704788208,stratified,,True,False,False,False,0.0007398724555969,0.0004897117614746,0.0002779960632324,0.0001171231269836,0.0001165270805358,98.65771812080536,1.342281879194644,149,False,1947
XP_005164012,XP_056309513,0.000739574432373,random,,False,False,True,False,0.0007392168045043,0.0005316734313964,0.0007256865501403,0.0003218650817871,0.0002083182334899,97.19887955182072,2.801120448179276,357,False,1948
XP_068069081,XP_056326508,0.0007392168045043,random,,False,False,True,False,0.0007393956184387,0.0007951855659484,0.0004563927650451,0.0005022287368774,9.381771087646484e-05,93.14079422382672,6.859205776173283,831,False,1949
XP_017210021,XP_056309878,0.00073903799057,random,,False,False,True,False,0.00073903799057,0.0005793571472167,0.0006106495857238,0.0002582073211669,0.0002013444900512,92.23300970873788,7.766990291262118,206,False,1950
NP_998193,XP_056309357,0.0007389783859252,random,,False,False,True,False,0.0003257989883422,0.0005916357040405,0.0002421140670776,0.0004229545593261,0.0001617074012756,98.55072463768116,1.4492753623188435,138,False,1951
XP_005171209,XP_056327465,0.0007373094558715,stratified,,True,False,False,False,0.0007376670837402,0.000555396080017,0.0002509951591491,0.0002801418304443,5.340576171875e-05,98.56115107913668,1.4388489208633217,139,False,1952
NP_001038525,XP_056335830,0.0007359385490417,stratified,,True,False,False,False,0.0007358193397521,0.0008071064949035,0.0013119578361511,0.0003065466880798,4.786252975463867e-05,96.90265486725664,3.0973451327433565,226,False,1953
XP_073798835,XP_056307712,0.0007338523864746,stratified,,True,False,False,False,0.0007339715957641,0.0007545351982116,0.0005796551704406,0.0003897547721862,0.0001107454299926,95.45454545454544,4.545454545454561,396,False,1954
XP_073797505,XP_056306678,0.0007330179214477,random,,False,False,True,False,0.0007330179214477,0.000501811504364,0.0003320574760437,0.0002986788749694,7.575750350952148e-05,94.83985765124557,5.160142348754434,562,False,1955
NP_001003988,XP_056331651,0.0007321834564208,random,,False,False,True,False,0.0009160637855529,0.0005019307136535,0.0006406903266906,0.0003552436828613,6.502866744995117e-05,96.27831715210355,3.721682847896446,618,False,1956
XP_073808682,XP_056315355,0.0007314085960388,random,,False,False,True,False,0.0007312297821044,0.0002361536026,0.0001593828201293,8.767843246459961e-05,3.24249267578125e-05,97.75561097256858,2.244389027431424,401,False,1957
XP_073796483,XP_056306770,0.0007259845733642,stratified,,True,False,False,False,0.0007264018058776,0.0004794001579284,0.0004104971885681,0.0002148151397705,3.707408905029297e-05,97.54464285714286,2.455357142857139,448,False,1958
NP_001124143,XP_056301393,0.0007259249687194,stratified,,True,False,False,False,0.0007258653640747,0.0011187195777893,0.0008039474487304,0.0007787942886352,0.0002442598342895,93.76854599406528,6.231454005934722,337,False,1959
XP_073793089,XP_056303314,0.0007256269454956,random,,False,False,True,False,0.0004796981811523,0.000264286994934,0.0001537799835205,9.85264778137207e-05,4.041194915771485e-05,98.02802283341984,1.9719771665801602,1924,False,1960
XP_073793078,XP_056303314,0.0007256269454956,stratified,,True,False,False,False,0.0005870461463928,0.0004656910896301,0.0001664757728576,0.0001492500305175,8.195638656616211e-05,97.9296066252588,2.070393374741201,1932,False,1961
XP_073793083,XP_056303314,0.0007256269454956,stratified,,True,False,False,False,0.0003837943077087,0.0002680420875549,0.0001358389854431,0.0001003146171569,3.355741500854492e-05,98.1318111053451,1.8681888946549066,1926,False,1962
NP_001018145,XP_056309109,0.0007246732711791,random,,False,False,True,False,0.0006253719329833,0.0011157393455505,0.0008059740066528,0.0001968145370483,4.166364669799805e-05,95.50898203592814,4.491017964071858,1000,False,1963
NP_001002358,XP_056335513,0.0007203817367553,stratified;random,,True,False,True,False,0.0007203221321105,0.0007169842720031,0.0003800988197326,0.000437319278717,0.0001143813133239,95.28089887640448,4.719101123595522,445,False,1964
NP_001002617,XP_056311742,0.0007184743881225,stratified,,True,False,False,False,0.0007187128067016,0.0005096197128295,0.0005876421928405,0.0003877282142639,3.653764724731445e-05,97.15302491103203,2.846975088967966,281,False,1965
XP_073797828,XP_056307943,0.0007182359695434,stratified,,True,False,False,False,0.0001516342163085,0.0001624822616577,6.985664367675781e-05,3.1948089599609375e-05,2.086162567138672e-05,98.48628192999054,1.5137180700094603,1057,False,1966
XP_021325399,XP_056305029,0.0007170438766479,random,,False,False,True,False,0.0007168650627136,0.0009307861328125,0.000902771949768,0.0007199645042419,0.0002901554107666,94.8473282442748,5.152671755725194,524,False,1967
NP_001074134,XP_056332953,0.000716209411621,random,,False,False,True,False,0.0007163882255554,0.0007976293563842,0.0003595948219299,0.000194489955902,0.0002684593200683,96.7391304347826,3.260869565217405,644,False,1968
NP_956726,XP_056305758,0.0007160305976867,stratified,,True,False,False,False,0.0007160902023315,0.0008023977279663,0.0006433129310607,0.0004762411117553,0.0001049041748046,94.37125748502994,5.628742514970057,835,False,1969
NP_001107919,XP_056321239,0.0007157325744628,stratified,,True,False,False,False,0.0007158517837524,0.0004187226295471,0.0002364516258239,9.673833847045898e-05,0.0001090168952941,93.4878587196468,6.512141280353205,1810,False,1970
NP_001018165,XP_056313385,0.0007139444351196,stratified,,True,False,False,False,0.0007117390632629,0.0008703470230102,0.0006830692291259,0.0003382563591003,0.0004043579101562,96.22641509433964,3.773584905660357,424,False,1971
XP_021323796,XP_056335998,0.0007131099700927,stratified,,True,False,False,False,0.0007130503654479,0.0005923509597778,0.0003849267959594,8.475780487060547e-05,0.0001020431518554,97.28813559322032,2.711864406779682,590,False,1972
XP_073801982,XP_056311541,0.0007129311561584,random,,False,False,True,False,0.0007127523422241,0.0004925727844238,0.0002950429916381,0.0003552436828613,0.0006317496299743,97.07207207207207,2.927927927927925,444,True,1973
XP_073801492,XP_056311486,0.0007122755050659,stratified,,True,False,False,False,0.0007122755050659,0.0007404685020446,0.0003597140312194,0.0002961158752441,0.0001155734062194,94.59119496855344,5.408805031446562,795,False,1974
XP_005158638,XP_056332444,0.0007120370864868,random,,False,False,True,False,0.0007122159004211,0.000358760356903,0.0002851486206054,0.0001359581947326,0.00029718875885,94.54949944382648,5.450500556173523,1798,False,1975
NP_001038816,XP_056323078,0.0007104277610778,stratified,,True,False,False,False,0.0007103085517883,0.0005886554718017,0.0003101229667663,8.988380432128906e-05,2.7060508728027344e-05,98.39357429718876,1.6064257028112365,249,False,1976
XP_021330924,XP_056311631,0.0007098913192749,stratified,,True,False,False,False,0.0007097721099853,0.0006061792373657,0.0002794861793518,0.0002115368843078,0.0001513957977294,90.35087719298244,9.649122807017562,1480,False,1977
XP_005159745,XP_056335598,0.0007052421569824,random,,False,False,True,False,0.000705063343048,0.0005882978439331,0.0003551244735717,0.0001323223114013,4.172325134277344e-05,97.04595185995623,2.954048140043767,911,False,1978
NP_001002712,XP_056326363,0.0007038712501525,stratified,,True,False,False,False,0.0007039308547973,0.0004510879516601,0.0003833770751953,0.0004372596740722,0.000116229057312,98.1981981981982,1.8018018018018012,111,False,1979
XP_003198149,XP_056309315,0.0007009506225585,random,,False,False,True,False,0.000700831413269,0.0007656812667846,0.0003659725189208,0.0002105236053466,9.363889694213869e-05,97.15447154471543,2.8455284552845654,492,False,1980
NP_957262,XP_056309046,0.0006996393203735,stratified,,True,False,False,False,0.0006999373435974,0.0040907263755798,0.0002574920654296,0.0003609657287597,0.0001909732818603,96.09375,3.90625,128,False,1981
XP_073788901,XP_056337040,0.0006987452507019,random,,False,False,True,False,0.0006988644599914,0.0009423494338989,0.0005131363868713,0.0005932450294494,0.0001392364501953,95.23052464228935,4.769475357710647,1257,False,1982
NP_001099066,XP_056315035,0.0006986260414123,stratified,,True,False,False,False,0.000698447227478,0.0004108548164367,0.0002174973487854,0.0002434253692626,0.000166893005371,95.6989247311828,4.3010752688172005,186,False,1983
NP_001002435,XP_056319108,0.0006976127624511,random,,False,False,True,False,0.0006974935531616,0.0005189180374145,0.0002089142799377,0.0001559853553771,5.054473876953125e-05,97.72727272727272,2.2727272727272805,264,False,1984
XP_073801614,XP_056311342,0.0006971359252929,stratified,,True,False,False,False,0.0006976723670959,0.0007280707359313,0.0007615685462951,0.0005943775177001,0.000192642211914,97.59615384615384,2.4038461538461604,416,False,1985
NP_991151,XP_056323519,0.0006963610649108,stratified,,True,False,False,False,0.0006963014602661,0.0007634758949279,0.000358760356903,0.0003518462181091,6.145238876342773e-05,96.58385093167702,3.41614906832298,322,False,1986
NP_932335,XP_056321906,0.0006958246231079,stratified,,True,False,False,False,0.0006959438323974,0.0009574890136718,0.0006276965141296,0.0005858540534973,0.0001121759414672,94.4954128440367,5.504587155963307,327,False,1987
XP_005158499,XP_056330735,0.0006953477859497,stratified,,True,False,False,False,0.0006952881813049,0.0009056329727172,0.000317096710205,0.0004747509956359,0.0001197457313537,95.81497797356828,4.185022026431724,454,False,1988
XP_005169484,XP_056325573,0.0006940364837646,stratified,,True,False,False,False,0.000693917274475,0.0011223554611206,0.0002647042274475,0.0002110004425048,8.481740951538086e-05,94.6629213483146,5.3370786516854025,712,False,1989
XP_073788980,XP_056337417,0.0006934404373168,random,,False,False,True,False,0.0006933808326721,0.0004289150238037,0.0003270506858825,0.0004540085792541,7.12275505065918e-05,95.73863636363636,4.26136363636364,352,False,1990
NP_998538,XP_056312435,0.0006902813911437,random,,False,False,True,False,0.0006903409957885,0.0006971955299377,0.0006163716316223,0.0006793141365051,0.0001187324523925,96.26168224299066,3.738317757009341,321,False,1991
XP_073801484,XP_056312658,0.0006897449493408,random,,False,False,True,False,0.000690221786499,0.0005410313606262,0.0003543496131896,0.0002067685127258,8.58306884765625e-05,95.58652729384436,4.413472706155645,860,False,1992
XP_073793724,XP_056304174,0.0006892085075378,stratified,,True,False,False,False,0.0006894469261169,0.0006744265556335,0.0012037754058837,0.0008510947227478,0.0004963874816894,92.33409610983982,7.66590389016018,874,False,1993
XP_694757,XP_056333214,0.000689148902893,stratified,,True,False,False,False,0.0006890892982482,0.0006396770477294,0.0003536939620971,0.0002166628837585,3.975629806518555e-05,97.9253112033195,2.0746887966805048,482,False,1994
NP_998318,XP_056304976,0.0006884336471557,stratified,,True,False,False,False,0.0006883144378662,0.0009092092514038,0.0008760094642639,0.0004990100860595,0.0051893591880798,95.58359621451103,4.416403785488967,317,True,1995
XP_073799689,XP_056309849,0.0006884336471557,random,,False,False,True,False,0.0006881356239318,0.0007062554359436,0.0006848573684692,0.0002328753471374,0.0001109838485717,97.29166666666669,2.7083333333333144,480,False,1996
NP_001073502,XP_056312859,0.0006872415542602,random,,False,False,True,False,0.000687301158905,0.0007856488227844,0.0003635883331298,0.0001291632652282,0.0001003742218017,98.94736842105264,1.0526315789473557,95,False,1997
XP_073789157,XP_056301265,0.0006866455078125,stratified,,True,False,False,False,0.0006869435310363,0.0007568597793579,0.0007176399230957,0.0005030035972595,0.0001013278961181,97.22222222222224,2.7777777777777573,540,False,1998
XP_005157361,XP_056327882,0.0006866455078125,random,,False,False,True,False,0.0006865859031677,0.0007500648498535,0.0005579590797424,0.0008072853088378,0.0001603960990905,97.07792207792208,2.922077922077918,924,False,1999
XP_073789167,XP_056301265,0.0006866455078125,stratified,,True,False,False,False,0.0006869435310363,0.0007568597793579,0.0007176399230957,0.0005030035972595,0.0001013278961181,97.22222222222224,2.7777777777777573,540,False,2000
NP_001410760,XP_056317860,0.0006858706474304,random,,False,False,True,False,0.0006858110427856,0.0005924105644226,0.0001448392868041,0.0002952814102172,0.0002133250236511,97.80701754385964,2.1929824561403564,228,False,2001
XP_073795554,XP_056305438,0.0006855726242065,stratified,,True,False,False,False,0.0006854534149169,0.0032619833946228,0.0004443526268005,0.0006894469261169,7.700920104980469e-05,95.91836734693878,4.08163265306122,490,False,2002
NP_001411420,XP_056330287,0.0006852149963378,stratified,,True,False,False,False,0.0006850361824035,0.0011801123619079,0.0006393194198608,0.0008317232131958,0.000244915485382,96.42857142857144,3.571428571428555,84,False,2003
NP_001082792,XP_056324103,0.0006846189498901,random,,False,False,True,False,0.0006844997406005,0.0010021328926086,0.0030397176742553,0.0049799680709838,0.0001861453056335,97.63313609467455,2.366863905325445,338,False,2004
NP_001124067,XP_056336857,0.0006839036941528,random,,False,False,True,False,0.0006839632987976,0.0005626678466796,0.0004221200942993,0.0002995133399963,8.26716423034668e-05,92.46344206974128,7.536557930258724,889,False,2005
XP_688031,XP_056337173,0.000683307647705,stratified,,True,False,False,False,0.000683307647705,0.0004861950874328,0.0006561875343322,0.0003657937049865,5.245208740234375e-05,98.11866859623734,1.8813314037626583,691,False,2006
XP_021334932,XP_056322210,0.0006829500198364,stratified,,True,False,False,False,0.0006831884384155,0.0002414584159851,0.0001217722892761,0.0001127123832702,5.9664249420166016e-05,95.49319727891157,4.506802721088434,1176,False,2007
NP_001315623,XP_056313215,0.0006828904151916,stratified,,True,False,False,False,0.0006828308105468,0.0008787512779235,0.0004806518554687,0.0003736615180969,0.000268816947937,95.83789704271632,4.162102957283679,913,False,2008
NP_991258,XP_056329424,0.0006821155548095,random,,False,False,True,False,0.0006820559501647,0.0008739829063415,0.0005276203155517,0.0001943111419677,0.0001303553581237,96.5648854961832,3.4351145038168056,260,False,2009
NP_001107081,XP_056320385,0.0006811618804931,stratified,,True,False,False,False,0.000680923461914,0.0006300806999206,0.0005214810371398,0.0001506805419921,0.0001881122589111,96.5665236051502,3.433476394849805,233,False,2010
XP_073794629,XP_056305726,0.0006777048110961,stratified,,True,False,False,False,0.0006779432296752,0.0005327463150024,0.0003200769424438,0.0001832842826843,5.435943603515625e-05,97.23435225618633,2.7656477438136733,687,False,2011
XP_005159177,XP_056334671,0.0006737112998962,stratified,,True,False,False,False,0.0006739497184753,0.0004529953002929,0.0002023577690124,9.465217590332033e-05,4.953145980834961e-05,96.32352941176472,3.6764705882352757,408,False,2012
XP_001342267,XP_056334682,0.0006732940673828,stratified,,True,False,False,False,0.0006731152534484,0.000454843044281,0.0005456209182739,0.0004777312278747,6.854534149169922e-05,95.38904899135449,4.6109510086455145,347,False,2013
NP_001137390,XP_056316546,0.0006723999977111,stratified,,True,False,False,False,0.0006170272827148,0.0002080202102661,0.0001705288887023,5.704164505004883e-05,2.7894973754882812e-05,98.32810867293624,1.6718913270637614,957,False,2014
XP_073795522,XP_056304920,0.0006710290908813,stratified,,True,False,False,False,0.0006710886955261,0.0006247758865356,0.0002626180648803,0.0002722144126892,0.0006336569786071,96.82539682539682,3.1746031746031775,504,False,2015
XP_017214324,XP_056326799,0.0006700754165649,random,,False,False,True,False,0.0006698966026306,0.0009636878967285,0.0004259347915649,0.0002473592758178,6.574392318725586e-05,97.23435225618633,2.7656477438136733,687,False,2016
XP_005159810,XP_056335055,0.000668466091156,stratified;random,,True,False,True,False,0.000668466091156,0.0007334947586059,0.0005096793174743,0.0001781582832336,7.700920104980469e-05,92.83489096573209,7.165109034267914,642,False,2017
XP_690320,XP_056334640,0.0006681084632873,stratified,,True,False,False,False,0.0006682872772216,0.0005508065223693,0.0003478527069091,0.000220775604248,5.728006362915039e-05,96.3302752293578,3.6697247706422047,545,False,2018
XP_005167828,XP_056321398,0.0006672143936157,stratified,,True,False,False,False,0.0006670951843261,0.000780701637268,0.0005776286125183,0.0003898739814758,0.0003053545951843,94.6518668012109,5.3481331987891,991,False,2019
NP_001313321,XP_056304148,0.0006662011146545,stratified,,True,False,False,False,0.0006799101829528,0.0009769797325134,0.0004672408103942,0.0004675984382629,9.644031524658204e-05,96.79802955665023,3.201970443349765,406,False,2020
XP_005156008,XP_056324368,0.0006642937660217,stratified,,True,False,False,False,0.0006642937660217,0.0007708668708801,0.0002976059913635,0.0001034140586853,8.058547973632812e-05,96.89922480620154,3.100775193798455,387,False,2021
XP_005162451,XP_056305567,0.0006635189056396,stratified,,True,False,False,False,0.0006637573242187,0.0005526542663574,0.0003454685211181,0.0008033514022827,0.0018365383148193,95.47079856972586,4.529201430274142,839,True,2022
NP_999980,XP_056335117,0.0006632804870605,stratified;random,,True,False,True,False,0.0006633400917053,0.0004553794860839,0.0002821087837219,0.000186800956726,0.0002969503402709,96.48127128263336,3.518728717366642,880,False,2023
XP_005158123,XP_056331976,0.0006625652313232,random,,False,False,True,False,0.0006627440452575,0.0006467103958129,0.0002509951591491,0.0001791715621948,0.0001433491706848,96.3265306122449,3.6734693877551052,490,False,2024
NP_001082887,XP_056323491,0.0006621479988098,stratified,,True,False,False,False,0.000662088394165,0.0012648701667785,0.000220239162445,0.0016441941261291,0.0002703666687011,95.71734475374733,4.2826552462526735,467,False,2025
XP_707353,XP_056332442,0.000660240650177,stratified,,True,False,False,False,9.185075759887697e-05,7.49826431274414e-05,5.441904067993164e-05,6.097555160522461e-05,4.3451786041259766e-05,98.3177570093458,1.6822429906542027,1069,False,2026
NP_001314865,XP_056333601,0.0006598234176635,stratified,,True,False,False,False,0.0006597638130187,0.0005293488502502,0.0004366040229797,0.0004100799560546,9.077787399291992e-05,98.13664596273291,1.8633540372670865,322,False,2027
XP_073792677,XP_056303996,0.0006591081619262,stratified,,True,False,False,False,0.0006592273712158,0.000525951385498,0.0003105401992797,0.0001683831214904,6.681680679321289e-05,98.84057971014492,1.1594202898550776,345,False,2028
XP_073801266,XP_056318082,0.0006588101387023,stratified,,True,False,False,False,0.0002341270446777,0.0003061294555664,0.000244915485382,0.0001193284988403,1.8358230590820312e-05,98.8472622478386,1.1527377521614,1041,False,2029
XP_005164223,XP_056309998,0.0006579160690307,stratified,,True,False,False,False,0.0006579756736755,0.0007476806640625,0.0001723766326904,0.0001603960990905,4.482269287109375e-05,93.41590612777054,6.5840938722294595,1533,False,2030
NP_001018495,XP_056337496,0.0006552338600158,random,,False,False,True,False,0.0006552338600158,0.0012087821960449,0.0006852746009826,0.0002130270004272,0.0002945661544799,94.84083424807903,5.159165751920966,911,False,2031
XP_005160101,XP_056312659,0.0006541609764099,stratified,,True,False,False,False,0.0006542801856994,0.0004460215568542,0.000346302986145,0.0002238154411315,5.829334259033203e-05,95.83843329253368,4.161566707466321,817,False,2032
XP_005160100,XP_056312663,0.0006541609764099,random,,False,False,True,False,0.0006542801856994,0.0004460215568542,0.000346302986145,0.0002238154411315,5.829334259033203e-05,95.83843329253368,4.161566707466321,817,False,2033
XP_073801544,XP_056312660,0.0006541609764099,stratified,,True,False,False,False,0.0006542801856994,0.0004460215568542,0.000346302986145,0.0002238154411315,5.829334259033203e-05,95.83843329253368,4.161566707466321,817,False,2034
XP_005160101,XP_056312660,0.0006541609764099,random,,False,False,True,False,0.0006542801856994,0.0004460215568542,0.000346302986145,0.0002238154411315,5.829334259033203e-05,95.83843329253368,4.161566707466321,817,False,2035
XP_021323778,XP_056335206,0.0006534457206726,stratified,,True,False,False,False,0.0001358389854431,0.0001524090766906,0.000115156173706,7.963180541992188e-05,3.594160079956055e-05,96.7930029154519,3.2069970845481066,4773,False,2036
NP_001314688,XP_056320055,0.0006531476974487,random,,False,False,True,False,0.00093275308609,0.0011836290359497,0.0003861784934997,0.0002115964889526,6.99162483215332e-05,91.4092664092664,8.590733590733606,2690,False,2037
XP_005171651,XP_056309314,0.0006521940231323,random,,False,False,True,False,0.0006520748138427,0.0007861256599426,0.0003957152366638,0.000246524810791,0.0001004934310913,97.15447154471543,2.8455284552845654,491,False,2038
XP_692102,XP_056330333,0.0006519556045532,random,,False,False,True,False,0.0006519556045532,0.0007116794586181,0.0003191232681274,0.0002045035362243,0.002907395362854,91.11617312072892,8.883826879271083,878,True,2039
XP_017207523,XP_056334035,0.0006513595581054,stratified;random,,True,False,True,False,0.000651478767395,0.0002499818801879,0.0002998113632202,0.0002058744430541,5.447864532470703e-05,98.3402489626556,1.6597510373444067,241,False,2040
NP_001007452,XP_056327504,0.0006508827209472,stratified,,True,False,False,False,0.0006508827209472,0.0003197789192199,0.0005619525909423,0.0003847479820251,0.0001096129417419,96.42857142857144,3.571428571428555,532,False,2041
XP_001919896,XP_056325680,0.0006505250930786,stratified,,True,False,False,False,0.0006502866744995,0.0004975199699401,0.0005186200141906,0.0007647275924682,6.204843521118164e-05,96.1065573770492,3.8934426229508006,488,False,2042
NP_956853,XP_056322047,0.0006503462791442,stratified,,True,False,False,False,0.0006505250930786,0.0002344250679016,0.0002529621124267,0.000151515007019,2.8848648071289062e-05,97.95918367346938,2.040816326530617,392,False,2043
XP_073797459,XP_056306385,0.0006499290466308,random,,False,False,True,False,0.0004545450210571,0.0001564621925354,0.0001401901245117,0.0001395344734191,0.000425100326538,93.1533269045323,6.846673095467693,2622,True,2044
XP_009303363,XP_056322888,0.0006499290466308,stratified,,True,False,False,False,0.0006499886512756,0.0004471540451049,0.0002751946449279,0.0001999139785766,6.443262100219727e-05,93.58730158730158,6.412698412698418,1573,False,2045
XP_073809315,XP_056315345,0.0006487369537353,stratified,,True,False,False,False,0.0006487369537353,0.0005221366882324,0.0003055930137634,0.0004723072052001,8.45789909362793e-05,92.2689075630252,7.731092436974805,595,False,2046
NP_001245153,XP_056325359,0.0006470680236816,random,,False,False,True,False,0.0006470084190368,0.0011026859283447,0.0004698038101196,0.0001880526542663,5.84721565246582e-05,97.6991150442478,2.3008849557521955,565,False,2047
XP_001340709,XP_056303516,0.000645637512207,stratified,,True,False,False,False,0.0006455779075622,0.0006113648414611,0.0003930926322937,0.0002062916755676,0.000150442123413,98.44559585492227,1.5544041450777257,193,False,2048
NP_001315484,XP_056320052,0.0006452798843383,stratified,,True,False,False,False,0.0006452798843383,0.000538945198059,0.0003748536109924,0.0001648664474487,0.0001194477081298,97.32313575525812,2.6768642447418785,523,False,2049
XP_005169569,XP_056327141,0.0006431341171264,stratified,,True,False,False,False,0.0006431937217712,0.0005620718002319,0.0003710389137268,0.0002822279930114,3.737211227416992e-05,97.7653631284916,2.2346368715083997,537,False,2050
XP_021336696,XP_056327852,0.0006428956985473,stratified,,True,False,False,False,0.0006428956985473,0.000978946685791,0.0003166794776916,0.0001978874206542,0.0001121759414672,96.23733719247468,3.7626628075253166,690,False,2051
XP_005169468,XP_056324101,0.0006421208381652,stratified,,True,False,False,False,0.0006421208381652,0.0007696747779846,0.0002405643463134,0.0001292824745178,4.3272972106933594e-05,96.8960863697706,3.1039136302293997,739,False,2052
XP_073785592,XP_056334851,0.0006412863731384,stratified,,True,False,False,False,3.421306610107422e-05,1.7762184143066406e-05,1.615285873413086e-05,1.239776611328125e-05,8.463859558105469e-06,99.26686217008798,0.7331378299120246,5076,False,2053
XP_005155626,XP_056322953,0.0006400942802429,random,,False,False,True,False,0.0006401538848876,0.0010863542556762,0.0002675652503967,0.0003725886344909,7.587671279907227e-05,96.21542940320234,3.784570596797664,687,False,2054
NP_001002703,XP_056313400,0.0006399154663085,stratified,,True,False,False,False,0.0006399154663085,0.0003144145011901,0.0002201795578002,0.0001139044761657,6.854534149169922e-05,98.1012658227848,1.8987341772152035,158,False,2055
XP_005170009,XP_056334563,0.0006398558616638,stratified,,True,False,False,False,0.000639796257019,0.0006147027015686,0.0002723932266235,0.0002347230911254,7.253885269165039e-05,95.44863459037713,4.551365409622875,769,False,2056
XP_073806015,XP_056313341,0.0006386637687683,stratified,,True,False,False,False,0.0006384253501892,0.0008072257041931,0.001110553741455,0.0005092620849609,0.0003566741943359,97.22222222222224,2.7777777777777573,504,False,2057
NP_001032892,XP_056306521,0.0006384849548339,stratified,,True,False,False,False,0.0006385445594787,0.0006220340728759,0.0002363324165344,0.000343918800354,3.826618194580078e-05,98.02631578947368,1.973684210526315,152,False,2058
NP_001093454,XP_056323406,0.0006381273269653,stratified,,True,False,False,False,0.0006381273269653,0.000737190246582,0.0007064938545227,0.0004977583885192,0.0003318190574645,95.04741833508956,4.95258166491044,948,False,2059
XP_009300512,XP_056315641,0.0006380081176757,stratified,,True,False,False,False,0.0006380081176757,0.0006647109985351,0.0002930164337158,0.0001854300498962,7.873773574829102e-05,95.18213866039952,4.8178613396004835,847,False,2060
XP_001919144,XP_056314254,0.0006375908851623,stratified,,True,False,False,False,0.0006937980651855,0.0003958940505981,0.0002756118774414,0.0002179741859436,6.628036499023438e-05,90.62196307094268,9.378036929057316,2527,False,2061
NP_001002476,XP_056305983,0.0006362795829772,stratified,,True,False,False,False,0.0006362199783325,0.0006847381591796,0.0004146099090576,0.000390350818634,9.119510650634766e-05,96.72897196261682,3.271028037383175,214,False,2062
XP_073794532,XP_056306009,0.0006331801414489,stratified,,True,False,False,False,0.0006331205368041,0.0002605319023132,0.0001869201660156,0.0001528263092041,8.445978164672852e-05,95.5032119914347,4.496788008565304,463,False,2063
NP_001020351,XP_056317819,0.0006325244903564,random,,False,False,True,False,0.0008076429367065,0.0083593130111694,0.0009458661079406,0.000992476940155,0.0002971291542053,96.62921348314607,3.3707865168539257,267,False,2064
XP_073801588,XP_056312659,0.0006312727928161,random,,False,False,True,False,0.0006315112113952,0.0004245042800903,0.0003408193588256,0.0002246499061584,5.823373794555664e-05,95.71603427172585,4.283965728274154,817,False,2065
XP_001921072,XP_056318046,0.000629186630249,random,,False,False,True,False,0.0011833906173706,0.0007317662239074,0.0006966590881347,0.0003062486648559,0.0001607537269592,90.87870105062082,9.121298949379181,2583,False,2066
XP_009304311,XP_056324174,0.0006289482116699,random,,False,False,True,False,0.0006290078163146,0.0005660057067871,0.0002338886260986,0.0001360774040222,6.866455078125e-05,97.76286353467562,2.237136465324383,447,False,2067
XP_017211729,XP_056313525,0.000628650188446,random,,False,False,True,False,0.000628650188446,0.000395119190216,0.000413954257965,0.0001887083053588,0.0001596808433532,93.2395889670092,6.7604110329908025,1848,False,2068
NP_001018871,XP_056322233,0.0006283521652221,stratified,,True,False,False,False,0.0007612705230712,0.0007410645484924,0.0007472038269042,0.0004909038543701,0.0001187324523925,93.73040752351098,6.269592476489024,957,False,2069
NP_001032201,XP_056322648,0.0006274580955505,stratified,,True,False,False,False,0.0006275177001953,0.0017808079719543,0.000280737876892,0.0002533793449401,0.0001421570777893,95.98214285714286,4.017857142857139,224,False,2070
XP_009296056,XP_056307728,0.0006269216537475,stratified,,True,False,False,False,0.000626802444458,0.000598669052124,0.0008113980293273,0.0003010630607604,7.30752944946289e-05,98.48484848484848,1.5151515151515156,132,False,2071
NP_001077334,XP_056337545,0.0006250739097595,random,,False,False,True,False,0.0006803274154663,0.0002341270446777,0.0001608729362487,0.0001255273818969,0.0001235008239746,96.21409921671018,3.7859007832898186,766,False,2072
XP_021336036,XP_056324891,0.0006242990493774,stratified,,True,False,False,False,0.0006243586540222,0.0003652572631835,0.0002920031547546,0.0001613497734069,4.51207160949707e-05,96.51293588301462,3.4870641169853798,889,False,2073
XP_005158608,XP_056332431,0.0006239414215087,stratified,,True,False,False,False,0.0006239414215087,0.0010186433792114,0.0004748702049255,0.0001052618026733,0.0001081228256225,95.90062111801242,4.099378881987576,805,False,2074
XP_073802574,XP_056311921,0.0006235837936401,random,,False,False,True,False,0.0005576014518737,0.0009708404541015,0.0002884864807128,0.0001348853111267,6.872415542602539e-05,95.8756724447101,4.124327555289895,1672,False,2075
NP_001242932,XP_056332335,0.0006232857704162,stratified,,True,False,False,False,0.0006234049797058,0.0009379386901855,0.0004750490188598,0.0001964569091796,5.161762237548828e-05,97.73584905660375,2.2641509433962455,265,True,2076
NP_001025312,XP_056311748,0.0006202459335327,stratified,,True,False,False,False,0.000620424747467,0.0005466938018798,0.0004354119300842,0.0002309083938598,0.0001261234283447,97.12918660287082,2.870813397129183,209,False,2077
XP_683261,XP_056325820,0.0006185173988342,stratified,,True,False,False,False,0.000618577003479,0.0007179379463195,0.000506579875946,0.0001894831657409,0.0001245141029357,96.08391608391608,3.9160839160839203,714,False,2078
XP_021327608,XP_056317503,0.0006182789802551,random,,False,False,True,False,0.000545859336853,0.000319480895996,0.0001988410949707,0.0001115798950195,0.0001094341278076,96.35922330097088,3.640776699029118,3759,False,2079
NP_001121859,XP_056316725,0.0006170272827148,stratified,,True,False,False,False,0.0006170272827148,0.0006546974182128,0.0006106495857238,0.0004332065582275,8.916854858398438e-05,94.26751592356688,5.732484076433124,314,False,2080
XP_001336283,XP_056304953,0.0006167292594909,stratified,,True,False,False,False,0.000616431236267,0.0007190108299255,0.0004056692123413,0.0001436471939086,0.0002246499061584,92.88079470198676,7.119205298013242,1208,False,2081
XP_021327557,XP_056317166,0.0006160140037536,random,,False,False,True,False,0.0006160736083984,0.0003988146781921,0.0003081560134887,0.0001527667045593,7.462501525878906e-05,96.52777777777776,3.4722222222222427,571,False,2082
XP_017207446,XP_056334844,0.0006148815155029,stratified,,True,False,False,False,8.577108383178711e-05,4.506111145019531e-05,4.649162292480469e-05,3.1054019927978516e-05,2.8133392333984375e-05,98.5874330248417,1.412566975158299,5109,False,2083
NP_998181,XP_056306527,0.0006146430969238,stratified,,True,False,False,False,0.0006148219108581,0.0005316138267517,0.0002171993255615,0.0001544952392578,4.875659942626953e-05,98.014888337469,1.985111662530997,403,False,2084
NP_957120,XP_056308709,0.0006138086318969,random,,False,False,True,False,0.0006138086318969,0.0004225969314575,0.0002856254577636,0.0002936720848083,8.189678192138672e-05,98.75,1.25,320,False,2085
XP_005159264,XP_056334420,0.000613510608673,random,,False,False,True,False,0.0006133317947387,0.0006924271583557,0.0002801418304443,0.0002718567848205,0.0001348853111267,94.75218658892128,5.247813411078724,1028,False,2086
XP_005170233,XP_056301295,0.0006134510040283,stratified,,True,False,False,False,0.0006131529808044,0.0005238056182861,0.0002865195274353,0.0003743171691894,0.0001426339149475,95.49549549549548,4.504504504504524,444,False,2087
XP_001341616,XP_056305319,0.0006126165390014,stratified,,True,False,False,False,0.0006123781204223,0.00055992603302,0.000425100326538,0.0002529025077819,0.0002245903015136,96.7479674796748,3.2520325203252014,369,False,2088
XP_005167050,XP_056319638,0.0006126165390014,random,,False,False,True,False,0.0006127953529357,0.0003402829170227,0.0002604722976684,0.0002232193946838,6.288290023803711e-05,94.94007989347536,5.059920106524643,1500,False,2089
XP_696266,XP_056331943,0.0006120204925537,stratified,,True,False,False,False,0.0006122589111328,0.0007784366607666,0.0003789067268371,0.000135600566864,6.443262100219727e-05,96.99863574351978,3.0013642564802154,733,False,2090
NP_001315314,XP_056312534,0.0006119012832641,stratified,,True,False,False,False,0.0006119608879089,0.0006552338600158,0.0005536079406738,0.0003974437713623,4.494190216064453e-05,96.30390143737166,3.696098562628336,974,False,2091
XP_005159824,XP_056335444,0.0006114840507507,stratified,,True,False,False,False,0.0006114244461059,0.0003916025161743,0.0001968145370483,0.0001617670059204,4.464387893676758e-05,98.34983498349835,1.6501650165016457,303,False,2092
XP_021336036,XP_056324889,0.0006110072135925,random,,False,False,True,False,0.0006108880043029,0.0003631114959716,0.0002771615982055,0.0001598000526428,4.851818084716797e-05,96.40449438202248,3.5955056179775227,890,False,2093
NP_001340792,XP_056331842,0.0006093382835388,stratified,,True,False,False,False,0.0006095170974731,0.0003572702407836,0.0002988576889038,0.0001327991485595,0.0001428723335266,93.36734693877553,6.632653061224474,1371,False,2094
NP_001157369,XP_056306137,0.0006080269813537,random,,False,False,True,False,0.000608205795288,0.0005075931549072,0.0003293752670288,0.0002865195274353,0.0001154541969299,98.13953488372093,1.860465116279073,215,False,2095
NP_001138287,XP_056334681,0.0006068348884582,stratified,,True,False,False,False,0.0006066560745239,0.000239610671997,7.659196853637695e-05,0.0001011490821838,2.5033950805664062e-05,98.1859410430839,1.8140589569160994,441,False,2096
XP_021330694,XP_056312657,0.000605821609497,stratified,,True,False,False,False,0.0006060600280761,0.0004503726959228,0.0003297328948974,0.0002039670944213,8.571147918701172e-05,95.58652729384436,4.413472706155645,861,False,2097
XP_005160148,XP_056312560,0.0006033182144165,random,,False,False,True,False,0.0006031394004821,0.0009915232658386,0.0006112456321716,0.0006202459335327,0.0001790523529052,98.11827956989248,1.8817204301075208,372,False,2098
XP_009304973,XP_056325024,0.0006012320518493,random,,False,False,True,False,0.0002744793891906,0.0002096891403198,0.0001051425933837,6.848573684692383e-05,3.081560134887695e-05,95.23346303501944,4.76653696498056,2665,False,2099
NP_001006018,XP_056335020,0.0005996227264404,stratified,,True,False,False,False,0.0005998015403747,0.0024213194847106,0.0038314461708068,0.0004643201828002,0.0007534623146057,97.51243781094529,2.4875621890547137,201,False,2100
XP_005171244,XP_056327630,0.0005993843078613,stratified,,True,False,False,False,0.0005993843078613,0.0006364583969116,0.000636339187622,0.0001947879791259,7.2479248046875e-05,94.67723669309171,5.322763306908286,879,False,2101
NP_001091651,XP_056325699,0.000597059726715,random,,False,False,True,False,0.0005972981452941,0.0005146265029907,0.0007233619689941,0.0010673999786376,0.0008327960968017,96.0539979231568,3.9460020768432003,963,False,2102
NP_001093507,XP_056313339,0.0005955100059509,stratified,,True,False,False,False,0.0005953907966613,0.000355064868927,0.00034099817276,0.0003135800361633,3.1054019927978516e-05,98.83040935672514,1.1695906432748586,342,False,2103
XP_017208482,XP_056303118,0.0005937814712524,stratified,,True,False,False,False,0.0008732676506042,0.0008158683776855,0.0005862712860107,0.000506579875946,0.0003257393836975,88.37962962962963,11.620370370370367,2447,False,2104
XP_009297712,XP_056309491,0.0005926489830017,stratified,,True,False,False,False,0.0005924701690673,0.0003631711006164,0.0001803636550903,0.0001466870307922,9.942054748535156e-05,93.74456993918332,6.255430060816678,1146,False,2105
XP_005156878,XP_056326244,0.0005915164947509,random,,False,False,True,False,0.0005914568901062,0.000503122806549,0.0003944635391235,0.0002793669700622,4.6372413635253906e-05,96.85534591194968,3.1446540880503164,477,False,2106
XP_073801300,XP_056310378,0.0005908012390136,random,,False,False,True,False,0.0005276203155517,0.00042724609375,0.000235378742218,0.0001221299171447,0.0006951093673706,91.85033316248078,8.14966683751922,1951,True,2107
NP_001154983,XP_056314454,0.0005896687507629,random,,False,False,True,False,0.0005894899368286,0.0003395080566406,0.0005292296409606,0.000167965888977,4.1604042053222656e-05,96.44405897658282,3.5559410234171764,1153,False,2108
XP_073786980,XP_056335257,0.0005890727043151,stratified,,True,False,False,False,0.0002504587173461,0.0003312230110168,0.0001142024993896,9.60230827331543e-05,7.241964340209961e-05,96.79611650485435,3.2038834951456465,3110,False,2109
XP_021334005,XP_056334691,0.0005884170532226,stratified,,True,False,False,False,0.0005884766578674,0.0099762678146362,0.000382125377655,0.0002380609512329,5.7220458984375e-05,96.0,4.0,650,False,2110
NP_001076324,XP_056328924,0.0005876421928405,random,,False,False,True,False,0.0005874037742614,0.0007451176643371,0.0003354549407958,0.0001935958862304,0.0001023411750793,95.81395348837208,4.1860465116279215,430,False,2111
XP_005159573,XP_056335906,0.0005863904953002,random,,False,False,True,False,0.000586450099945,0.0004581212997436,0.0005803108215332,0.0002615451812744,9.626150131225586e-05,95.1851851851852,4.814814814814795,540,False,2112
XP_689880,XP_056326837,0.000585913658142,random,,False,False,True,False,0.0005862116813659,0.0004522204399108,0.0004273653030395,0.0002590417861938,7.575750350952148e-05,96.95652173913044,3.0434782608695627,460,False,2113
XP_009302707,XP_056320650,0.0005832314491271,stratified,,True,False,False,False,0.0005832314491271,0.0004174709320068,0.0003179311752319,0.0001333355903625,4.971027374267578e-05,94.56440804169767,5.435591958302325,1335,False,2114
NP_001121710,XP_056331601,0.0005828142166137,stratified,,True,False,False,False,0.0005827546119689,0.0004863739013671,0.000270664691925,0.0002887248992919,9.292364120483398e-05,96.8847352024922,3.1152647975078054,321,False,2115
NP_001422880,XP_056318256,0.0005820393562316,random,,False,False,True,False,0.0005820393562316,0.0007404088973999,0.0003584027290344,0.0001502037048339,8.612871170043945e-05,97.24896836313616,2.7510316368638428,727,False,2116
NP_571230,XP_056330760,0.0005820393562316,random,,False,False,True,False,0.0005819201469421,0.0016728639602661,0.0005692839622497,0.0008211135864257,7.43865966796875e-05,97.98270893371756,2.0172910662824393,347,False,2117
XP_073805687,XP_056314065,0.0005816221237182,stratified,,True,False,False,False,0.0005817413330078,0.0006833672523498,0.0006046891212463,0.0005355477333068,0.0003077387809753,95.06493506493509,4.935064935064915,385,False,2118
XP_073807070,XP_056314462,0.0005803108215332,stratified,,True,False,False,False,0.0005803108215332,0.0003948211669921,0.0002943277359008,0.0003864765167236,2.3543834686279297e-05,96.80555555555556,3.194444444444443,720,False,2119
NP_001041532,XP_056314462,0.0005803108215332,stratified,,True,False,False,False,0.0005803704261779,0.0006691813468933,0.000303030014038,0.0003595352172851,3.737211227416992e-05,96.38888888888889,3.6111111111111143,720,False,2120
XP_009303367,XP_056322892,0.0005801916122436,stratified,,True,False,False,False,0.0005801320075988,0.0003886222839355,0.0003018379211425,0.0002124309539794,6.03795051574707e-05,93.71354504212572,6.286454957874284,1541,False,2121
NP_001103413,XP_056334382,0.0005800724029541,random,,False,False,True,False,0.0005801320075988,0.0002088546752929,0.0001794099807739,0.0001797676086425,3.5643577575683594e-05,96.5311004784689,3.4688995215310996,836,False,2122
XP_073798545,XP_056307845,0.0005800127983093,stratified,,True,False,False,False,0.0005798935890197,0.0005173087120056,0.0002469420433044,0.000150442123413,6.574392318725586e-05,97.12,2.8799999999999955,625,False,2123
XP_073796097,XP_056306399,0.0005754828453063,stratified,,True,False,False,False,0.0005753636360168,0.0010528564453125,0.0006455183029174,0.0003710389137268,0.00022953748703,93.44,6.560000000000002,625,False,2124
XP_073792899,XP_056303759,0.000572919845581,random,,False,False,True,False,0.0005731582641601,0.0003256797790527,0.0001724362373352,0.0001542568206787,3.314018249511719e-05,97.61904761904762,2.3809523809523796,966,False,2125
NP_001071032,XP_056304913,0.000572383403778,stratified;random,,True,False,True,False,0.0006472468376159,0.0007063746452331,0.0004447102546691,0.000275433063507,5.620718002319336e-05,97.64521193092622,2.354788069073777,637,False,2126
XP_073796933,XP_056306532,0.0005720257759094,stratified,,True,False,False,False,0.000571846961975,0.0005627274513244,0.0003072023391723,0.0001574158668518,0.0001403093338012,94.9064449064449,5.093555093555096,960,False,2127
NP_001352362,XP_056319923,0.0005719661712646,stratified,,True,False,False,False,0.000571846961975,0.0003933906555175,0.0004337430000305,0.0001353621482849,4.935264587402344e-05,97.3288814691152,2.6711185308847973,1198,False,2128
NP_001002863,XP_056325421,0.0005712509155273,random,,False,False,True,False,0.0005713701248168,0.0003488063812255,0.0002363324165344,0.0001624822616577,4.649162292480469e-05,97.375,2.625,800,False,2129
NP_956114,XP_056326284,0.0005676746368408,stratified,,True,False,False,False,0.0005680322647094,0.0003528594970703,0.0002157092094421,0.0001977086067199,6.192922592163086e-05,98.2690794649882,1.7309205350118049,1271,False,2130
NP_001002354,XP_056336954,0.0005671381950378,random,,False,False,True,False,0.0005672574043273,0.0005615949630737,0.0003276467323303,0.0004359483718872,3.5881996154785156e-05,98.05825242718448,1.9417475728155154,309,False,2131
NP_001003559,XP_056335618,0.00056654214859,stratified,,True,False,False,False,0.0005666017532348,0.0003666281700134,0.0002743601799011,0.000212013721466,6.35385513305664e-05,96.89578713968956,3.10421286031044,451,False,2132
XP_005158216,XP_056330821,0.0005658864974975,random,,False,False,True,False,0.000565767288208,0.0007025599479675,0.0003197789192199,0.000166893005371,9.268522262573242e-05,96.49334945586456,3.5066505441354394,827,False,2133
XP_021326189,XP_056308258,0.0005656480789184,stratified,,True,False,False,False,0.0005655884742736,0.0008166432380676,0.0004039406776428,0.0001989603042602,4.094839096069336e-05,93.79799173065564,6.202008269344361,1691,False,2134
XP_073785585,XP_056334849,0.0005649328231811,random,,False,False,True,False,8.577108383178711e-05,4.506111145019531e-05,4.649162292480469e-05,3.1054019927978516e-05,2.8133392333984375e-05,98.5874330248417,1.412566975158299,5083,False,2135
XP_005156576,XP_056326750,0.000564157962799,random,,False,False,True,False,0.0005640983581542,0.000640332698822,0.0001883506774902,0.0001770853996276,6.908178329467773e-05,97.44680851063828,2.5531914893617227,235,False,2136
NP_001189455,XP_056336364,0.0005624890327453,random,,False,False,True,False,0.0005625486373901,0.0005369782447814,0.0001969337463378,0.0001978874206542,6.67572021484375e-05,97.58620689655172,2.4137931034482847,580,False,2137
NP_997919,XP_056325682,0.0005624294281005,random,,False,False,True,False,0.0005625486373901,0.0003870129585266,0.000274121761322,0.0001455545425415,8.869171142578125e-05,96.98275862068964,3.017241379310363,696,False,2138
NP_001032313,XP_056311766,0.0005620121955871,random,,False,False,True,False,0.0005618929862976,0.0004222393035888,0.0002051591873168,0.000268280506134,6.103515625e-05,90.86509376890504,9.13490623109496,1651,False,2139
NP_001076402,XP_056326548,0.0005617141723632,random,,False,False,True,False,0.0005616545677185,0.0010037422180175,0.000757098197937,0.0006062388420104,8.434057235717773e-05,97.97979797979798,2.0202020202020208,99,False,2140
NP_957370,XP_056314706,0.0005590915679931,random,,False,False,True,False,0.000559389591217,0.0005234479904174,0.0003526210784912,0.000325322151184,8.893013000488281e-05,94.8031496062992,5.1968503937007995,635,False,2141
XP_073795664,XP_056304748,0.0005577802658081,stratified,,True,False,False,False,0.0005077719688415,0.0003584623336791,0.0003232955932617,0.0001726746559143,4.9591064453125e-05,96.60377358490568,3.3962264150943184,1060,False,2142
XP_017214027,XP_056324835,0.0005577206611633,random,,False,False,True,False,0.0005576014518737,0.0005138516426086,0.0006590485572814,0.0001399517059326,8.118152618408203e-05,96.137339055794,3.8626609442059987,233,False,2143
NP_001035400,XP_056323593,0.0005572438240051,random,,False,False,True,False,0.0005571246147155,0.0007979273796081,0.0003291964530944,0.0004226565361022,0.0001187920570373,93.29388560157793,6.7061143984220735,507,False,2144
XP_005166175,XP_056316327,0.0005552768707275,stratified,,True,False,False,False,0.0005555748939514,0.000227928161621,0.0001853108406066,8.368492126464844e-05,4.506111145019531e-05,96.16801768607222,3.8319823139277815,1356,False,2145
XP_073802106,XP_056311962,0.000554084777832,stratified,,True,False,False,False,0.000554084777832,0.0018525123596191,0.000404417514801,0.0002490878105163,0.0003299713134765,95.75471698113208,4.245283018867923,212,False,2146
NP_001230108,XP_056308689,0.0005540251731872,stratified,,True,False,False,False,0.0005540251731872,0.0008230209350585,0.0005124807357788,0.0008243322372436,0.0001769661903381,98.91891891891892,1.0810810810810807,185,False,2147
XP_073795624,XP_056305413,0.0005528926849365,random,,False,False,True,False,0.0005528330802917,0.0004779696464538,0.0003312230110168,0.000152587890625,6.848573684692383e-05,95.53219448094612,4.467805519053883,761,False,2148
NP_001077312,XP_056324656,0.000548779964447,stratified,,True,False,False,False,0.0005487203598022,0.000295877456665,0.0002509951591491,0.0001257061958312,4.851818084716797e-05,98.48484848484848,1.5151515151515156,264,False,2149
NP_001003869,XP_056326842,0.0005455613136291,random,,False,False,True,False,0.0005456209182739,0.0005698204040527,0.0004229545593261,0.0001205205917358,0.0001206994056701,93.54005167958655,6.459948320413446,387,False,2150
NP_571885,XP_056315715,0.0005452632904052,stratified,,True,False,False,False,0.00054532289505,0.0007162690162658,0.0005607604980468,0.0002689957618713,8.469820022583008e-05,95.43147208121827,4.568527918781726,394,False,2151
XP_021326900,XP_056313240,0.000543475151062,random,,False,False,True,False,0.0005435943603515,0.0003023743629455,0.0002228021621704,0.0002831220626831,6.324052810668945e-05,96.71484888304862,3.2851511169513827,761,False,2152
XP_005156871,XP_056326756,0.0005421042442321,random,,False,False,True,False,0.0005422830581665,0.0005674958229064,0.0002440810203552,0.0002194046974182,0.0003674030303955,94.12416851441242,5.875831485587582,897,False,2153
NP_001139043,XP_056326959,0.0005416870117187,stratified,,True,False,False,False,0.0005416870117187,0.000223159790039,0.0002397298812866,0.0002226829528808,5.8650970458984375e-05,97.3621103117506,2.637889688249402,417,False,2154
XP_686699,XP_056320721,0.0005415678024291,stratified,,True,False,False,False,0.0005415081977844,0.000792920589447,0.0002561807632446,0.000236690044403,6.347894668579102e-05,95.57344064386318,4.426559356136821,497,False,2155
XP_017209571,XP_056307756,0.0005398392677307,stratified,,True,False,False,False,0.0005397796630859,0.000482439994812,0.0003801584243774,0.0002773404121398,0.0002039074897766,97.22222222222224,2.7777777777777573,468,False,2156
XP_073798876,XP_056307695,0.0005393028259277,random,,False,False,True,False,0.0005391836166381,0.0003693103790283,0.000197410583496,8.33272933959961e-05,4.89354133605957e-05,97.30423620025674,2.6957637997432613,778,False,2157
XP_021327362,XP_056313034,0.0005380511283874,stratified,,True,False,False,False,0.0005381107330322,0.0007734894752502,0.0003529787063598,0.0002633929252624,5.638599395751953e-05,97.34042553191487,2.6595744680851254,376,False,2158
XP_021322895,XP_056332607,0.0005369186401367,random,,False,False,True,False,0.0005370378494262,0.000298798084259,0.0002446770668029,0.0004330277442932,9.79900360107422e-05,97.926267281106,2.073732718893993,434,False,2159
NP_001004549,XP_056322623,0.0005359053611755,random,,False,False,True,False,0.0005360841751098,0.00028657913208,0.0001680254936218,0.0002973079681396,4.881620407104492e-05,98.64864864864865,1.3513513513513544,518,False,2160
XP_073786282,XP_056334760,0.0005358457565307,stratified,,True,False,False,False,0.0005360841751098,0.0008180737495422,0.0008451342582702,0.0004152059555053,0.0001006126403808,96.048632218845,3.9513677811549996,329,False,2161
NP_001152786,XP_056317527,0.0005354881286621,stratified,,True,False,False,False,0.0005573630332946,0.0004895329475402,0.0002551674842834,0.000156819820404,7.271766662597656e-05,94.58388375165126,5.416116248348743,756,False,2162
XP_005157788,XP_056329667,0.000535249710083,stratified,,True,False,False,False,0.0005355477333068,0.0002870559692382,0.0002471208572387,0.0001798868179321,3.826618194580078e-05,98.06763285024157,1.9323671497584343,207,False,2163
XP_073802790,XP_056311774,0.0005339384078979,stratified,,True,False,False,False,0.0005337595939636,0.0002234578132629,0.0001384615898132,4.804134368896485e-05,9.709596633911131e-05,98.9821882951654,1.0178117048345996,393,False,2164
XP_073802789,XP_056311773,0.0005339384078979,random,,False,False,True,False,0.0005338191986083,0.0002234578132629,0.0001384615898132,4.804134368896485e-05,9.709596633911131e-05,98.9821882951654,1.0178117048345996,393,False,2165
NP_957367,XP_056313899,0.0005326867103576,stratified,,True,False,False,False,0.0005326271057128,0.0005490779876708,0.0001817345619201,0.0001055598258972,7.742643356323242e-05,99.29577464788731,0.7042253521126867,142,False,2166
XP_073801301,XP_056310378,0.0005315542221069,random,,False,False,True,False,0.0005196332931518,0.0003610849380493,0.0002048015594482,0.0001130700111389,0.0006718039512634,90.73417721518987,9.265822784810126,1959,True,2167
NP_001313637,XP_056323343,0.000530183315277,stratified,,True,False,False,False,0.0011133551597595,0.0006656050682067,0.0006250739097595,0.0002012848854064,0.0001472830772399,98.3402489626556,1.6597510373444067,241,False,2168
NP_001077325,XP_056320492,0.0005241632461547,random,,False,False,True,False,0.0005244612693786,0.0003761649131774,0.0002497434616088,0.0002943277359008,8.088350296020508e-05,95.0242718446602,4.9757281553397945,824,False,2169
NP_001007183,XP_056321781,0.0005239248275756,random,,False,False,True,False,0.0005238652229309,0.0002307891845703,0.0001859068870544,0.0001059174537658,2.580881118774414e-05,98.33333333333331,1.6666666666666856,300,False,2170
NP_001139055,XP_056326516,0.0005232095718383,random,,False,False,True,False,0.0005226731300354,0.0008160471916198,0.0004346370697021,0.0005355477333068,7.444620132446289e-05,95.4356846473029,4.564315352697093,482,False,2171
XP_017209396,XP_056306149,0.0005221366882324,random,,False,False,True,False,0.0005220174789428,0.0004785060882568,0.0002631545066833,0.0002228617668151,7.724761962890625e-05,93.04123711340206,6.958762886597938,1161,False,2172
XP_005159677,XP_056336032,0.0005199313163757,stratified,,True,False,False,False,0.0005197525024414,0.0005481243133544,0.0002964735031127,0.00010347366333,4.220008850097656e-05,97.56722151088348,2.432778489116515,781,False,2173
XP_073785353,XP_056334903,0.000519573688507,stratified,,True,False,False,False,0.0005199313163757,0.0005580186843872,0.0004163980484008,0.0008412599563598,0.0001272559165954,94.92957746478874,5.070422535211264,1063,False,2174
NP_001177735,XP_056302442,0.0005193352699279,stratified,,True,False,False,False,0.0006093382835388,0.000645637512207,0.0007602572441101,0.0003599524497985,0.0004251599311828,96.42857142857144,3.571428571428555,56,False,2175
NP_001119905,XP_056321101,0.0005190968513488,stratified,,True,False,False,False,0.0005193352699279,0.0005279779434204,0.0003542900085449,0.0008090734481811,0.0001049041748046,96.218487394958,3.7815126050419963,952,False,2176
NP_001074138,XP_056323955,0.0005190372467041,stratified,,True,False,False,False,0.0004064440727233,0.000322937965393,0.0001983046531677,0.0002344846725463,8.356571197509766e-05,97.34789391575664,2.652106084243357,641,False,2177
XP_009298015,XP_056310199,0.000517725944519,stratified,,True,False,False,False,0.0005179047584533,0.0004517436027526,0.0002540349960327,0.0001081228256225,7.31348991394043e-05,95.6896551724138,4.310344827586206,928,False,2178
NP_001071261,XP_056309997,0.0005173683166503,stratified,,True,False,False,False,0.0005170702934265,0.000341773033142,0.000457227230072,0.0002296566963195,0.0001044869422912,96.37561779242176,3.624382207578236,607,False,2179
XP_009299408,XP_056312789,0.0005149841308593,random,,False,False,True,False,0.0005146861076354,0.0006704926490783,0.0005519986152648,0.0006699562072753,6.002187728881836e-05,97.88079470198676,2.1192052980132416,755,False,2180
NP_999936,XP_056318175,0.0005149245262145,stratified,,True,False,False,False,0.0005148649215698,0.0008476972579956,0.0003613233566284,0.0001830458641052,4.5418739318847656e-05,98.03921568627452,1.9607843137254832,306,False,2181
XP_021334645,XP_056321386,0.0005146265029907,random,,False,False,True,False,0.0005145072937011,0.0003008842468261,0.0001881122589111,9.644031524658204e-05,3.1948089599609375e-05,97.35642661804924,2.643573381950759,1097,False,2182
NP_001159805,XP_056306115,0.0005143284797668,stratified,,True,False,False,False,0.0005145668983459,0.0002647042274475,0.0001880526542663,0.0001782774925231,2.5153160095214844e-05,97.94871794871794,2.051282051282058,390,False,2183
XP_073786739,XP_056335626,0.0005140304565429,stratified,,True,False,False,False,0.0005141496658325,0.0006566047668457,0.0004787445068359,0.0001953244209289,6.16312026977539e-05,96.87137891077636,3.1286210892236426,861,False,2184
NP_001074162,XP_056302142,0.0005128383636474,stratified,,True,False,False,False,0.0005131363868713,0.0004886984825134,0.0004183053970336,0.0009122490882873,8.553266525268555e-05,95.83333333333331,4.166666666666686,264,False,2185
NP_001007416,XP_056328971,0.0005124807357788,random,,False,False,True,False,0.0004209876060485,0.0002431869506835,0.000267744064331,7.31348991394043e-05,0.0001648068428039,96.95945945945944,3.0405405405405617,592,False,2186
NP_998290,XP_056316139,0.0005116462707519,stratified,,True,False,False,False,0.0005117654800415,0.0004699826240539,0.0001680850982666,0.000156819820404,7.110834121704102e-05,98.3651226158038,1.6348773841962014,367,False,2187
XP_009296395,XP_056329610,0.0005109906196594,random,,False,False,True,False,0.0003628134727478,0.0001745223999023,0.0001222491264343,9.262561798095704e-05,3.039836883544922e-05,96.240234375,3.759765625,4857,False,2188
XP_021330747,XP_056311127,0.0005103945732116,random,,False,False,True,False,0.0005105137825012,0.0009241700172424,0.0002605319023132,0.0003247261047363,2.521276473999023e-05,97.7815699658703,2.218430034129696,585,False,2189
XP_009300150,XP_056314578,0.0005103945732116,stratified,,True,False,False,False,0.0005106329917907,0.0006718635559082,0.0009070038795471,0.0003604292869567,0.0001346468925476,93.94856278366112,6.051437216338883,661,False,2190
XP_021326183,XP_056307555,0.0005092024803161,stratified,,True,False,False,False,0.0005090832710266,0.00050550699234,0.0002764463424682,0.000209093093872,4.83393669128418e-05,94.79015918958032,5.209840810419678,691,False,2191
NP_955965,XP_056334798,0.0005092024803161,stratified,,True,False,False,False,0.0005090236663818,0.0003767609596252,0.0002036690711975,0.0001981258392333,2.765655517578125e-05,98.932384341637,1.067615658362996,281,False,2192
XP_073804994,XP_056319650,0.0005067586898803,stratified,,True,False,False,False,0.0005069971084594,0.0004432201385498,0.0002598762512207,0.0001660585403442,7.12275505065918e-05,97.11751662971176,2.8824833702882415,451,False,2193
NP_571678,XP_056319613,0.0005067586898803,random,,False,False,True,False,0.0005069971084594,0.000443160533905,0.0002598762512207,0.0001660585403442,7.12275505065918e-05,97.11751662971176,2.8824833702882415,451,False,2194
NP_001108195,XP_056322158,0.0005056262016296,stratified,,True,False,False,False,0.0005058050155639,0.0003052949905395,0.0003746151924133,0.0006563067436218,0.0001047253608703,97.33840304182507,2.6615969581749255,263,False,2195
NP_001307335,XP_056309839,0.0005050897598266,stratified,,True,False,False,False,0.0005052089691162,0.0003756880760192,0.0003806948661804,0.0004883408546447,2.4974346160888672e-05,98.4375,1.5625,192,False,2196
XP_009295317,XP_056305834,0.0005048513412475,random,,False,False,True,False,0.0005046725273132,0.0005169510841369,0.0003876090049743,0.0005614161491394,6.729364395141602e-05,97.71309771309772,2.2869022869022757,481,False,2197
NP_956858,XP_056302355,0.0005037188529968,random,,False,False,True,False,0.0005038976669311,0.0004464387893676,0.0001689195632934,0.0001333355903625,3.820657730102539e-05,98.16272965879266,1.8372703412073434,381,False,2198
XP_005155714,XP_056324503,0.0005021691322326,stratified,,True,False,False,False,0.0005021095275878,0.0006722211837768,0.0005571842193603,0.0002434253692626,3.74913215637207e-05,98.80597014925372,1.1940298507462757,335,False,2199
XP_073798863,XP_056307690,0.000500738620758,stratified,,True,False,False,False,0.000500738620758,0.0003504157066345,0.0001945495605468,8.475780487060547e-05,3.2007694244384766e-05,97.352587244284,2.6474127557160045,830,False,2200
XP_073794750,XP_056305989,0.0005000233650207,random,,False,False,True,False,0.0005000829696655,0.0002826452255249,0.0001754760742187,0.0001872181892395,8.428096771240234e-05,96.98113207547168,3.0188679245283225,265,False,2201
NP_956747,XP_056326662,0.0004980564117431,random,,False,False,True,False,0.0003846883773803,0.0002861618995666,0.0001754164695739,0.000261902809143,6.914138793945312e-05,97.28813559322032,2.711864406779682,295,False,2202
XP_021329454,XP_056306192,0.0004975795745849,stratified,,True,False,False,False,0.0004974603652954,0.0004019737243652,0.0002117753028869,0.0001680254936218,3.653764724731445e-05,95.5846279640229,4.4153720359771,1223,False,2203
NP_001417993,XP_056327316,0.0004972219467163,stratified,,True,False,False,False,0.0004969835281372,0.000562846660614,0.0005145072937011,0.0005053877830505,9.14931297302246e-05,97.10344827586206,2.896551724137936,725,False,2204
XP_073799567,XP_056308741,0.0004962086677551,stratified,,True,False,False,False,0.0004962682723999,0.0003857016563415,0.0002696514129638,0.0001591444015502,0.0003260970115661,96.875,3.125,128,False,2205
NP_001231707,XP_056312722,0.0004961490631103,random,,False,False,True,False,0.0004960894584655,0.000748336315155,0.0002941489219665,0.0001938343048095,7.700920104980469e-05,96.0,4.0,500,False,2206
XP_005158588,XP_056333525,0.0004953742027282,stratified,,True,False,False,False,0.0004957318305969,0.0007805228233337,0.0003261566162109,0.0001794695854187,6.848573684692383e-05,96.54631083202511,3.4536891679748862,1274,False,2207
NP_001074457,XP_056327852,0.0004944205284118,random,,False,False,True,False,0.0004941821098327,0.0007960200309753,0.0002611875534057,0.0001836419105529,8.755922317504883e-05,96.52677279305354,3.4732272069464614,690,False,2208
XP_073794760,XP_056305990,0.0004940032958984,stratified,,True,False,False,False,0.0004939436912536,0.000309944152832,0.0001744031906127,0.0002031326293945,0.0001174807548522,96.96969696969695,3.0303030303030454,264,False,2209
XP_005169866,XP_056332382,0.0004936456680297,random,,False,False,True,False,0.0008013248443603,0.000814139842987,0.0003342628479003,0.0002740621566772,0.0002059340476989,89.03256704980843,10.967432950191565,2394,False,2210
XP_021333602,XP_056317799,0.0004917383193969,stratified,,True,False,False,False,0.0004918575286865,0.0006948709487915,0.0002520680427551,0.0003183484077453,6.413459777832031e-05,98.17073170731707,1.8292682926829258,492,False,2211
XP_005169081,XP_056317801,0.0004917383193969,random,,False,False,True,False,0.0004918575286865,0.0006948709487915,0.0002520680427551,0.0003184080123901,6.413459777832031e-05,98.17073170731707,1.8292682926829258,492,False,2212
NP_956161,XP_056309528,0.0004909634590148,random,,False,False,True,False,0.0004911422729492,0.000534176826477,0.0003657341003417,0.000364601612091,0.000186800956726,97.54098360655738,2.4590163934426243,488,False,2213
NP_571055,XP_056321164,0.0004903674125671,stratified,,True,False,False,False,0.0004903078079223,0.0002616643905639,0.000120997428894,0.0001387000083923,3.463029861450195e-05,98.41628959276018,1.5837104072398205,442,False,2214
NP_991135,XP_056310371,0.0004901885986328,stratified,,True,False,False,False,0.0004900693893432,0.0005944371223449,0.0004905462265014,0.0002760291099548,0.0001475811004638,97.24770642201835,2.7522935779816464,109,False,2215
XP_005172631,XP_056323402,0.0004900693893432,random,,False,False,True,False,0.0004899501800537,0.0007163882255554,0.0003523826599121,0.0008951425552368,0.0001053214073181,97.01492537313432,2.985074626865682,335,False,2216
XP_005157191,XP_056328922,0.0004899501800537,random,,False,False,True,False,0.0004899501800537,0.000662624835968,0.0003798604011535,0.0007261037826538,0.0005276799201965,93.5897435897436,6.410256410256395,1560,False,2217
XP_005162546,XP_056307045,0.000489592552185,random,,False,False,True,False,0.000489592552185,0.0003145933151245,0.0002544522285461,8.058547973632812e-05,9.644031524658204e-05,98.3640081799591,1.6359918200408998,488,False,2218
NP_001003991,XP_056322661,0.0004867315292358,stratified,,True,False,False,False,0.0004869103431701,0.0005297660827636,0.0003049373626708,0.0001891255378723,6.198883056640625e-05,97.7124183006536,2.287581699346404,306,False,2219
XP_021333121,XP_056316863,0.0004866123199462,random,,False,False,True,False,0.0004869103431701,0.0005654096603393,0.0003473758697509,0.0004273653030395,6.479024887084961e-05,97.50889679715304,2.4911032028469577,280,False,2220
XP_005167977,XP_056321845,0.0004862546920776,random,,False,False,True,False,0.0004860162734985,0.0002002120018005,0.0001141428947448,0.000123381614685,2.1457672119140625e-05,98.32134292565948,1.6786570743405207,834,False,2221
NP_001313335,XP_056324398,0.0004857182502746,stratified,,True,False,False,False,0.0004857182502746,0.0026968717575073,0.0004230141639709,0.000217854976654,0.0001940131187438,97.73584905660375,2.2641509433962455,265,False,2222
NP_001124239,XP_056313680,0.0004849433898925,stratified,,True,False,False,False,0.0004851222038269,0.0004262328147888,0.0003502964973449,9.21487808227539e-05,5.048513412475586e-05,98.0209545983702,1.9790454016298042,859,False,2223
XP_005164691,XP_056311768,0.000484824180603,stratified,,True,False,False,False,0.0004849433898925,0.0003769397735595,0.0002779960632324,0.0002257823944091,4.476308822631836e-05,97.7983777520278,2.201622247972196,863,False,2224
NP_001258742,XP_056315030,0.0004847645759582,random,,False,False,True,False,0.0004847645759582,0.0005860328674316,0.0003318190574645,0.0002351999282836,0.0001327395439147,94.39746300211416,5.602536997885835,946,False,2225
XP_002660968,XP_056306948,0.0004840493202209,stratified,,True,False,False,False,0.0004840493202209,0.0008923411369323,0.0003881454467773,0.0002676248550415,4.124641418457031e-05,97.6086956521739,2.391304347826093,920,False,2226
XP_001919340,XP_056305075,0.000483751296997,random,,False,False,True,False,0.0004838705062866,0.0007756948471069,0.0004237294197082,0.0001136660575866,8.189678192138672e-05,97.05882352941175,2.941176470588246,1530,False,2227
XP_005159136,XP_056334100,0.0004819631576538,stratified;random,,True,False,True,False,0.0004820227622985,0.0003460049629211,0.0002096891403198,8.83340835571289e-05,5.185604095458984e-05,98.79227053140096,1.207729468599041,414,False,2228
NP_956185,XP_056332355,0.0004818439483642,random,,False,False,True,False,0.0003844499588012,0.0004127621650695,0.0005461573600769,0.0001972317695617,0.0034515261650085,94.9367088607595,5.063291139240505,630,False,2229
XP_073786461,XP_056333863,0.0004807114601135,stratified,,True,False,False,False,0.000480830669403,0.0003055334091186,0.0001318454742431,0.0001220107078552,6.61015510559082e-05,93.3862433862434,6.613756613756607,1890,False,2230
XP_005160006,XP_056314575,0.0004801154136657,random,,False,False,True,False,0.0004800558090209,0.000206172466278,0.0001032948493957,0.0001420378684997,3.540515899658203e-05,98.39449541284404,1.6055045871559628,436,False,2231
XP_073792822,XP_056303263,0.0004798173904418,random,,False,False,True,False,0.0004799365997314,0.0007773041725158,0.0007839798927307,0.0001543760299682,0.0001572370529174,94.896331738437,5.103668261563001,626,False,2232
NP_001070764,XP_056305737,0.0004772543907165,random,,False,False,True,False,0.0004770755767822,0.0005697607994079,0.0002744197845458,0.0002890825271606,0.0001216530799865,97.45454545454544,2.545454545454561,275,False,2233
XP_021333991,XP_056319215,0.0004753470420837,stratified,,True,False,False,False,0.0004754662513732,0.0004677772521972,0.0002115368843078,0.0001367330551147,0.0002990365028381,94.82993197278913,5.170068027210874,735,False,2234
XP_021322525,XP_056332082,0.0004751682281494,stratified,,True,False,False,False,0.0002344250679016,8.738040924072266e-05,8.64267349243164e-05,9.781122207641602e-05,0.0004479885101318,96.57170449058424,3.4282955094157614,4638,False,2235
XP_073808101,XP_056313442,0.0004743933677673,random,,False,False,True,False,0.0003713369369506,0.0002684593200683,0.0001357197761535,0.0001040697097778,0.0006870627403259,98.07846277021618,1.921537229783823,1249,True,2236
XP_005166761,XP_056320044,0.0004743337631225,stratified,,True,False,False,False,0.0004742741584777,0.0004761219024658,0.000406801700592,0.0001724958419799,6.073713302612305e-05,97.51131221719456,2.4886877828054423,442,False,2237
XP_017209453,XP_056306592,0.000472605228424,random,,False,False,True,False,0.0004724860191345,0.0003871917724609,0.0002585053443908,0.0001376271247863,8.124113082885742e-05,95.42656112576957,4.573438874230433,1135,False,2238
XP_021323679,XP_056336249,0.0004722476005554,random,,False,False,True,False,0.0004722476005554,0.000209093093872,0.0002367496490478,0.0002122521400451,3.731250762939453e-05,98.67674858223064,1.323251417769356,529,False,2239
XP_021331292,XP_056310677,0.0004716515541076,random,,False,False,True,False,0.0004714131355285,0.0004482269287109,0.0002110600471496,0.0003641843795776,0.0001003146171569,95.1219512195122,4.878048780487802,533,False,2240
XP_003200388,XP_056332776,0.0004712343215942,stratified,,True,False,False,False,0.0004714727401733,0.0003594756126403,0.0002598762512207,0.0001074075698852,6.759166717529297e-05,97.3913043478261,2.608695652173907,460,False,2241
XP_073790656,XP_056301762,0.00046968460083,random,,False,False,True,False,0.0001020431518554,9.167194366455078e-05,6.490945816040039e-05,7.790327072143555e-05,2.7954578399658203e-05,98.39572192513369,1.6042780748663148,2466,False,2242
XP_697507,XP_056322949,0.0004692077636718,random,,False,False,True,False,0.0004690289497375,0.0003913044929504,0.0002377033233642,0.000614047050476,3.9637088775634766e-05,97.16312056737588,2.836879432624116,282,False,2243
XP_009292057,XP_056334185,0.0004678964614868,stratified,,True,False,False,False,0.0004680752754211,0.0001881122589111,0.0001339316368103,0.0001176595687866,5.042552947998047e-05,97.65193370165746,2.3480662983425447,724,False,2244
XP_073808372,XP_056313905,0.0004675984382629,stratified,,True,False,False,False,0.0004674792289733,0.0002349615097045,0.0002796649932861,0.0002433657646179,6.306171417236328e-05,98.20627802690584,1.793721973094165,223,False,2245
XP_021322907,XP_056333306,0.0004674792289733,stratified,,True,False,False,False,0.0004675984382629,0.0003623962402343,0.0002006888389587,0.0001261234283447,3.6776065826416016e-05,98.69281045751634,1.3071895424836555,153,False,2246
NP_001264013,XP_056322131,0.0004673600196838,stratified,,True,False,False,False,0.0004674792289733,0.0003133416175842,0.0002314448356628,7.069110870361328e-05,3.349781036376953e-05,97.10743801652892,2.892561983471083,726,False,2247
XP_005160038,XP_056313428,0.000466763973236,stratified,,True,False,False,False,0.0004665255546569,0.0002764463424682,0.000231921672821,7.808208465576172e-05,0.0001084208488464,97.89473684210526,2.10526315789474,285,False,2248
XP_005157985,XP_056331267,0.0004667043685913,random,,False,False,True,False,0.0004670023918151,0.0004549026489257,0.0004376173019409,0.0003126263618469,0.0001377463340759,97.66839378238342,2.3316062176165815,386,False,2249
NP_001243552,XP_056331047,0.0004664659500122,stratified,,True,False,False,False,0.0004662871360778,0.0003169775009155,0.0001870393753051,0.0001067519187927,6.967782974243164e-05,95.21988527724666,4.780114722753339,1043,False,2250
XP_021333965,XP_056320387,0.0004662871360778,random,,False,False,True,False,0.0004662871360778,0.0001497268676757,0.0002215504646301,0.0002150535583496,0.0021865963935852,98.23008849557522,1.7699115044247833,113,False,2251
NP_001002198,XP_056326962,0.0004656314849853,random,,False,False,True,False,0.0004653930664062,0.0001881718635559,0.0003892183303833,0.0001448988914489,2.181529998779297e-05,99.0033222591362,0.9966777408638023,602,False,2252
XP_005165615,XP_056314553,0.0004650354385375,stratified,,True,False,False,False,0.0004650354385375,0.0004662871360778,0.0002291202545166,0.0001112818717956,6.937980651855469e-05,97.53363228699553,2.466367713004473,446,False,2253
XP_073810192,XP_056315778,0.0004636645317077,stratified,,True,False,False,False,0.0003920793533325,0.0003214478492736,0.0001704096794128,0.000142216682434,9.79900360107422e-05,96.35627530364371,3.643724696356287,1235,False,2254
XP_021334325,XP_056321076,0.0004636049270629,stratified,,True,False,False,False,0.0004634857177734,0.0003693103790283,0.0001651644706726,0.0001095533370971,5.638599395751953e-05,94.52343338599265,5.4765666140073535,1893,False,2255
XP_017208472,XP_056302841,0.0004633665084838,stratified,,True,False,False,False,0.0004633665084838,0.0006771087646484,0.0004291534423828,0.0002420544624328,3.534555435180664e-05,96.02977667493796,3.9702233250620367,806,False,2256
NP_001269415,XP_056334602,0.0004631876945495,random,,False,False,True,False,0.0003292560577392,0.0006852746009826,0.0004113316535949,0.000268816947937,4.118680953979492e-05,97.4496644295302,2.550335570469798,745,False,2257
XP_021327886,XP_056313974,0.0004611015319824,random,,False,False,True,False,0.000460922718048,0.0002872943878173,0.0002000927925109,8.684396743774414e-05,6.186962127685547e-05,97.73936170212764,2.2606382978723616,752,False,2258
XP_009298735,XP_056311409,0.000460922718048,stratified,,True,False,False,False,0.000127375125885,9.429454803466796e-05,7.200241088867188e-05,5.775690078735352e-05,3.045797348022461e-05,97.60508308895406,2.3949169110459394,3047,False,2259
NP_001002207,XP_056307049,0.0004608035087585,stratified,,True,False,False,False,0.0004606246948242,0.0008065700531005,0.0005102157592773,0.000296413898468,9.620189666748048e-05,97.8468899521531,2.1531100478468943,418,False,2260
XP_005160608,XP_056337159,0.0004607439041137,stratified,,True,False,False,False,0.000460922718048,0.0004328489303588,0.0002297163009643,0.0001516342163085,0.0001739859580993,95.39877300613496,4.6012269938650405,978,False,2261
XP_009295233,XP_056304814,0.0004605054855346,random,,False,False,True,False,0.0004605054855346,0.000258982181549,0.0001118183135986,5.668401718139648e-05,4.5299530029296875e-05,98.3941605839416,1.6058394160584015,685,False,2262
XP_073808084,XP_056313348,0.0004603862762451,random,,False,False,True,False,0.0004602670669555,0.0002986192703247,0.0002601742744445,0.0001106858253479,2.6702880859375e-05,98.04347826086956,1.9565217391304373,920,False,2263
NP_001095863,XP_056301635,0.0004594922065734,stratified,,True,False,False,False,0.0004594922065734,0.0004612803459167,0.0004273056983947,8.660554885864258e-05,8.243322372436523e-05,97.7859778597786,2.2140221402214024,271,False,2264
XP_691817,XP_056308211,0.000458538532257,random,,False,False,True,False,0.0004585981369018,0.0005399584770202,0.0004677772521972,0.0003702044486999,8.666515350341797e-05,96.2890625,3.7109375,512,False,2265
XP_073806584,XP_056314349,0.0004571676254272,random,,False,False,True,False,0.0004574656486511,0.0002736449241638,0.0001803040504455,9.310245513916016e-05,4.947185516357422e-05,98.005698005698,1.9943019943020062,351,False,2266
XP_021324032,XP_056336863,0.0004564523696899,stratified,,True,False,False,False,0.000456154346466,0.0003759264945983,0.0002110600471496,0.0002610683441162,7.045269012451172e-05,96.28127112914132,3.7187288708586834,1479,False,2267
XP_009300877,XP_056316219,0.0004560947418212,stratified,,True,False,False,False,0.0004559755325317,0.0002803206443786,0.0002810359001159,9.310245513916016e-05,4.2557716369628906e-05,96.9243557772236,3.075644222776404,1203,False,2268
XP_005170092,XP_056335883,0.000455617904663,random,,False,False,True,False,0.0004553794860839,0.0006353855133056,0.0004201531410217,0.0004549622535705,0.0001007914543151,96.20253164556962,3.7974683544303787,316,False,2269
XP_073795863,XP_056305823,0.0004553794860839,random,,False,False,True,False,0.0002398490905761,0.0003408193588256,6.818771362304688e-05,3.647804260253906e-05,7.194280624389648e-05,95.32846715328468,4.671532846715323,2177,False,2270
NP_001410904,XP_056327927,0.0004551410675048,stratified,,True,False,False,False,0.0004552006721496,0.0008591413497924,0.001102864742279,0.0069166421890258,0.0002269148826599,97.47474747474747,2.525252525252526,594,False,2271
NP_571128,XP_056336912,0.0004547834396362,random,,False,False,True,False,0.0004547834396362,0.0002574324607849,0.0001269578933715,7.921457290649414e-05,2.3484230041503903e-05,97.3360655737705,2.6639344262295026,976,False,2272
NP_001006097,XP_056311820,0.0004543662071228,random,,False,False,True,False,0.000454306602478,0.0001869201660156,0.0001410841941833,0.0001433491706848,8.553266525268555e-05,99.05660377358492,0.943396226415075,318,False,2273
XP_073801728,XP_056312003,0.0004540085792541,random,,False,False,True,False,0.000453770160675,0.0006116032600402,0.0002957582473754,0.0001141428947448,0.0002861022949218,95.23809523809524,4.761904761904759,522,False,2274
XP_005174340,XP_056307689,0.0004523992538452,stratified,,True,False,False,False,0.0004524588584899,0.0003299117088317,0.0001884698867797,7.343292236328125e-05,3.2007694244384766e-05,97.47292418772564,2.5270758122743615,830,False,2275
NP_001076280,XP_056337181,0.0004515647888183,stratified,,True,False,False,False,0.0004515647888183,0.0004307031631469,0.0002683401107788,0.0003012418746948,3.4332275390625e-05,96.16161616161617,3.838383838383834,494,False,2276
XP_002660488,XP_056315670,0.0004507899284362,stratified,,True,False,False,False,0.0002726316452026,0.0001882314682006,0.0001009702682495,7.69495964050293e-05,2.193450927734375e-05,97.22086786933204,2.7791321306679606,2861,False,2277
NP_999977,XP_056302736,0.0004504919052124,random,,False,False,True,False,0.0005679130554199,0.0007596611976623,0.0005925893783569,0.0004635453224182,0.0004773139953613,95.34606205250596,4.653937947494043,838,False,2278
XP_005159462,XP_056336398,0.0004500150680541,stratified,,True,False,False,False,0.0004501342773437,0.0003403425216674,0.0003058910369873,0.0002096891403198,3.0994415283203125e-05,98.19494584837544,1.8050541516245602,277,False,2279
XP_694459,XP_056334616,0.0004498958587646,stratified,,True,False,False,False,0.000449776649475,0.000622808933258,0.0006094574928283,0.0005229115486145,0.0005239248275756,97.23076923076924,2.7692307692307594,325,True,2280
XP_073798034,XP_056307464,0.0004494190216064,random,,False,False,True,False,0.0004496574401855,0.0004354119300842,0.0007582306861877,0.0001140832901,0.0001357197761535,98.29545454545456,1.704545454545439,176,False,2281
NP_775328,XP_056309743,0.0004481673240661,stratified,,True,False,False,False,0.0001038908958435,0.0002834200859069,0.0003384351730346,0.0002647638320922,4.869699478149414e-05,99.57716701902748,0.4228329809725153,473,False,2282
XP_017207366,XP_056333604,0.0004478693008422,random,,False,False,True,False,0.0004478693008422,0.0004617571830749,0.0003783702850341,0.0002863407135009,7.587671279907227e-05,94.24040066777964,5.759599332220361,1196,False,2283
XP_073798722,XP_056310038,0.0004464983940124,random,,False,False,True,False,0.0004465579986572,0.0006259679794311,0.0002582073211669,0.0003499388694763,0.0003803372383117,96.4458804523425,3.554119547657507,619,False,2284
XP_001335682,XP_056309433,0.0004453659057617,stratified,,True,False,False,False,0.0004454255104064,0.000210165977478,0.000364065170288,0.0001587271690368,0.0001103281974792,96.37865311308768,3.6213468869123204,1574,False,2285
XP_005169889,XP_056332606,0.0004449486732482,stratified,,True,False,False,False,0.0004448890686035,0.0002124905586242,0.0001987218856811,0.0007233619689941,4.70280647277832e-05,98.64864864864865,1.3513513513513544,443,False,2286
XP_005155878,XP_056324513,0.0004445314407348,random,,False,False,True,False,0.0004448890686035,0.0003827214241027,0.0003268122673034,0.0001990795135498,3.135204315185547e-05,96.33911368015414,3.660886319845858,519,False,2287
XP_021326690,XP_056309897,0.0004436373710632,stratified,,True,False,False,False,0.0004437565803527,0.0003799796104431,0.0001794099807739,0.0001299381256103,3.7729740142822266e-05,95.374912403644,4.625087596355996,1427,False,2288
XP_002663301,XP_056320541,0.000443160533905,stratified,,True,False,False,False,0.0004433393478393,0.000476062297821,0.0003613829612731,0.0004571080207824,9.351968765258788e-05,96.06837606837608,3.9316239316239177,585,False,2289
XP_073807824,XP_056314854,0.000443160533905,stratified,,True,False,False,False,0.0004432201385498,0.0005899667739868,0.0004050135612487,0.000134527683258,7.18832015991211e-05,97.12092130518234,2.8790786948176645,521,False,2290
XP_021328422,XP_056327752,0.0004429817199707,stratified,,True,False,False,False,0.000443160533905,0.0004155039787292,0.0001918077468872,0.000171959400177,8.112192153930664e-05,91.2094395280236,8.790560471976406,1694,False,2291
NP_001184183,XP_056306773,0.0004428625106811,stratified,,True,False,False,False,0.0004633069038391,0.0002450942993164,0.0001496076583862,8.660554885864258e-05,8.654594421386719e-05,97.2027972027972,2.7972027972028,572,False,2292
XP_073799666,XP_056309293,0.0004427433013916,stratified,,True,False,False,False,0.000442624092102,0.0006630420684814,0.0004481673240661,0.0002215504646301,0.000185489654541,97.63440860215054,2.3655913978494567,465,False,2293
XP_073792359,XP_056303836,0.0004425644874572,random,,False,False,True,False,0.0004428029060363,0.0002883076667785,0.0004323720932006,0.0002142190933227,4.875659942626953e-05,97.57412398921834,2.425876010781664,371,False,2294
XP_073797374,XP_056309704,0.0004421472549438,stratified,,True,False,False,False,0.0004421472549438,0.0004773139953613,0.0002453923225402,0.0001431107521057,0.0003809332847595,96.3882618510158,3.6117381489842018,443,False,2295
NP_001002121,XP_056317894,0.0004411339759826,random,,False,False,True,False,0.0004412531852722,0.0004571676254272,0.0002188682556152,0.0001444816589355,4.279613494873047e-05,98.60834990059642,1.3916500994035772,503,False,2296
NP_001410713,XP_056307520,0.0004394054412841,stratified,,True,False,False,False,0.0004686117172241,0.0008062720298767,0.0005353689193725,0.0005421042442321,0.0002013444900512,93.21223709369023,6.787762906309766,2342,False,2297
XP_073790447,XP_056301890,0.0004380345344543,stratified,,True,False,False,False,0.0004380345344543,0.0009223818778991,0.0002852082252502,0.0016709566116333,6.99162483215332e-05,98.78048780487804,1.2195121951219647,164,False,2298
XP_073802134,XP_056311250,0.0004376769065856,random,,False,False,True,False,0.0004376173019409,0.0003658533096313,0.0003179311752319,0.0020709037780761,0.0001701712608337,97.21577726218098,2.7842227378190216,431,False,2299
NP_001032448,XP_056305396,0.0004374980926513,random,,False,False,True,False,0.0004372596740722,0.0005289912223815,0.0002703666687011,0.0002685785293579,3.695487976074219e-05,97.0873786407767,2.9126213592232943,515,False,2300
XP_021325652,XP_056304639,0.0004366636276245,stratified,,True,False,False,False,0.0004321336746215,0.0003036856651306,0.0001977682113647,0.0001513361930847,0.001392662525177,95.458984375,4.541015625,3703,True,2301
XP_073806657,XP_056313418,0.0004357099533081,stratified,,True,False,False,False,0.0004360675811767,0.0007076263427734,0.0003717541694641,0.000194489955902,9.91225242614746e-05,93.4487021013597,6.5512978986403,808,False,2302
XP_073806660,XP_056313418,0.0004357099533081,stratified,,True,False,False,False,0.0004360675811767,0.0007076263427734,0.0003717541694641,0.000194489955902,9.91225242614746e-05,93.4487021013597,6.5512978986403,808,False,2303
XP_073798670,XP_056309334,0.000435471534729,stratified,,True,False,False,False,0.0002956986427307,0.0001800060272216,0.0001584291458129,0.0001734495162963,2.6166439056396484e-05,95.64270152505446,4.357298474945537,1836,False,2304
XP_002667698,XP_056303822,0.0004345178604125,stratified,,True,False,False,False,0.0004346370697021,0.0007021427154541,0.0004987120628356,0.0005099773406982,8.386373519897461e-05,94.96855345911948,5.031446540880523,318,False,2305
XP_002667698,XP_056303821,0.0004345178604125,stratified,,True,False,False,False,0.0004346370697021,0.0007021427154541,0.0004987120628356,0.0005099773406982,8.386373519897461e-05,94.96855345911948,5.031446540880523,318,False,2306
XP_017212723,XP_056318302,0.0004336833953857,random,,False,False,True,False,0.0005975365638732,0.0002188086509704,0.0001096725463867,0.0001084208488464,5.501508712768555e-05,94.1866145578896,5.813385442110402,2485,False,2307
XP_005157638,XP_056330244,0.0004329681396484,stratified,,True,False,False,False,0.0004330873489379,0.0007672309875488,0.0002058148384094,0.0002674460411071,0.0006277561187744,96.5034965034965,3.496503496503493,429,False,2308
XP_021333497,XP_056317420,0.0004315972328186,random,,False,False,True,False,0.0004314184188842,0.0003222823143005,0.0001333355903625,5.4895877838134766e-05,4.5180320739746094e-05,98.46977811782708,1.530221882172924,1307,False,2309
NP_001189424,XP_056328172,0.0004312992095947,stratified,,True,False,False,False,0.0004311203956604,0.0006791949272155,0.0003217458724975,0.0002851486206054,0.00010746717453,94.23929098966026,5.760709010339738,677,False,2310
XP_073808687,XP_056316131,0.000430941581726,random,,False,False,True,False,0.0004310607910156,0.0002395510673522,0.0001590847969055,9.40561294555664e-05,3.17692756652832e-05,98.49056603773585,1.5094339622641542,795,False,2311
XP_073797328,XP_056307115,0.0004299879074096,random,,False,False,True,False,0.0004301071166992,0.0004383921623229,0.000389814376831,0.0004147887229919,3.808736801147461e-05,98.43937575030012,1.5606242496998846,833,False,2312
NP_956747,XP_056326663,0.0004299283027648,stratified,,True,False,False,False,0.0003371238708496,0.0002458095550537,0.0001323819160461,0.0001052618026733,1.3887882232666016e-05,98.6254295532646,1.3745704467354045,291,False,2313
NP_001002215,XP_056311824,0.0004289150238037,stratified,,True,False,False,False,0.0004286766052246,0.0005660057067871,0.0002573728561401,0.0002192854881286,7.849931716918945e-05,97.36842105263158,2.631578947368425,152,False,2314
XP_005169998,XP_056334885,0.0004284381866455,stratified;random,,True,False,True,False,0.0004282593727111,0.0003910064697265,0.0004495978355407,0.0002775192260742,0.0002033710479736,96.70886075949367,3.2911392405063253,395,False,2315
XP_073789086,XP_056337689,0.0004283189773559,stratified,,True,False,False,False,0.0004284381866455,0.0001997351646423,0.0001585483551025,0.0001542568206787,2.157688140869141e-05,98.14432989690722,1.855670103092777,485,False,2316
XP_009303960,XP_056323170,0.0004277825355529,stratified,,True,False,False,False,0.0004278421401977,0.0003197789192199,0.0002611279487609,0.0002654194831848,9.119510650634766e-05,98.0169971671388,1.983002832861203,353,False,2317
XP_002666176,XP_056304090,0.0004267692565917,stratified,,True,False,False,False,0.0004267692565917,0.0003185272216796,0.0001859664916992,0.0002307891845703,4.559755325317383e-05,96.35416666666669,3.6458333333333144,192,False,2318
NP_001157467,XP_056322057,0.0004265308380126,stratified,,True,False,False,False,0.0004265904426574,0.0002668499946594,0.000169038772583,0.0001964569091796,4.351139068603515e-05,98.21428571428572,1.7857142857142776,224,False,2319
XP_005173263,XP_056328367,0.0004251599311828,random,,False,False,True,False,0.0004254579544067,0.0008205771446228,0.0002078413963317,0.0003082156181335,0.0001057982444763,97.87234042553192,2.1276595744680833,282,False,2320
XP_021326394,XP_056308263,0.0004249811172485,random,,False,False,True,False,0.0004248619079589,0.0003996491432189,0.0002051591873168,0.0001945495605468,4.8220157623291016e-05,96.40287769784172,3.597122302158283,417,False,2321
NP_991132,XP_056301348,0.0004244446754455,random,,False,False,True,False,0.000424325466156,0.000517725944519,0.0002664923667907,0.0001665949821472,6.574392318725586e-05,97.13467048710602,2.865329512893979,349,False,2322
NP_001296364,XP_056334536,0.0004243850708007,random,,False,False,True,False,0.0004245042800903,0.0006145238876342,0.0004761219024658,0.0002281665802001,3.504753112792969e-05,98.20261437908496,1.797385620915037,612,False,2323
XP_005164077,XP_056309802,0.0004239082336425,stratified,,True,False,False,False,0.0004239082336425,0.0003072619438171,0.0001242756843566,8.064508438110352e-05,4.0650367736816406e-05,96.0773166571916,3.922683342808398,1757,False,2324
XP_073806659,XP_056313417,0.0004230141639709,random,,False,False,True,False,0.0004233121871948,0.0006923079490661,0.000382661819458,0.0001854300498962,9.5367431640625e-05,93.57231149567367,6.427688504326326,809,False,2325
XP_005158632,XP_056333441,0.0004222393035888,stratified,,True,False,False,False,0.0004224777221679,0.0002728700637817,0.0001584887504577,0.0002862215042114,6.330013275146484e-05,96.35157545605308,3.6484245439469163,603,False,2326
XP_073806286,XP_056313045,0.0004221200942993,stratified,,True,False,False,False,0.0004220008850097,0.0005412697792053,0.0002002120018005,9.578466415405272e-05,4.774332046508789e-05,98.86363636363636,1.1363636363636402,88,False,2327
XP_009300470,XP_056314951,0.000421404838562,random,,False,False,True,False,0.0004212856292724,0.0003107786178588,0.000170886516571,0.0002262592315673,8.70823860168457e-05,97.59825327510916,2.4017467248908417,458,False,2328
NP_001017572,XP_056313107,0.0004212856292724,stratified,,True,False,False,False,0.0004214644432067,0.0001725554466247,0.0003082752227783,0.0003551244735717,1.9252300262451172e-05,99.32203389830508,0.6779661016949206,295,False,2329
XP_009302699,XP_056321152,0.0004211664199829,stratified,,True,False,False,False,0.0004212856292724,0.0003032088279724,0.0002045035362243,0.0001658797264099,2.586841583251953e-05,97.74590163934428,2.2540983606557177,488,False,2330
XP_073796175,XP_056306234,0.0004209876060485,random,,False,False,True,False,0.0005707740783691,0.0005666017532348,0.0004617571830749,0.0002214312553405,4.762411117553711e-05,97.856477166822,2.1435228331779967,1073,False,2331
XP_021335712,XP_056328975,0.0004209280014038,stratified;random,,True,False,True,False,0.0004209876060485,0.0002431869506835,0.000267744064331,7.31348991394043e-05,0.0001648068428039,96.95945945945944,3.0405405405405617,592,False,2332
XP_009302003,XP_056320108,0.0004208087921142,random,,False,False,True,False,0.0004206299781799,0.0006769299507141,0.0003005862236022,0.000233769416809,0.0002338886260986,97.20101781170484,2.798982188295156,1179,False,2333
NP_001002087,XP_056302641,0.0004199743270874,stratified,,True,False,False,False,0.0004202723503112,0.0004028677940368,0.0002157688140869,0.0002219676971435,0.000125765800476,96.73202614379085,3.267973856209153,459,False,2334
XP_009295016,XP_056304729,0.0004196166992187,random,,False,False,True,False,0.0004198551177978,0.0003296732902526,0.0001947283744812,0.000126302242279,0.000101625919342,96.27329192546584,3.7267080745341588,1288,False,2335
NP_001107095,XP_056319278,0.0004194974899291,random,,False,False,True,False,0.0004194974899291,0.0004758238792419,0.0002359151840209,0.0002056956291198,4.1604042053222656e-05,97.35099337748343,2.6490066225165663,151,False,2336
NP_998603,XP_056303978,0.0004190206527709,stratified,,True,False,False,False,0.0004191994667053,0.0005078315734863,0.0003115534782409,0.0001378059387207,0.0001060962677001,98.24561403508773,1.7543859649122737,627,False,2337
XP_691507,XP_056324879,0.0004190206527709,stratified,,True,False,False,False,0.0004188418388366,0.0003944039344787,0.0002334117889404,0.0002363324165344,6.371736526489258e-05,95.18900343642612,4.81099656357388,582,False,2338
NP_001265751,XP_056329328,0.0004172325134277,target,Igsf11,False,False,False,True,0.0004172921180725,0.0004324316978454,0.0003130435943603,0.0002251863479614,5.030632019042969e-05,97.06546275395034,2.9345372460496577,442,False,2339
XP_073808928,XP_056316391,0.000416874885559,stratified,,True,False,False,False,0.00018972158432,7.462501525878906e-05,3.552436828613281e-05,2.580881118774414e-05,1.0013580322265623e-05,98.73264936632468,1.2673506336753206,1657,False,2340
XP_005164803,XP_056311600,0.0004166960716247,random,,False,False,True,False,0.0004165172576904,0.0003361701965332,0.0001242756843566,8.678436279296875e-05,4.953145980834961e-05,97.50692520775624,2.4930747922437604,1083,False,2341
NP_001076420,XP_056333827,0.0004162192344665,stratified,,True,False,False,False,0.0004162788391113,0.0003251433372497,0.0002182126045227,0.000136911869049,5.263090133666992e-05,98.0952380952381,1.904761904761898,420,False,2342
XP_073791986,XP_056302723,0.000416100025177,stratified,,True,False,False,False,0.0004164576530456,0.0003377795219421,0.0002068281173706,0.0001331567764282,2.1696090698242188e-05,98.81889763779527,1.1811023622047259,254,False,2343
XP_073791982,XP_056302722,0.000416100025177,stratified,,True,False,False,False,0.0004164576530456,0.0003377795219421,0.0002068281173706,0.0001331567764282,2.1696090698242188e-05,98.81889763779527,1.1811023622047259,254,False,2344
XP_073791990,XP_056302722,0.000416100025177,random,,False,False,True,False,0.0004164576530456,0.0003377795219421,0.0002068281173706,0.0001331567764282,2.1696090698242188e-05,98.81889763779527,1.1811023622047259,254,False,2345
NP_001188290,XP_056317924,0.0004156827926635,random,,False,False,True,False,0.0004155039787292,0.0006487965583801,0.0003462433815002,0.0001195669174194,7.230043411254883e-05,98.37662337662336,1.6233766233766431,616,False,2346
XP_005164077,XP_056309800,0.0004134178161621,stratified,,True,False,False,False,0.0004133582115173,0.0002669692039489,0.0001272559165954,8.195638656616211e-05,4.2438507080078125e-05,96.02272727272728,3.9772727272727195,1757,False,2347
XP_005171501,XP_056301248,0.0004134178161621,random,,False,False,True,False,0.0004135370254516,0.0003997087478637,0.000196635723114,0.0001631379127502,5.984306335449219e-05,93.98663697104676,6.013363028953236,1347,False,2348
XP_003200727,XP_056336942,0.0004129409790039,stratified,,True,False,False,False,0.0004128217697143,0.0002303123474121,0.0003654360771179,0.000110924243927,0.0001410841941833,92.96833064949008,7.031669350509915,1856,True,2349
XP_002666963,XP_056307889,0.0004124641418457,random,,False,False,True,False,0.00041264295578,0.0003324747085571,0.000160276889801,0.0001724958419799,5.3048133850097656e-05,95.60185185185183,4.398148148148167,432,False,2350
NP_001082836,XP_056336047,0.0004123449325561,stratified,,True,False,False,False,0.0004123449325561,0.0003768801689147,0.0004323124885559,0.0001118779182434,0.0002864003181457,95.45454545454544,4.545454545454561,967,False,2351
NP_001032894,XP_056309613,0.0004117488861083,stratified,,True,False,False,False,0.0004114508628845,0.0001909136772155,0.0001274943351745,0.0001004934310913,8.958578109741211e-05,97.3568281938326,2.643171806167402,908,False,2352
XP_073802746,XP_056312136,0.0004117488861083,stratified,,True,False,False,False,0.0004118084907531,0.0003837347030639,0.0001726746559143,0.0001306533813476,0.0001434087753295,98.11643835616438,1.8835616438356197,584,False,2353
NP_001006061,XP_056307415,0.0004116296768188,random,,False,False,True,False,0.0004114508628845,0.0005626082420349,0.0002477765083312,0.0002373456954956,0.0037397146224975,93.01675977653632,6.983240223463682,358,True,2354
XP_017214478,XP_056328575,0.0004114508628845,stratified,,True,False,False,False,0.0004116296768188,0.0002076625823974,0.0001595020294189,0.0001830458641052,4.804134368896485e-05,98.8095238095238,1.190476190476204,252,False,2355
XP_073797506,XP_056309405,0.0004107356071472,stratified,,True,False,False,False,0.0004109144210815,0.0002495646476745,0.0002409219741821,0.000210702419281,4.738569259643555e-05,96.1206896551724,3.8793103448276014,232,False,2356
XP_021323439,XP_056323470,0.0004106760025024,random,,False,False,True,False,0.0004107356071472,0.0004412531852722,0.0002931356430053,0.0002391338348388,4.082918167114258e-05,95.3358208955224,4.664179104477597,536,False,2357
NP_957020,XP_056337216,0.0004101991653442,stratified,,True,False,False,False,0.000410258769989,0.0007012486457824,0.0004636645317077,0.000658631324768,0.0001584291458129,98.17351598173516,1.8264840182648356,219,False,2358
NP_001038217,XP_056317997,0.0004098415374755,random,,False,False,True,False,0.0004093647003173,0.0002538561820983,0.0002078413963317,0.0001824498176574,4.035234451293945e-05,96.49446494464944,3.5055350553505633,542,False,2359
NP_001083009,XP_056320755,0.0004098415374755,stratified,,True,False,False,False,0.0004101991653442,0.0004673600196838,0.0003377199172973,7.855892181396484e-05,0.0001649260520935,96.90721649484536,3.0927835051546424,582,False,2360
XP_021336032,XP_056326125,0.0004093647003173,random,,False,False,True,False,0.0004094839096069,0.0003160834312438,0.0001224875450134,9.369850158691406e-05,1.2993812561035156e-05,98.76923076923076,1.2307692307692406,650,False,2361
XP_005172456,XP_056318483,0.000409185886383,random,,False,False,True,False,0.0004091262817382,0.0001690983772277,0.0001636147499084,0.0002844929695129,0.0001771450042724,99.19354838709675,0.8064516129032455,124,False,2362
NP_001373497,XP_056307389,0.000409185886383,stratified,,True,False,False,False,0.0004091262817382,0.0001690983772277,0.0001636147499084,0.0002844929695129,0.0001771450042724,99.19354838709675,0.8064516129032455,124,False,2363
XP_694888,XP_056309338,0.0004088878631591,stratified,,True,False,False,False,0.0004290342330932,0.0002061128616333,0.0001443624496459,9.316205978393556e-05,2.5987625122070312e-05,97.0414201183432,2.958579881656803,1014,False,2364
XP_009304978,XP_056325249,0.0004088878631591,stratified,,True,False,False,False,0.0004090070724487,0.0003480315208435,0.0002194046974182,9.840726852416992e-05,4.178285598754883e-05,95.94320486815415,4.0567951318458455,986,False,2365
NP_001020707,XP_056332065,0.0004058480262756,random,,False,False,True,False,0.0004062056541442,0.00030118227005,0.0005431175231933,0.0004372596740722,5.775690078735352e-05,99.0950226244344,0.9049773755655934,221,False,2366
XP_005160577,XP_056337748,0.0004045963287353,stratified,,True,False,False,False,0.0004046559333801,0.0005068778991699,0.0003201961517333,0.000135600566864,0.0001376867294311,98.51116625310172,1.4888337468982797,806,False,2367
NP_001124269,XP_056303046,0.0004035830497741,stratified,,True,False,False,False,0.0004035234451293,0.000400424003601,0.0004703998565673,0.0003320574760437,0.003034234046936,95.6656346749226,4.3343653250774,323,True,2368
XP_017212769,XP_056319610,0.0004034042358398,stratified,,True,False,False,False,0.0004034638404846,0.0004293322563171,0.0002135634422302,0.0002928972244262,3.5822391510009766e-05,98.26498422712932,1.7350157728706819,634,False,2369
XP_073802021,XP_056311816,0.000403344631195,stratified,,True,False,False,False,0.0004032254219055,0.0003666877746582,0.0001444220542907,0.0001564025878906,0.0001825094223022,98.9247311827957,1.0752688172043037,186,False,2370
NP_001313410,XP_056314230,0.0004001855850219,random,,False,False,True,False,0.000565230846405,0.0005862712860107,0.0001797080039978,0.0002591013908386,3.904104232788086e-05,97.27126805778492,2.7287319422150773,623,False,2371
NP_878276,XP_056331548,0.000399887561798,random,,False,False,True,False,0.0003997087478637,0.0002444982528686,0.0001084208488464,0.0001015067100524,7.396936416625977e-05,98.58490566037736,1.415094339622641,212,False,2372
XP_073801093,XP_056314555,0.0003995895385742,stratified,,True,False,False,False,0.0003998279571533,0.0001707077026367,9.27448272705078e-05,0.0001147985458374,3.2067298889160156e-05,98.62385321100918,1.3761467889908232,436,False,2373
XP_073806156,XP_056314704,0.0003994107246398,random,,False,False,True,False,0.0003994703292846,0.00033700466156,0.0002428889274597,0.0002190470695495,8.422136306762695e-05,96.18441971383147,3.815580286168526,629,False,2374
XP_073805498,XP_056317571,0.0003989934921264,random,,False,False,True,False,0.0003991723060607,0.0003448724746704,0.0002861022949218,8.32676887512207e-05,0.0001100301742553,97.07174231332355,2.928257686676446,683,False,2375
XP_073790614,XP_056302205,0.0003984570503234,random,,False,False,True,False,0.0003980994224548,0.0003433227539062,0.0001692771911621,0.000180959701538,4.786252975463867e-05,97.99291617473436,2.0070838252656387,847,False,2376
NP_001007350,XP_056313492,0.0003978610038757,random,,False,False,True,False,0.000397503376007,0.0003614425659179,0.0002201199531555,0.0002170205116271,5.9545040130615234e-05,97.47474747474747,2.525252525252526,396,False,2377
NP_001410783,XP_056302659,0.0003960132598876,stratified,,True,False,False,False,0.0003991723060607,0.0004445910453796,0.0001797676086425,0.0001614093780517,3.999471664428711e-05,95.37914691943128,4.620853080568722,844,False,2378
XP_021329052,XP_056337694,0.0003948807716369,stratified,,True,False,False,False,0.0003948211669921,0.0006659030914306,0.0003129243850708,0.0001938939094543,0.0018675327301025,97.459584295612,2.5404157043879962,433,True,2379
XP_005168705,XP_056314716,0.0003940463066101,random,,False,False,True,False,0.0003939270973205,0.0002005696296691,0.0001288652420043,0.0003195405006408,3.719329833984375e-05,96.92307692307692,3.07692307692308,1560,False,2380
NP_956418,XP_056335536,0.0003928542137145,stratified,,True,False,False,False,0.0003925561904907,0.0002515912055969,0.0002233982086181,7.814168930053711e-05,3.236532211303711e-05,98.19193324061196,1.8080667593880406,719,False,2381
NP_001352231,XP_056324709,0.0003923177719116,stratified,,True,False,False,False,0.0002706050872802,0.0002920627593994,0.0001559853553771,0.0001076459884643,3.445148468017578e-05,98.1132075471698,1.886792452830207,583,False,2382
XP_073797384,XP_056309704,0.0003921389579772,random,,False,False,True,False,0.0003918409347534,0.0003389716148376,0.0002309679985046,0.0002070665359497,0.0001423954963684,96.13636363636364,3.8636363636363598,440,False,2383
NP_571516,XP_056301798,0.0003905892372131,stratified,,True,False,False,False,0.0001404881477355,7.939338684082031e-05,2.092123031616211e-05,3.3020973205566406e-05,2.759695053100586e-05,99.26722032242306,0.7327796775769428,2437,False,2384
XP_021336482,XP_056326575,0.0003893375396728,stratified,,True,False,False,False,0.0003895163536071,0.0004349946975708,0.0002015233039855,9.989738464355467e-05,3.230571746826172e-05,98.75886524822695,1.2411347517730462,564,False,2385
XP_017211855,XP_056314597,0.000389277935028,random,,False,False,True,False,0.0003892183303833,0.0005882382392883,0.0005361437797546,0.0003079771995544,0.0001822113990783,97.0679012345679,2.9320987654321016,648,False,2386
XP_073794131,XP_056305015,0.0003888607025146,random,,False,False,True,False,0.0003288984298706,0.0002825260162353,0.0002210140228271,0.0001822710037231,2.276897430419922e-05,97.60536398467433,2.3946360153256734,1044,False,2387
XP_692833,XP_056301257,0.0003871321678161,stratified,,True,False,False,False,0.0003871917724609,0.0005363821983337,0.0003625750541687,9.000301361083984e-05,6.663799285888672e-05,98.17629179331308,1.8237082066869164,329,False,2388
XP_073809589,XP_056315295,0.0003865957260131,stratified,,True,False,False,False,0.0003865957260131,0.0003409385681152,0.0002482533454895,0.0009774565696716,8.165836334228516e-05,97.65166340508806,2.3483365949119417,511,False,2389
NP_001077287,XP_056314752,0.0003865361213684,random,,False,False,True,False,0.0003864765167236,0.0003626346588134,0.0003581643104553,0.0001119375228881,8.034706115722656e-05,96.09826589595376,3.901734104046241,692,False,2390
NP_001315423,XP_056322834,0.0003862977027893,random,,False,False,True,False,0.0003864765167236,0.0002828240394592,0.0001691579818725,8.881092071533203e-05,2.694129943847656e-05,98.98648648648648,1.0135135135135158,296,False,2391
NP_001333132,XP_056324264,0.0003857612609863,random,,False,False,True,False,0.0003858208656311,0.0003619194030761,0.0001845955848693,0.000276505947113,4.422664642333984e-05,97.86808794137242,2.1319120586275773,1501,False,2392
NP_001076392,XP_056311059,0.0003854632377624,stratified,,True,False,False,False,0.0003857612609863,0.0004434585571289,0.0001770853996276,0.0001070499420166,1.931190490722656e-05,98.4771573604061,1.5228426395939039,788,False,2393
NP_001091654,XP_056336635,0.0003843903541564,stratified,,True,False,False,False,0.0003843903541564,0.0004034042358398,0.0002510547637939,0.0001132488250732,9.495019912719728e-05,93.47684279191128,6.523157208088719,1533,False,2394
XP_073809710,XP_056315453,0.0003822445869445,stratified,,True,False,False,False,0.000382125377655,0.0004273653030395,0.0003610253334045,0.0001082420349121,0.0001039505004882,96.56050955414013,3.4394904458598745,784,False,2395
XP_073809712,XP_056315451,0.0003822445869445,stratified,,True,False,False,False,0.0003820657730102,0.0004274845123291,0.0003610253334045,0.0001082420349121,0.0001039505004882,96.56050955414013,3.4394904458598745,784,False,2396
XP_073809711,XP_056315452,0.0003822445869445,random,,False,False,True,False,0.0003820657730102,0.0004273056983947,0.0003610253334045,0.0001082420349121,0.0001039505004882,96.56050955414013,3.4394904458598745,784,False,2397
XP_005156286,XP_056325343,0.000381588935852,stratified,,True,False,False,False,0.000381588935852,0.0003544092178344,0.0002919435501098,0.0015347599983215,0.0001081824302673,94.55587392550144,5.444126074498556,1047,False,2398
XP_001339880,XP_056302845,0.0003811120986938,stratified,,True,False,False,False,0.000380516052246,0.0004593729972839,0.0003656148910522,0.0003532767295837,9.85264778137207e-05,93.61111111111111,6.388888888888886,1440,False,2399
XP_009295229,XP_056304941,0.0003807544708251,stratified,,True,False,False,False,0.000178039073944,0.0002149939537048,0.0001516342163085,0.0001053214073181,2.5093555450439453e-05,95.93023255813954,4.0697674418604635,4967,False,2400
NP_001093508,XP_056314124,0.0003806352615356,stratified,,True,False,False,False,0.0003808140754699,0.0003879070281982,0.0001686215400695,8.016824722290039e-05,4.8160552978515625e-05,98.23008849557522,1.7699115044247833,904,False,2401
NP_001002633,XP_056312600,0.0003790855407714,random,,False,False,True,False,0.0003789663314819,0.0005557537078857,0.000353455543518,0.0002350211143493,5.710124969482422e-05,97.39884393063583,2.6011560693641655,346,False,2402
XP_021330878,XP_056316748,0.0003764629364013,stratified,,True,False,False,False,0.0003767609596252,0.0004588365554809,0.0004934072494506,0.0005337595939636,0.0003882050514221,98.76760563380282,1.232394366197184,568,False,2403
XP_073809590,XP_056315295,0.0003751516342163,stratified,,True,False,False,False,0.0003752708435058,0.0003796815872192,0.0002757310867309,0.0005705952644348,8.684396743774414e-05,97.84313725490196,2.1568627450980387,510,False,2404
NP_001103936,XP_056304955,0.0003736019134521,stratified,,True,False,False,False,0.0003736019134521,0.0003533363342285,0.0001941323280334,0.0001032352447509,5.364418029785156e-05,97.54224270353302,2.45775729646698,651,False,2405
XP_009306038,XP_056328849,0.0003735423088073,stratified,,True,False,False,False,0.0003737211227416,0.0002891421318054,0.0002369284629821,0.0004392862319946,4.1365623474121094e-05,98.36909871244636,1.630901287553641,1165,False,2406
XP_001923418,XP_056314972,0.0003732442855834,stratified,,True,False,False,False,0.0003731250762939,0.0003751516342163,0.0001435875892639,0.0001205801963806,7.796287536621094e-05,96.1089494163424,3.891050583657602,771,False,2407
NP_571185,XP_056332595,0.0003726482391357,stratified,,True,False,False,False,0.0003722310066223,0.0001735091209411,0.0001172423362731,0.0003086328506469,3.8504600524902344e-05,98.46153846153848,1.5384615384615188,260,False,2408
XP_073784980,XP_056334945,0.0003725886344909,stratified,,True,False,False,False,0.0003725886344909,0.0002595782279968,0.000253140926361,7.75456428527832e-05,5.6862831115722656e-05,98.51063829787236,1.4893617021276384,468,False,2409
XP_073802427,XP_056311620,0.0003724098205566,random,,False,False,True,False,0.0003724694252014,0.0003910064697265,0.0002911686897277,0.0001024603843688,5.644559860229492e-05,97.87234042553192,2.1276595744680833,470,False,2410
XP_073802424,XP_056311620,0.0003724098205566,random,,False,False,True,False,0.0003724694252014,0.0003910064697265,0.0002911686897277,0.0001024603843688,5.644559860229492e-05,97.87234042553192,2.1276595744680833,470,False,2411
XP_005167533,XP_056321172,0.0003716349601745,stratified;random,,True,False,True,False,0.0003719925880432,0.0002943277359008,0.0003899931907653,0.0004856586456298,0.000180959701538,97.423887587822,2.5761124121780057,427,False,2412
XP_021329649,XP_056309697,0.0003713369369506,stratified,,True,False,False,False,0.0001484751701354,0.0001958608627319,0.0003218650817871,7.265806198120117e-05,2.2411346435546875e-05,97.65853658536584,2.3414634146341626,2252,False,2413
XP_005160218,XP_056312409,0.0003703832626342,stratified,,True,False,False,False,0.0003702640533447,0.0003223419189453,0.0001577138900756,0.0001967549324035,2.676248550415039e-05,96.8342644320298,3.165735567970202,537,False,2414
XP_073796866,XP_056306125,0.0003698468208312,stratified,,True,False,False,False,7.56382942199707e-05,8.124113082885742e-05,7.814168930053711e-05,0.0001927614212036,8.761882781982422e-06,98.83833494675702,1.1616650532429844,1033,False,2415
XP_073791719,XP_056302573,0.0003691315650939,random,,False,False,True,False,0.0003688931465148,0.0003871917724609,0.0002936720848083,9.018182754516602e-05,5.5849552154541016e-05,97.19101123595506,2.8089887640449405,712,False,2416
XP_009297824,XP_056309620,0.0003688335418701,stratified,,True,False,False,False,0.0003687739372253,0.0003705620765686,0.0003381371498107,0.0002339482307434,0.0001144409179687,96.80511182108626,3.194888178913743,626,False,2417
XP_005163206,XP_056307458,0.0003681182861328,random,,False,False,True,False,0.0003681778907775,0.0005655884742736,0.0003148913383483,0.0001157522201538,0.0001881718635559,98.87640449438204,1.1235955056179563,178,False,2418
XP_005158510,XP_056330596,0.0003671050071716,random,,False,False,True,False,0.0003672242164611,0.0004134178161621,0.000422716140747,0.0003198981285095,8.13603401184082e-05,96.69724770642202,3.3027522935779814,545,False,2419
XP_021336201,XP_056326446,0.0003669261932373,stratified,,True,False,False,False,0.0003668665885925,0.0002793669700622,0.0003806948661804,0.0003451108932495,5.1975250244140625e-05,96.75615212527964,3.243847874720359,894,False,2420
NP_956142,XP_056334055,0.0003668665885925,random,,False,False,True,False,0.0003671050071716,0.0002659559249877,0.0001475811004638,0.0001394152641296,4.8995018005371094e-05,96.79075738125802,3.209242618741982,779,False,2421
XP_073809708,XP_056315452,0.0003662705421447,stratified,,True,False,False,False,0.0003662705421447,0.0004052519798278,0.000362753868103,9.78708267211914e-05,0.0001032352447509,96.68789808917198,3.3121019108280194,785,False,2422
XP_017206869,XP_056329618,0.0003660917282104,random,,False,False,True,False,0.000312864780426,0.0001677870750427,0.0001406669616699,0.0001183748245239,3.212690353393555e-05,95.0,5.0,4891,False,2423
NP_001002422,XP_056318790,0.0003657937049865,stratified,,True,False,False,False,0.0003657937049865,0.0001402497291564,0.0001267194747924,0.000114619731903,4.112720489501953e-05,98.21428571428572,1.7857142857142776,168,False,2424
NP_571136,XP_056333912,0.0003653764724731,random,,False,False,True,False,0.0003650784492492,0.0002110600471496,0.0001419782638549,0.000122845172882,4.220008850097656e-05,98.07445442875482,1.9255455712451806,779,False,2425
XP_073793741,XP_056304061,0.000365138053894,random,,False,False,True,False,0.0001596212387084,0.0001347661018371,0.0001314282417297,0.0001580715179443,6.073713302612305e-05,97.77015437392797,2.2298456260720343,1166,False,2426
XP_002666454,XP_056305979,0.0003649592399597,stratified,,True,False,False,False,0.0023711323738098,0.0012881159782409,0.0012792944908142,0.000909686088562,0.0002603530883789,90.5788876276958,9.421112372304194,881,False,2427
XP_005166244,XP_056315822,0.0003647208213806,random,,False,False,True,False,0.0003646612167358,0.0003652572631835,0.0004459023475646,0.000175654888153,5.620718002319336e-05,98.96907216494846,1.0309278350515427,388,False,2428
XP_005167791,XP_056321482,0.0003643035888671,random,,False,False,True,False,0.0003643631935119,0.0005438327789306,0.0002498030662536,0.0001235008239746,7.957220077514648e-05,98.2102908277405,1.7897091722595064,447,False,2429
NP_001006093,XP_056305835,0.0003640055656433,random,,False,False,True,False,0.0003638863563537,0.0002593398094177,0.0002818703651428,0.0001003146171569,4.100799560546875e-05,99.29577464788731,0.7042253521126867,142,False,2430
XP_021328763,XP_056332681,0.0003635883331298,stratified,,True,False,False,False,0.0003634095191955,0.0002484917640686,0.0002139210700988,0.0001429319381713,3.933906555175781e-05,98.31932773109244,1.680672268907557,595,False,2431
NP_001303874,XP_056336544,0.0003628730773925,stratified,,True,False,False,False,0.0003629922866821,0.0009164214134216,0.0002845525741577,0.0004559159278869,0.0001603960990905,97.75910364145658,2.2408963585434236,357,False,2432
XP_009300033,XP_056314363,0.0003626942634582,stratified,,True,False,False,False,0.0003626942634582,0.000271201133728,0.0002712607383728,9.137392044067384e-05,7.349252700805664e-05,97.72256728778468,2.2774327122153153,483,False,2433
XP_009300033,XP_056314362,0.0003626942634582,stratified,,True,False,False,False,0.0003626942634582,0.000271201133728,0.0002712607383728,9.137392044067384e-05,7.349252700805664e-05,97.72256728778468,2.2774327122153153,483,False,2434
XP_005164126,XP_056309653,0.0003623366355895,random,,False,False,True,False,0.0003622174263,0.0003737211227416,0.0003698468208312,0.0002821087837219,4.971027374267578e-05,95.77922077922078,4.220779220779221,1537,False,2435
XP_005165345,XP_056314101,0.0003591775894165,random,,False,False,True,False,0.0003594160079956,0.0002212524414062,0.0001488327980041,0.0001227855682373,2.7179718017578125e-05,98.83720930232558,1.1627906976744242,258,False,2436
NP_001092712,XP_056310197,0.0003582239151,stratified,,True,False,False,False,0.0003582239151,0.000329852104187,0.0001382827758789,0.0003143548965454,3.826618194580078e-05,98.59154929577464,1.4084507042253591,213,False,2437
XP_073790074,XP_056301609,0.0003570914268493,random,,False,False,True,False,0.0002596378326416,0.0003131628036499,0.0001679062843322,9.363889694213869e-05,4.1365623474121094e-05,96.21570482497634,3.784295175023658,1052,False,2438
NP_001373731,XP_056322583,0.0003569722175598,stratified,,True,False,False,False,0.0004247426986694,0.0004248023033142,0.000273048877716,7.003545761108398e-05,0.0001810789108276,98.13084112149532,1.8691588785046775,214,False,2439
XP_005165556,XP_056314423,0.000356912612915,stratified,,True,False,False,False,0.0003567934036254,0.0002899169921875,0.0002152323722839,0.0001448988914489,3.796815872192383e-05,97.18045112781957,2.819548872180434,532,False,2440
XP_073802603,XP_056312157,0.0003558993339538,stratified,,True,False,False,False,0.0006114244461059,0.000429630279541,0.0002011656761169,0.0001000761985778,3.546476364135742e-05,96.759941089838,3.2400589101620056,1357,False,2441
XP_073808474,XP_056312494,0.0003553628921508,random,,False,False,True,False,0.0003555417060852,0.0002712607383728,0.0001789331436157,0.0001198053359985,4.51207160949707e-05,98.15789473684212,1.842105263157876,380,False,2442
NP_001029346,XP_056305959,0.0003551840782165,stratified,,True,False,False,False,0.0002115368843078,0.000312864780426,0.0001965165138244,0.0001065731048583,2.902746200561523e-05,97.84615384615384,2.1538461538461604,325,False,2443
XP_073807077,XP_056313836,0.0003533959388732,stratified,,True,False,False,False,0.0003535151481628,0.0009305477142333,0.0003973841667175,0.0001706480979919,7.241964340209961e-05,97.88732394366195,2.112676056338046,568,False,2444
XP_005169649,XP_056328446,0.00035160779953,stratified,,True,False,False,False,0.0003517270088195,0.000376284122467,0.0002273917198181,0.0002161264419555,0.0001644492149353,98.6,1.4000000000000057,500,False,2445
XP_073799424,XP_056307625,0.0003515481948852,random,,False,False,True,False,0.0001641511917114,0.000165045261383,8.96453857421875e-05,8.112192153930664e-05,1.3589859008789062e-05,97.85915492957749,2.1408450704225146,1774,False,2446
XP_005159829,XP_056336200,0.0003507137298583,stratified,,True,False,False,False,0.0003505945205688,0.0004359483718872,0.0003072619438171,0.00013929605484,4.363059997558594e-05,98.0,2.0,150,False,2447
XP_073799539,XP_056308325,0.0003502964973449,stratified,,True,False,False,False,0.0003503561019897,0.0007432103157043,6.717443466186523e-05,0.0001665949821472,0.0007936358451843,99.26470588235294,0.735294117647058,136,False,2448
NP_001373716,XP_056308326,0.0003502964973449,random,,False,False,True,False,0.0003503561019897,0.0007432103157043,6.717443466186523e-05,0.0001666545867919,0.0007936358451843,99.26470588235294,0.735294117647058,136,False,2449
XP_073794152,XP_056305019,0.0003502368927001,stratified,,True,False,False,False,0.0003502368927001,0.000355064868927,0.0002435445785522,0.0002249479293823,3.319978713989258e-05,98.15455594002307,1.845444059976927,867,False,2450
XP_073794151,XP_056305019,0.0003502368927001,stratified,,True,False,False,False,0.0003502368927001,0.000355064868927,0.0002435445785522,0.0002249479293823,3.319978713989258e-05,98.15455594002307,1.845444059976927,867,False,2451
NP_001025339,XP_056336653,0.0003500580787658,stratified,,True,False,False,False,0.0003437995910644,0.0002395510673522,0.0002204179763793,0.000143826007843,3.027915954589844e-05,96.01366742596812,3.986332574031877,878,False,2452
XP_073809035,XP_056316509,0.0003498196601867,random,,False,False,True,False,0.0003497004508972,0.0002797842025756,0.0002729892730712,9.79304313659668e-05,6.878376007080078e-05,96.7280163599182,3.2719836400817996,978,False,2453
NP_956316,XP_056315425,0.0003488063812255,random,,False,False,True,False,0.0003487467765808,0.0003959536552429,0.0001546144485473,0.0001397728919982,3.933906555175781e-05,98.73817034700316,1.2618296529968376,317,False,2454
XP_005174019,XP_056303512,0.0003487467765808,stratified,,True,False,False,False,0.0003488659858703,0.0003752708435058,0.000382661819458,0.000176727771759,0.0002235174179077,98.0836236933798,1.9163763066201938,574,False,2455
XP_017207761,XP_056335531,0.0003480911254882,random,,False,False,True,False,0.000348150730133,0.0005759000778198,0.0004904866218566,8.469820022583008e-05,3.254413604736328e-05,96.42248722316866,3.577512776831341,1171,False,2456
NP_957004,XP_056314262,0.0003479123115539,random,,False,False,True,False,0.0003480911254882,0.0001159310340881,8.83936882019043e-05,0.0001193284988403,2.6404857635498047e-05,99.35897435897436,0.6410256410256352,312,False,2457
NP_957004,XP_056314263,0.0003479123115539,random,,False,False,True,False,0.0003480911254882,0.0001159310340881,8.83936882019043e-05,0.0001193284988403,2.6404857635498047e-05,99.35897435897436,0.6410256410256352,312,False,2458
NP_001002167,XP_056335813,0.0003459453582763,random,,False,False,True,False,0.0003459453582763,0.0003514885902404,0.0003618001937866,0.000163197517395,9.065866470336914e-05,98.2905982905983,1.7094017094017033,234,False,2459
XP_021323173,XP_056333413,0.0003457069396972,stratified,,True,False,False,False,0.0003457069396972,0.0003473162651062,0.0002750754356384,9.79304313659668e-05,3.695487976074219e-05,96.2089300758214,3.7910699241786006,1187,False,2460
NP_956526,XP_056330824,0.0003455877304077,stratified,,True,False,False,False,0.0003455877304077,0.0004340410232543,0.0001824498176574,0.0001170635223388,2.849102020263672e-05,97.03153988868274,2.968460111317256,539,False,2461
XP_021322669,XP_056330996,0.0003455877304077,stratified,,True,False,False,False,0.0003457069396972,0.0002540946006774,0.0001827478408813,0.0001030564308166,6.467103958129883e-05,97.63313609467455,2.366863905325445,507,False,2462
XP_073786928,XP_056335880,0.0003455281257629,stratified,,True,False,False,False,0.0003454685211181,0.0002942085266113,0.0001360774040222,9.751319885253906e-05,2.759695053100586e-05,97.52136752136752,2.478632478632477,1170,False,2463
XP_001919035,XP_056333417,0.000345230102539,stratified,,True,False,False,False,0.0003454685211181,0.0003405213356018,0.0002869367599487,8.690357208251953e-05,3.844499588012695e-05,96.21668099742048,3.7833190025795176,1163,False,2464
NP_001018426,XP_056334379,0.0003442168235778,stratified,,True,False,False,False,0.0003442764282226,0.0002574324607849,0.0001271367073059,0.0001038908958435,5.072355270385742e-05,98.88888888888889,1.1111111111111143,180,False,2465
NP_001025233,XP_056337382,0.000342845916748,random,,False,False,True,False,0.0003755688667297,0.0005860924720764,0.0002020001411437,0.000101089477539,0.0001038908958435,94.69586374695864,5.304136253041364,3739,False,2466
NP_001018874,XP_056323550,0.000342309474945,random,,False,False,True,False,0.0003422498703002,0.0002142786979675,0.0001497864723205,9.328126907348631e-05,3.5881996154785156e-05,98.17767653758544,1.822323462414559,439,False,2467
XP_009300642,XP_056315803,0.0003417134284973,random,,False,False,True,False,0.0003414154052734,0.0002421736717224,0.0002980232238769,6.669759750366211e-05,0.0003145933151245,97.34104046242774,2.658959537572258,865,False,2468
NP_001020725,XP_056336785,0.0003413558006286,stratified,,True,False,False,False,0.0003415942192077,0.0002977848052978,0.0002616643905639,0.000174343585968,3.159046173095703e-05,97.16024340770792,2.839756592292076,493,False,2469
NP_001186664,XP_056334196,0.0003412961959838,stratified,,True,False,False,False,0.0003412961959838,0.0010487437248229,0.0005354285240173,0.0002844929695129,0.0001192092895507,97.42710120068612,2.572898799313876,583,False,2470
NP_001303598,XP_056307553,0.0003407001495361,stratified,,True,False,False,False,0.0003408789634704,0.0003314018249511,0.0002380609512329,0.0001744627952575,9.238719940185548e-05,97.31343283582088,2.686567164179124,335,False,2471
NP_001313279,XP_056324353,0.0003402233123779,stratified,,True,False,False,False,0.0002599358558654,0.0001432299613952,0.0005698204040527,7.510185241699219e-05,8.64267349243164e-05,99.3324432576769,0.6675567423231001,749,False,2472
XP_005160914,XP_056301508,0.0003400444984436,stratified,,True,False,False,False,0.0003400444984436,0.0004763007164001,0.000178575515747,0.0003820657730102,5.924701690673828e-05,98.71794871794872,1.2820512820512846,156,False,2473
NP_001092700,XP_056336059,0.0003379583358764,random,,False,False,True,False,0.0003377795219421,0.0003911256790161,0.0001600384712219,0.0001605749130249,4.0650367736816406e-05,98.24902723735408,1.7509727626459153,514,False,2474
XP_009294068,XP_056303347,0.0003371238708496,stratified,,True,False,False,False,0.0003368854522705,0.0002312064170837,0.0005266070365905,0.0001078248023986,4.202127456665039e-05,98.12734082397004,1.8726591760299556,800,False,2475
NP_001314829,XP_056332774,0.0003361701965332,random,,False,False,True,False,0.0003362298011779,0.0002879500389099,0.0001757144927978,0.0001063346862792,3.4749507904052734e-05,97.88029925187033,2.1197007481296737,802,False,2476
NP_998105,XP_056328134,0.0003359317779541,random,,False,False,True,False,0.0003359913825988,0.0004664659500122,0.0002737045288085,0.0001569986343383,2.539157867431641e-05,98.08259587020648,1.9174041297935247,678,False,2477
XP_005173309,XP_056328134,0.0003359317779541,random,,False,False,True,False,0.0003359913825988,0.0004664659500122,0.0002737045288085,0.0001569986343383,2.539157867431641e-05,98.08259587020648,1.9174041297935247,678,False,2478
XP_073809567,XP_056312717,0.000334620475769,stratified,,True,False,False,False,0.0003346800804138,0.0004945397377014,0.0001236200332641,9.590387344360352e-05,7.826089859008789e-05,98.48648648648648,1.5135135135135158,925,False,2479
XP_005161742,XP_056303645,0.0003345608711242,random,,False,False,True,False,0.0003343820571899,0.0003905892372131,0.0001514554023742,0.0001133680343627,4.422664642333984e-05,98.98477157360406,1.015228426395936,591,False,2480
NP_001012505,XP_056325459,0.0003341436386108,random,,False,False,True,False,0.0003341436386108,0.000503659248352,0.0002470016479492,0.0001270174980163,5.4836273193359375e-05,96.85990338164252,3.1400966183574752,828,False,2481
XP_009292801,XP_056336642,0.0003340244293212,stratified,,True,False,False,False,0.0003339052200317,0.0001276135444641,4.3272972106933594e-05,2.819299697875977e-05,8.404254913330078e-06,99.29577464788731,0.7042253521126867,568,False,2482
XP_009293518,XP_056301944,0.0003331899642944,random,,False,False,True,False,0.0003331899642944,0.0002602338790893,0.0001317858695983,0.0001050233840942,5.424022674560547e-05,96.99604743083005,3.003952569169954,1265,False,2483
NP_001002538,XP_056321826,0.0003330707550048,stratified,,True,False,False,False,0.0003329515457153,0.0003344416618347,0.0002667903900146,0.0002328157424926,0.0001017451286315,98.83040935672514,1.1695906432748586,171,False,2484
NP_001124080,XP_056334482,0.0003328323364257,stratified,,True,False,False,False,0.0003328919410705,0.0004751086235046,0.0001501441001892,0.0002031922340393,7.110834121704102e-05,98.29787234042551,1.7021276595744865,235,False,2485
NP_001309362,XP_056306417,0.0003324747085571,stratified,,True,False,False,False,0.0003328323364257,0.000503659248352,0.0002884864807128,0.0003120303153991,3.2961368560791016e-05,97.04604691572546,2.953953084274545,1151,False,2486
XP_009303840,XP_056323189,0.0003321766853332,stratified,,True,False,False,False,0.0003319978713989,0.0004829168319702,0.0002257227897644,0.000100553035736,4.0590763092041016e-05,97.66233766233766,2.337662337662337,385,False,2487
NP_001352553,XP_056312836,0.0003320574760437,stratified,,True,False,False,False,0.0004584789276123,0.0003422498703002,0.0002228021621704,0.0001742243766784,6.99162483215332e-05,97.51434034416826,2.485659655831739,1046,False,2488
XP_073788685,XP_056337713,0.0003315806388854,stratified,,True,False,False,False,0.0003315210342407,0.0001875162124633,8.970499038696289e-05,9.703636169433594e-05,6.210803985595703e-05,97.81297134238312,2.187028657616878,1326,False,2489
NP_956014,XP_056306488,0.0003312826156616,stratified,,True,False,False,False,0.0003310441970825,0.0003294348716735,0.0001022219657897,5.507469177246094e-05,3.6716461181640625e-05,98.99497487437186,1.005025125628137,199,False,2490
XP_021332842,XP_056316030,0.0003300309181213,random,,False,False,True,False,0.0002763867378234,0.0001440048217773,8.493661880493164e-05,9.03010368347168e-05,2.6881694793701172e-05,96.870486278286,3.129513721714005,2138,False,2491
XP_073806710,XP_056313545,0.0003297328948974,random,,False,False,True,False,0.0003299713134765,0.0004419088363647,0.0001328587532043,9.053945541381836e-05,1.8894672393798828e-05,99.18300653594773,0.816993464052274,612,False,2492
XP_021323595,XP_056334205,0.0003291368484497,stratified,,True,False,False,False,0.0003290772438049,0.0002829432487487,0.0002146363258361,0.0002636313438415,4.965066909790039e-05,97.48427672955977,2.5157232704402333,794,False,2493
NP_001091648,XP_056336412,0.0003290176391601,stratified,,True,False,False,False,0.0003289580345153,0.0003698468208312,0.0001104474067687,8.159875869750977e-05,8.338689804077148e-05,96.83042789223455,3.169572107765447,631,False,2494
XP_021324464,XP_056301941,0.0003284811973571,stratified,,True,False,False,False,0.0003284811973571,0.000248908996582,0.0002607107162475,0.0001298189163208,7.194280624389648e-05,96.65629860031105,3.3437013996889533,1285,False,2495
XP_073809589,XP_056315293,0.0003280043601989,random,,False,False,True,False,0.0003278851509094,0.0003872513771057,0.0002753734588623,0.0006318092346191,8.863210678100586e-05,97.84735812133071,2.152641878669286,511,False,2496
NP_571007,XP_056314099,0.0003272294998168,random,,False,False,True,False,0.0003277659416198,0.0003487467765808,0.0002087950706481,0.000244140625,2.9087066650390625e-05,98.16272965879266,1.8372703412073434,381,False,2497
NP_001007323,XP_056311653,0.0003268122673034,random,,False,False,True,False,0.000326931476593,0.0003013014793395,0.0001856684684753,0.0001937747001647,0.0002182722091674,97.4726200505476,2.5273799494523956,1184,False,2498
XP_005168788,XP_056315688,0.0003266334533691,stratified,,True,False,False,False,0.0003266334533691,0.000132143497467,9.196996688842772e-05,9.262561798095704e-05,2.0444393157958984e-05,98.45528455284553,1.5447154471544735,1230,False,2499
XP_017213941,XP_056325460,0.0003262758255004,random,,False,False,True,False,0.00032639503479,0.0005227327346801,0.0002593398094177,0.0001280903816223,5.447864532470703e-05,96.7391304347826,3.260869565217405,828,False,2500
NP_571063,XP_056333843,0.0003254413604736,random,,False,False,True,False,0.0003254413604736,0.0001639127731323,0.0002849102020263,0.0001108646392822,0.0001121163368225,98.26989619377164,1.7301038062283567,1445,True,2501
XP_009305420,XP_056326484,0.0003252029418945,random,,False,False,True,False,0.0003250241279602,0.0002861022949218,0.0001757144927978,8.64267349243164e-05,2.092123031616211e-05,97.88359788359789,2.1164021164021136,567,False,2502
XP_005166482,XP_056318859,0.0003251433372497,random,,False,False,True,False,0.0003250241279602,0.0002443790435791,0.0002833008766174,9.78708267211914e-05,4.655122756958008e-05,97.63157894736842,2.368421052631575,1140,False,2503
XP_005171364,XP_056334347,0.0003251433372497,stratified,,True,False,False,False,0.0003253817558288,0.0003515481948852,0.0002456903457641,0.0002152919769287,3.713369369506836e-05,98.989898989899,1.0101010101009962,198,False,2504
XP_001333925,XP_056324099,0.0003250241279602,stratified,,True,False,False,False,0.0003249645233154,0.0002983808517456,0.0001258850097656,0.0001251697540283,2.056360244750977e-05,99.21465968586388,0.7853403141361213,382,False,2505
NP_001003541,XP_056305171,0.0003241896629333,random,,False,False,True,False,0.0003243088722229,0.0004408359527587,0.0005002617835998,0.0009993910789489,4.6372413635253906e-05,98.2587064676617,1.7412935323383039,402,False,2506
NP_991269,XP_056308647,0.0003237128257751,stratified,,True,False,False,False,0.0003235340118408,0.000905692577362,0.0004430413246154,0.0002644062042236,2.9087066650390625e-05,97.10884353741496,2.8911564625850446,588,False,2507
XP_005162002,XP_056304854,0.000323474407196,stratified,,True,False,False,False,0.0003235340118408,0.0002055168151855,0.0001473426818847,8.994340896606445e-05,2.6047229766845703e-05,96.76258992805757,3.237410071942435,1111,False,2508
XP_017211592,XP_056314350,0.0003229975700378,stratified,,True,False,False,False,0.0003228783607482,0.0002622604370117,0.0001580119132995,6.955862045288086e-05,3.236532211303711e-05,98.005698005698,1.9943019943020062,350,False,2509
XP_009294937,XP_056304851,0.0003228187561035,stratified,,True,False,False,False,0.0003226399421691,0.0001791715621948,0.0001271367073059,8.33272933959961e-05,2.962350845336914e-05,96.37809187279152,3.621908127208485,1131,False,2510
XP_005164311,XP_056310232,0.0003215670585632,random,,False,False,True,False,0.0003218650817871,0.0002631545066833,0.0001465082168579,8.7738037109375e-05,3.5703182220458984e-05,97.29477611940298,2.7052238805970177,1072,False,2511
XP_073807229,XP_056314365,0.0003195405006408,random,,False,False,True,False,0.000319480895996,0.0002852082252502,0.0002084374427795,9.41157341003418e-05,7.277727127075195e-05,97.70833333333331,2.2916666666666856,480,False,2512
XP_017208322,XP_056302320,0.0003191828727722,random,,False,False,True,False,0.0003192424774169,0.0001790523529052,0.0001283884048461,8.153915405273438e-05,3.165006637573242e-05,99.34426229508196,0.6557377049180388,305,False,2513
NP_001305057,XP_056335995,0.0003186464309692,stratified,,True,False,False,False,0.0007887482643127,0.0002689361572265,0.0003793835639953,0.0002379417419433,6.502866744995117e-05,92.96531509526136,7.03468490473864,4208,False,2514
XP_021323509,XP_056334372,0.0003184080123901,stratified,,True,False,False,False,0.0003519654273986,0.0004143714904785,0.0002331137657165,0.0001495480537414,8.755922317504883e-05,95.86776859504133,4.132231404958674,847,False,2515
NP_001116712,XP_056318222,0.0003183484077453,stratified,,True,False,False,False,0.0003183484077453,0.0002756714820861,0.0001707673072814,0.0001652240753173,0.0036948919296264,97.94816414686824,2.051835853131763,926,True,2516
XP_001345419,XP_056322142,0.0003172159194946,random,,False,False,True,False,0.0003170371055603,0.0003769993782043,0.0001131296157836,0.0001118183135986,1.9073486328125e-05,98.15668202764977,1.8433179723502349,651,False,2517
XP_005162959,XP_056307191,0.000317096710205,stratified,,True,False,False,False,0.000435471534729,0.0002008080482482,0.0001477599143981,9.834766387939452e-05,3.3855438232421875e-05,95.07317073170732,4.926829268292678,2467,False,2518
XP_009293516,XP_056301941,0.0003168582916259,random,,False,False,True,False,0.0003170371055603,0.0002374053001403,0.0002230405807495,0.0001022219657897,4.661083221435547e-05,97.04510108864696,2.954898911353041,1286,False,2519
XP_005162172,XP_056305806,0.0003167986869812,stratified,,True,False,False,False,0.0003169775009155,0.0003001689910888,0.0002214908599853,5.823373794555664e-05,4.4465065002441406e-05,98.34368530020704,1.6563146997929579,483,False,2520
XP_005171853,XP_056313873,0.0003155469894409,stratified,,True,False,False,False,0.00031578540802,0.0002928376197814,0.0002385973930358,0.0001341700553894,3.594160079956055e-05,97.8891820580475,2.1108179419525044,1137,False,2521
XP_009298848,XP_056324698,0.0003142356872558,random,,False,False,True,False,0.000314176082611,0.0003160238265991,0.0001568794250488,0.0001017451286315,2.5272369384765625e-05,98.36601307189542,1.6339869281045765,306,False,2522
XP_005158335,XP_056330993,0.000313401222229,stratified,,True,False,False,False,0.0003135204315185,0.0002585053443908,0.0001823306083679,0.0001033544540405,5.990266799926758e-05,97.66536964980544,2.3346303501945584,514,False,2523
XP_073786690,XP_056336004,0.0003125667572021,stratified,,True,False,False,False,0.0003129243850708,0.0004043579101562,0.0003231167793273,0.0002471208572387,4.13060188293457e-05,98.53658536585364,1.4634146341463605,410,False,2524
NP_001116766,XP_056320553,0.0003125071525573,stratified,,True,False,False,False,0.000312328338623,0.0004064440727233,0.0002309083938598,0.0001360177993774,5.918741226196289e-05,98.5553772070626,1.4446227929373947,623,False,2525
XP_021325835,XP_056307051,0.0003116726875305,random,,False,False,True,False,0.0003119111061096,0.000222623348236,0.0001171827316284,0.0002607107162475,4.869699478149414e-05,96.84684684684684,3.1531531531531556,1109,False,2526
NP_001313319,XP_056329861,0.0003114938735961,stratified,,True,False,False,False,0.0003116130828857,0.0005597472190856,0.0001964569091796,0.0003081560134887,6.324052810668945e-05,97.67441860465117,2.3255813953488342,387,False,2527
XP_009298565,XP_056311632,0.0003114342689514,random,,False,False,True,False,0.0003116130828857,0.000264823436737,0.0001635551452636,0.0002008080482482,6.771087646484375e-05,94.27374301675978,5.726256983240219,1429,False,2528
NP_922918,XP_056314547,0.0003106594085693,stratified,,True,False,False,False,0.0003107786178588,0.0002861618995666,0.0002332329750061,0.0001618266105651,5.221366882324219e-05,98.00884955752213,1.991150442477874,452,False,2529
NP_957330,XP_056327268,0.0003100633621215,stratified,,True,False,False,False,0.000309944152832,0.0001955032348632,0.0001649260520935,0.0001566410064697,3.463029861450195e-05,97.77777777777776,2.2222222222222427,225,False,2530
XP_005163449,XP_056332003,0.0003098249435424,random,,False,False,True,False,0.0003098845481872,0.0001808404922485,9.053945541381836e-05,9.85860824584961e-05,7.283687591552734e-05,98.31158864159632,1.688411358403684,1303,False,2531
XP_021322123,XP_056329212,0.000309407711029,random,,False,False,True,False,0.0001925230026245,0.0001146793365478,0.0001145005226135,0.000294804573059,3.528594970703125e-05,97.05456301303718,2.945436986962818,2805,False,2532
XP_005157015,XP_056327151,0.0003079771995544,stratified,,True,False,False,False,0.0003078579902648,0.0002362728118896,0.0001344084739685,0.0001094937324523,3.30805778503418e-05,97.28059332509272,2.719406674907276,808,False,2533
NP_001018459,XP_056305150,0.0003079175949096,stratified,,True,False,False,False,0.000308334827423,0.0005432367324829,0.0002232193946838,0.0004974007606506,0.001785933971405,98.38056680161944,1.6194331983805625,247,True,2534
XP_009298559,XP_056311756,0.0003070831298828,stratified,,True,False,False,False,0.0003072023391723,0.0001873970031738,0.0001009702682495,4.89354133605957e-05,2.8312206268310547e-05,95.01340482573728,4.9865951742627175,1865,False,2535
XP_073799312,XP_056310077,0.0003068447113037,random,,False,False,True,False,0.0001827478408813,8.7738037109375e-05,6.824731826782227e-05,3.927946090698242e-05,1.0848045349121094e-05,97.83322390019698,2.166776099803016,1520,False,2536
XP_073792773,XP_056303339,0.0003066658973693,stratified,,True,False,False,False,0.0001002550125122,0.0001283884048461,0.0001077651977539,9.733438491821288e-05,9.59634780883789e-05,96.68911335578002,3.310886644219977,1772,False,2537
XP_073807750,XP_056314782,0.0003060102462768,random,,False,False,True,False,0.0004313588142395,0.0004539489746093,0.0001959800720214,0.0001248121261596,3.439188003540039e-05,96.54008438818563,3.459915611814367,1184,False,2538
XP_073807754,XP_056314783,0.0003060102462768,stratified,,True,False,False,False,0.0004313588142395,0.0004539489746093,0.0001959800720214,0.0001248121261596,3.439188003540039e-05,96.54008438818563,3.459915611814367,1184,False,2539
XP_009295890,XP_056307082,0.0003053545951843,stratified,,True,False,False,False,0.0003052353858947,0.0003777742385864,0.0001894235610961,9.840726852416992e-05,9.238719940185548e-05,97.3709834469328,2.6290165530672027,1027,False,2540
NP_956970,XP_056329264,0.0003053545951843,random,,False,False,True,False,0.0003053545951843,0.0003874897956848,0.0003220438957214,0.0002560019493103,5.125999450683594e-05,97.78761061946902,2.212389380530979,452,False,2541
XP_009305257,XP_056325138,0.0003052353858947,stratified,,True,False,False,False,0.0003053545951843,0.0010436177253723,9.316205978393556e-05,8.594989776611328e-05,0.0002142786979675,98.55072463768116,1.4492753623188435,690,False,2542
NP_571051,XP_056325319,0.0003049373626708,stratified,,True,False,False,False,0.0003053545951843,0.0001566410064697,9.98377799987793e-05,0.0001324415206909,2.6881694793701172e-05,98.61111111111111,1.3888888888888857,576,False,2543
XP_005163110,XP_056307852,0.0003045797348022,random,,False,False,True,False,0.0003048181533813,0.0002431869506835,0.0001296401023864,0.0001026988029479,2.9802322387695312e-05,98.76543209876544,1.2345679012345556,486,False,2544
NP_001035072,XP_056309880,0.0003036856651306,random,,False,False,True,False,0.0003035068511962,0.0004878044128417,0.0005005598068237,0.0001388192176818,0.0001541376113891,96.56992084432716,3.4300791556728427,756,False,2545
NP_001035474,XP_056331058,0.000303566455841,random,,False,False,True,False,0.0004552006721496,0.0006186366081237,0.0002857446670532,0.0001133680343627,6.896257400512695e-05,96.35416666666669,3.6458333333333144,576,False,2546
XP_009293550,XP_056303046,0.0003033876419067,stratified,,True,False,False,False,0.0054518580436706,0.0042391419410705,0.0070753693580627,0.0101892352104187,0.0013955235481262,85.20547945205479,14.794520547945211,365,False,2547
NP_001288285,XP_056331731,0.0003032684326171,stratified,,True,False,False,False,0.0003033280372619,0.0001753568649291,0.0003353357315063,0.0001183748245239,2.0623207092285156e-05,97.61606022584692,2.3839397741530775,797,False,2548
XP_073809718,XP_056315455,0.0003028512001037,stratified,,True,False,False,False,0.0003024935722351,0.0003989338874816,0.0004054903984069,7.265806198120117e-05,0.0001177191734313,96.42401021711366,3.5759897828863387,783,False,2549
XP_005162893,XP_056306181,0.0003015995025634,random,,False,False,True,False,0.000301718711853,0.0002590417861938,0.0001583099365234,7.611513137817383e-05,7.110834121704102e-05,96.52375434530708,3.4762456546929172,863,False,2550
XP_005156414,XP_056324940,0.0003015995025634,stratified,,True,False,False,False,0.0003012418746948,0.0002880096435546,0.0001140236854553,0.0001117587089538,4.1961669921875e-05,95.77248270561108,4.227517294388917,1301,False,2551
NP_001038884,XP_056325124,0.0003014802932739,random,,False,False,True,False,0.0003013610839843,0.0004048943519592,0.0001731514930725,0.0001900792121887,3.606081008911133e-05,98.01980198019804,1.9801980198019606,606,False,2552
XP_073809713,XP_056315455,0.0003007650375366,stratified,,True,False,False,False,0.000300645828247,0.0003884434700012,0.0003911256790161,8.90493392944336e-05,0.0001007914543151,96.93486590038314,3.0651340996168557,783,False,2553
XP_002666175,XP_056303346,0.0003005266189575,stratified,,True,False,False,False,0.0003008842468261,0.0002102851867675,0.0004806518554687,9.22083854675293e-05,4.249811172485352e-05,98.17961165048544,1.820388349514559,823,False,2554
NP_001025332,XP_056337362,0.0003002882003784,stratified,,True,False,False,False,0.0003322958946228,0.0002532601356506,0.0001908540725708,8.64863395690918e-05,3.93986701965332e-05,96.12518628912072,3.8748137108792804,1336,False,2555
NP_001002746,XP_056314637,0.0003002285957336,random,,False,False,True,False,0.0003002285957336,0.0003435611724853,0.0001729726791381,0.0001548528671264,4.673004150390625e-05,97.88434414668548,2.1156558533145216,709,False,2556
XP_009301715,XP_056318084,0.0002997517585754,stratified,,True,False,False,False,0.0002996921539306,0.0002862811088562,0.0002350211143493,0.0002146363258361,0.0001115202903747,98.06451612903226,1.9354838709677438,465,False,2557
XP_699295,XP_056333653,0.0002996325492858,stratified,,True,False,False,False,0.0002993941307067,0.0002735257148742,0.00026136636734,0.0001333355903625,0.0001648068428039,98.20717131474105,1.7928286852589537,502,False,2558
XP_073795525,XP_056304721,0.0002995133399963,stratified,,True,False,False,False,0.0002857446670532,0.0003350377082824,0.0001246929168701,7.367134094238281e-05,3.981590270996094e-05,97.96905222437135,2.030947775628647,1034,False,2559
NP_001333081,XP_056328812,0.0002986192703247,random,,False,False,True,False,0.0002988576889038,0.0003011226654052,0.0001378059387207,5.5909156799316406e-05,3.618001937866211e-05,96.95290858725762,3.0470914127423754,722,False,2560
NP_878299,XP_056323225,0.0002985000610351,stratified,,True,False,False,False,0.0002983808517456,0.0002089142799377,9.739398956298828e-05,7.12275505065918e-05,5.185604095458984e-05,99.01768172888016,0.982318271119837,509,False,2561
XP_005159168,XP_056334197,0.0002979040145874,random,,False,False,True,False,0.0002979636192321,0.0009756088256835,0.0002846717834472,0.0005168914794921,0.0003634691238403,97.5438596491228,2.456140350877206,570,False,2562
NP_998122,XP_056328161,0.0002971291542053,random,,False,False,True,False,0.0002970099449157,0.0003802776336669,0.0002588033676147,0.0002543330192565,0.0001011490821838,99.29577464788731,0.7042253521126867,142,False,2563
XP_073797393,XP_056309705,0.0002966523170471,stratified,,True,False,False,False,0.0002966523170471,0.0004312992095947,0.0001590251922607,0.0001346468925476,9.673833847045898e-05,97.24137931034484,2.75862068965516,435,False,2564
XP_073797430,XP_056309705,0.0002966523170471,stratified,,True,False,False,False,0.0002966523170471,0.0004312992095947,0.0001590251922607,0.0001346468925476,9.673833847045898e-05,97.24137931034484,2.75862068965516,435,False,2565
XP_009299941,XP_056314215,0.0002959966659545,stratified,,True,False,False,False,0.0002959370613098,0.0002921819686889,0.0001152157783508,5.447864532470703e-05,3.135204315185547e-05,97.2801450589302,2.719854941069798,1103,False,2566
NP_001032776,XP_056303837,0.0002951025962829,stratified,,True,False,False,False,0.0002949833869934,0.0003526806831359,0.0001498460769653,0.0001076459884643,3.170967102050781e-05,97.77227722772275,2.2277227722772466,404,False,2567
NP_001019576,XP_056321893,0.0002949237823486,stratified,,True,False,False,False,0.0002946853637695,0.0002534389495849,0.0001036524772644,0.0001611709594726,0.0012685656547546,98.2608695652174,1.739130434782595,230,True,2568
NP_001373634,XP_056320018,0.0002945065498352,random,,False,False,True,False,0.0002944469451904,0.0003162026405334,0.0001714825630187,0.0001372098922729,5.692243576049805e-05,98.79032258064515,1.209677419354847,744,False,2569
NP_001013589,XP_056330569,0.0002943277359008,stratified,,True,False,False,False,0.0002942085266113,0.0002317428588867,0.0001543760299682,6.759166717529297e-05,3.2007694244384766e-05,99.27536231884058,0.7246376811594217,276,False,2570
XP_005171853,XP_056313869,0.0002943277359008,stratified,,True,False,False,False,0.0002943277359008,0.0002663731575012,0.0002301931381225,0.0001449584960937,2.6345252990722656e-05,98.0650835532102,1.9349164467897992,1137,False,2571
XP_021334623,XP_056321269,0.000293493270874,stratified,,True,False,False,False,0.000293493270874,0.0001647472381591,0.0001471042633056,9.745359420776369e-05,3.409385681152344e-05,98.30508474576273,1.694915254237273,1475,False,2572
XP_005170746,XP_056308352,0.0002927780151367,random,,False,False,True,False,0.0002927780151367,0.0003752708435058,0.0001714825630187,8.0108642578125e-05,4.488229751586914e-05,98.65671641791045,1.3432835820895548,670,False,2573
XP_073796890,XP_056306128,0.0002924799919128,stratified,,True,False,False,False,0.0002923607826232,0.0002415180206298,0.0001643896102905,0.0002536177635192,3.135204315185547e-05,97.65957446808513,2.3404255319148746,940,False,2574
XP_009296480,XP_056307416,0.0002921223640441,stratified,,True,False,False,False,0.000291883945465,0.0004404783248901,0.0004135966300964,0.000194489955902,4.5299530029296875e-05,96.88084840923268,3.1191515907673164,1603,False,2575
XP_005165354,XP_056314078,0.0002917647361755,random,,False,False,True,False,0.0002916455268859,0.0002925992012023,0.0003302097320556,0.0001371502876281,0.0001201033592224,98.0225988700565,1.9774011299435017,354,False,2576
NP_998687,XP_056314077,0.0002915859222412,stratified,,True,False,False,False,0.0002915263175964,0.0002719163894653,0.0003095269203186,0.0001540184020996,0.0001217722892761,97.74647887323944,2.2535211267605604,355,False,2577
XP_073788778,XP_056336759,0.0002915263175964,random,,False,False,True,False,0.0001474022865295,0.0001322031021118,9.906291961669922e-05,0.0001905560493469,4.410743713378906e-05,97.71955361475013,2.280446385249874,3209,False,2578
NP_001018174,XP_056327447,0.0002914667129516,stratified,,True,False,False,False,0.0002913475036621,0.0001865029335021,0.0001245141029357,5.310773849487305e-05,3.826618194580078e-05,99.22239502332816,0.7776049766718387,643,False,2579
XP_021322873,XP_056333488,0.000291109085083,stratified,,True,False,False,False,0.0002909898757934,9.906291961669922e-05,5.91278076171875e-05,0.0001255273818969,1.5735626220703125e-05,98.110661268556,1.889338731443999,1473,False,2580
NP_001417804,XP_056322676,0.000291109085083,random,,False,False,True,False,0.0002911686897277,0.0003601908683776,0.0002427697181701,0.0003823041915893,2.6226043701171875e-05,98.19121447028424,1.8087855297157631,387,False,2581
XP_009304364,XP_056323705,0.0002907514572143,stratified,,True,False,False,False,0.0002908110618591,0.0005416870117187,0.0001243352890014,4.9948692321777344e-05,2.3603439331054688e-05,96.7930029154519,3.2069970845481066,1714,False,2582
XP_073797934,XP_056307912,0.000290036201477,stratified,,True,False,False,False,0.0002900958061218,0.0002440214157104,0.0001054406166076,5.78761100769043e-05,4.041194915771485e-05,97.60403530895334,2.3959646910466574,793,False,2583
XP_005170524,XP_056303370,0.0002892613410949,stratified,,True,False,False,False,0.0002894401550292,0.0001394152641296,9.775161743164062e-05,4.3451786041259766e-05,2.7298927307128903e-05,97.1890372452565,2.8109627547434997,1423,False,2584
NP_571692,XP_056319738,0.0002883076667785,stratified,,True,False,False,False,0.0002883076667785,0.0003600120544433,0.0042628049850463,0.0002873539924621,4.8100948333740234e-05,98.32841691248773,1.6715830875122748,1017,False,2585
XP_009304049,XP_056324715,0.0002881288528442,stratified,,True,False,False,False,0.0002883076667785,0.0003250241279602,0.0002080202102661,0.0001513957977294,2.0444393157958984e-05,98.04791481810116,1.9520851818988376,1126,False,2586
XP_685212,XP_056328385,0.0002881288528442,stratified,,True,False,False,False,0.0002881288528442,0.0003266930580139,0.0002104043960571,0.0001102685928344,5.811452865600586e-05,96.66160849772382,3.338391502276181,659,False,2587
XP_073803043,XP_056312067,0.00028657913208,stratified,,True,False,False,False,0.0002864003181457,0.0003300905227661,0.0002850294113159,0.0008419156074523,0.0001224875450134,95.89867310012065,4.1013268998793535,829,False,2588
XP_009291105,XP_056332644,0.0002858042716979,random,,False,False,True,False,0.0002856850624084,0.0001059174537658,0.0001660585403442,8.255243301391602e-05,4.8100948333740234e-05,97.8088861838101,2.1911138161898975,1643,False,2589
XP_073793053,XP_056310321,0.0002854466438293,random,,False,False,True,False,0.0002852082252502,0.0002440810203552,0.0001760125160217,0.0001584887504577,5.918741226196289e-05,97.86324786324786,2.1367521367521363,468,False,2590
XP_009294796,XP_056304574,0.0002847909927368,random,,False,False,True,False,0.0002851486206054,0.0002251267433166,0.0001538395881652,0.0001288652420043,0.0001167058944702,96.6839378238342,3.3160621761658007,965,False,2591
XP_005157976,XP_056331922,0.0002832412719726,stratified,,True,False,False,False,0.0002831220626831,0.0002036094665527,0.0001181960105895,0.0001305937767028,2.920627593994141e-05,98.39816933638444,1.6018306636155586,437,False,2592
XP_701004,XP_056313726,0.0002828240394592,stratified,,True,False,False,False,0.0002385973930358,0.0002479553222656,0.0001733899116516,8.600950241088867e-05,2.944469451904297e-05,97.02048417132217,2.979515828677833,1074,False,2593
XP_687246,XP_056331653,0.0002828240394592,stratified,,True,False,False,False,0.0002828240394592,0.0004495978355407,0.0001816749572753,0.0001848936080932,0.0001688599586486,98.21882951653944,1.7811704834605564,393,False,2594
XP_005163095,XP_056307323,0.0002825260162353,stratified,,True,False,False,False,0.0005229711532592,0.0004401206970214,0.0003383159637451,0.0001682639122009,6.628036499023438e-05,92.19892735251096,7.801072647489036,3507,False,2595
XP_009296758,XP_056329888,0.0002821087837219,stratified,,True,False,False,False,0.0002821087837219,0.0001534223556518,7.295608520507812e-05,7.516145706176758e-05,1.8656253814697266e-05,97.78212654924984,2.2178734507501616,1533,False,2596
XP_009299938,XP_056314211,0.0002819895744323,stratified,,True,False,False,False,0.0002817511558532,0.00027996301651,0.0001152753829956,5.27501106262207e-05,3.1113624572753906e-05,97.29486023444544,2.705139765554563,1109,False,2597
NP_956820,XP_056321390,0.000281274318695,stratified,,True,False,False,False,0.0002813339233398,8.618831634521484e-05,0.00010347366333,0.0001091361045837,2.7120113372802734e-05,99.48979591836736,0.5102040816326365,196,False,2598
XP_002660941,XP_056336538,0.0002810359001159,stratified,,True,False,False,False,0.0002809762954711,0.0001724362373352,0.0001378059387207,6.598234176635742e-05,3.266334533691406e-05,97.1106412966878,2.8893587033121975,1419,False,2599
NP_571909,XP_056320688,0.0002809166908264,random,,False,False,True,False,0.000280737876892,0.0003411173820495,0.0002469420433044,0.0001714825630187,3.331899642944336e-05,97.45042492917848,2.5495750708215184,353,False,2600
XP_017207000,XP_056331387,0.000280737876892,stratified,,True,False,False,False,0.0002807974815368,0.0003148913383483,0.000216782093048,9.560585021972656e-05,4.559755325317383e-05,97.98488664987406,2.0151133501259437,794,False,2601
XP_009294043,XP_056303214,0.0002802610397338,stratified,,True,False,False,False,0.00027996301651,0.0003641247749328,0.0002035498619079,0.0007054209709167,3.463029861450195e-05,97.1875,2.8125,640,False,2602
XP_073806927,XP_056312809,0.0002802610397338,random,,False,False,True,False,0.0002802610397338,0.0003296732902526,0.000177264213562,0.0001424551010131,5.030632019042969e-05,96.22641509433964,3.773584905660357,530,False,2603
XP_005170122,XP_056335137,0.0002793669700622,random,,False,False,True,False,0.0002793073654174,0.0002593994140625,0.0001837015151977,9.572505950927734e-05,2.872943878173828e-05,98.19376026272576,1.8062397372742396,608,False,2604
XP_017208903,XP_056303299,0.000278353691101,stratified,,True,False,False,False,0.0003228783607482,0.0002958178520202,0.0003283619880676,0.0001939535140991,3.719329833984375e-05,96.72604718343766,3.2739528165623426,2108,False,2605
XP_005167631,XP_056321973,0.0002782344818115,stratified,,True,False,False,False,0.0002781748771667,0.0003414154052734,0.0002915859222412,0.0001828670501708,8.428096771240234e-05,97.96954314720811,2.030456852791886,985,False,2606
NP_001315147,XP_056302038,0.0002774596214294,stratified,,True,False,False,False,0.0002774596214294,0.0002051591873168,0.000216782093048,0.0001382231712341,6.866455078125e-05,97.3469387755102,2.6530612244898037,490,False,2607
XP_686465,XP_056309974,0.0002762675285339,stratified,,True,False,False,False,0.0002762675285339,0.0001559257507324,0.0001320242881774,5.710124969482422e-05,2.5033950805664062e-05,97.96610169491524,2.0338983050847617,590,False,2608
NP_001037812,XP_056334635,0.0002762675285339,stratified,,True,False,False,False,0.0002763271331787,0.0003648996353149,0.0003061890602111,0.0005046725273132,7.897615432739258e-05,96.98795180722892,3.0120481927710756,497,False,2609
NP_001296328,XP_056318993,0.0002761483192443,stratified,,True,False,False,False,0.0002761483192443,0.0001987218856811,0.0001836419105529,0.000101625919342,1.5079975128173828e-05,98.27373612823676,1.726263871763237,811,False,2610
XP_073785568,XP_056334847,0.0002761483192443,stratified,,True,False,False,False,8.577108383178711e-05,4.506111145019531e-05,4.649162292480469e-05,3.1054019927978516e-05,2.8133392333984375e-05,98.5874330248417,1.412566975158299,5104,False,2611
NP_996983,XP_056318902,0.0002758502960205,stratified,,True,False,False,False,0.0002757310867309,0.000243067741394,0.0002665519714355,0.0001203417778015,6.222724914550781e-05,98.28571428571428,1.7142857142857224,175,False,2612
NP_001013310,XP_056333557,0.0002756714820861,stratified,,True,False,False,False,0.0002756714820861,0.0003343820571899,0.0001704692840576,0.0001375079154968,0.0001956820487976,98.06763285024157,1.9323671497584343,414,False,2613
NP_001002563,XP_056332847,0.0002753734588623,random,,False,False,True,False,0.0002752542495727,0.0002184510231018,4.678964614868164e-05,6.198883056640625e-05,5.6624412536621094e-05,99.46808510638296,0.5319148936170421,188,False,2614
NP_001373597,XP_056307381,0.0002753138542175,stratified,,True,False,False,False,0.0002752542495727,0.0002074837684631,7.69495964050293e-05,4.369020462036133e-05,2.473592758178711e-05,99.21875,0.78125,128,False,2615
NP_001373597,XP_056308330,0.0002753138542175,stratified,,True,False,False,False,0.0002752542495727,0.0002074837684631,7.69495964050293e-05,4.369020462036133e-05,2.473592758178711e-05,99.21875,0.78125,128,False,2616
XP_017209580,XP_056307915,0.0002745985984802,random,,False,False,True,False,0.0002744197845458,0.000241994857788,0.0001253485679626,8.767843246459961e-05,3.218650817871094e-05,96.09756097560977,3.902439024390233,1025,False,2617
XP_005156569,XP_056326878,0.0002744197845458,stratified,,True,False,False,False,0.0002743005752563,0.0008759498596191,0.0003082156181335,0.0003576874732971,7.12275505065918e-05,99.60474308300395,0.3952569169960469,253,False,2618
NP_001410745,XP_056316899,0.0002739429473876,random,,False,False,True,False,0.0002738237380981,0.0002145767211914,7.665157318115234e-05,4.357099533081055e-05,2.4437904357910156e-05,99.21875,0.78125,128,False,2619
XP_073799483,XP_056316896,0.0002739429473876,stratified,,True,False,False,False,0.0002738237380981,0.0002145767211914,7.665157318115234e-05,4.357099533081055e-05,2.4437904357910156e-05,99.21875,0.78125,128,False,2620
XP_005171231,XP_056328870,0.0002734065055847,stratified,,True,False,False,False,0.0002732276916503,0.000611662864685,0.0001402497291564,0.0004056096076965,0.0001197457313537,97.92746113989638,2.07253886010362,579,False,2621
NP_957128,XP_056325629,0.0002729296684265,stratified,,True,False,False,False,0.0002729296684265,0.0003126859664916,8.988380432128906e-05,9.846687316894533e-05,4.488229751586914e-05,97.79179810725552,2.2082018927444835,317,False,2622
XP_073808198,XP_056313592,0.0002725720405578,stratified,,True,False,False,False,0.0034443140029907,0.0030760169029235,0.0021924376487731,0.0020143985748291,0.0008944272994995,85.30872959545778,14.691270404542223,1409,False,2623
NP_571808,XP_056327888,0.0002716779708862,stratified,,True,False,False,False,0.0002717971801757,0.0002830028533935,0.0001978278160095,0.0004805326461791,2.9802322387695312e-05,98.6046511627907,1.3953488372092977,215,False,2624
XP_002666892,XP_056307406,0.0002709627151489,stratified,,True,False,False,False,0.0002710223197937,0.0003035068511962,0.0001713037490844,0.0001092553138732,2.8252601623535156e-05,95.71428571428572,4.285714285714278,1609,False,2625
XP_073810615,XP_056316374,0.0002707242965698,random,,False,False,True,False,0.000270664691925,0.0003889799118041,0.0003165006637573,0.0007014870643615,3.0994415283203125e-05,98.35390946502058,1.6460905349794217,729,False,2626
NP_001185672,XP_056324153,0.000270664691925,stratified,,True,False,False,False,0.000270664691925,0.0003486275672912,0.0001792907714843,0.0001424551010131,2.038478851318359e-05,98.7012987012987,1.2987012987013031,77,False,2627
NP_001073638,XP_056315399,0.0002698898315429,random,,False,False,True,False,0.0002511143684387,0.0002333521842956,0.0001262426376342,8.052587509155273e-05,3.93986701965332e-05,96.6204506065858,3.3795493934141945,1153,False,2628
NP_001299827,XP_056315438,0.0002698898315429,stratified,,True,False,False,False,0.0002700090408325,0.0003266334533691,0.0002498030662536,8.654594421386719e-05,6.431341171264648e-05,95.9866220735786,4.0133779264213985,897,False,2629
XP_073807645,XP_056314598,0.0002696514129638,random,,False,False,True,False,0.0002697110176086,0.0002222657203674,0.0002148151397705,7.557868957519531e-05,4.684925079345703e-05,98.28125,1.71875,640,False,2630
XP_017211857,XP_056314596,0.0002696514129638,random,,False,False,True,False,0.0002697110176086,0.0002220869064331,0.0002148151397705,7.557868957519531e-05,4.684925079345703e-05,98.28125,1.71875,640,False,2631
NP_001352192,XP_056307959,0.0002694725990295,stratified,,True,False,False,False,0.0002691745758056,0.000137984752655,0.0001602172851562,0.0003867149353027,3.069639205932617e-05,99.31972789115646,0.6802721088435391,147,False,2632
XP_005160305,XP_056312692,0.0002694129943847,random,,False,False,True,False,0.0002694129943847,0.0002782344818115,0.0002536177635192,0.0001280307769775,3.153085708618164e-05,96.8939393939394,3.106060606060595,1318,False,2633
NP_001017750,XP_056327161,0.0002691745758056,stratified,,True,False,False,False,0.0002690553665161,0.0002169609069824,9.930133819580078e-05,0.0002616643905639,3.540515899658203e-05,98.93899204244032,1.0610079575596814,377,False,2634
XP_017208125,XP_056336697,0.0002689957618713,stratified,,True,False,False,False,0.0002690553665161,0.0005305409431457,0.0002204179763793,0.000119924545288,3.254413604736328e-05,97.2936400541272,2.706359945872805,1478,False,2635
XP_073790618,XP_056302766,0.0002686381340026,stratified,,True,False,False,False,0.0002687573432922,0.0004059672355651,0.0002982020378112,0.0022432208061218,8.416175842285156e-05,97.48822605965464,2.511773940345364,637,False,2636
XP_009293168,XP_056337535,0.0002681612968444,stratified,,True,False,False,False,0.000268280506134,0.0002602338790893,0.0001546740531921,0.0001288056373596,3.93986701965332e-05,98.4924623115578,1.5075376884421985,398,False,2637
XP_073806873,XP_056313900,0.0002676844596862,stratified,,True,False,False,False,0.000267744064331,0.0001384019851684,0.0001137852668762,7.361173629760742e-05,3.0875205993652344e-05,98.73772791023843,1.2622720897615665,713,False,2638
XP_005172157,XP_056316429,0.0002672672271728,random,,False,False,True,False,0.0002673864364624,0.0002723336219787,9.500980377197266e-05,6.747245788574219e-05,3.30805778503418e-05,97.53810082063306,2.461899179366938,853,False,2639
XP_009294606,XP_056304113,0.0002663135528564,stratified,,True,False,False,False,0.0002665519714355,0.0005980730056762,0.0003395676612854,0.0002231001853942,0.0010312795639038,96.32075471698111,3.6792452830188864,1060,True,2640
NP_001002401,XP_056335233,0.0002650022506713,random,,False,False,True,False,0.000264823436737,0.0003206133842468,0.0001048445701599,0.0001787543296813,1.0371208190917969e-05,99.07407407407408,0.9259259259259238,216,False,2641
XP_005173357,XP_056328462,0.0002644062042236,stratified,,True,False,False,False,0.0002645254135131,0.0002274513244628,0.00013267993927,0.0001256465911865,7.611513137817383e-05,98.61878453038672,1.3812154696132808,362,False,2642
XP_021328692,XP_056330702,0.0002633929252624,stratified;random,,True,False,True,False,0.0002425909042358,0.0001965761184692,0.0001150965690612,7.265806198120117e-05,7.003545761108398e-05,97.5669099756691,2.4330900243308946,2477,False,2643
XP_073805890,XP_056313692,0.0002632141113281,random,,False,False,True,False,0.0002633333206176,0.000230073928833,0.0001396536827087,7.259845733642578e-05,8.934736251831055e-05,97.8319783197832,2.168021680216796,369,False,2644
XP_021334284,XP_056321971,0.0002628564834594,stratified,,True,False,False,False,0.0002627372741699,0.0002148747444152,0.000115156173706,8.511543273925781e-05,8.869171142578125e-05,98.67986798679868,1.3201320132013166,303,False,2645
NP_001093492,XP_056335674,0.0002623796463012,random,,False,False,True,False,0.0002624988555908,0.0003341436386108,0.0002130270004272,0.0001343488693237,2.9802322387695312e-05,98.56262833675564,1.4373716632443632,487,False,2646
XP_073805827,XP_056312860,0.0002621412277221,random,,False,False,True,False,0.0002624988555908,0.0001883506774902,0.0002068281173706,0.0001426339149475,2.0623207092285156e-05,98.21693907875186,1.7830609212481363,673,False,2647
XP_073805887,XP_056313688,0.0002609491348266,stratified,,True,False,False,False,0.0002611279487609,0.0002201795578002,0.0001357793807983,8.344650268554688e-05,7.140636444091797e-05,97.86096256684492,2.1390374331550817,374,False,2648
XP_005167303,XP_056319238,0.000260591506958,stratified,,True,False,False,False,0.0002605319023132,0.0003782510757446,0.0002468824386596,0.000399887561798,4.881620407104492e-05,98.25072886297376,1.7492711370262413,343,False,2649
XP_009299939,XP_056314210,0.0002596378326416,random,,False,False,True,False,0.0002597570419311,0.0002503395080566,0.000106394290924,6.461143493652344e-05,3.141164779663086e-05,97.29486023444544,2.705139765554563,1109,False,2650
NP_001038838,XP_056302028,0.0002589225769042,stratified,,True,False,False,False,0.0002590417861938,0.0002557039260864,0.0001644492149353,0.000223159790039,0.0001919865608215,99.30555555555556,0.6944444444444429,144,False,2651
XP_009303436,XP_056322725,0.0002589225769042,stratified,,True,False,False,False,0.0002589225769042,0.0001553297042846,0.0001266002655029,0.0001161098480224,2.747774124145508e-05,98.29787234042551,1.7021276595744865,470,False,2652
NP_001373597,XP_056316896,0.0002589225769042,random,,False,False,True,False,0.0002588629722595,0.0002108812332153,9.08970832824707e-05,9.244680404663086e-05,6.54458999633789e-05,99.21875,0.78125,128,False,2653
XP_002664717,XP_056329503,0.0002585649490356,stratified,,True,False,False,False,0.0002590417861938,0.0001825094223022,0.000127375125885,8.314847946166992e-05,3.68952751159668e-05,95.1683748169839,4.831625183016101,3776,False,2654
XP_005158389,XP_056330882,0.0002582073211669,stratified,,True,False,False,False,0.0002582073211669,0.0003676414489746,0.0002071857452392,4.76837158203125e-05,3.701448440551758e-05,98.15880322209436,1.8411967779056368,868,False,2655
NP_957369,XP_056321297,0.0002568960189819,random,,False,False,True,False,0.000257134437561,0.0004944205284118,0.0003113746643066,6.872415542602539e-05,6.371736526489258e-05,98.66844207723037,1.3315579227696333,751,False,2656
XP_021332842,XP_056316031,0.0002568364143371,stratified,,True,False,False,False,0.0002005696296691,0.0001040697097778,0.0001110434532165,0.0001279711723327,3.170967102050781e-05,96.492071119654,3.5079288803460003,2138,False,2657
XP_073793726,XP_056304174,0.0002563595771789,random,,False,False,True,False,0.0002564787864685,0.0003168582916259,0.000236690044403,4.357099533081055e-05,3.355741500854492e-05,98.531211750306,1.4687882496940006,817,False,2658
XP_073805888,XP_056313688,0.0002559423446655,stratified,,True,False,False,False,0.000256061553955,0.0002239346504211,0.0001428127288818,7.867813110351562e-05,8.612871170043945e-05,97.59358288770052,2.4064171122994793,374,False,2659
NP_001157866,XP_056331565,0.0002554655075073,stratified,,True,False,False,False,0.0002957582473754,0.0008682608604431,9.107589721679688e-05,7.909536361694336e-05,3.0219554901123047e-05,97.009165460685,2.990834539315003,2821,False,2660
XP_021324693,XP_056303050,0.0002554059028625,stratified,,True,False,False,False,0.0002558231353759,0.0005460977554321,0.0001171827316284,0.0001376867294311,6.097555160522461e-05,97.48822605965464,2.511773940345364,1274,False,2661
NP_001002443,XP_056323616,0.0002553462982177,random,,False,False,True,False,0.0002553462982177,0.0002450942993164,0.0002673864364624,0.0003570914268493,2.771615982055664e-05,97.19101123595506,2.8089887640449405,356,False,2662
XP_073785570,XP_056334849,0.0002544522285461,stratified,,True,False,False,False,8.577108383178711e-05,4.506111145019531e-05,4.649162292480469e-05,3.1054019927978516e-05,2.8133392333984375e-05,98.5874330248417,1.412566975158299,5103,False,2663
XP_073795049,XP_056305191,0.0002539753913879,stratified,,True,False,False,False,0.0001812577247619,0.0002235174179077,0.0002644062042236,7.092952728271484e-05,2.1696090698242188e-05,98.14957594448728,1.8504240555127183,1297,False,2664
XP_073797104,XP_056307153,0.0002539157867431,random,,False,False,True,False,0.0002538561820983,0.000230073928833,0.0001276731491088,0.0001444816589355,3.725290298461914e-05,97.88519637462235,2.1148036253776468,993,False,2665
XP_001919229,XP_056317106,0.0002538561820983,random,,False,False,True,False,0.0002538561820983,0.0004433393478393,0.0003220438957214,0.000644028186798,6.67572021484375e-05,97.81931464174455,2.1806853582554453,321,False,2666
XP_005167910,XP_056321591,0.0002538561820983,stratified,,True,False,False,False,0.0002538561820983,0.0001801252365112,0.000134527683258,4.7206878662109375e-05,2.491474151611328e-05,99.34065934065934,0.659340659340657,455,False,2667
XP_005163199,XP_056307441,0.0002537965774536,stratified,,True,False,False,False,0.0002534389495849,0.0001548528671264,8.195638656616211e-05,0.0001078248023986,3.725290298461914e-05,97.68835616438356,2.3116438356164366,1168,False,2668
NP_001186667,XP_056306565,0.0002522468566894,random,,False,False,True,False,0.0002521872520446,0.0003620982170104,0.0002524852752685,7.05718994140625e-05,2.8848648071289062e-05,96.8668407310705,3.1331592689295036,1526,False,2669
XP_009301419,XP_056317302,0.0002480745315551,stratified,,True,False,False,False,0.0002478957176208,0.0001961588859558,9.72747802734375e-05,7.557868957519531e-05,1.6033649444580078e-05,98.73417721518987,1.2658227848101262,790,False,2670
NP_001006046,XP_056326542,0.0002473592758178,random,,False,False,True,False,0.0002472400665283,0.0002161860466003,0.0003161430358886,0.0001715421676635,0.0001274347305297,98.81422924901186,1.1857707509881408,253,False,2671
XP_073792069,XP_056302183,0.0002468824386596,stratified,,True,False,False,False,0.0002470016479492,0.0002457499504089,0.0001516342163085,9.191036224365234e-05,2.2172927856445312e-05,98.89349930843709,1.106500691562914,723,False,2672
XP_073789793,XP_056301361,0.0002467036247253,stratified,,True,False,False,False,0.0002467036247253,0.0001705288887023,0.000424325466156,5.6803226470947266e-05,3.415346145629883e-05,98.48714069591529,1.5128593040847136,661,False,2673
XP_017206847,XP_056332291,0.0002465844154357,stratified,,True,False,False,False,0.0002465844154357,0.0003543496131896,0.0001493692398071,8.952617645263672e-05,2.771615982055664e-05,99.04761904761904,0.9523809523809632,210,False,2674
XP_021332107,XP_056313480,0.0002462267875671,random,,False,False,True,False,0.0005854368209838,0.0002253055572509,0.0001608729362487,0.0001394152641296,3.463029861450195e-05,97.37864077669904,2.6213592233009564,2386,False,2675
NP_001018484,XP_056328284,0.0002461671829223,stratified,,True,False,False,False,0.0002461671829223,0.0006933212280273,0.0003550052642822,0.0001541972160339,0.0001068115234375,98.24561403508773,1.7543859649122737,342,False,2676
NP_001373572,XP_056309712,0.0002457499504089,stratified,,True,False,False,False,0.000245451927185,0.0002774596214294,0.0001648664474487,7.969141006469727e-05,1.6808509826660156e-05,97.88732394366195,2.112676056338046,994,False,2677
XP_009304679,XP_056325078,0.000245451927185,random,,False,False,True,False,0.0002452731132507,0.000115692615509,7.700920104980469e-05,5.7578086853027344e-05,3.5762786865234375e-05,98.3126110124334,1.6873889875666066,1126,False,2678
NP_998310,XP_056319168,0.0002443194389343,random,,False,False,True,False,0.0002448558807373,0.0001956224441528,0.0001100897789001,0.000120997428894,0.0001837015151977,98.34710743801652,1.652892561983478,242,False,2679
XP_690143,XP_056321285,0.0002431273460388,random,,False,False,True,False,0.0001161694526672,5.614757537841797e-05,8.118152618408203e-05,5.125999450683594e-05,2.6226043701171875e-05,98.38709677419357,1.6129032258064342,4005,False,2680
XP_021330679,XP_056311645,0.0002423524856567,stratified,,True,False,False,False,0.0002422332763671,0.0003700852394104,0.0001966953277587,0.000176727771759,4.8100948333740234e-05,98.45320959010054,1.546790409899458,1292,False,2681
NP_991181,XP_056331880,0.0002423524856567,stratified,,True,False,False,False,0.0002423524856567,0.0003116726875305,0.0001765489578247,0.000156819820404,3.2067298889160156e-05,98.1818181818182,1.8181818181817988,275,False,2682
NP_001259009,XP_056304079,0.0002416968345642,stratified,,True,False,False,False,0.0002419352531433,0.0007246732711791,0.0003260374069213,0.0002286434173583,3.135204315185547e-05,97.85714285714286,2.142857142857139,420,False,2683
XP_021333530,XP_056317519,0.0002408027648925,stratified,,True,False,False,False,0.0002404451370239,0.0003197789192199,0.0001752972602844,0.0001920461654663,2.0742416381835938e-05,98.82005899705015,1.179941002949846,678,False,2684
XP_005174422,XP_056307495,0.0002400279045104,stratified,,True,False,False,False,0.0002399682998657,0.0002088546752929,0.0001323819160461,9.632110595703124e-05,3.814697265625e-05,98.84488448844884,1.155115511551159,606,False,2685
XP_073788782,XP_056336764,0.0002393722534179,stratified,,True,False,False,False,0.0002713799476623,0.0002198219299316,0.0001828074455261,0.0001071691513061,6.54458999633789e-05,97.67329132331557,2.326708676684433,3184,False,2686
NP_998665,XP_056319460,0.0002389550209045,random,,False,False,True,False,0.0002390146255493,0.0004648566246032,0.0002882480621337,0.000177264213562,6.139278411865234e-05,97.61273209549071,2.3872679045092866,377,False,2687
NP_956081,XP_056334440,0.0002389550209045,random,,False,False,True,False,0.0002391338348388,0.0002292990684509,7.420778274536133e-05,8.094310760498047e-05,1.2516975402832031e-05,98.95104895104896,1.0489510489510394,858,False,2688
XP_005163912,XP_056309310,0.0002385973930358,stratified,,True,False,False,False,0.0002385973930358,0.000146746635437,0.0001741051673889,0.000245451927185,1.7404556274414062e-05,98.63013698630137,1.3698630136986338,292,False,2689
XP_073792404,XP_056309311,0.0002385973930358,stratified,,True,False,False,False,0.0002385973930358,0.000146746635437,0.0001741051673889,0.000245451927185,1.7404556274414062e-05,98.63013698630137,1.3698630136986338,292,False,2690
XP_073792411,XP_056309312,0.0002385973930358,stratified,,True,False,False,False,0.0002385973930358,0.000146746635437,0.0001741051673889,0.000245451927185,1.7404556274414062e-05,98.63013698630137,1.3698630136986338,292,False,2691
NP_571337,XP_056308164,0.0002385377883911,target,AHR1b,False,False,False,True,0.0002385377883911,0.0001699924468994,0.0001090168952941,6.705522537231445e-05,1.895427703857422e-05,98.9090909090909,1.0909090909090935,275,False,2692
XP_073786749,XP_056335452,0.0002384185791015,stratified,,True,False,False,False,0.0002387166023254,0.0002983212471008,0.0001749396324157,0.0006362795829772,3.129243850708008e-05,99.13793103448276,0.8620689655172384,232,False,2693
XP_021324055,XP_056337747,0.0002383589744567,stratified,,True,False,False,False,0.0002382397651672,0.0002011656761169,0.0002157092094421,0.0001198649406433,4.315376281738281e-05,97.61904761904762,2.3809523809523796,294,False,2694
XP_002660860,XP_056330777,0.0002379417419433,random,,False,False,True,False,0.0002378821372985,0.0003333687782287,9.107589721679688e-05,6.890296936035156e-05,1.823902130126953e-05,98.1818181818182,1.8181818181817988,825,False,2695
XP_009292938,XP_056336870,0.0002375841140747,stratified,,True,False,False,False,0.0002374649047851,0.0001672506332397,7.718801498413086e-05,5.549192428588867e-05,1.245737075805664e-05,99.30795847750863,0.6920415224913654,578,False,2696
XP_005163278,XP_056308337,0.0002366304397583,stratified,,True,False,False,False,0.000236690044403,0.0001266002655029,0.0001039505004882,7.241964340209961e-05,4.142522811889648e-05,99.19354838709675,0.8064516129032455,124,False,2697
XP_009302274,XP_056319589,0.0002364516258239,stratified,,True,False,False,False,0.0002365112304687,0.000123918056488,4.523992538452149e-05,3.147125244140625e-05,0.0001192688941955,99.0909090909091,0.9090909090909065,330,False,2698
XP_073809281,XP_056312751,0.0002362728118896,random,,False,False,True,False,0.0002362132072448,0.0001762509346008,0.0001007318496704,4.5299530029296875e-05,2.2709369659423828e-05,99.1304347826087,0.8695652173912976,805,False,2699
NP_955924,XP_056302715,0.0002359151840209,random,,False,False,True,False,0.0001201629638671,8.928775787353516e-05,7.18235969543457e-05,7.790327072143555e-05,1.2576580047607422e-05,98.27089337175792,1.7291066282420786,347,False,2700
NP_001186030,XP_056305920,0.0002357959747314,stratified;random,,True,False,True,False,0.0002357959747314,0.0002207159996032,0.0001025199890136,8.255243301391602e-05,6.252527236938477e-05,97.67441860465117,2.3255813953488342,344,False,2701
NP_001122233,XP_056326889,0.0002353191375732,stratified,,True,False,False,False,0.0002351999282836,0.0002402663230895,0.0001579523086547,0.0001002550125122,1.829862594604492e-05,97.80775716694772,2.1922428330522763,593,False,2702
XP_073808308,XP_056312760,0.0002352595329284,stratified,,True,False,False,False,0.0017639398574829,0.0019084811210632,0.0017362833023071,0.0017239451408386,0.0005316734313964,86.43919510061242,13.560804899387577,1143,True,2703
NP_001001944,XP_056337407,0.0002344846725463,random,,False,False,True,False,0.0002346038818359,0.0001949071884155,0.0001018047332763,7.522106170654297e-05,3.0040740966796875e-05,98.00629590766002,1.993704092339982,952,False,2704
XP_005163529,XP_056333826,0.000234305858612,random,,False,False,True,False,0.0002344846725463,0.0002055168151855,0.0001147389411926,9.775161743164062e-05,3.659725189208984e-05,98.85714285714286,1.1428571428571388,700,False,2705
XP_009289844,XP_056328973,0.0002340078353881,stratified,,True,False,False,False,0.0002341270446777,0.0002814531326293,0.0001660585403442,6.67572021484375e-05,4.559755325317383e-05,98.41269841269842,1.5873015873015817,315,False,2706
XP_001920772,XP_056307479,0.0002339482307434,stratified,,True,False,False,False,0.0001322627067565,0.0001114606857299,7.206201553344727e-05,4.172325134277344e-05,0.0001167058944702,97.80058651026393,2.1994134897360738,3007,False,2707
XP_005165946,XP_056316036,0.0002337098121643,random,,False,False,True,False,0.0003868341445922,0.0001741051673889,0.0003301501274108,0.0001559257507324,4.2438507080078125e-05,96.870486278286,3.129513721714005,2125,False,2708
XP_005167440,XP_056319327,0.0002334713935852,random,,False,False,True,False,0.000233769416809,0.0002004504203796,0.0001595616340637,0.0001155138015747,4.458427429199219e-05,98.56115107913668,1.4388489208633217,556,False,2709
XP_686522,XP_056315499,0.0002334713935852,stratified,,True,False,False,False,0.0002334713935852,0.0004452466964721,0.0006337761878967,0.0003111958503723,0.0020481944084167,97.0383275261324,2.961672473867594,574,True,2710
NP_997893,XP_056314649,0.0002332925796508,stratified,,True,False,False,False,0.0002330541610717,0.0003227591514587,0.0001925230026245,0.0001222491264343,3.063678741455078e-05,97.41641337386018,2.5835866261398195,658,False,2711
NP_001009916,XP_056305931,0.0002331733703613,random,,False,False,True,False,0.0002331733703613,0.0002116560935974,0.0001293420791625,0.0002385377883911,0.0031948089599609,97.70114942528735,2.2988505747126453,783,True,2712
XP_017210771,XP_056311906,0.0002330541610717,stratified,,True,False,False,False,0.0002330541610717,0.000131070613861,0.0001107454299926,4.559755325317383e-05,3.4928321838378906e-05,97.0705725699068,2.929427430093199,1501,False,2713
NP_001003558,XP_056315411,0.0002323985099792,random,,False,False,True,False,0.0002323389053344,0.0001561045646667,9.208917617797852e-05,6.312131881713867e-05,1.52587890625e-05,98.44444444444444,1.5555555555555571,450,False,2714
XP_009293049,XP_056301321,0.0002322196960449,stratified,,True,False,False,False,7.271766662597656e-05,6.598234176635742e-05,2.855062484741211e-05,4.7147274017333984e-05,1.2874603271484377e-05,98.68485143692158,1.3151485630784236,4857,False,2715
XP_005158270,XP_056331445,0.000231921672821,random,,False,False,True,False,0.0002318620681762,0.0002819895744323,0.0002798438072204,0.0001155734062194,4.011392593383789e-05,97.74647887323944,2.2535211267605604,355,False,2716
XP_005158696,XP_056333504,0.0002311468124389,stratified,,True,False,False,False,0.0002312660217285,0.0004262924194335,0.000295341014862,0.0011487603187561,0.0023009181022644,98.66220735785951,1.337792642140485,299,False,2717
XP_697248,XP_056301645,0.0002303719520568,stratified,,True,False,False,False,0.0002304911613464,0.0004212260246276,0.0004482269287109,0.000146210193634,5.239248275756836e-05,98.96907216494846,1.0309278350515427,194,False,2718
XP_009305424,XP_056327185,0.0002294182777404,stratified,,True,False,False,False,0.00022953748703,0.0002282857894897,0.0001632571220397,8.171796798706055e-05,6.079673767089844e-05,97.97979797979798,2.0202020202020208,792,False,2719
XP_001922486,XP_056307506,0.0002292394638061,stratified,,True,False,False,False,0.0002290606498718,0.0001137852668762,6.401538848876953e-05,5.02467155456543e-05,2.8073787689208984e-05,98.81974248927038,1.1802575107296178,932,False,2720
XP_009301421,XP_056317307,0.0002291202545166,stratified,,True,False,False,False,0.0002294182777404,0.0002217292785644,9.298324584960938e-05,7.581710815429688e-05,1.9669532775878903e-05,98.71959026888604,1.2804097311139628,781,False,2721
XP_009290348,XP_056331159,0.0002287626266479,random,,False,False,True,False,0.0002288222312927,0.0002258419990539,0.0001083612442016,7.587671279907227e-05,1.8775463104248047e-05,99.15824915824916,0.8417508417508373,594,False,2722
XP_017211644,XP_056314220,0.0002286434173583,random,,False,False,True,False,0.0002287626266479,0.0002166628837585,9.626150131225586e-05,4.863739013671875e-05,2.47955322265625e-05,97.53649635036496,2.4635036496350438,1096,False,2723
XP_009290439,XP_056330848,0.0002285838127136,stratified,,True,False,False,False,0.0002289414405822,0.0001684427261352,0.0001584291458129,9.828805923461914e-05,1.829862594604492e-05,97.77406789092932,2.2259321090706834,1797,False,2724
NP_001007454,XP_056317574,0.0002285838127136,stratified,,True,False,False,False,0.0002285242080688,0.0001657009124755,0.0001121163368225,0.000223696231842,2.9325485229492188e-05,98.9100817438692,1.089918256130801,367,False,2725
NP_001038283,XP_056337593,0.0002282261848449,stratified,,True,False,False,False,0.000228464603424,0.0001969337463378,0.0002961754798889,7.832050323486328e-05,3.3736228942871094e-05,99.02200488997556,0.9779951100244375,409,False,2726
XP_005158406,XP_056331175,0.0002279877662658,stratified,,True,False,False,False,0.0002280473709106,0.0002006292343139,0.0003117322921752,6.330013275146484e-05,2.6345252990722656e-05,98.12775330396477,1.8722466960352335,908,False,2727
NP_956688,XP_056313582,0.0002273321151733,random,,False,False,True,False,0.0002274513244628,0.0002661943435668,0.0001581907272338,0.0002581477165222,4.374980926513672e-05,97.31012658227849,2.6898734177215147,632,False,2728
XP_699069,XP_056335411,0.0002270340919494,random,,False,False,True,False,0.000227153301239,0.0002589225769042,0.0002004504203796,0.000166118144989,0.0001074075698852,98.64661654135338,1.3533834586466185,665,False,2729
NP_001017738,XP_056328580,0.0002264976501464,random,,False,False,True,False,0.0002264976501464,0.0003082156181335,0.0001202821731567,3.1948089599609375e-05,8.225440979003906e-06,99.51923076923076,0.4807692307692406,208,False,2730
NP_957219,XP_056306119,0.0002260208129882,random,,False,False,True,False,0.0002261400222778,0.0001721382141113,8.273124694824219e-05,6.955862045288086e-05,0.000891625881195,99.41002949852508,0.589970501474923,678,True,2731
XP_073807099,XP_056313405,0.0002253651618957,stratified,,True,False,False,False,0.000225007534027,0.0001797676086425,0.000110387802124,8.744001388549805e-05,2.6166439056396484e-05,98.51485148514853,1.485148514851474,606,False,2732
NP_955863,XP_056333639,0.0002253055572509,random,,False,False,True,False,0.0002253055572509,0.0001193881034851,0.0001606941223144,0.0001407861709594,4.1365623474121094e-05,99.68253968253968,0.31746031746031633,315,False,2733
XP_021333509,XP_056317489,0.000225007534027,stratified,,True,False,False,False,0.0001027584075927,0.000119924545288,0.0001519918441772,7.325410842895508e-05,1.4007091522216795e-05,99.21875,0.78125,4860,False,2734
NP_998046,XP_056329963,0.0002248287200927,stratified,,True,False,False,False,0.0002247691154479,0.0002593398094177,0.0002235770225524,0.0001547932624816,5.263090133666992e-05,98.15242494226328,1.8475750577367194,433,False,2735
NP_957406,XP_056309602,0.0002244114875793,stratified,,True,False,False,False,0.0002242922782897,0.0002346634864807,0.0001723170280456,0.0003753900527954,4.9233436584472656e-05,98.0295566502463,1.970443349753694,203,False,2736
NP_001082799,XP_056323229,0.0002242922782897,stratified,,True,False,False,False,0.0002198219299316,0.0002980232238769,0.0003963112831115,5.704164505004883e-05,9.608268737792967e-05,98.0810234541578,1.9189765458421988,469,False,2737
XP_009294593,XP_056303203,0.0002241134643554,stratified,,True,False,False,False,0.0002238750457763,0.0001711249351501,8.720159530639648e-05,5.0067901611328125e-05,6.979703903198242e-05,98.71244635193132,1.2875536480686804,932,False,2738
XP_021323602,XP_056334744,0.0002238750457763,stratified,,True,False,False,False,0.0002235770225524,0.0002486705780029,0.0002239346504211,0.0001695752143859,0.0001028776168823,97.94648413192284,2.053515868077156,1607,False,2739
XP_021334299,XP_056321722,0.0002236366271972,stratified,,True,False,False,False,0.0002236366271972,0.0001371502876281,0.0001406669616699,2.5570392608642575e-05,1.0251998901367188e-05,99.56772334293947,0.43227665706052676,694,False,2740
XP_073801321,XP_056315774,0.0002230405807495,stratified,,True,False,False,False,0.000207245349884,0.0001825094223022,0.0001177787780761,6.884336471557617e-05,3.3736228942871094e-05,97.6824034334764,2.317596566523605,1165,False,2741
NP_001038624,XP_056335506,0.0002228617668151,random,,False,False,True,False,0.0002229809761047,0.0001793503761291,9.638071060180664e-05,5.2988529205322266e-05,2.211332321166992e-05,98.50057670126874,1.4994232987312586,867,False,2742
XP_009289324,XP_056328792,0.0002226829528808,stratified,,True,False,False,False,0.0002226829528808,0.0001274943351745,0.0001168847084045,7.37905502319336e-05,3.88026237487793e-05,99.04458598726114,0.9554140127388564,628,False,2743
XP_073797848,XP_056307418,0.0002225041389465,random,,False,False,True,False,0.0002228021621704,0.0001362562179565,9.685754776000977e-05,5.918741226196289e-05,3.3736228942871094e-05,99.13793103448276,0.8620689655172384,928,False,2744
XP_021326885,XP_056314497,0.0002220273017883,stratified,,True,False,False,False,0.0002222061157226,0.0001999735832214,0.0001295208930969,0.000163972377777,2.6702880859375e-05,98.3157894736842,1.6842105263157947,950,False,2745
NP_001232892,XP_056316901,0.0002211332321166,stratified,,True,False,False,False,0.0002210736274719,0.0006311535835266,0.000106394290924,0.0002177357673645,0.0001026988029479,99.21259842519684,0.7874015748031553,127,False,2746
NP_998576,XP_056326236,0.0002208948135375,random,,False,False,True,False,0.0002206563949584,0.0003557801246643,0.0001320242881774,0.0001490712165832,5.1021575927734375e-05,97.10526315789474,2.89473684210526,760,False,2747
NP_001116722,XP_056316015,0.0002202987670898,random,,False,False,True,False,0.0002206563949584,0.000213623046875,9.626150131225586e-05,9.304285049438477e-05,4.208087921142578e-05,99.11816578483246,0.8818342151675438,567,False,2748
XP_073795974,XP_056304761,0.0002201795578002,stratified,,True,False,False,False,0.0002204179763793,0.0002791881561279,0.0001322627067565,0.00013929605484,0.0001866221427917,98.41089670828605,1.589103291713954,881,False,2749
NP_001002726,XP_056333394,0.0002183318138122,stratified,,True,False,False,False,0.000218391418457,0.0001967549324035,8.159875869750977e-05,9.85860824584961e-05,3.349781036376953e-05,96.23992837958818,3.7600716204118214,1117,False,2750
XP_021323643,XP_056336438,0.0002176165580749,stratified,,True,False,False,False,0.0002176761627197,0.0002169609069824,0.0001028776168823,7.015466690063477e-05,1.996755599975586e-05,97.84853700516352,2.1514629948364785,1160,False,2751
XP_073796354,XP_056307006,0.0002167224884033,random,,False,False,True,False,0.000216782093048,0.0001551508903503,0.0001143813133239,4.166364669799805e-05,2.2351741790771484e-05,98.95104895104896,1.0489510489510394,286,False,2752
XP_073805435,XP_056318838,0.0002162456512451,random,,False,False,True,False,0.0002163052558898,0.0001465082168579,0.0003274679183959,0.0001634955406188,2.0802021026611328e-05,99.14163090128756,0.8583690987124442,233,False,2753
XP_009302008,XP_056320106,0.000216007232666,stratified,,True,False,False,False,0.0002162456512451,0.0001870393753051,8.100271224975586e-05,6.085634231567383e-05,1.7523765563964844e-05,97.39010989010988,2.6098901098901166,1456,False,2754
NP_001333153,XP_056330879,0.000216007232666,stratified,,True,False,False,False,0.0002157688140869,0.0001760125160217,0.0001231431961059,0.0001475811004638,1.800060272216797e-05,95.51546391752578,4.4845360824742215,1939,False,2755
XP_017213029,XP_056319078,0.0002158284187316,random,,False,False,True,False,0.0002161264419555,0.000145137310028,0.0001282095909118,5.751848220825195e-05,2.187490463256836e-05,97.15210355987055,2.847896440129446,1545,False,2756
XP_021331668,XP_056305491,0.000215470790863,stratified,,True,False,False,False,0.0002151727676391,0.0002998113632202,0.000124454498291,0.0002323985099792,5.906820297241211e-05,98.5645933014354,1.4354066985646057,418,False,2757
NP_001005952,XP_056324718,0.0002152323722839,stratified,,True,False,False,False,0.00021493434906,0.0002195239067077,0.0001065135002136,0.0001904368400573,5.525350570678711e-05,97.9253112033195,2.0746887966805048,241,False,2758
NP_571048,XP_056329489,0.0002146959304809,stratified,,True,False,False,False,0.0002841353416442,0.0001683831214904,0.0001122951507568,0.0001304745674133,1.8656253814697266e-05,97.5583864118896,2.4416135881103997,941,False,2759
XP_009301954,XP_056316898,0.0002145767211914,random,,False,False,True,False,0.0002146959304809,0.0006291270256042,0.0001035928726196,0.0002142786979675,0.0001000165939331,99.21875,0.78125,128,False,2760
XP_073787309,XP_056335192,0.0002139806747436,random,,False,False,True,False,0.0002141594886779,0.0001630783081054,0.0001574158668518,6.562471389770508e-05,2.485513687133789e-05,99.12536443148689,0.8746355685131135,686,False,2761
XP_021334311,XP_056337440,0.0002135038375854,random,,False,False,True,False,0.0002135634422302,0.0001963973045349,0.0001022219657897,6.407499313354492e-05,4.655122756958008e-05,95.91261451726568,4.0873854827343195,1418,False,2762
XP_021326256,XP_056308215,0.0002133250236511,stratified,,True,False,False,False,0.0002134442329406,0.00017911195755,0.0001588463783264,5.030632019042969e-05,1.7642974853515625e-05,98.32512315270937,1.6748768472906335,1015,False,2763
XP_073787339,XP_056335957,0.0002129673957824,stratified,,True,False,False,False,0.0002131462097167,0.000236690044403,8.189678192138672e-05,3.254413604736328e-05,1.9490718841552734e-05,98.95104895104896,1.0489510489510394,286,False,2764
XP_005159582,XP_056335960,0.0002129673957824,stratified,,True,False,False,False,0.0002131462097167,0.0002366304397583,8.189678192138672e-05,3.260374069213867e-05,1.9490718841552734e-05,98.95104895104896,1.0489510489510394,286,False,2765
XP_073787339,XP_056335958,0.0002129673957824,stratified,,True,False,False,False,0.0002131462097167,0.000236690044403,8.189678192138672e-05,3.254413604736328e-05,1.9490718841552734e-05,98.95104895104896,1.0489510489510394,286,False,2766
XP_017207957,XP_056337376,0.0002127885818481,random,,False,False,True,False,0.0002128481864929,0.0004583597183227,0.0001620054244995,0.0001811981201171,6.252527236938477e-05,98.51632047477744,1.4836795252225556,337,False,2767
NP_001004007,XP_056337376,0.0002127885818481,random,,False,False,True,False,0.0002128481864929,0.0004584789276123,0.0001620054244995,0.0001811981201171,6.252527236938477e-05,98.51632047477744,1.4836795252225556,337,False,2768
XP_021324704,XP_056302122,0.0002123713493347,random,,False,False,True,False,0.0002123713493347,0.0001803636550903,9.071826934814452e-05,7.581710815429688e-05,1.9550323486328125e-05,97.2101133391456,2.789886660854407,1145,False,2769
NP_001289171,XP_056337738,0.0002121329307556,stratified,,True,False,False,False,0.000212013721466,0.0001180171966552,3.927946090698242e-05,8.386373519897461e-05,2.086162567138672e-05,98.02281368821292,1.9771863117870794,1315,False,2770
NP_997870,XP_056331656,0.000211477279663,stratified,,True,False,False,False,0.0002113580703735,0.0003082156181335,0.0001830458641052,8.887052536010742e-05,0.0001435875892639,98.4994640943194,1.500535905680593,933,False,2771
XP_005164167,XP_056309858,0.0002112984657287,random,,False,False,True,False,0.0002111196517944,0.0002118945121765,0.0001201629638671,8.440017700195312e-05,2.1457672119140625e-05,98.72881355932203,1.2711864406779654,708,False,2772
NP_570989,XP_056329758,0.0002097487449645,stratified,,True,False,False,False,0.0001947879791259,0.0001347661018371,8.797645568847656e-05,7.778406143188477e-05,1.2874603271484377e-05,98.5267034990792,1.473296500920796,543,False,2773
NP_001074095,XP_056313820,0.0002094507217407,random,,False,False,True,False,0.0002093911170959,0.00010347366333,8.64863395690918e-05,5.602836608886719e-05,1.0132789611816406e-05,99.21259842519684,0.7874015748031553,762,False,2774
NP_571359,XP_056333602,0.0002088546752929,stratified,,True,False,False,False,0.0002088546752929,8.130073547363281e-05,5.775690078735352e-05,2.7954578399658203e-05,2.0205974578857425e-05,98.36065573770492,1.639344262295083,427,False,2775
NP_571959,XP_056319456,0.0002081394195556,stratified;random,,True,False,True,False,0.0001209378242492,0.000127375125885,9.679794311523438e-05,4.881620407104492e-05,1.919269561767578e-05,99.28571428571428,0.7142857142857224,280,False,2776
XP_005169787,XP_056329162,0.0002075433731079,stratified,,True,False,False,False,0.0002074241638183,0.0001593828201293,0.0002195239067077,0.00010746717453,2.366304397583008e-05,98.5781990521327,1.4218009478672968,211,False,2777
XP_021335822,XP_056325411,0.000206708908081,random,,False,False,True,False,0.000136375427246,0.0001250505447387,0.0001357793807983,0.0001009702682495,8.749961853027344e-05,96.10326351680467,3.896736483195326,2292,False,2778
XP_005166450,XP_056317456,0.0002065896987915,stratified,,True,False,False,False,0.0002064108848571,0.0001366734504699,7.30752944946289e-05,5.811452865600586e-05,1.531839370727539e-05,98.59484777517564,1.4051522248243629,854,False,2779
NP_958466,XP_056326616,0.0002062320709228,stratified,,True,False,False,False,0.0002062320709228,0.0002387166023254,0.0003846883773803,0.0001084804534912,4.6372413635253906e-05,98.55670103092784,1.4432989690721598,485,False,2780
NP_001002496,XP_056314478,0.0002059340476989,stratified,,True,False,False,False,0.0002058148384094,0.0001916885375976,0.0001432299613952,4.1961669921875e-05,1.2636184692382812e-05,99.49748743718592,0.5025125628140756,398,False,2781
XP_009292948,XP_056336763,0.0002059340476989,stratified,,True,False,False,False,0.0001019239425659,0.0001066327095031,7.730722427368164e-05,0.0001829862594604,4.13060188293457e-05,97.86511402231926,2.1348859776807387,3193,False,2782
XP_021334181,XP_056320583,0.0002053380012512,random,,False,False,True,False,0.0004110932350158,0.0002264380455017,0.0001482367515563,3.635883331298828e-05,4.673004150390625e-05,96.2944904924427,3.705509507557295,2284,False,2783
XP_073810894,XP_056316660,0.0002049803733825,stratified,,True,False,False,False,0.0001718401908874,0.0001690983772277,9.5367431640625e-05,0.0001075267791748,1.4722347259521484e-05,98.2473222979552,1.7526777020448066,1027,False,2784
NP_956804,XP_056305200,0.0002046227455139,stratified,,True,False,False,False,0.0002046823501586,0.0015794038772583,8.064508438110352e-05,4.351139068603515e-05,7.56978988647461e-05,99.07834101382488,0.9216589861751174,651,False,2785
XP_005163797,XP_056309133,0.0002042055130004,random,,False,False,True,False,0.0002039074897766,0.0001835823059082,0.0003309845924377,0.0003158450126647,4.416704177856445e-05,98.38235294117646,1.617647058823536,680,False,2786
XP_021330936,XP_056311580,0.0002039670944213,stratified,,True,False,False,False,0.0002039670944213,9.804964065551758e-05,0.000162661075592,9.721517562866212e-05,1.6987323760986328e-05,98.1132075471698,1.886792452830207,371,False,2787
NP_571856,XP_056316180,0.0002037286758422,random,,False,False,True,False,0.0002035498619079,0.000260591506958,0.0001255273818969,9.262561798095704e-05,2.300739288330078e-05,98.79518072289156,1.2048192771084416,498,False,2788
NP_958482,XP_056309180,0.0002036094665527,stratified,,True,False,False,False,0.0002036690711975,0.0001294016838073,9.930133819580078e-05,6.312131881713867e-05,4.416704177856445e-05,98.73417721518987,1.2658227848101262,869,False,2789
XP_009304999,XP_056325409,0.0002035498619079,random,,False,False,True,False,0.0002034902572631,0.0001972913742065,0.0001302361488342,7.605552673339844e-05,3.600120544433594e-05,95.94450373532553,4.055496264674474,937,False,2790
XP_073798405,XP_056307355,0.0002029538154602,random,,False,False,True,False,0.0002029538154602,0.0001367330551147,0.0001584291458129,0.0001116394996643,2.0802021026611328e-05,99.1011235955056,0.898876404494402,445,False,2791
NP_001014326,XP_056302597,0.0002016425132751,random,,False,False,True,False,0.0002015829086303,0.0002204775810241,0.0001260638236999,0.0001140236854553,2.199411392211914e-05,98.43205574912892,1.5679442508710792,574,False,2792
NP_001103940,XP_056315988,0.0002011656761169,stratified,,True,False,False,False,0.0002011656761169,0.0002774596214294,5.6743621826171875e-05,6.049871444702149e-05,1.990795135498047e-05,98.5191637630662,1.480836236933797,1148,False,2793
NP_001073421,XP_056327747,0.0002003908157348,stratified,,True,False,False,False,0.0002228617668151,0.0005030632019042,0.0003063082695007,0.0001937747001647,1.984834671020508e-05,98.468606431853,1.5313935681469957,653,False,2794
NP_001243593,XP_056307288,0.0002003908157348,stratified,,True,False,False,False,0.0002003908157348,0.0001718997955322,0.0001737475395202,0.0013002157211303,3.314018249511719e-05,98.78197320341047,1.2180267965895268,821,False,2795
XP_021330744,XP_056311549,0.0002000331878662,stratified,,True,False,False,False,0.0001999139785766,0.0001437664031982,9.512901306152344e-05,7.659196853637695e-05,2.580881118774414e-05,98.03613511390417,1.963864886095834,1273,False,2796
XP_073788213,XP_056337742,0.000199556350708,stratified,,True,False,False,False,0.0001996159553527,0.0003420710563659,0.000117003917694,4.798173904418945e-05,2.0205974578857425e-05,98.51239669421489,1.4876033057851146,605,False,2797
XP_009297645,XP_056309317,0.0001992583274841,stratified,,True,False,False,False,0.000199019908905,0.0001032352447509,8.64863395690918e-05,7.838010787963867e-05,0.0011509656906127,98.9492119089317,1.0507880910682985,1141,True,2798
NP_001107092,XP_056319881,0.0001991391181945,random,,False,False,True,False,0.0001991987228393,0.0001561641693115,0.0001202225685119,5.638599395751953e-05,5.8650970458984375e-05,98.33531510107017,1.6646848989298348,841,False,2799
XP_021335251,XP_056324371,0.0001986026763916,stratified,,True,False,False,False,0.0002009272575378,0.0002200603485107,8.124113082885742e-05,3.999471664428711e-05,4.857778549194336e-05,97.19942056977304,2.8005794302269607,2093,False,2800
XP_021324268,XP_056328352,0.0001983642578125,random,,False,False,True,False,0.0001983046531677,0.0001617074012756,8.934736251831055e-05,0.0001121759414672,5.5789947509765625e-05,99.1150442477876,0.8849557522124059,339,False,2801
XP_021332762,XP_056315738,0.0001983046531677,random,,False,False,True,False,0.0001984238624572,0.0002274513244628,0.0001726150512695,7.110834121704102e-05,3.606081008911133e-05,96.92513368983956,3.074866310160445,1492,False,2802
XP_021325852,XP_056306231,0.0001980066299438,random,,False,False,True,False,0.0001981854438781,0.000187337398529,0.0001141428947448,4.4345855712890625e-05,1.33514404296875e-05,98.72813990461049,1.2718600953895134,629,False,2803
XP_021333062,XP_056318273,0.0001978278160095,random,,False,False,True,False,0.0001978874206542,0.0001376867294311,9.351968765258788e-05,0.0001771450042724,1.6868114471435547e-05,97.75438596491227,2.2456140350877263,1425,False,2804
NP_571308,XP_056324633,0.0001971721649169,random,,False,False,True,False,0.0001971125602722,0.0001478195190429,0.0001348853111267,8.26716423034668e-05,2.110004425048828e-05,98.90350877192982,1.0964912280701782,456,False,2805
XP_009305769,XP_056326920,0.0001962780952453,stratified,,True,False,False,False,0.0001963376998901,0.0001353025436401,8.040666580200195e-05,5.906820297241211e-05,2.0742416381835938e-05,98.1818181818182,1.8181818181817988,1540,False,2806
XP_005159410,XP_056336219,0.000196099281311,random,,False,False,True,False,0.0001961588859558,0.0001865029335021,0.0001020431518554,2.968311309814453e-05,1.5437602996826172e-05,99.10714285714286,0.8928571428571388,448,False,2807
NP_998404,XP_056324346,0.0001960396766662,stratified;random,,True,False,True,False,0.0001957416534423,0.000122845172882,8.249282836914062e-05,4.875659942626953e-05,1.806020736694336e-05,98.76237623762376,1.237623762376245,404,False,2808
XP_005161463,XP_056302211,0.0001942515373229,stratified,,True,False,False,False,0.0001940131187438,0.0001035332679748,4.5359134674072266e-05,2.7954578399658203e-05,2.378225326538086e-05,99.17081260364844,0.829187396351557,603,False,2809
XP_691871,XP_056301814,0.0001939535140991,random,,False,False,True,False,0.0001936554908752,0.0001994967460632,0.0001209378242492,0.0001051425933837,2.956390380859375e-05,97.73429454170956,2.265705458290441,968,False,2810
XP_017213450,XP_056333308,0.0001932978630065,stratified,,True,False,False,False,0.0001934170722961,0.0001122951507568,9.459257125854492e-05,0.0001147389411926,1.9371509552001953e-05,98.11866859623734,1.8813314037626583,691,False,2811
XP_005170633,XP_056305332,0.0001925826072692,stratified,,True,False,False,False,0.0001928806304931,0.0001831650733947,8.589029312133789e-05,0.0001072287559509,1.7344951629638672e-05,98.59154929577464,1.4084507042253591,426,False,2812
XP_073791731,XP_056301744,0.0001922845840454,stratified,,True,False,False,False,0.0001919865608215,0.0001515746116638,9.614229202270508e-05,5.877017974853515e-05,1.5437602996826172e-05,98.81831610044313,1.181683899556873,677,False,2813
XP_021322820,XP_056333394,0.0001919865608215,stratified,,True,False,False,False,0.000192105770111,0.0001571774482727,7.647275924682617e-05,9.256601333618164e-05,2.2530555725097656e-05,96.32945389435989,3.6705461056401134,1117,False,2814
XP_009292082,XP_056333939,0.0001917481422424,stratified,,True,False,False,False,0.0001916885375976,0.0001221299171447,0.0001075863838195,5.882978439331055e-05,3.2842159271240234e-05,98.03921568627452,1.9607843137254832,1071,False,2815
XP_009300452,XP_056315516,0.0001916289329528,stratified,,True,False,False,False,0.0001915097236633,0.0001925826072692,0.0001052021980285,0.0001225471496582,3.075599670410156e-05,96.92307692307692,3.07692307692308,1689,False,2816
XP_685746,XP_056305656,0.0001913905143737,stratified,,True,False,False,False,0.0001912117004394,0.0001534819602966,0.0001090764999389,7.534027099609375e-05,3.820657730102539e-05,98.6725663716814,1.3274336283186017,452,False,2817
XP_021323593,XP_056333774,0.0001913905143737,stratified,,True,False,False,False,0.0001912713050842,0.0003871917724609,0.0002962350845336,0.0007691383361816,3.153085708618164e-05,97.59825327510916,2.4017467248908417,916,False,2818
XP_021334493,XP_056320647,0.0001912117004394,stratified,,True,False,False,False,0.0001911520957946,0.0001066923141479,8.285045623779297e-05,6.99162483215332e-05,1.7702579498291016e-05,98.34146341463416,1.6585365853658374,1025,False,2819
XP_003200233,XP_056331736,0.0001904964447021,stratified,,True,False,False,False,0.0001909136772155,0.0002166628837585,0.0001282691955566,5.525350570678711e-05,1.52587890625e-05,99.21875,0.78125,512,False,2820
XP_009292307,XP_056335196,0.0001900792121887,stratified,,True,False,False,False,0.0001906156539916,0.000244140625,9.119510650634766e-05,7.015466690063477e-05,2.765655517578125e-05,98.95833333333331,1.0416666666666856,480,False,2821
XP_009296842,XP_056332889,0.00018972158432,stratified,,True,False,False,False,0.0001899600028991,0.0001988410949707,0.0001997351646423,0.0001267790794372,2.7120113372802734e-05,98.62475442043224,1.3752455795677605,509,False,2822
XP_021333247,XP_056317774,0.0001895427703857,stratified,,True,False,False,False,0.0001896619796752,0.0001670122146606,6.502866744995117e-05,3.8623809814453125e-05,1.52587890625e-05,96.2432915921288,3.7567084078712014,1118,False,2823
NP_958445,XP_056329281,0.0001891255378723,random,,False,False,True,False,0.0001892447471618,0.0002419352531433,0.0001181364059448,3.361701965332031e-05,1.883506774902344e-05,98.014888337469,1.985111662530997,1209,False,2824
NP_775357,XP_056331184,0.0001875758171081,random,,False,False,True,False,0.0001873970031738,5.131959915161133e-05,2.7358531951904297e-05,0.0001109838485717,2.9265880584716797e-05,99.2633517495396,0.736648250460405,543,False,2825
NP_001076500,XP_056315575,0.0001873970031738,stratified,,True,False,False,False,7.599592208862305e-05,0.000126302242279,7.933378219604492e-05,4.3451786041259766e-05,1.0311603546142578e-05,99.05437352245865,0.945626477541353,846,False,2826
XP_017206474,XP_056330044,0.000186800956726,random,,False,False,True,False,0.0001865625381469,0.0002356171607971,0.0002976655960083,0.000110924243927,2.2411346435546875e-05,98.46938775510203,1.5306122448979664,588,False,2827
NP_001122045,XP_056330526,0.0001867413520812,stratified,,True,False,False,False,0.0001869201660156,0.0001144409179687,8.541345596313477e-05,8.308887481689453e-05,1.9490718841552734e-05,98.3974358974359,1.6025641025641022,312,False,2828
XP_001921766,XP_056305744,0.0001866817474365,stratified,,True,False,False,False,0.0001869201660156,0.0001585483551025,0.000138521194458,9.769201278686523e-05,3.761053085327149e-05,98.69565217391305,1.3043478260869534,690,False,2829
NP_998525,XP_056335666,0.000186264514923,stratified,,True,False,False,False,0.0001861453056335,7.718801498413086e-05,3.361701965332031e-05,3.838539123535156e-05,6.020069122314453e-06,99.1916859122402,0.808314087759797,866,False,2830
XP_009292082,XP_056333937,0.0001856684684753,random,,False,False,True,False,0.0001856684684753,0.0001235604286193,9.679794311523438e-05,6.99758529663086e-05,4.506111145019531e-05,97.67441860465117,2.3255813953488342,1075,False,2831
XP_073786189,XP_056334332,0.0001852512359619,random,,False,False,True,False,0.0001850724220275,0.0002565383911132,0.0001074075698852,7.927417755126953e-05,5.3822994232177734e-05,98.40972871842844,1.5902712815715603,1069,False,2832
NP_001032316,XP_056322811,0.0001851320266723,stratified,,True,False,False,False,0.0001851320266723,0.0004106760025024,0.0010910034179687,3.260374069213867e-05,1.71661376953125e-05,99.54128440366972,0.45871559633027914,218,False,2833
XP_009290987,XP_056302852,0.0001846551895141,random,,False,False,True,False,0.0001941919326782,0.0003228783607482,0.0001180171966552,0.0001286268234252,3.153085708618164e-05,96.34680954700438,3.6531904529956165,2189,False,2834
XP_005156890,XP_056326676,0.0001834630966186,random,,False,False,True,False,0.0001832842826843,0.0002021193504333,0.000243067741394,0.0002307295799255,2.6345252990722656e-05,98.24561403508773,1.7543859649122737,342,False,2835
XP_005169361,XP_056324768,0.0001832246780395,random,,False,False,True,False,0.0001831650733947,0.0002341866493225,9.66787338256836e-05,6.0558319091796875e-05,1.811981201171875e-05,98.50166481687016,1.4983351831298393,1802,False,2836
XP_002665057,XP_056331590,0.0001828670501708,random,,False,False,True,False,0.0001830458641052,0.0001929998397827,0.0001612305641174,6.079673767089844e-05,1.4543533325195312e-05,99.2063492063492,0.7936507936507979,504,False,2837
XP_021335841,XP_056325121,0.0001827478408813,stratified,,True,False,False,False,0.0001829862594604,0.0002683997154235,0.0001845955848693,8.875131607055664e-05,2.7239322662353516e-05,99.22630560928434,0.7736943907156615,517,False,2838
XP_005165243,XP_056313494,0.0001822710037231,stratified,,True,False,False,False,0.0001821517944335,0.000144600868225,0.0001251101493835,8.732080459594727e-05,3.0219554901123047e-05,98.10964083175804,1.8903591682419574,529,False,2839
XP_021336126,XP_056326070,0.0001821517944335,random,,False,False,True,False,0.0001820921897888,0.0001904964447021,0.0001670718193054,7.301568984985352e-05,9.357929229736328e-06,98.11529933481152,1.8847006651884755,1804,False,2840
XP_005155582,XP_056323077,0.0001818537712097,random,,False,False,True,False,0.0001819133758544,0.0002587437629699,8.314847946166992e-05,6.026029586791992e-05,7.420778274536133e-05,98.8013698630137,1.1986301369862957,584,False,2841
NP_956829,XP_056321271,0.0001816153526306,stratified,,True,False,False,False,0.0001814365386962,0.0002788305282592,0.0001643300056457,0.0001319050788879,0.0001043677330017,98.87005649717514,1.1299435028248581,354,False,2842
NP_956464,XP_056336820,0.0001811981201171,stratified,,True,False,False,False,0.0001720786094665,0.0001031160354614,0.0001524686813354,0.0002068281173706,0.0001315474510192,98.79518072289156,1.2048192771084416,415,False,2843
XP_005169279,XP_056322500,0.0001811981201171,stratified,,True,False,False,False,0.000181496143341,0.0002057552337646,0.0002580285072326,0.0001484155654907,4.249811172485352e-05,99.406528189911,0.5934718100889995,337,False,2844
NP_956447,XP_056315656,0.0001810193061828,stratified,,True,False,False,False,0.0001811385154724,0.0002667903900146,0.0006149411201477,0.0001124739646911,0.0002231001853942,98.1012658227848,1.8987341772152035,474,False,2845
XP_009294228,XP_056303217,0.0001804232597351,stratified,,True,False,False,False,0.0001804828643798,0.0002336502075195,0.0002859830856323,0.0001213550567626,4.476308822631836e-05,97.7653631284916,2.2346368715083997,358,False,2846
NP_705938,XP_056305454,0.0001803636550903,random,,False,False,True,False,0.0001806616783142,0.000267207622528,0.0001654624938964,0.000109851360321,2.47955322265625e-05,98.9795918367347,1.0204081632653015,588,False,2847
XP_003201233,XP_056305198,0.0001795291900634,stratified,,True,False,False,False,0.00017911195755,0.000146746635437,0.0002172589302062,0.0001128315925598,4.678964614868164e-05,98.4304932735426,1.569506726457405,446,False,2848
NP_001185701,XP_056315744,0.0001794695854187,stratified,,True,False,False,False,0.0001797676086425,0.000148594379425,0.0001205801963806,0.0001033544540405,1.4722347259521484e-05,98.33887043189368,1.6611295681063183,903,False,2849
XP_009298264,XP_056312032,0.0001792311668395,random,,False,False,True,False,0.0001794099807739,0.0001300573348999,6.592273712158203e-05,6.347894668579102e-05,1.7464160919189453e-05,98.41997961264016,1.5800203873598377,1962,False,2850
XP_005162427,XP_056305574,0.0001791715621948,random,,False,False,True,False,0.0001790523529052,0.0001062154769897,7.778406143188477e-05,5.286931991577149e-05,1.6570091247558594e-05,98.31932773109244,1.680672268907557,714,False,2851
XP_002667227,XP_056327889,0.0001790523529052,random,,False,False,True,False,0.00017911195755,0.0001886487007141,0.0001146793365478,6.049871444702149e-05,6.872415542602539e-05,99.41520467836256,0.5847953216374435,171,False,2852
NP_001070217,XP_056316914,0.0001784563064575,random,,False,False,True,False,0.0001783967018127,0.0002356767654418,0.0001546144485473,6.872415542602539e-05,9.584426879882812e-05,99.02912621359224,0.9708737864077648,103,False,2853
NP_998185,XP_056311704,0.0001779794692993,stratified,,True,False,False,False,0.0001779794692993,0.0002611279487609,0.0002275705337524,5.841255187988281e-05,0.0001036524772644,97.35849056603772,2.641509433962284,530,False,2854
XP_005164788,XP_056311704,0.0001779198646545,random,,False,False,True,False,0.0001777410507202,0.0002541542053222,0.000217318534851,4.9233436584472656e-05,8.404254913330078e-05,97.54716981132076,2.4528301886792434,530,False,2855
XP_073797874,XP_056307426,0.0001778602600097,stratified,,True,False,False,False,0.0001778602600097,0.0001088976860046,8.058547973632812e-05,5.412101745605469e-05,1.4901161193847656e-05,99.22822491730982,0.7717750826901835,907,False,2856
XP_009300420,XP_056315392,0.0001778006553649,random,,False,False,True,False,0.0001776218414306,0.0003509521484375,9.775161743164062e-05,0.000154972076416,3.1948089599609375e-05,98.65938430983118,1.3406156901688178,2014,False,2857
NP_001030160,XP_056312585,0.0001770853996276,target,Cx41.8,False,False,False,True,0.0001769661903381,0.000176727771759,0.00010746717453,6.54458999633789e-05,2.2590160369873047e-05,97.56756756756756,2.432432432432435,370,False,2858
XP_073798248,XP_056308217,0.0001770257949829,stratified,,True,False,False,False,0.000176727771759,0.0001901388168334,0.0001219511032104,7.748603820800781e-05,1.5556812286376953e-05,97.73429454170956,2.265705458290441,971,False,2859
NP_001032179,XP_056324212,0.0001769661903381,stratified,,True,False,False,False,0.0001769065856933,8.869171142578125e-05,6.222724914550781e-05,9.691715240478516e-05,1.627206802368164e-05,98.35728952772074,1.642710472279262,974,False,2860
XP_005169335,XP_056324646,0.0001769065856933,random,,False,False,True,False,0.0001769661903381,0.000195026397705,8.797645568847656e-05,3.075599670410156e-05,1.2814998626708984e-05,99.40944881889764,0.5905511811023558,508,False,2861
NP_997832,XP_056302061,0.0001765489578247,random,,False,False,True,False,0.0002059936523437,0.0001499652862548,8.374452590942383e-05,8.392333984375e-05,4.118680953979492e-05,98.46625766871166,1.5337423312883374,652,False,2862
XP_073806557,XP_056314394,0.0001753568649291,random,,False,False,True,False,0.0001752972602844,0.0001528859138488,0.0001028180122375,8.970499038696289e-05,3.62396240234375e-05,98.75389408099689,1.2461059190031136,321,False,2863
NP_001315481,XP_056310552,0.0001751780509948,stratified,,True,False,False,False,0.0001753568649291,0.0001723766326904,4.583597183227539e-05,3.266334533691406e-05,1.0907649993896484e-05,99.6376811594203,0.36231884057970376,276,False,2864
NP_001074085,XP_056314611,0.0001745820045471,stratified,,True,False,False,False,0.0001143217086791,6.61015510559082e-05,3.7789344787597656e-05,2.3186206817626953e-05,3.6835670471191406e-05,98.37110481586404,1.6288951841359562,1412,False,2865
XP_682848,XP_056315120,0.0001740455627441,stratified,,True,False,False,False,0.0001742243766784,0.0001726746559143,0.0001900196075439,8.58306884765625e-05,3.5822391510009766e-05,99.52038369304556,0.4796163069544406,834,False,2866
XP_005159907,XP_056304425,0.0001735687255859,stratified,,True,False,False,False,0.000173270702362,0.000201940536499,0.0001280307769775,7.76052474975586e-05,3.695487976074219e-05,98.74371859296484,1.2562814070351607,398,False,2867
XP_073794731,XP_056309336,0.000172734260559,stratified,,True,False,False,False,0.000172734260559,0.0001328587532043,0.0001308321952819,5.692243576049805e-05,3.0934810638427734e-05,98.1818181818182,1.8181818181817988,165,False,2868
XP_005162716,XP_056306497,0.0001720786094665,random,,False,False,True,False,0.0001490116119384,0.0001064538955688,8.219480514526367e-05,3.820657730102539e-05,2.956390380859375e-05,96.58036150464092,3.419638495359081,2235,False,2869
XP_073785117,XP_056334038,0.0001718997955322,stratified,,True,False,False,False,0.0001718401908874,0.000133991241455,7.134675979614258e-05,5.40614128112793e-05,1.537799835205078e-05,98.49624060150376,1.5037593984962427,798,False,2870
XP_009290638,XP_056331554,0.000171422958374,stratified,,True,False,False,False,0.0001714825630187,0.0001037716865539,7.545948028564453e-05,4.631280899047851e-05,8.58306884765625e-06,99.65753424657534,0.342465753424662,292,False,2871
XP_009301685,XP_056317974,0.0001707077026367,stratified,,True,False,False,False,0.0001710057258605,0.0001193881034851,6.854534149169922e-05,2.950429916381836e-05,1.3530254364013672e-05,99.02097902097904,0.9790209790209587,1430,False,2872
NP_001002459,XP_056317761,0.0001707077026367,random,,False,False,True,False,0.0001707673072814,0.0001341700553894,7.557868957519531e-05,4.0471553802490234e-05,1.3649463653564451e-05,99.24812030075188,0.7518796992481214,133,False,2873
NP_001025275,XP_056326784,0.0001701116561889,stratified,,True,False,False,False,0.0001702308654785,0.000236690044403,0.0001188516616821,0.0001032352447509,2.9921531677246097e-05,99.288256227758,0.7117437722420021,281,False,2874
XP_073810682,XP_056316423,0.0001698732376098,stratified,,True,False,False,False,0.0001696348190307,0.0001805424690246,0.0001031756401062,3.230571746826172e-05,1.5735626220703125e-05,98.5855728429986,1.4144271570013984,707,False,2875
NP_001004571,XP_056332543,0.000169813632965,random,,False,False,True,False,0.0001699328422546,0.0001279711723327,7.015466690063477e-05,8.589029312133789e-05,4.3332576751708984e-05,98.75862068965516,1.2413793103448398,725,False,2876
XP_005166451,XP_056317459,0.0001691579818725,stratified,,True,False,False,False,0.000169038772583,0.0002940893173217,0.0002297759056091,0.0001167058944702,1.919269561767578e-05,98.78542510121456,1.2145748987854432,494,False,2877
NP_001037813,XP_056332876,0.0001685619354248,random,,False,False,True,False,0.0001686811447143,8.946657180786133e-05,8.660554885864258e-05,0.0001118779182434,1.341104507446289e-05,98.66468842729972,1.3353115727002773,674,False,2878
NP_571836,XP_056315568,0.0001684427261352,stratified,,True,False,False,False,0.0001688599586486,9.053945541381836e-05,9.769201278686523e-05,5.143880844116211e-05,1.6570091247558594e-05,99.28571428571428,0.7142857142857224,140,False,2879
XP_021336334,XP_056326736,0.0001676082611083,random,,False,False,True,False,0.0001674890518188,0.0001688003540039,8.33272933959961e-05,8.994340896606445e-05,1.6570091247558594e-05,98.531211750306,1.4687882496940006,817,False,2880
XP_005158154,XP_056330827,0.0001673698425292,random,,False,False,True,False,0.0001673102378845,0.000176727771759,9.232759475708008e-05,5.257129669189453e-05,2.4259090423583984e-05,98.62258953168045,1.3774104683195532,363,False,2881
XP_073791346,XP_056302306,0.0001667141914367,stratified,,True,False,False,False,0.0001669526100158,0.000129759311676,6.240606307983398e-05,4.965066909790039e-05,1.6689300537109375e-05,98.71495327102804,1.2850467289719631,856,False,2882
XP_073791342,XP_056302306,0.0001667141914367,stratified,,True,False,False,False,0.0001669526100158,0.000129759311676,6.240606307983398e-05,4.965066909790039e-05,1.6689300537109375e-05,98.71495327102804,1.2850467289719631,856,False,2883
XP_009293789,XP_056302749,0.0001652836799621,stratified,,True,False,False,False,0.0001654624938964,0.0002774000167846,0.0001423358917236,6.890296936035156e-05,2.366304397583008e-05,98.943661971831,1.0563380281689945,284,False,2884
NP_001315012,XP_056319133,0.0001648068428039,stratified,,True,False,False,False,0.0001648068428039,0.0001029968261718,9.578466415405272e-05,0.0006051659584045,2.0444393157958984e-05,99.38650306748468,0.6134969325153179,163,False,2885
XP_009292419,XP_056335381,0.00016450881958,random,,False,False,True,False,0.0001647472381591,0.0002396702766418,9.644031524658204e-05,8.89897346496582e-05,0.0007108449935913,98.35164835164836,1.6483516483516354,1451,True,2886
XP_017208544,XP_056302684,0.00016450881958,random,,False,False,True,False,0.00016450881958,0.0002254247665405,0.0001309514045715,7.146596908569336e-05,1.2516975402832031e-05,99.55357142857144,0.4464285714285552,224,False,2887
XP_073809475,XP_056315665,0.0001636147499084,random,,False,False,True,False,0.0001692175865173,0.0003125667572021,0.0003460645675659,0.0001757740974426,0.0008072853088378,97.80439121756488,2.195608782435116,1002,True,2888
XP_005162270,XP_056304656,0.0001629590988159,random,,False,False,True,False,0.0001627206802368,0.0001534223556518,0.0001887679100036,5.185604095458984e-05,3.337860107421875e-05,98.04186360567184,1.9581363943281644,1481,False,2889
XP_009297689,XP_056309427,0.0001621842384338,stratified,,True,False,False,False,9.739398956298828e-05,7.772445678710938e-05,3.4868717193603516e-05,3.463029861450195e-05,8.404254913330078e-06,98.14453125,1.85546875,2617,False,2890
XP_009297687,XP_056309426,0.0001612901687622,random,,False,False,True,False,0.0001843571662902,0.0002145767211914,7.2479248046875e-05,6.121397018432617e-05,1.806020736694336e-05,96.51331719128328,3.486682808716722,2635,False,2891
XP_009296216,XP_056307877,0.0001611709594726,stratified,,True,False,False,False,0.0001612305641174,0.0001305937767028,9.948015213012697e-05,5.3048133850097656e-05,3.421306610107422e-05,97.70642201834862,2.2935779816513815,1307,False,2892
NP_001153139,XP_056336770,0.0001611113548278,stratified,,True,False,False,False,0.0002499818801879,0.000153362751007,9.679794311523438e-05,5.6743621826171875e-05,6.330013275146484e-05,98.6854917234664,1.3145082765336014,3142,False,2893
NP_001121885,XP_056313371,0.000160813331604,random,,False,False,True,False,0.0001214146614074,0.0001779794692993,0.0001066327095031,9.54270362854004e-05,1.2993812561035156e-05,99.1652754590985,0.8347245409015045,599,False,2894
NP_001004600,XP_056328038,0.0001604557037353,random,,False,False,True,False,0.0001603960990905,0.0001772046089172,9.268522262573242e-05,0.0001009702682495,2.5272369384765625e-05,98.32317073170732,1.6768292682926784,656,False,2895
XP_005173707,XP_056333942,0.0001600980758666,random,,False,False,True,False,0.0001600384712219,0.0001264810562133,0.0001029968261718,6.300210952758789e-05,2.1517276763916016e-05,98.7987987987988,1.2012012012012008,999,False,2896
XP_073810627,XP_056316417,0.0001600980758666,stratified,,True,False,False,False,0.000160276889801,8.7738037109375e-05,5.1021575927734375e-05,3.254413604736328e-05,1.2814998626708984e-05,99.2818671454219,0.7181328545781014,1114,False,2897
NP_001013519,XP_056326426,0.000159740447998,random,,False,False,True,False,0.0001598000526428,9.465217590332033e-05,6.699562072753906e-05,6.753206253051758e-05,1.0311603546142578e-05,98.42406876790832,1.5759312320916763,698,False,2898
XP_005169383,XP_056324535,0.0001588463783264,stratified,,True,False,False,False,0.0001590251922607,0.00010746717453,5.3822994232177734e-05,4.45246696472168e-05,1.3649463653564451e-05,98.63147605083088,1.3685239491691163,1023,False,2899
XP_021329873,XP_056322837,0.0001581907272338,stratified,,True,False,False,False,0.0001583099365234,5.054473876953125e-05,4.7206878662109375e-05,4.214048385620117e-05,5.424022674560547e-06,99.59514170040484,0.40485829959516195,247,False,2900
XP_005167088,XP_056319547,0.0001581311225891,random,,False,False,True,False,0.0001581907272338,0.0001341104507446,7.641315460205078e-05,4.929304122924805e-05,4.470348358154297e-05,98.5372340425532,1.4627659574468055,752,False,2901
XP_009300257,XP_056314738,0.00015789270401,stratified,,True,False,False,False,0.0001180171966552,8.255243301391602e-05,0.0001029968261718,3.528594970703125e-05,6.270408630371094e-05,97.13035019455252,2.86964980544748,2241,False,2902
XP_073810887,XP_056316654,0.00015789270401,random,,False,False,True,False,0.0001651644706726,0.000160813331604,9.059906005859376e-05,0.0001106262207031,1.519918441772461e-05,98.2889733840304,1.711026615969601,1052,False,2903
XP_021336991,XP_056330345,0.0001575350761413,stratified,,True,False,False,False,0.0001574754714965,0.0001877546310424,9.97781753540039e-05,9.018182754516602e-05,9.000301361083984e-06,98.54651162790698,1.4534883720930196,688,False,2904
NP_571574,XP_056311100,0.0001572966575622,stratified,,True,False,False,False,0.0001572370529174,0.0001490712165832,0.0001277327537536,0.000274121761322,3.701448440551758e-05,98.40848806366049,1.591511936339515,377,False,2905
XP_009290217,XP_056329908,0.0001572370529174,stratified,,True,False,False,False,0.0001568794250488,9.85264778137207e-05,6.145238876342773e-05,5.829334259033203e-05,0.0002632141113281,98.14340588988476,1.856594110115239,1562,True,2906
XP_009293757,XP_056302439,0.0001567602157592,stratified,,True,False,False,False,0.0001449584960937,4.673004150390625e-05,6.777048110961914e-05,4.32133674621582e-05,9.238719940185549e-06,98.33984375,1.66015625,2607,False,2907
NP_001417788,XP_056334113,0.0001566410064697,stratified,,True,False,False,False,0.0001565217971801,0.0002016425132751,0.000116229057312,5.4836273193359375e-05,2.3245811462402344e-05,97.13135379969803,2.868646200301967,1984,False,2908
XP_009304425,XP_056324765,0.0001563429832458,random,,False,False,True,False,0.000156283378601,0.0001502633094787,8.83936882019043e-05,4.4465065002441406e-05,4.357099533081055e-05,97.75014801657784,2.249851983422161,1689,False,2909
XP_073808541,XP_056316691,0.0001559257507324,random,,False,False,True,False,0.0001558065414428,0.0001044273376464,7.814168930053711e-05,6.4849853515625e-05,2.6285648345947266e-05,98.72881355932203,1.2711864406779654,944,False,2910
XP_021325744,XP_056305899,0.0001556873321533,random,,False,False,True,False,0.0001559257507324,0.0001259446144104,0.0001523494720458,7.361173629760742e-05,9.357929229736328e-06,98.25783972125436,1.7421602787456436,574,False,2911
XP_017211970,XP_056316604,0.0001552104949951,random,,False,False,True,False,0.0001553297042846,0.0001817345619201,8.26716423034668e-05,0.0001778006553649,4.553794860839844e-05,98.63325740318906,1.366742596810937,439,False,2912
NP_001018471,XP_056331312,0.0001545548439025,random,,False,False,True,False,0.0001544952392578,0.0001084804534912,0.0001814365386962,0.0007488131523132,3.534555435180664e-05,99.21052631578948,0.7894736842105203,380,False,2913
NP_001182336,XP_056317976,0.0001543760299682,random,,False,False,True,False,0.0001542568206787,9.763240814208984e-05,5.239248275756836e-05,2.372264862060547e-05,1.2040138244628906e-05,99.2153443766347,0.7846556233652962,1147,False,2914
NP_001018580,XP_056306503,0.0001537203788757,random,,False,False,True,False,0.0001536011695861,0.0001008510589599,7.748603820800781e-05,0.0001015067100524,1.3113021850585938e-05,99.29411764705884,0.7058823529411598,425,False,2915
NP_001315096,XP_056332311,0.0001536011695861,random,,False,False,True,False,0.0001539587974548,0.0002029538154602,0.0002207159996032,0.0002166032791137,2.8908252716064453e-05,97.6530612244898,2.3469387755101963,978,False,2916
XP_017213206,XP_056321041,0.0001531243324279,stratified,,True,False,False,False,0.0001528859138488,0.0001053214073181,5.942583084106445e-05,3.6835670471191406e-05,3.0875205993652344e-05,99.1462113127001,0.8537886872998968,937,False,2917
NP_001039014,XP_056330517,0.0001530647277832,target,Kcnj13,False,False,False,True,0.0004202723503112,0.0005679726600646,0.0002451539039611,0.0001397132873535,5.137920379638672e-05,98.34254143646407,1.6574585635359256,362,False,2918
XP_005163374,XP_056330435,0.0001528263092041,random,,False,False,True,False,0.0001528859138488,0.0001500248908996,6.330013275146484e-05,6.586313247680664e-05,2.7120113372802734e-05,97.35449735449735,2.6455026455026456,1698,False,2919
XP_073785784,XP_056333775,0.0001526474952697,stratified,,True,False,False,False,0.0001524686813354,0.0003268718719482,0.0002804398536682,0.0001219511032104,3.4689903259277344e-05,98.02847754654984,1.971522453450163,913,False,2920
XP_009290329,XP_056331211,0.0001523494720458,random,,False,False,True,False,0.0001524090766906,0.0004255771636962,0.0001627802848815,8.094310760498047e-05,9.185075759887697e-05,97.58942457231726,2.410575427682744,1285,False,2921
XP_021323777,XP_056335204,0.0001518726348876,stratified,,True,False,False,False,0.000115156173706,7.545948028564453e-05,6.03795051574707e-05,3.916025161743164e-05,9.775161743164062e-06,97.89936492427944,2.100635075720561,4778,False,2922
XP_073796039,XP_056307012,0.0001511573791503,stratified,,True,False,False,False,0.0001509189605712,0.0001131892204284,7.486343383789062e-05,0.0001171231269836,2.580881118774414e-05,99.37369519832986,0.6263048016701447,479,False,2923
XP_009299745,XP_056301440,0.0001499652862548,stratified,,True,False,False,False,0.0001497864723205,0.0001136660575866,5.310773849487305e-05,2.3424625396728516e-05,1.1742115020751951e-05,99.56140350877192,0.43859649122808264,456,False,2924
XP_005156856,XP_056326492,0.0001499056816101,random,,False,False,True,False,0.0001498460769653,8.630752563476562e-05,6.35385513305664e-05,4.953145980834961e-05,3.3915042877197266e-05,99.22879177377892,0.7712082262210771,389,False,2925
XP_691455,XP_056325528,0.0001497268676757,stratified,,True,False,False,False,0.0001499056816101,0.0001417398452758,0.0001084208488464,6.771087646484375e-05,5.4836273193359375e-05,98.67549668874172,1.3245033112582831,755,False,2926
NP_001003883,XP_056324579,0.000149667263031,stratified,,True,False,False,False,0.0001584291458129,0.0002152919769287,0.0001278519630432,0.0001148581504821,2.9802322387695312e-05,98.86104783599087,1.138952164009126,878,False,2927
XP_073794634,XP_056309571,0.0001493096351623,random,,False,False,True,False,0.0001495480537414,9.894371032714844e-05,6.16312026977539e-05,6.41942024230957e-05,2.366304397583008e-05,99.17127071823204,0.8287292817679628,724,False,2928
NP_001352121,XP_056323658,0.000149130821228,stratified,,True,False,False,False,0.0002865195274353,0.0001953840255737,0.0001158714294433,7.31348991394043e-05,0.0002198219299316,97.22762645914396,2.7723735408560373,2350,False,2929
XP_009302165,XP_056319772,0.0001483559608459,stratified,,True,False,False,False,0.0001483559608459,6.538629531860352e-05,5.012750625610352e-05,9.894371032714844e-05,3.7670135498046875e-05,99.15966386554622,0.8403361344537785,119,False,2930
NP_001313379,XP_056324106,0.0001482367515563,stratified,,True,False,False,False,0.0001485347747802,0.0001254677772521,8.982419967651367e-05,5.78761100769043e-05,3.159046173095703e-05,98.6970684039088,1.3029315960911987,614,False,2931
XP_005163656,XP_056332930,0.000148057937622,stratified,,True,False,False,False,0.0001478195190429,0.0004804730415344,0.0001088380813598,7.414817810058594e-05,2.962350845336914e-05,98.9247311827957,1.0752688172043037,372,False,2932
XP_009296909,XP_056334385,0.0001477599143981,stratified,,True,False,False,False,0.0001477599143981,0.0001036524772644,4.9233436584472656e-05,0.0001867413520812,6.318092346191406e-06,99.52380952380952,0.4761904761904816,210,False,2933
NP_919343,XP_056304910,0.0001475811004638,stratified,,True,False,False,False,0.0001474022865295,9.584426879882812e-05,2.8133392333984375e-05,5.143880844116211e-05,6.9141387939453125e-06,99.2392223161454,0.7607776838545988,1183,False,2934
XP_005162390,XP_056305691,0.0001471042633056,stratified,,True,False,False,False,0.0001471042633056,0.0001505613327026,0.000115692615509,0.0003073215484619,3.4749507904052734e-05,97.78761061946902,2.212389380530979,1806,False,2935
XP_009296078,XP_056307399,0.0001470446586608,stratified,,True,False,False,False,0.0001469850540161,0.0001000761985778,8.666515350341797e-05,4.4345855712890625e-05,7.987022399902344e-06,98.78366637706344,1.2163336229365598,1151,False,2936
NP_001092228,XP_056322105,0.0001468062400817,stratified,,True,False,False,False,0.000146746635437,0.0002138614654541,6.556510925292969e-05,7.534027099609375e-05,1.7404556274414062e-05,98.71382636655947,1.2861736334405265,622,False,2937
XP_699475,XP_056314614,0.000146746635437,stratified,,True,False,False,False,0.0001307725906372,0.0001111030578613,8.207559585571289e-05,4.7206878662109375e-05,2.5987625122070312e-05,98.15705128205128,1.8429487179487154,1248,False,2938
XP_003199781,XP_056326690,0.0001465678215026,stratified,,True,False,False,False,0.0002220869064331,0.0001589059829711,0.0001024603843688,9.959936141967772e-05,5.942583084106445e-05,96.18768328445748,3.812316715542522,2552,False,2939
NP_001272463,XP_056303792,0.0001460909843444,stratified,,True,False,False,False,0.0001460313796997,0.000114619731903,0.0001330375671386,0.000118613243103,6.479024887084961e-05,98.58356940509915,1.416430594900845,353,False,2940
XP_073792656,XP_056303713,0.0001460909843444,stratified,,True,False,False,False,0.000146210193634,0.0001540184020996,9.131431579589844e-05,4.303455352783203e-05,3.0934810638427734e-05,98.67060561299851,1.3293943870014857,677,False,2941
NP_001104751,XP_056310080,0.0001460313796997,stratified,,True,False,False,False,0.0001862049102783,0.0001047253608703,6.222724914550781e-05,2.974271774291992e-05,1.1920928955078123e-05,97.9253112033195,2.0746887966805048,1444,False,2942
XP_005159295,XP_056333820,0.0001459121704101,stratified,,True,False,False,False,0.0001459121704101,0.0001627802848815,9.608268737792967e-05,6.258487701416016e-05,3.4332275390625e-05,97.52120026092628,2.4787997390737218,1531,False,2943
XP_005157523,XP_056329226,0.0001451969146728,stratified,,True,False,False,False,0.0001453161239624,0.0001147389411926,4.762411117553711e-05,4.458427429199219e-05,0.0001013875007629,98.61495844875348,1.3850415512465162,1083,False,2944
XP_009299925,XP_056314179,0.0001451969146728,stratified,,True,False,False,False,0.0001453757286071,0.000147521495819,0.000138521194458,5.9604644775390625e-05,9.381771087646484e-05,99.05660377358492,0.943396226415075,636,False,2945
NP_001038323,XP_056335106,0.000145137310028,random,,False,False,True,False,0.0001450777053833,7.855892181396484e-05,0.0001139640808105,7.557868957519531e-05,2.9861927032470703e-05,97.88768675940236,2.1123132405976435,1935,False,2946
XP_017213324,XP_056321574,0.0001450181007385,stratified,,True,False,False,False,0.0001449584960937,0.0001046061515808,5.3048133850097656e-05,3.3795833587646484e-05,5.990266799926758e-05,97.10391822827938,2.896081771720617,1174,False,2947
XP_021332546,XP_056316135,0.0001449584960937,random,,False,False,True,False,0.0001449584960937,0.0001198649406433,6.031990051269531e-05,2.3603439331054688e-05,1.9371509552001953e-05,99.11330049261085,0.886699507389153,1015,False,2948
XP_073803145,XP_056311947,0.0001448988914489,stratified,,True,False,False,False,0.0001563429832458,0.0001322627067565,0.0001324415206909,2.9861927032470703e-05,9.65595245361328e-06,98.75389408099689,1.2461059190031136,1605,False,2949
XP_009302264,XP_056319465,0.0001447200775146,stratified,,True,False,False,False,0.0001447796821594,8.529424667358398e-05,0.0001402497291564,7.927417755126953e-05,2.419948577880859e-05,97.3718791064389,2.6281208935611033,1522,False,2950
XP_009294225,XP_056304401,0.0001435279846191,stratified,,True,False,False,False,0.0001434683799743,0.00025475025177,0.0001857280731201,8.863210678100586e-05,1.436471939086914e-05,98.50299401197604,1.4970059880239575,334,False,2951
XP_005171035,XP_056312607,0.00014328956604,stratified,,True,False,False,False,0.0001431703567504,6.669759750366211e-05,7.88569450378418e-05,0.000144600868225,1.0848045349121094e-05,98.93899204244032,1.0610079575596814,377,False,2952
XP_005171035,XP_056312609,0.00014328956604,stratified,,True,False,False,False,0.0001431703567504,6.669759750366211e-05,7.88569450378418e-05,0.000144600868225,1.0848045349121094e-05,98.93899204244032,1.0610079575596814,377,False,2953
XP_009292116,XP_056312610,0.00014328956604,random,,False,False,True,False,0.0001431703567504,6.669759750366211e-05,7.88569450378418e-05,0.0001447200775146,1.0848045349121094e-05,98.93899204244032,1.0610079575596814,377,False,2954
XP_005171034,XP_056312608,0.00014328956604,stratified,,True,False,False,False,0.0001433491706848,6.669759750366211e-05,7.88569450378418e-05,0.000144600868225,1.0848045349121094e-05,98.93899204244032,1.0610079575596814,377,False,2955
NP_001018394,XP_056332087,0.0001431703567504,stratified,,True,False,False,False,0.0001433491706848,0.0001466870307922,0.0001465082168579,8.07642936706543e-05,5.5909156799316406e-05,99.25373134328358,0.7462686567164241,134,False,2956
XP_073797492,XP_056306760,0.0001431107521057,random,,False,False,True,False,0.0001429915428161,9.018182754516602e-05,4.982948303222656e-05,4.422664642333984e-05,9.59634780883789e-06,99.4750656167979,0.5249343832020941,381,False,2957
XP_073797492,XP_056306761,0.0001431107521057,stratified,,True,False,False,False,0.0001429915428161,9.018182754516602e-05,4.982948303222656e-05,4.422664642333984e-05,9.59634780883789e-06,99.4750656167979,0.5249343832020941,381,False,2958
XP_073797486,XP_056306760,0.0001431107521057,random,,False,False,True,False,0.0001429915428161,9.018182754516602e-05,4.982948303222656e-05,4.422664642333984e-05,9.59634780883789e-06,99.4750656167979,0.5249343832020941,381,False,2959
NP_001012508,XP_056331067,0.0001429915428161,random,,False,False,True,False,0.0001429915428161,0.0001220703125,8.863210678100586e-05,5.263090133666992e-05,1.9669532775878903e-05,98.96373056994818,1.0362694300518172,386,False,2960
XP_073802899,XP_056311136,0.0001423358917236,stratified,,True,False,False,False,0.0001422762870788,0.0002158284187316,0.0002073645591735,3.55839729309082e-05,3.7550926208496094e-05,99.24812030075188,0.7518796992481214,133,False,2961
XP_009304297,XP_056324747,0.000142216682434,stratified,,True,False,False,False,0.0001423358917236,0.0001229643821716,7.528066635131836e-05,0.0001216530799865,2.157688140869141e-05,98.99328859060402,1.006711409395976,298,False,2962
XP_017208637,XP_056303708,0.0001420974731445,stratified,,True,False,False,False,0.0001419782638549,0.0001445412635803,8.70823860168457e-05,3.802776336669922e-05,3.224611282348633e-05,98.6725663716814,1.3274336283186017,678,False,2963
XP_021333867,XP_056319674,0.0001419186592102,random,,False,False,True,False,0.0001417994499206,6.943941116333008e-05,5.334615707397461e-05,4.947185516357422e-05,1.0728836059570312e-05,99.0909090909091,0.9090909090909065,880,False,2964
NP_001352582,XP_056318258,0.0001406669616699,stratified,,True,False,False,False,0.0001406669616699,0.000162661075592,7.718801498413086e-05,8.004903793334961e-05,1.5795230865478516e-05,99.03381642512078,0.9661835748792242,1242,False,2965
XP_005157636,XP_056329224,0.0001403093338012,random,,False,False,True,False,0.0001404881477355,8.922815322875977e-05,5.733966827392578e-05,5.91278076171875e-05,1.8596649169921875e-05,98.36065573770492,1.639344262295083,913,False,2966
XP_073809292,XP_056316357,0.000139832496643,stratified,,True,False,False,False,0.0001399517059326,0.0001524686813354,4.875659942626953e-05,4.8279762268066406e-05,9.179115295410156e-06,99.11242603550296,0.8875739644970366,676,False,2967
XP_073809299,XP_056316353,0.0001397132873535,stratified,,True,False,False,False,0.0001395940780639,0.000159740447998,5.08427619934082e-05,4.464387893676758e-05,9.834766387939451e-06,99.0909090909091,0.9090909090909065,660,False,2968
XP_073809300,XP_056316352,0.0001397132873535,random,,False,False,True,False,0.0001395940780639,0.000159740447998,5.08427619934082e-05,4.464387893676758e-05,9.834766387939451e-06,99.0909090909091,0.9090909090909065,660,False,2969
XP_003197866,XP_056328399,0.0001392364501953,stratified,,True,False,False,False,0.0001393556594848,0.0001090764999389,0.0001117587089538,2.956390380859375e-05,1.4543533325195312e-05,99.38144329896907,0.6185567010309256,485,False,2970
XP_073810553,XP_056327040,0.0001390576362609,stratified,,True,False,False,False,0.0001389980316162,0.0001094937324523,6.198883056640625e-05,7.104873657226562e-05,6.562471389770508e-05,98.47328244274809,1.5267175572519136,524,False,2971
XP_073792666,XP_056303715,0.0001389980316162,stratified,,True,False,False,False,0.0001388788223266,0.0001493692398071,0.000101625919342,3.844499588012695e-05,4.5180320739746094e-05,98.77112135176652,1.2288786482334757,651,False,2972
NP_001123295,XP_056315700,0.000138521194458,random,,False,False,True,False,0.000138521194458,0.0001388192176818,5.519390106201172e-05,0.0002652406692504,3.3855438232421875e-05,99.02439024390245,0.9756097560975547,205,False,2973
XP_005165053,XP_056312033,0.0001384615898132,stratified,,True,False,False,False,0.0001381635665893,0.0001202821731567,6.651878356933594e-05,4.5418739318847656e-05,1.901388168334961e-05,98.42639593908628,1.5736040609137234,1970,False,2974
XP_009304202,XP_056324285,0.0001375675201416,random,,False,False,True,False,0.0001375675201416,0.0001227259635925,5.0187110900878906e-05,5.9664249420166016e-05,4.291534423828125e-05,99.163179916318,0.8368200836819994,717,False,2975
NP_001071018,XP_056327533,0.0001364350318908,stratified,,True,False,False,False,0.0001362562179565,0.0001076459884643,7.921457290649414e-05,5.751848220825195e-05,3.737211227416992e-05,99.02534113060428,0.974658869395725,513,False,2976
XP_001343041,XP_056302900,0.0001363158226013,stratified,,True,False,False,False,0.000136375427246,5.143880844116211e-05,4.982948303222656e-05,3.415346145629883e-05,1.8656253814697266e-05,99.54128440366972,0.45871559633027914,218,False,2977
NP_958455,XP_056309794,0.0001361370086669,stratified,,True,False,False,False,0.0001360774040222,7.301568984985352e-05,5.036592483520508e-05,5.555152893066406e-05,5.125999450683594e-06,99.04761904761904,0.9523809523809632,420,False,2978
NP_001070932,XP_056331522,0.0001358389854431,stratified,,True,False,False,False,0.0001358389854431,0.0002254843711853,8.785724639892578e-05,9.393692016601562e-05,1.6987323760986328e-05,98.34710743801652,1.652892561983478,1936,False,2979
XP_073809219,XP_056316196,0.0001355409622192,stratified,,True,False,False,False,0.0001354813575744,0.0001975893974304,4.667043685913086e-05,5.805492401123047e-05,2.0623207092285156e-05,99.35567010309278,0.6443298969072231,776,False,2980
XP_009293684,XP_056303149,0.0001354217529296,stratified,,True,False,False,False,0.0001355409622192,0.0001332163810729,6.74128532409668e-05,6.586313247680664e-05,1.919269561767578e-05,98.96265560165976,1.0373443983402382,482,False,2981
XP_009295656,XP_056307017,0.0001353025436401,stratified,,True,False,False,False,0.000135600566864,9.739398956298828e-05,7.265806198120117e-05,0.0001372694969177,1.8596649169921875e-05,99.35205183585312,0.6479481641468823,463,False,2982
NP_955934,XP_056307832,0.0001349449157714,random,,False,False,True,False,0.0001349449157714,0.0002050995826721,8.45193862915039e-05,0.0001177191734313,9.018182754516602e-05,97.9035639412998,2.096436058700206,477,False,2983
XP_073809057,XP_056312921,0.0001348257064819,random,,False,False,True,False,0.0001347064971923,9.137392044067384e-05,8.672475814819336e-05,4.500150680541992e-05,1.2874603271484377e-05,98.53157121879588,1.4684287812041248,681,False,2984
NP_001013585,XP_056318986,0.0001345872879028,stratified,,True,False,False,False,0.0001347064971923,0.0001636147499084,5.5789947509765625e-05,0.00018972158432,1.2099742889404295e-05,99.22879177377892,0.7712082262210771,389,False,2985
NP_001092892,XP_056308200,0.0001341700553894,stratified,,True,False,False,False,0.0001309514045715,9.173154830932616e-05,7.385015487670898e-05,4.786252975463867e-05,2.5272369384765625e-05,99.23076923076924,0.7692307692307594,780,False,2986
XP_021333082,XP_056318878,0.0001336932182312,random,,False,False,True,False,0.0001335740089416,8.118152618408203e-05,5.888938903808594e-05,0.0001952052116394,1.341104507446289e-05,99.67105263157896,0.32894736842104066,304,False,2987
NP_001013554,XP_056334357,0.0001333951950073,stratified,,True,False,False,False,0.0001335144042968,0.000106930732727,0.0001125931739807,0.0001240968704223,0.0057940483093261,98.91304347826087,1.0869565217391255,184,True,2988
NP_001002446,XP_056330432,0.0001329779624938,random,,False,False,True,False,0.0001331567764282,0.0001078248023986,3.784894943237305e-05,0.0001268982887268,4.00543212890625e-05,98.64864864864865,1.3513513513513544,222,False,2989
NP_001038364,XP_056337656,0.0001329183578491,stratified,,True,False,False,False,0.0001330375671386,0.0001248717308044,6.330013275146484e-05,2.4497509002685547e-05,8.52346420288086e-06,98.40891010342084,1.591089896579163,1257,False,2990
XP_001344260,XP_056327483,0.0001329183578491,stratified,,True,False,False,False,0.0001327991485595,0.0001064538955688,7.69495964050293e-05,3.68952751159668e-05,7.43865966796875e-05,98.79154078549848,1.2084592145015165,331,False,2991
XP_005157080,XP_056326304,0.00013267993927,stratified,,True,False,False,False,6.99758529663086e-05,0.0001189112663269,0.0001645684242248,0.0001435875892639,1.3887882232666016e-05,98.58605558264262,1.413944417357385,2309,False,2992
XP_009301396,XP_056317199,0.0001326203346252,stratified,,True,False,False,False,0.0001324415206909,0.000213086605072,8.064508438110352e-05,4.6193599700927734e-05,1.150369644165039e-05,97.76699029126212,2.2330097087378817,1028,False,2993
XP_073788786,XP_056336770,0.0001314282417297,random,,False,False,True,False,5.8710575103759766e-05,5.441904067993164e-05,4.035234451293945e-05,2.491474151611328e-05,1.4841556549072266e-05,99.36492427943332,0.6350757205666753,3141,False,2994
XP_017208299,XP_056301970,0.0001313686370849,stratified,,True,False,False,False,0.0001314282417297,0.0001446604728698,9.34600830078125e-05,7.742643356323242e-05,1.5079975128173828e-05,98.46938775510203,1.5306122448979664,1175,False,2995
XP_009289755,XP_056315189,0.0001309514045715,random,,False,False,True,False,0.000131070613861,0.0001325607299804,0.0001010298728942,0.0001158714294433,1.1026859283447266e-05,98.31932773109244,1.680672268907557,952,False,2996
NP_955963,XP_056328843,0.0001306533813476,random,,False,False,True,False,0.0001306533813476,0.0001596212387084,7.700920104980469e-05,0.0002121925354003,1.1205673217773438e-05,99.4186046511628,0.581395348837205,172,False,2997
XP_005164123,XP_056309651,0.0001305341720581,random,,False,False,True,False,0.0001420974731445,0.0001434087753295,8.07642936706543e-05,4.017353057861328e-05,1.156330108642578e-05,97.5170399221032,2.4829600778968057,2655,False,2998
XP_005159647,XP_056336383,0.0001301765441894,stratified,,True,False,False,False,0.0001301765441894,0.0001072287559509,3.916025161743164e-05,2.7060508728027344e-05,1.5735626220703125e-05,99.44444444444444,0.5555555555555571,180,False,2999
XP_021324370,XP_056337051,0.0001295804977416,stratified,,True,False,False,False,0.0001295208930969,9.292364120483398e-05,0.00013929605484,7.18832015991211e-05,2.7060508728027344e-05,97.81704781704782,2.182952182952178,1923,False,3000
NP_998551,XP_056320095,0.0001292824745178,stratified,,True,False,False,False,0.0001295208930969,0.0001384019851684,4.07099723815918e-05,3.55839729309082e-05,2.2530555725097656e-05,99.12587412587412,0.8741258741258804,572,False,3001
XP_005167978,XP_056321832,0.0001290440559387,stratified,,True,False,False,False,0.0001291036605834,8.100271224975586e-05,0.0001791715621948,1.5914440155029297e-05,3.6656856536865234e-05,99.11816578483246,0.8818342151675438,1134,False,3002
XP_009295591,XP_056328146,0.0001289844512939,stratified,,True,False,False,False,0.0001291036605834,0.000108778476715,9.763240814208984e-05,4.2438507080078125e-05,1.722574234008789e-05,98.6351228389445,1.364877161055503,1098,False,3003
NP_001002409,XP_056308087,0.0001285076141357,stratified,,True,False,False,False,0.0001283288002014,0.0001001358032226,0.0001551508903503,0.0008438825607299,1.9431114196777344e-05,99.49748743718592,0.5025125628140756,199,False,3004
XP_009306021,XP_056327765,0.0001282095909118,random,,False,False,True,False,0.0001282691955566,0.0001722574234008,5.799531936645508e-05,3.975629806518555e-05,1.4781951904296877e-05,99.23747276688454,0.7625272331154633,918,False,3005
XP_009293761,XP_056303071,0.0001280307769775,random,,False,False,True,False,0.0001280307769775,0.0001642107963562,0.0001532435417175,0.000212013721466,7.331371307373047e-06,98.9350372736954,1.0649627263046,939,False,3006
NP_001268926,XP_056323600,0.0001277327537536,stratified,,True,False,False,False,0.0001274943351745,4.976987838745117e-05,6.371736526489258e-05,0.0001229643821716,1.329183578491211e-05,99.1869918699187,0.8130081300813004,123,False,3007
NP_956636,XP_056334240,0.0001274347305297,random,,False,False,True,False,0.0001275539398193,0.0001220107078552,3.868341445922851e-05,3.802776336669922e-05,1.33514404296875e-05,99.35064935064936,0.6493506493506374,154,False,3008
XP_017212286,XP_056317653,0.0001268982887268,stratified,,True,False,False,False,0.0001269578933715,0.0001340508460998,5.048513412475586e-05,3.141164779663086e-05,1.3053417205810549e-05,98.90260631001372,1.0973936899862764,729,False,3009
NP_001410360,XP_056327649,0.0001267790794372,stratified,,True,False,False,False,0.0001220703125,8.791685104370117e-05,0.0001649260520935,7.635354995727539e-05,1.2516975402832031e-05,98.84393063583816,1.1560693641618371,346,False,3010
XP_005166925,XP_056319889,0.0001261830329895,stratified,,True,False,False,False,0.0001260638236999,0.0001955032348632,0.0001479983329772,0.0001218318939208,2.0265579223632812e-05,98.7364620938628,1.263537906137202,554,False,3011
XP_009292988,XP_056337571,0.0001258850097656,stratified,,True,False,False,False,0.0001261234283447,0.000115692615509,7.414817810058594e-05,5.14984130859375e-05,2.9385089874267575e-05,98.5,1.5,799,False,3012
NP_001289172,XP_056319120,0.000125765800476,stratified,,True,False,False,False,0.0001258850097656,0.0002355575561523,6.240606307983398e-05,3.808736801147461e-05,2.1338462829589844e-05,98.2990152193375,1.7009847806624947,1117,False,3013
NP_001349358,XP_056312865,0.0001248717308044,stratified,,True,False,False,False,0.0001251101493835,0.0001396536827087,7.319450378417969e-05,4.8160552978515625e-05,7.092952728271484e-06,99.16666666666669,0.8333333333333144,240,False,3014
XP_005173283,XP_056328097,0.0001248121261596,stratified,,True,False,False,False,0.0001248121261596,0.0001428127288818,7.224082946777344e-05,2.1457672119140625e-05,5.424022674560547e-06,99.09909909909908,0.9009009009009219,1110,False,3015
XP_073808559,XP_056316440,0.0001246333122253,random,,False,False,True,False,0.0001248121261596,0.0001832246780395,4.035234451293945e-05,7.49826431274414e-05,1.2874603271484377e-05,99.34924078091106,0.6507592190889397,461,False,3016
XP_073808558,XP_056316440,0.0001246333122253,random,,False,False,True,False,0.0001248121261596,0.0001832246780395,4.035234451293945e-05,7.49826431274414e-05,1.2874603271484377e-05,99.34924078091106,0.6507592190889397,461,False,3017
XP_073808558,XP_056316441,0.0001246333122253,stratified;random,,True,False,True,False,0.0001248121261596,0.0001832246780395,4.035234451293945e-05,7.480382919311523e-05,1.2874603271484377e-05,99.34924078091106,0.6507592190889397,461,False,3018
NP_001314745,XP_056320567,0.0001246333122253,stratified,,True,False,False,False,0.000124454498291,9.28640365600586e-05,7.236003875732422e-05,3.8564205169677734e-05,9.000301361083984e-06,99.35483870967742,0.6451612903225765,155,False,3019
XP_009303014,XP_056321444,0.0001245141029357,random,,False,False,True,False,0.0001245737075805,3.2961368560791016e-05,7.206201553344727e-05,9.226799011230467e-05,1.2993812561035156e-05,98.85255306942054,1.1474469305794628,1742,False,3020
XP_005162385,XP_056305005,0.000123381614685,random,,False,False,True,False,0.0001232028007507,7.194280624389648e-05,7.319450378417969e-05,5.561113357543945e-05,1.829862594604492e-05,99.21671018276764,0.7832898172323581,766,False,3021
XP_005165942,XP_056316016,0.0001232624053955,random,,False,False,True,False,0.0001232624053955,0.0001149177551269,9.500980377197266e-05,0.0001804232597351,1.52587890625e-05,97.89473684210526,2.10526315789474,950,False,3022
NP_001002426,XP_056304622,0.0001232028007507,random,,False,False,True,False,0.0001229047775268,9.453296661376952e-05,9.840726852416992e-05,4.774332046508789e-05,3.3736228942871094e-05,99.02912621359224,0.9708737864077648,103,False,3023
XP_017212968,XP_056336335,0.0001223087310791,stratified,,True,False,False,False,0.0001221895217895,0.0001778006553649,0.0001600384712219,0.0001035332679748,1.4126300811767578e-05,98.73417721518987,1.2658227848101262,789,False,3024
NP_001108158,XP_056316571,0.0001222491264343,stratified,,True,False,False,False,6.73532485961914e-05,9.709596633911131e-05,4.655122756958008e-05,3.0100345611572266e-05,6.079673767089844e-06,99.5016611295681,0.49833887043189407,602,False,3025
XP_021334253,XP_056321492,0.0001221299171447,stratified,,True,False,False,False,0.0001220703125,0.0001951456069946,0.0001417994499206,8.881092071533203e-05,4.100799560546875e-05,97.44493392070484,2.555066079295159,1132,False,3026
XP_005159195,XP_056333785,0.0001220703125,random,,False,False,True,False,0.0001221299171447,9.828805923461914e-05,7.098913192749023e-05,2.968311309814453e-05,1.52587890625e-05,98.62869198312237,1.3713080168776344,948,False,3027
XP_005163024,XP_056308086,0.0001215934753417,stratified,,True,False,False,False,0.0001217126846313,9.524822235107422e-05,0.0001421570777893,0.0007736086845397,1.8894672393798828e-05,99.50980392156865,0.49019607843135304,204,False,3028
XP_005173283,XP_056328096,0.000121533870697,stratified,,True,False,False,False,0.000121533870697,0.0001434683799743,7.838010787963867e-05,2.86102294921875e-05,6.318092346191406e-06,99.009900990099,0.9900990099010016,1111,False,3029
XP_009305382,XP_056326347,0.0001212954521179,random,,False,False,True,False,0.0001213550567626,0.0001363158226013,7.796287536621094e-05,0.0001775026321411,4.738569259643555e-05,97.06979222163028,2.93020777836972,1873,False,3030
NP_001017549,XP_056321446,0.0001212954521179,random,,False,False,True,False,0.0001212358474731,4.363059997558594e-05,0.0001143217086791,0.0001175999641418,1.341104507446289e-05,98.85255306942054,1.1474469305794628,1742,False,3031
XP_073790947,XP_056302628,0.0001208186149597,stratified,,True,False,False,False,0.0001208186149597,6.324052810668945e-05,5.048513412475586e-05,0.0001497864723205,1.0311603546142578e-05,99.08466819221968,0.9153318077803192,874,False,3032
XP_700015,XP_056309882,0.000120460987091,stratified,,True,False,False,False,0.0001202821731567,0.0001295804977416,2.0742416381835938e-05,2.86102294921875e-05,4.5299530029296875e-06,99.21156373193166,0.7884362680683381,761,False,3033
XP_021326214,XP_056307499,0.0001198649406433,stratified,,True,False,False,False,0.0001196861267089,8.463859558105469e-05,0.0002775192260742,0.0003572106361389,0.0002926588058471,99.14529914529916,0.8547008547008375,468,False,3034
XP_073787985,XP_056336392,0.000118613243103,stratified,,True,False,False,False,0.0001189112663269,0.0001580715179443,0.0001366138458251,9.649991989135742e-05,1.1205673217773438e-05,98.4375,1.5625,1536,False,3035
XP_021329519,XP_056308187,0.000118613243103,stratified,,True,False,False,False,0.0001183152198791,0.0001174807548522,0.0001054406166076,6.204843521118164e-05,2.5510787963867188e-05,98.62896315338476,1.3710368466152403,1166,False,3036
NP_001038499,XP_056335269,0.0001180768013,stratified,,True,False,False,False,0.0001181960105895,0.0001147389411926,8.672475814819336e-05,5.3763389587402344e-05,2.6345252990722656e-05,99.2462311557789,0.7537688442210992,796,False,3037
NP_571158,XP_056302526,0.0001178979873657,random,,False,False,True,False,0.0001177191734313,7.653236389160156e-05,0.0001225471496582,0.0001755952835083,3.0994415283203125e-05,98.1012658227848,1.8987341772152035,316,False,3038
XP_017212964,XP_056336318,0.000117540359497,stratified,,True,False,False,False,0.0001177191734313,0.0001720786094665,0.0001586079597473,0.0001022815704345,1.4841556549072266e-05,98.75311720698254,1.2468827930174626,801,False,3039
XP_073790372,XP_056301900,0.0001174211502075,stratified,,True,False,False,False,0.0001172423362731,9.572505950927734e-05,9.781122207641602e-05,4.51207160949707e-05,1.3709068298339844e-05,99.26793557833088,0.7320644216691221,683,False,3040
XP_017212772,XP_056319669,0.0001171231269836,random,,False,False,True,False,0.0001171827316284,7.271766662597656e-05,5.447864532470703e-05,4.744529724121094e-05,1.829862594604492e-05,99.08571428571427,0.9142857142857252,875,False,3041
NP_999874,XP_056337615,0.0001170635223388,stratified,,True,False,False,False,0.0001174211502075,0.0001310110092163,8.410215377807617e-05,6.008148193359375e-05,1.990795135498047e-05,99.26144756277697,0.738552437223035,677,False,3042
XP_073797194,XP_056306208,0.0001167058944702,random,,False,False,True,False,0.0001168251037597,9.72747802734375e-05,6.133317947387695e-05,6.0617923736572266e-05,2.4080276489257812e-05,99.10941475826972,0.8905852417302782,786,False,3043
XP_021330770,XP_056311687,0.0001166462898254,stratified,,True,False,False,False,0.0001164078712463,6.377696990966797e-05,3.5822391510009766e-05,2.0503997802734375e-05,1.4066696166992188e-05,99.34383202099738,0.6561679790026176,762,False,3044
XP_688089,XP_056303058,0.0001164674758911,stratified,,True,False,False,False,0.0001165270805358,9.936094284057616e-05,8.434057235717773e-05,3.790855407714844e-05,1.1444091796875e-05,99.09638554216868,0.9036144578313241,996,False,3045
XP_073802051,XP_056312236,0.0001164674758911,stratified,,True,False,False,False,0.0001164674758911,4.011392593383789e-05,5.8531761169433594e-05,3.9458274841308594e-05,9.834766387939451e-06,99.25650557620818,0.743494423791816,538,False,3046
XP_073802047,XP_056312236,0.0001164674758911,stratified,,True,False,False,False,0.0001164674758911,4.011392593383789e-05,5.8531761169433594e-05,3.9458274841308594e-05,9.834766387939451e-06,99.25650557620818,0.743494423791816,538,False,3047
XP_005158753,XP_056332646,0.0001162886619567,stratified,,True,False,False,False,0.0001161694526672,8.422136306762695e-05,4.9948692321777344e-05,3.8504600524902344e-05,1.0192394256591795e-05,99.04661016949152,0.9533898305084847,944,False,3048
XP_009304466,XP_056323949,0.0001156330108642,random,,False,False,True,False,0.0001156330108642,7.194280624389648e-05,4.482269287109375e-05,2.562999725341797e-05,2.5033950805664062e-05,99.1304347826087,0.8695652173912976,345,False,3049
XP_009295324,XP_056305466,0.0001155138015747,random,,False,False,True,False,0.0001156330108642,0.0001166462898254,9.483098983764648e-05,3.4689903259277344e-05,1.138448715209961e-05,99.05660377358492,0.943396226415075,848,False,3050
NP_001124329,XP_056321492,0.0001146793365478,stratified,,True,False,False,False,0.0001146793365478,0.0001658201217651,0.0001311302185058,5.2034854888916016e-05,2.3245811462402344e-05,98.22537710736468,1.7746228926353211,1126,False,3051
NP_957237,XP_056335149,0.0001146793365478,stratified,,True,False,False,False,0.0001147389411926,6.014108657836914e-05,4.547834396362305e-05,4.273653030395508e-05,1.6927719116210938e-05,99.54022988505749,0.45977011494251485,435,False,3052
XP_005167932,XP_056321803,0.000113308429718,random,,False,False,True,False,0.0001133680343627,0.0001377463340759,0.0002664327621459,8.469820022583008e-05,8.940696716308594e-06,98.8795518207283,1.1204481792717047,714,False,3053
NP_001268922,XP_056317533,0.0001130104064941,random,,False,False,True,False,0.0001131296157836,0.0001426339149475,0.0001389384269714,4.208087921142578e-05,1.7940998077392578e-05,98.3558994197292,1.644100580270802,1034,False,3054
NP_001315282,XP_056304865,0.0001128315925598,stratified,,True,False,False,False,0.0001127123832702,0.000126302242279,0.0001136064529418,9.54270362854004e-05,3.3855438232421875e-05,98.8538681948424,1.1461318051575944,698,False,3055
NP_001007314,XP_056324917,0.000112771987915,random,,False,False,True,False,0.0001129508018493,7.683038711547852e-05,6.455183029174805e-05,3.695487976074219e-05,3.832578659057617e-05,99.21465968586388,0.7853403141361213,382,False,3056
XP_021324360,XP_056337057,0.0001125335693359,stratified,,True,False,False,False,0.0001124143600463,0.0002656579017639,8.803606033325195e-05,6.73532485961914e-05,2.8252601623535156e-05,98.15317762085824,1.8468223791417557,1841,False,3057
XP_073810071,XP_056315709,0.0001122951507568,stratified,,True,False,False,False,0.0001292824745178,0.0001262426376342,0.0001750588417053,6.884336471557617e-05,1.627206802368164e-05,97.45411486086442,2.545885139135578,1688,False,3058
XP_073799880,XP_056312633,0.0001112818717956,stratified,,True,False,False,False,0.0001112818717956,9.626150131225586e-05,5.257129669189453e-05,3.516674041748047e-05,5.304813385009766e-06,99.06687402799378,0.9331259720062235,643,False,3059
NP_001014818,XP_056328295,0.0001108646392822,random,,False,False,True,False,0.0001106262207031,7.724761962890625e-05,4.45246696472168e-05,3.266334533691406e-05,3.3974647521972656e-05,99.64788732394366,0.3521126760563362,284,False,3060
XP_005156579,XP_056326290,0.0001108646392822,random,,False,False,True,False,0.0001105070114135,0.0001122951507568,5.185604095458984e-05,9.948015213012697e-05,1.0788440704345705e-05,98.96907216494846,1.0309278350515427,485,False,3061
NP_956701,XP_056307737,0.000109851360321,random,,False,False,True,False,0.000109851360321,4.792213439941406e-05,6.842613220214844e-05,3.343820571899414e-05,2.3066997528076172e-05,99.46808510638296,0.5319148936170421,376,False,3062
XP_005166947,XP_056319884,0.0001096725463867,random,,False,False,True,False,0.0001092553138732,0.0002487301826477,0.0001217722892761,5.257129669189453e-05,2.4020671844482425e-05,98.64521591871296,1.3547840812870362,1181,False,3063
XP_073788784,XP_056336764,0.0001096129417419,random,,False,False,True,False,4.57763671875e-05,5.453824996948242e-05,3.653764724731445e-05,1.6629695892333984e-05,1.4960765838623049e-05,99.21836834391792,0.7816316560820837,3184,False,3064
XP_009298659,XP_056311445,0.0001093745231628,random,,False,False,True,False,0.0001093745231628,0.0001567602157592,0.0001235008239746,7.647275924682617e-05,2.7179718017578125e-05,98.47009735744088,1.5299026425591222,719,False,3065
XP_021335341,XP_056323962,0.0001087188720703,stratified,,True,False,False,False,0.0001088380813598,0.0001024007797241,7.76052474975586e-05,0.0002548098564147,1.919269561767578e-05,99.18367346938776,0.816326530612244,490,False,3066
NP_001082974,XP_056333084,0.0001084804534912,stratified;random,,True,False,True,False,0.0001084804534912,7.140636444091797e-05,9.22083854675293e-05,2.2172927856445312e-05,0.0001062750816345,99.18032786885246,0.8196721311475414,122,False,3067
XP_009291236,XP_056332770,0.0001081228256225,stratified,,True,False,False,False,0.0001083016395568,6.157159805297852e-05,4.673004150390625e-05,3.3020973205566406e-05,1.33514404296875e-05,99.3857493857494,0.6142506142505937,814,False,3068
XP_005168535,XP_056309143,0.0001077651977539,stratified,,True,False,False,False,0.0001075863838195,8.344650268554688e-05,3.826618194580078e-05,4.523992538452149e-05,3.2782554626464844e-05,98.93617021276596,1.0638297872340416,188,False,3069
NP_001071075,XP_056328231,0.0001075267791748,stratified,,True,False,False,False,0.0001077055931091,0.0001305937767028,7.194280624389648e-05,6.42538070678711e-05,1.1265277862548828e-05,98.99598393574296,1.0040160642570441,498,False,3070
XP_073785167,XP_056334922,0.0001067519187927,stratified,,True,False,False,False,0.0001065731048583,0.0001345872879028,5.495548248291016e-05,4.172325134277344e-05,9.113550186157228e-05,98.70759289176092,1.2924071082390753,619,False,3071
XP_021324356,XP_056337050,0.0001066923141479,stratified,,True,False,False,False,0.0001066923141479,9.047985076904296e-05,8.434057235717773e-05,4.559755325317383e-05,2.193450927734375e-05,98.43668577384054,1.5633142261594628,1919,False,3072
XP_073792659,XP_056309736,0.0001065135002136,stratified,,True,False,False,False,0.0001065135002136,5.239248275756836e-05,5.370378494262695e-05,3.802776336669922e-05,2.187490463256836e-05,99.07407407407408,0.9259259259259238,540,False,3073
XP_021322301,XP_056331565,0.0001063346862792,stratified,,True,False,False,False,3.55839729309082e-05,4.142522811889648e-05,1.1861324310302734e-05,7.62939453125e-06,4.410743713378906e-06,99.46262823644358,0.5373717635564219,2833,False,3074
XP_021337031,XP_056330309,0.0001061558723449,random,,False,False,True,False,0.0001064538955688,5.835294723510742e-05,3.0338764190673828e-05,3.427267074584961e-05,1.5556812286376953e-05,99.66996699669969,0.33003300330031493,303,False,3075
XP_021324357,XP_056337051,0.0001055598258972,random,,False,False,True,False,0.0001056194305419,8.273124694824219e-05,8.71419906616211e-05,6.127357482910156e-05,1.6868114471435547e-05,98.226395409494,1.7736045905059967,1917,False,3076
XP_073789301,XP_056336746,0.0001055002212524,stratified;random,,True,False,True,False,0.0001053810119628,0.0001366734504699,0.0001055002212524,0.0001142621040344,1.7344951629638672e-05,99.13194444444444,0.8680555555555571,576,False,3077
XP_005164250,XP_056309904,0.0001052021980285,random,,False,False,True,False,0.000105082988739,6.109476089477539e-05,4.9948692321777344e-05,2.4616718292236328e-05,2.9206275939941406e-06,99.12170639899624,0.8782936010037616,797,False,3078
NP_957007,XP_056321505,0.0001051425933837,stratified,,True,False,False,False,0.000105082988739,7.319450378417969e-05,3.445148468017578e-05,1.9073486328125e-05,1.2099742889404295e-05,99.61089494163424,0.3891050583657574,257,False,3079
XP_009302535,XP_056319096,0.000104010105133,random,,False,False,True,False,0.000104010105133,0.0001266598701477,6.216764450073242e-05,4.202127456665039e-05,1.8894672393798828e-05,99.06396255850234,0.9360374414976604,641,False,3080
XP_005164173,XP_056309983,0.0001030564308166,random,,False,False,True,False,0.0001029968261718,9.930133819580078e-05,6.568431854248047e-05,5.0961971282958984e-05,1.3113021850585938e-05,99.45054945054945,0.5494505494505546,364,False,3081
NP_001116327,XP_056307486,0.0001029968261718,stratified,,True,False,False,False,0.0001030564308166,0.0001015067100524,5.352497100830078e-05,2.8789043426513672e-05,2.110004425048828e-05,99.45553539019964,0.5444646098003574,551,False,3082
XP_073810080,XP_056315711,0.0001025795936584,stratified,,True,False,False,False,0.0002711415290832,0.0004042983055114,0.0002453923225402,0.0001779794692993,3.9577484130859375e-05,96.93325315694528,3.066746843054716,1662,False,3083
XP_073788498,XP_056336882,0.0001020431518554,random,,False,False,True,False,0.0001021027565002,0.0001246929168701,9.965896606445312e-05,2.264976501464844e-05,6.347894668579102e-05,98.6013986013986,1.3986013986014,286,False,3084
XP_005160627,XP_056336883,0.0001020431518554,stratified,,True,False,False,False,0.0001021027565002,0.0001246929168701,9.965896606445312e-05,2.264976501464844e-05,6.347894668579102e-05,98.6013986013986,1.3986013986014,286,False,3085
NP_001077045,XP_056329208,0.0001019239425659,stratified,,True,False,False,False,0.0001017451286315,8.630752563476562e-05,5.835294723510742e-05,4.00543212890625e-05,1.7344951629638672e-05,99.00471451021475,0.9952854897852461,1909,False,3086
NP_998628,XP_056325223,0.0001018047332763,random,,False,False,True,False,0.0001015663146972,9.185075759887697e-05,6.151199340820312e-05,5.316734313964844e-05,4.279613494873047e-05,98.59762675296656,1.402373247033438,926,False,3087
XP_073808384,XP_056313955,0.0001018047332763,stratified;random,,True,False,True,False,0.0001018643379211,4.422664642333984e-05,6.461143493652344e-05,1.633167266845703e-05,7.987022399902344e-06,99.46902654867256,0.5309734513274407,565,False,3088
XP_684264,XP_056313955,0.0001018047332763,stratified,,True,False,False,False,0.0001018643379211,4.422664642333984e-05,6.461143493652344e-05,1.633167266845703e-05,7.987022399902344e-06,99.46902654867256,0.5309734513274407,565,False,3089
NP_571222,XP_056331185,0.0001013875007629,stratified,,True,False,False,False,0.0001013875007629,0.0001048445701599,6.812810897827148e-05,5.054473876953125e-05,1.0073184967041016e-05,99.29328621908128,0.7067137809187187,283,False,3090
XP_073801040,XP_056310215,0.0001012086868286,random,,False,False,True,False,0.0001015067100524,6.049871444702149e-05,6.717443466186523e-05,4.094839096069336e-05,5.662441253662109e-06,99.55257270693512,0.4474272930648766,447,False,3091
NP_001116764,XP_056320024,0.0001008510589599,stratified,,True,False,False,False,0.0001012086868286,0.0001490116119384,8.589029312133789e-05,0.0003339052200317,1.0788440704345705e-05,99.11894273127751,0.8810572687224862,908,False,3092
XP_693394,XP_056309245,0.0001007318496704,random,,False,False,True,False,0.0001003742218017,6.365776062011719e-05,3.1054019927978516e-05,2.962350845336914e-05,9.59634780883789e-06,99.30191972076788,0.6980802792321157,573,False,3093
XP_021329517,XP_056308184,0.0001001358032226,stratified,,True,False,False,False,0.0001000761985778,7.104873657226562e-05,6.568431854248047e-05,3.921985626220703e-05,1.2099742889404295e-05,98.89830508474576,1.1016949152542423,1180,False,3094
NP_001038410,XP_056319906,9.948015213012697e-05,random,,False,False,True,False,9.942054748535156e-05,9.369850158691406e-05,4.83393669128418e-05,2.4616718292236328e-05,7.450580596923828e-06,98.91304347826087,1.0869565217391255,1196,False,3095
NP_998521,XP_056332263,9.948015213012697e-05,stratified,,True,False,False,False,9.948015213012697e-05,9.775161743164062e-05,3.5643577575683594e-05,2.3365020751953125e-05,5.245208740234375e-06,98.9983305509182,1.0016694490818026,599,False,3096
XP_073787546,XP_056335384,9.876489639282228e-05,random,,False,False,True,False,9.888410568237303e-05,0.0001140832901,4.875659942626953e-05,3.0994415283203125e-05,5.543231964111328e-06,99.04580152671755,0.954198473282446,1048,False,3097
XP_005173247,XP_056328607,9.828805923461914e-05,random,,False,False,True,False,9.85264778137207e-05,9.1552734375e-05,4.887580871582031e-05,2.9265880584716797e-05,8.821487426757812e-06,99.01960784313724,0.9803921568627629,1224,False,3098
XP_073794842,XP_056305483,9.816884994506836e-05,stratified,,True,False,False,False,9.840726852416992e-05,7.444620132446289e-05,5.996227264404297e-05,3.88026237487793e-05,1.1622905731201172e-05,99.12280701754386,0.8771929824561369,456,False,3099
XP_073788309,XP_056337632,9.739398956298828e-05,random,,False,False,True,False,9.739398956298828e-05,0.0001707673072814,0.000112235546112,4.988908767700195e-05,1.3113021850585938e-05,99.38271604938272,0.6172839506172778,324,False,3100
XP_021326924,XP_056331728,9.679794311523438e-05,stratified,,True,False,False,False,9.691715240478516e-05,7.778406143188477e-05,3.981590270996094e-05,3.838539123535156e-05,8.046627044677734e-06,98.30383480825958,1.6961651917404197,1355,False,3101
NP_957275,XP_056327761,9.673833847045898e-05,stratified,,True,False,False,False,9.679794311523438e-05,5.918741226196289e-05,4.839897155761719e-05,3.600120544433594e-05,6.973743438720703e-06,99.2887624466572,0.7112375533427979,703,False,3102
XP_073802989,XP_056312153,9.632110595703124e-05,random,,False,False,True,False,9.649991989135742e-05,0.0001126527786254,7.474422454833984e-05,3.522634506225586e-05,1.33514404296875e-05,99.07192575406032,0.9280742459396834,862,False,3103
XP_073810074,XP_056315711,9.578466415405272e-05,random,,False,False,True,False,0.000124454498291,0.0001757144927978,0.0001037716865539,4.267692565917969e-05,1.4960765838623049e-05,97.53457606734815,2.465423932651845,1662,False,3104
XP_697365,XP_056317467,9.560585021972656e-05,random,,False,False,True,False,9.554624557495116e-05,0.0001000165939331,6.586313247680664e-05,7.337331771850586e-05,4.2557716369628906e-05,99.39759036144578,0.6024096385542208,332,False,3105
XP_005174261,XP_056306886,9.5367431640625e-05,random,,False,False,True,False,9.518861770629884e-05,0.0001539587974548,6.335973739624023e-05,3.612041473388672e-05,1.0371208190917969e-05,99.32432432432432,0.6756756756756772,444,False,3106
NP_957168,XP_056325170,9.524822235107422e-05,stratified,,True,False,False,False,9.554624557495116e-05,5.537271499633789e-05,3.540515899658203e-05,4.416704177856445e-05,5.066394805908203e-06,99.38800489596083,0.6119951040391669,817,False,3107
XP_005173170,XP_056327757,9.489059448242188e-05,stratified,,True,False,False,False,9.47117805480957e-05,5.6803226470947266e-05,4.7087669372558594e-05,3.4689903259277344e-05,6.854534149169922e-06,99.29676511954992,0.7032348804500828,711,False,3108
XP_009292473,XP_056335152,9.489059448242188e-05,random,,False,False,True,False,9.524822235107422e-05,6.99162483215332e-05,3.343820571899414e-05,5.060434341430664e-05,1.2159347534179688e-05,99.01153212520592,0.9884678747940825,607,False,3109
NP_001025346,XP_056327055,9.447336196899414e-05,stratified,,True,False,False,False,9.459257125854492e-05,8.696317672729492e-05,6.276369094848633e-05,7.683038711547852e-05,8.52346420288086e-06,99.5575221238938,0.4424778761061958,226,False,3110
XP_017208249,XP_056302718,9.423494338989258e-05,stratified,,True,False,False,False,9.459257125854492e-05,9.03606414794922e-05,5.7578086853027344e-05,0.0001715421676635,0.0030482411384582,99.36034115138592,0.6396588486140757,469,True,3111
XP_005171317,XP_056334571,9.351968765258788e-05,random,,False,False,True,False,9.351968765258788e-05,0.000106394290924,3.761053085327149e-05,4.506111145019531e-05,1.9490718841552734e-05,99.04552129221732,0.954478707782684,1362,False,3112
NP_001002333,XP_056328487,9.28640365600586e-05,random,,False,False,True,False,9.27448272705078e-05,7.385015487670898e-05,4.3272972106933594e-05,7.021427154541016e-05,9.298324584960938e-06,99.66887417218544,0.3311258278145601,302,False,3113
NP_001121818,XP_056319496,9.28044319152832e-05,stratified,,True,False,False,False,9.232759475708008e-05,6.455183029174805e-05,5.561113357543945e-05,3.975629806518555e-05,7.450580596923828e-06,99.22680412371136,0.7731958762886393,776,False,3114
XP_698473,XP_056329412,9.238719940185548e-05,stratified,,True,False,False,False,9.238719940185548e-05,0.0001887679100036,7.241964340209961e-05,6.16908073425293e-05,4.380941390991211e-05,98.51485148514853,1.485148514851474,404,False,3115
XP_005157530,XP_056329651,9.226799011230467e-05,stratified,,True,False,False,False,9.226799011230467e-05,8.189678192138672e-05,3.999471664428711e-05,0.0001139640808105,2.4020671844482425e-05,99.54648526077098,0.4535147392290213,441,False,3116
XP_073805961,XP_056314680,9.185075759887697e-05,random,,False,False,True,False,9.196996688842772e-05,6.532669067382812e-05,8.83936882019043e-05,3.8564205169677734e-05,2.47955322265625e-05,99.29278642149929,0.7072135785007134,707,False,3117
NP_001002330,XP_056309356,9.167194366455078e-05,stratified,,True,False,False,False,9.173154830932616e-05,0.0001136064529418,0.0001121759414672,8.231401443481445e-05,1.2636184692382812e-05,99.47368421052632,0.526315789473685,380,False,3118
XP_005172094,XP_056314844,9.131431579589844e-05,random,,False,False,True,False,9.143352508544922e-05,8.83340835571289e-05,4.57763671875e-05,3.4689903259277344e-05,7.033348083496094e-06,99.15356711003628,0.8464328899637223,827,False,3119
XP_005172094,XP_056314843,9.131431579589844e-05,stratified,,True,False,False,False,9.143352508544922e-05,8.83340835571289e-05,4.57763671875e-05,3.4689903259277344e-05,7.033348083496094e-06,99.15356711003628,0.8464328899637223,827,False,3120
XP_009293034,XP_056336993,9.09566879272461e-05,stratified,,True,False,False,False,9.09566879272461e-05,9.28640365600586e-05,3.9577484130859375e-05,1.6391277313232422e-05,7.152557373046875e-06,98.3835005574136,1.6164994425864023,1789,False,3121
XP_009292987,XP_056337571,9.09566879272461e-05,stratified,,True,False,False,False,9.059906005859376e-05,8.422136306762695e-05,8.45789909362793e-05,3.987550735473633e-05,1.6033649444580078e-05,98.875,1.125,799,False,3122
XP_021331027,XP_056318845,9.071826934814452e-05,stratified,,True,False,False,False,9.053945541381836e-05,0.0002194643020629,0.000106930732727,3.170967102050781e-05,4.112720489501953e-06,99.2070484581498,0.7929515418502007,1135,False,3123
NP_001038407,XP_056337301,9.042024612426758e-05,random,,False,False,True,False,9.053945541381836e-05,6.556510925292969e-05,7.396936416625977e-05,2.574920654296875e-05,3.2901763916015625e-05,98.61796643632772,1.3820335636722803,1013,False,3124
NP_001103954,XP_056303033,8.988380432128906e-05,random,,False,False,True,False,8.994340896606445e-05,0.0002643465995788,6.395578384399414e-05,5.036592483520508e-05,2.580881118774414e-05,98.85496183206106,1.1450381679389352,524,False,3125
NP_957166,XP_056326056,8.946657180786133e-05,stratified,,True,False,False,False,8.952617645263672e-05,8.654594421386719e-05,3.761053085327149e-05,5.036592483520508e-05,1.1801719665527344e-05,99.10514541387025,0.8948545861297532,447,False,3126
XP_005160594,XP_056336764,8.83340835571289e-05,stratified,,True,False,False,False,0.0001679062843322,8.83340835571289e-05,9.500980377197266e-05,0.0001658201217651,2.4437904357910156e-05,97.76915615906888,2.230843840931115,3200,False,3127
XP_005167171,XP_056319571,8.827447891235352e-05,random,,False,False,True,False,8.845329284667969e-05,5.745887756347656e-05,6.270408630371094e-05,2.2590160369873047e-05,1.3768672943115234e-05,99.33862433862434,0.6613756613756578,756,False,3128
XP_073810415,XP_056316041,8.779764175415039e-05,stratified,,True,False,False,False,0.0001144409179687,0.0002623796463012,0.000301718711853,4.64320182800293e-05,2.7835369110107425e-05,98.88132295719844,1.1186770428015649,2065,False,3129
NP_001038254,XP_056314088,8.767843246459961e-05,stratified,,True,False,False,False,8.7738037109375e-05,0.0001164078712463,7.545948028564453e-05,4.3451786041259766e-05,6.973743438720703e-06,99.7979797979798,0.20202020202019355,495,False,3130
XP_021333146,XP_056317016,8.726119995117188e-05,stratified,,True,False,False,False,8.738040924072266e-05,0.0001268982887268,0.0001009702682495,4.601478576660156e-05,1.2218952178955078e-05,99.35897435897436,0.6410256410256352,624,False,3131
XP_073794773,XP_056305370,8.726119995117188e-05,stratified,,True,False,False,False,8.71419906616211e-05,9.709596633911131e-05,0.0001087188720703,2.7358531951904297e-05,5.269050598144531e-05,98.9090909090909,1.0909090909090935,550,False,3132
NP_001032750,XP_056304106,8.64863395690918e-05,stratified,,True,False,False,False,8.83936882019043e-05,5.239248275756836e-05,3.510713577270508e-05,4.041194915771485e-05,1.531839370727539e-05,99.2,0.7999999999999972,625,False,3133
XP_009298429,XP_056311806,8.636713027954102e-05,stratified,,True,False,False,False,8.64863395690918e-05,6.908178329467773e-05,6.61015510559082e-05,4.8100948333740234e-05,9.775161743164062e-06,99.38488576449912,0.615114235500883,1138,False,3134
XP_009295153,XP_056305226,8.618831634521484e-05,stratified,,True,False,False,False,8.64267349243164e-05,5.364418029785156e-05,4.887580871582031e-05,8.243322372436523e-05,7.68899917602539e-06,99.27385892116185,0.7261410788381539,964,False,3135
XP_009298423,XP_056311803,8.594989776611328e-05,stratified,,True,False,False,False,8.577108383178711e-05,5.78761100769043e-05,5.9604644775390625e-05,4.476308822631836e-05,9.59634780883789e-06,99.39914163090128,0.6008583690987166,1165,False,3136
XP_001337205,XP_056317926,8.577108383178711e-05,stratified,,True,False,False,False,8.606910705566406e-05,7.969141006469727e-05,4.315376281738281e-05,2.4497509002685547e-05,1.245737075805664e-05,99.3455497382199,0.6544502617800987,764,False,3137
XP_073787244,XP_056335520,8.553266525268555e-05,stratified,,True,False,False,False,8.565187454223633e-05,8.952617645263672e-05,8.487701416015625e-05,2.9981136322021484e-05,9.41753387451172e-06,99.14821124361158,0.8517887563884159,587,False,3138
XP_073788724,XP_056337163,8.481740951538086e-05,random,,False,False,True,False,8.45789909362793e-05,3.2007694244384766e-05,3.2961368560791016e-05,2.866983413696289e-05,5.304813385009766e-06,98.8747553816047,1.1252446183952998,2044,False,3139
NP_958447,XP_056302276,8.481740951538086e-05,random,,False,False,True,False,8.481740951538086e-05,0.0001618862152099,4.971027374267578e-05,6.312131881713867e-05,1.9490718841552734e-05,99.43502824858756,0.5649717514124433,531,False,3140
XP_009297657,XP_056309342,8.463859558105469e-05,stratified,,True,False,False,False,8.505582809448242e-05,9.125471115112303e-05,3.6716461181640625e-05,3.439188003540039e-05,8.165836334228516e-06,99.29078014184395,0.7092198581560467,1128,False,3141
XP_073809342,XP_056315308,8.445978164672852e-05,stratified,,True,False,False,False,8.416175842285156e-05,4.70280647277832e-05,6.371736526489258e-05,7.355213165283203e-05,0.0001905560493469,98.94179894179894,1.058201058201064,378,False,3142
XP_009292908,XP_056336795,8.404254913330078e-05,stratified,,True,False,False,False,8.410215377807617e-05,9.310245513916016e-05,5.227327346801758e-05,5.233287811279297e-05,7.68899917602539e-06,99.10313901345292,0.8968609865470825,892,False,3143
XP_009301752,XP_056318910,8.33272933959961e-05,stratified,,True,False,False,False,8.314847946166992e-05,0.0001088976860046,6.586313247680664e-05,2.9861927032470703e-05,1.71661376953125e-05,99.39759036144578,0.6024096385542208,332,False,3144
XP_073801015,XP_056309964,8.279085159301758e-05,stratified,,True,False,False,False,0.0007655024528503,0.0008046627044677,0.0005518794059753,0.000424325466156,0.0001941323280334,92.47515380974916,7.524846190250841,2369,False,3145
NP_001313429,XP_056332138,8.225440979003906e-05,random,,False,False,True,False,8.225440979003906e-05,5.120038986206055e-05,6.866455078125e-05,1.9609928131103516e-05,3.3736228942871094e-05,99.50980392156865,0.49019607843135304,204,False,3146
NP_956213,XP_056314609,8.219480514526367e-05,stratified,,True,False,False,False,8.189678192138672e-05,1.0251998901367188e-05,3.814697265625e-06,2.9802322387695312e-06,7.152557373046875e-07,99.89484752891693,0.10515247108307335,951,False,3147
XP_073794468,XP_056304996,8.189678192138672e-05,stratified,,True,False,False,False,8.177757263183594e-05,0.0001389980316162,0.0001257061958312,6.669759750366211e-05,1.3053417205810549e-05,99.21996879875196,0.7800312012480362,641,False,3148
XP_017208906,XP_056303301,8.106231689453125e-05,random,,False,False,True,False,6.4849853515625e-05,0.0001195669174194,6.568431854248047e-05,3.761053085327149e-05,2.467632293701172e-05,98.83211678832116,1.1678832116788413,2070,False,3149
NP_957154,XP_056330492,8.034706115722656e-05,stratified,,True,False,False,False,8.022785186767578e-05,4.982948303222656e-05,2.187490463256836e-05,1.919269561767578e-05,1.704692840576172e-05,99.5,0.5,200,False,3150
XP_073805959,XP_056314681,8.028745651245117e-05,random,,False,False,True,False,8.028745651245117e-05,6.03795051574707e-05,7.456541061401367e-05,3.4332275390625e-05,2.205371856689453e-05,99.43342776203966,0.5665722379603437,706,False,3151
XP_005167521,XP_056320739,7.963180541992188e-05,stratified,,True,False,False,False,7.95125961303711e-05,9.059906005859376e-05,7.069110870361328e-05,4.029273986816406e-05,1.5854835510253906e-05,99.3939393939394,0.6060606060605949,330,False,3152
XP_001333273,XP_056332795,7.933378219604492e-05,random,,False,False,True,False,7.927417755126953e-05,7.790327072143555e-05,0.0004842877388,0.0013611912727355,5.0187110900878906e-05,99.3517017828201,0.6482982171798994,617,False,3153
XP_005174158,XP_056305071,7.903575897216797e-05,stratified,,True,False,False,False,7.927417755126953e-05,6.306171417236328e-05,6.121397018432617e-05,3.68952751159668e-05,1.2874603271484377e-05,99.35567010309278,0.6443298969072231,776,False,3154
XP_073788744,XP_056337168,7.742643356323242e-05,random,,False,False,True,False,7.742643356323242e-05,2.968311309814453e-05,3.123283386230469e-05,2.6285648345947266e-05,5.424022674560547e-06,99.05753968253968,0.9424603174603163,2016,False,3155
XP_021334979,XP_056322151,7.730722427368164e-05,random,,False,False,True,False,7.742643356323242e-05,6.592273712158203e-05,5.4776668548583984e-05,4.1484832763671875e-05,1.919269561767578e-05,98.93283113622095,1.0671688637790453,1593,False,3156
XP_021329522,XP_056308190,7.718801498413086e-05,stratified,,True,False,False,False,7.700920104980469e-05,7.647275924682617e-05,5.793571472167969e-05,3.2901763916015625e-05,6.854534149169922e-06,98.93899204244032,1.0610079575596814,1131,False,3157
XP_005163107,XP_056307671,7.635354995727539e-05,stratified,,True,False,False,False,7.653236389160156e-05,3.3020973205566406e-05,2.944469451904297e-05,5.251169204711914e-05,1.931190490722656e-05,99.71550497866288,0.284495021337122,703,False,3158
XP_009301359,XP_056317129,7.593631744384766e-05,random,,False,False,True,False,7.69495964050293e-05,3.141164779663086e-05,1.919269561767578e-05,1.5676021575927734e-05,1.9669532775878903e-05,98.58260019550342,1.4173998044965828,2067,False,3159
XP_005173151,XP_056328636,7.593631744384766e-05,stratified,,True,False,False,False,7.587671279907227e-05,9.059906005859376e-05,3.933906555175781e-05,3.552436828613281e-05,0.0026476383209228,99.53488372093024,0.46511627906976116,215,True,3160
XP_017213227,XP_056320660,7.575750350952148e-05,random,,False,False,True,False,7.557868957519531e-05,0.0002411007881164,9.632110595703124e-05,6.133317947387695e-05,3.612041473388672e-05,98.33601717659688,1.663982823403117,1863,False,3161
XP_073791585,XP_056309731,7.468461990356445e-05,random,,False,False,True,False,7.474422454833984e-05,9.453296661376952e-05,4.744529724121094e-05,1.8775463104248047e-05,9.834766387939451e-06,99.4671403197158,0.5328596802842043,562,False,3162
XP_021334178,XP_056319006,7.450580596923828e-05,stratified,,True,False,False,False,7.474422454833984e-05,5.608797073364258e-05,4.8100948333740234e-05,3.30805778503418e-05,4.410743713378906e-06,99.55290611028316,0.4470938897168395,671,False,3163
XP_005166503,XP_056317950,7.31348991394043e-05,random,,False,False,True,False,7.337331771850586e-05,5.608797073364258e-05,3.272294998168945e-05,1.728534698486328e-05,1.055002212524414e-05,99.25,0.75,800,False,3164
XP_021330286,XP_056316198,7.30752944946289e-05,random,,False,False,True,False,7.355213165283203e-05,7.522106170654297e-05,5.5849552154541016e-05,3.898143768310547e-05,1.2576580047607422e-05,98.64864864864865,1.3513513513513544,1036,False,3165
NP_957203,XP_056314199,7.241964340209961e-05,random,,False,False,True,False,7.2479248046875e-05,5.125999450683594e-05,2.646446228027344e-05,9.119510650634766e-06,4.887580871582031e-06,99.68553459119497,0.3144654088050345,318,False,3166
NP_998655,XP_056327724,7.224082946777344e-05,stratified,,True,False,False,False,7.224082946777344e-05,5.322694778442383e-05,5.060434341430664e-05,6.657838821411133e-05,3.522634506225586e-05,98.87640449438204,1.1235955056179563,445,False,3167
XP_696967,XP_056309788,7.218122482299805e-05,random,,False,False,True,False,7.2479248046875e-05,4.029273986816406e-05,1.4543533325195312e-05,1.7464160919189453e-05,2.8014183044433594e-06,99.69325153374233,0.30674846625767316,326,False,3168
XP_005166651,XP_056318282,7.170438766479492e-05,random,,False,False,True,False,7.18832015991211e-05,5.817413330078125e-05,2.491474151611328e-05,6.413459777832031e-05,3.2186508178710938e-06,99.3103448275862,0.6896551724137936,435,False,3169
NP_001076307,XP_056301969,7.140636444091797e-05,stratified,,True,False,False,False,7.140636444091797e-05,6.139278411865234e-05,4.8220157623291016e-05,2.5331974029541016e-05,1.0251998901367188e-05,99.23011120615912,0.7698887938408774,1169,False,3170
XP_009297857,XP_056309733,7.140636444091797e-05,stratified,,True,False,False,False,7.140636444091797e-05,7.265806198120117e-05,3.063678741455078e-05,2.211332321166992e-05,9.298324584960938e-06,99.4671403197158,0.5328596802842043,563,False,3171
XP_005170542,XP_056303223,7.05718994140625e-05,random,,False,False,True,False,7.039308547973633e-05,7.510185241699219e-05,5.251169204711914e-05,3.314018249511719e-05,1.347064971923828e-05,99.50413223140497,0.49586776859503345,605,False,3172
XP_009295103,XP_056304907,7.033348083496094e-05,stratified,,True,False,False,False,7.021427154541016e-05,8.887052536010742e-05,5.1021575927734375e-05,3.2067298889160156e-05,4.631280899047851e-05,99.22848664688428,0.7715133531157221,1685,False,3173
XP_009305639,XP_056326576,7.027387619018555e-05,random,,False,False,True,False,7.009506225585938e-05,7.700920104980469e-05,4.07099723815918e-05,1.9431114196777344e-05,6.616115570068359e-06,99.8158379373849,0.18416206261510126,543,False,3174
XP_017210541,XP_056311640,6.973743438720703e-05,stratified,,True,False,False,False,6.967782974243164e-05,9.834766387939452e-05,7.778406143188477e-05,4.184246063232422e-05,1.156330108642578e-05,99.21935987509758,0.7806401249024191,1281,False,3175
NP_571039,XP_056318807,6.943941116333008e-05,random,,False,False,True,False,6.967782974243164e-05,4.953145980834961e-05,2.473592758178711e-05,2.300739288330078e-05,4.470348358154297e-06,99.72067039106145,0.2793296089385535,358,False,3176
NP_001073170,XP_056314565,6.902217864990234e-05,random,,False,False,True,False,6.902217864990234e-05,0.0002231001853942,8.440017700195312e-05,8.976459503173828e-05,1.1146068572998049e-05,99.53051643192488,0.4694835680751197,426,False,3177
XP_005161646,XP_056303220,6.830692291259766e-05,random,,False,False,True,False,6.830692291259766e-05,0.0001108646392822,3.7789344787597656e-05,8.881092071533203e-06,3.457069396972656e-06,99.64973730297724,0.3502626970227567,571,False,3178
XP_005162281,XP_056304788,6.830692291259766e-05,random,,False,False,True,False,6.80088996887207e-05,6.92605972290039e-05,5.7637691497802734e-05,4.696846008300781e-05,5.781650543212891e-06,99.42196531791907,0.5780346820809257,519,False,3179
XP_009293036,XP_056336989,6.788969039916992e-05,random,,False,False,True,False,6.777048110961914e-05,0.0001148581504821,2.8431415557861328e-05,1.883506774902344e-05,6.556510925292969e-06,98.49498327759196,1.505016722408044,1789,False,3180
NP_001038179,XP_056335710,6.783008575439453e-05,stratified,,True,False,False,False,6.74128532409668e-05,2.9146671295166016e-05,2.0802021026611328e-05,1.990795135498047e-05,2.104043960571289e-05,99.43342776203966,0.5665722379603437,1059,False,3181
NP_001002562,XP_056302112,6.759166717529297e-05,stratified,,True,False,False,False,6.777048110961914e-05,0.000110387802124,5.894899368286133e-05,4.76837158203125e-05,1.7702579498291016e-05,99.61612284069098,0.3838771593090229,521,False,3182
XP_073803244,XP_056316571,6.74128532409668e-05,random,,False,False,True,False,6.73532485961914e-05,9.709596633911131e-05,4.655122756958008e-05,3.0100345611572266e-05,6.079673767089844e-06,99.5016611295681,0.49833887043189407,602,False,3183
XP_073803244,XP_056316580,6.74128532409668e-05,stratified,,True,False,False,False,6.73532485961914e-05,9.709596633911131e-05,4.655122756958008e-05,3.0100345611572266e-05,6.079673767089844e-06,99.5016611295681,0.49833887043189407,602,False,3184
XP_073803243,XP_056316571,6.74128532409668e-05,stratified,,True,False,False,False,6.73532485961914e-05,9.709596633911131e-05,4.655122756958008e-05,3.0219554901123047e-05,6.079673767089844e-06,99.5016611295681,0.49833887043189407,602,False,3185
NP_997760,XP_056336204,6.723403930664062e-05,random,,False,False,True,False,6.693601608276367e-05,7.915496826171875e-05,0.0001348257064819,0.0003740191459655,7.212162017822266e-06,99.76415094339625,0.23584905660375455,424,False,3186
XP_001337404,XP_056317981,6.639957427978516e-05,random,,False,False,True,False,6.639957427978516e-05,0.0001541376113891,6.854534149169922e-05,4.017353057861328e-05,1.1682510375976562e-05,99.3103448275862,0.6896551724137936,725,False,3187
XP_005160097,XP_056312655,6.628036499023438e-05,stratified,,True,False,False,False,6.645917892456055e-05,8.088350296020508e-05,3.0875205993652344e-05,1.4781951904296877e-05,6.079673767089844e-06,99.4459833795014,0.5540166204986008,361,False,3188
NP_571056,XP_056334500,6.586313247680664e-05,random,,False,False,True,False,6.562471389770508e-05,0.0001382827758789,2.3365020751953125e-05,2.568960189819336e-05,6.67572021484375e-06,99.51219512195122,0.48780487804877737,820,False,3189
NP_955896,XP_056318641,6.586313247680664e-05,stratified,,True,False,False,False,6.598234176635742e-05,8.732080459594727e-05,5.8591365814208984e-05,2.6106834411621097e-05,1.1742115020751951e-05,99.62264150943396,0.37735849056603854,265,False,3190
XP_073786291,XP_056334802,6.580352783203125e-05,stratified,,True,False,False,False,6.598234176635742e-05,4.0650367736816406e-05,2.014636993408203e-05,3.606081008911133e-05,3.933906555175781e-06,99.65556831228471,0.34443168771528576,871,False,3191
XP_021323530,XP_056335920,6.520748138427734e-05,random,,False,False,True,False,6.502866744995117e-05,5.84721565246582e-05,8.89897346496582e-05,4.673004150390625e-05,1.1444091796875e-05,99.49685534591195,0.5031446540880467,795,False,3192
XP_021324141,XP_056301516,6.42538070678711e-05,random,,False,False,True,False,6.42538070678711e-05,7.033348083496094e-05,3.635883331298828e-05,3.314018249511719e-05,2.419948577880859e-05,99.3987975951904,0.6012024048095981,998,False,3193
NP_778258,XP_056333812,6.413459777832031e-05,stratified,,True,False,False,False,6.41942024230957e-05,4.661083221435547e-05,6.186962127685547e-05,3.606081008911133e-05,1.627206802368164e-05,99.76359338061464,0.23640661938536311,423,False,3194
XP_002665395,XP_056334762,6.407499313354492e-05,random,,False,False,True,False,6.41942024230957e-05,2.920627593994141e-05,1.3947486877441406e-05,1.5676021575927734e-05,3.814697265625e-06,99.52229299363056,0.4777070063694424,1256,False,3195
XP_005171029,XP_056312603,6.288290023803711e-05,stratified,,True,False,False,False,6.270408630371094e-05,9.262561798095704e-05,4.935264587402344e-05,2.2470951080322266e-05,3.814697265625e-06,99.19816723940436,0.8018327605956443,1746,False,3196
XP_001345114,XP_056302607,6.103515625e-05,stratified,,True,False,False,False,6.085634231567383e-05,5.316734313964844e-05,1.8358230590820312e-05,2.086162567138672e-05,8.225440979003906e-06,99.53271028037383,0.46728971962616583,642,False,3197
XP_021334426,XP_056335361,6.085634231567383e-05,random,,False,False,True,False,6.073713302612305e-05,9.387731552124023e-05,5.495548248291016e-05,3.0934810638427734e-05,9.238719940185549e-06,99.60474308300395,0.3952569169960469,506,False,3198
NP_955891,XP_056337088,5.984306335449219e-05,stratified,,True,False,False,False,5.990266799926758e-05,7.069110870361328e-05,3.451108932495117e-05,0.000170350074768,1.728534698486328e-05,99.10913140311804,0.8908685968819583,898,False,3199
XP_005165827,XP_056315540,5.835294723510742e-05,random,,False,False,True,False,5.8650970458984375e-05,5.042552947998047e-05,2.9385089874267575e-05,3.7550926208496094e-05,8.64267349243164e-06,99.29929929929928,0.7007007007007218,1998,False,3200
NP_001074171,XP_056337555,5.817413330078125e-05,random,,False,False,True,False,5.793571472167969e-05,3.081560134887695e-05,2.8967857360839844e-05,0.0001077055931091,1.341104507446289e-05,99.66101694915254,0.3389830508474603,295,False,3201
XP_009293035,XP_056336992,5.7578086853027344e-05,stratified,,True,False,False,False,5.751848220825195e-05,6.967782974243164e-05,3.439188003540039e-05,1.537799835205078e-05,8.344650268554688e-06,98.3835005574136,1.6164994425864023,1787,False,3202
XP_021332861,XP_056316101,5.751848220825195e-05,random,,False,False,True,False,0.0079964399337768,0.0070379376411437,0.0057805776596069,0.0040363669395446,0.0016510486602783,66.8141592920354,33.1858407079646,678,False,3203
NP_001007435,XP_056309678,5.644559860229492e-05,stratified,,True,False,False,False,5.638599395751953e-05,8.004903793334961e-05,5.0187110900878906e-05,3.62396240234375e-05,7.62939453125e-06,99.01315789473684,0.9868421052631646,304,False,3204
XP_005165191,XP_056313681,5.632638931274414e-05,stratified,,True,False,False,False,5.650520324707031e-05,6.604194641113281e-05,0.0001842379570007,0.0001060366630554,7.456541061401367e-05,99.0,1.0,400,False,3205
NP_001122238,XP_056314113,5.632638931274414e-05,random,,False,False,True,False,5.632638931274414e-05,5.882978439331055e-05,4.482269287109375e-05,2.4080276489257812e-05,7.921457290649414e-05,99.33110367892976,0.6688963210702354,299,False,3206
XP_073786633,XP_056335702,5.626678466796875e-05,stratified,,True,False,False,False,5.59687614440918e-05,3.141164779663086e-05,2.7298927307128903e-05,1.4483928680419922e-05,7.271766662597656e-06,99.48186528497408,0.5181347150259228,386,False,3207
XP_073786632,XP_056335702,5.626678466796875e-05,stratified,,True,False,False,False,5.59687614440918e-05,3.141164779663086e-05,2.7298927307128903e-05,1.4483928680419922e-05,7.271766662597656e-06,99.48186528497408,0.5181347150259228,386,False,3208
XP_005165205,XP_056313487,5.608797073364258e-05,stratified,,True,False,False,False,5.608797073364258e-05,4.351139068603515e-05,2.8908252716064453e-05,2.1159648895263672e-05,9.953975677490234e-06,99.43872778297474,0.5612722170252624,1069,False,3209
XP_009295647,XP_056306777,5.602836608886719e-05,random,,False,False,True,False,5.5909156799316406e-05,5.179643630981445e-05,2.1696090698242188e-05,1.996755599975586e-05,3.039836883544922e-06,99.72936400541272,0.2706359945872805,739,False,3210
NP_001001889,XP_056335154,5.5849552154541016e-05,stratified,,True,False,False,False,5.5789947509765625e-05,6.014108657836914e-05,5.602836608886719e-05,7.778406143188477e-05,5.185604095458984e-06,99.61439588688944,0.38560411311055987,778,False,3211
XP_009292375,XP_056336017,5.567073822021485e-05,stratified,,True,False,False,False,5.5730342864990234e-05,0.0001072883605957,4.589557647705078e-05,6.61015510559082e-05,5.9604644775390625e-06,99.47916666666669,0.5208333333333144,192,False,3212
XP_073799416,XP_056307619,5.53131103515625e-05,random,,False,False,True,False,0.0001258254051208,0.0001226067543029,5.829334259033203e-05,3.3974647521972656e-05,7.62939453125e-06,98.43837144450642,1.5616285554935843,1792,False,3213
NP_001018370,XP_056332144,5.4895877838134766e-05,stratified,,True,False,False,False,5.459785461425781e-05,6.0558319091796875e-05,3.129243850708008e-05,3.55839729309082e-05,1.2576580047607422e-05,99.44134078212292,0.5586592178770786,179,False,3214
XP_073786625,XP_056335701,5.4717063903808594e-05,stratified,,True,False,False,False,5.4836273193359375e-05,3.069639205932617e-05,2.759695053100586e-05,1.3887882232666016e-05,6.020069122314453e-06,99.49367088607596,0.5063291139240391,395,False,3215
XP_005163348,XP_056329700,5.394220352172852e-05,stratified,,True,False,False,False,5.40614128112793e-05,8.565187454223633e-05,3.659725189208984e-05,2.264976501464844e-05,2.9802322387695312e-06,99.00867410161092,0.9913258983890785,807,False,3216
XP_009298079,XP_056309082,5.358457565307617e-05,stratified,,True,False,False,False,5.364418029785156e-05,0.0001294612884521,3.612041473388672e-05,2.4497509002685547e-05,1.436471939086914e-05,99.5744680851064,0.42553191489359676,470,False,3217
XP_005157853,XP_056330318,5.340576171875e-05,random,,False,False,True,False,5.328655242919922e-05,5.799531936645508e-05,7.87973403930664e-05,7.873773574829102e-05,1.0728836059570312e-05,99.288256227758,0.7117437722420021,281,False,3218
XP_073809257,XP_056316340,5.269050598144531e-05,random,,False,False,True,False,5.245208740234375e-05,0.0002099275588989,8.374452590942383e-05,5.221366882324219e-05,2.694129943847656e-05,99.442119944212,0.5578800557880044,717,False,3219
XP_073809248,XP_056316340,5.269050598144531e-05,stratified,,True,False,False,False,5.245208740234375e-05,0.0002099275588989,8.374452590942383e-05,5.221366882324219e-05,2.694129943847656e-05,99.442119944212,0.5578800557880044,717,False,3220
XP_005172350,XP_056317331,5.197525024414063e-05,stratified,,True,False,False,False,4.935264587402344e-05,4.249811172485352e-05,3.4332275390625e-05,1.8775463104248047e-05,8.106231689453125e-06,98.87585532746824,1.1241446725317559,2097,False,3221
XP_073805957,XP_056314680,5.197525024414063e-05,stratified,,True,False,False,False,5.167722702026367e-05,6.306171417236328e-05,6.467103958129883e-05,2.4616718292236328e-05,1.0192394256591795e-05,99.43422913719944,0.5657708628005622,707,False,3222
NP_001296760,XP_056333905,5.197525024414063e-05,stratified,,True,False,False,False,5.2094459533691406e-05,4.673004150390625e-05,4.851818084716797e-05,3.331899642944336e-05,2.0742416381835938e-05,99.48453608247422,0.5154639175257785,776,False,3223
XP_009304936,XP_056317320,5.185604095458984e-05,random,,False,False,True,False,5.185604095458984e-05,6.711483001708984e-05,2.157688140869141e-05,1.6987323760986328e-05,1.990795135498047e-05,99.81949458483754,0.18050541516245744,554,False,3224
NP_001116750,XP_056334431,5.179643630981445e-05,stratified,,True,False,False,False,5.173683166503906e-05,3.045797348022461e-05,3.427267074584961e-05,1.6748905181884766e-05,5.0067901611328125e-06,99.53703703703704,0.4629629629629619,648,False,3225
NP_001191083,XP_056302560,5.0187110900878906e-05,random,,False,False,True,False,5.012750625610352e-05,3.069639205932617e-05,1.8715858459472656e-05,1.0073184967041016e-05,2.86102294921875e-06,99.51219512195122,0.48780487804877737,410,False,3226
XP_005170755,XP_056307491,4.988908767700195e-05,stratified,,True,False,False,False,4.9948692321777344e-05,0.0001834034919738,2.8789043426513672e-05,7.867813110351562e-06,0.0001242160797119,99.37662337662336,0.6233766233766431,1925,True,3227
XP_073794088,XP_056304845,4.953145980834961e-05,stratified,,True,False,False,False,4.965066909790039e-05,8.809566497802734e-05,4.4345855712890625e-05,3.445148468017578e-05,2.419948577880859e-05,99.40828402366864,0.5917159763313578,507,False,3228
XP_021323665,XP_056335695,4.929304122924805e-05,stratified,,True,False,False,False,4.941225051879883e-05,2.7298927307128903e-05,2.8133392333984375e-05,1.341104507446289e-05,6.258487701416016e-06,99.51807228915662,0.4819277108433795,415,False,3229
NP_001292496,XP_056332767,4.905462265014648e-05,stratified,,True,False,False,False,4.905462265014648e-05,9.375810623168944e-05,3.1113624572753906e-05,4.857778549194336e-05,3.2782554626464844e-05,99.5008319467554,0.49916805324460256,601,False,3230
XP_021324037,XP_056337085,4.792213439941406e-05,stratified,,True,False,False,False,4.774332046508789e-05,2.759695053100586e-05,1.3053417205810549e-05,2.9981136322021484e-05,3.039836883544922e-06,99.6742671009772,0.3257328990227961,921,False,3231
XP_005173299,XP_056327629,4.619359970092773e-05,random,,False,False,True,False,4.64320182800293e-05,4.756450653076172e-05,2.9385089874267575e-05,2.1636486053466797e-05,1.0669231414794922e-05,99.53703703703704,0.4629629629629619,432,False,3232
XP_073785725,XP_056333915,4.589557647705078e-05,random,,False,False,True,False,4.494190216064453e-05,2.193450927734375e-05,1.5735626220703125e-05,1.710653305053711e-05,6.556510925292969e-06,99.31573802541544,0.6842619745845582,2600,False,3233
XP_073802654,XP_056311689,4.416704177856445e-05,stratified,,True,False,False,False,4.410743713378906e-05,2.801418304443359e-05,1.1444091796875e-05,6.139278411865234e-06,2.562999725341797e-06,99.86754966887418,0.13245033112582405,755,False,3234
XP_021324672,XP_056309269,4.273653030395508e-05,stratified,,True,False,False,False,4.297494888305664e-05,3.36766242980957e-05,1.323223114013672e-05,2.3365020751953125e-05,9.834766387939451e-06,99.23413566739606,0.7658643326039396,914,False,3235
XP_009302369,XP_056319257,4.2438507080078125e-05,stratified,,True,False,False,False,4.2557716369628906e-05,4.6372413635253906e-05,2.8789043426513672e-05,2.747774124145508e-05,1.811981201171875e-05,99.25876010781673,0.7412398921832732,1484,False,3236
NP_991119,XP_056323359,4.035234451293945e-05,random,,False,False,True,False,4.017353057861328e-05,3.635883331298828e-05,7.241964340209961e-05,8.386373519897461e-05,1.811981201171875e-05,99.5085995085995,0.4914004914004977,407,False,3237
XP_073791603,XP_056321118,4.017353057861328e-05,stratified,,True,False,False,False,4.011392593383789e-05,5.567073822021485e-05,2.1457672119140625e-05,1.2874603271484377e-05,6.67572021484375e-06,99.43396226415096,0.5660377358490365,530,False,3238
NP_938152,XP_056309298,4.011392593383789e-05,stratified,,True,False,False,False,4.017353057861328e-05,9.042024612426758e-05,3.349781036376953e-05,2.211332321166992e-05,4.231929779052734e-06,99.00552486187846,0.994475138121544,905,False,3239
XP_001333587,XP_056333313,3.856420516967773e-05,stratified,,True,False,False,False,3.832578659057617e-05,4.029273986816406e-05,1.6927719116210938e-05,6.496906280517578e-06,3.3974647521972656e-06,99.60278053624629,0.3972194637537143,1007,False,3240
NP_001296394,XP_056312462,3.802776336669922e-05,random,,False,False,True,False,4.5418739318847656e-05,3.081560134887695e-05,3.272294998168945e-05,1.4901161193847656e-05,1.0728836059570312e-05,98.97360703812316,1.0263929618768373,2268,False,3241
XP_073785378,XP_056334730,3.790855407714844e-05,random,,False,False,True,False,3.981590270996094e-05,2.2709369659423828e-05,2.104043960571289e-05,1.9609928131103516e-05,6.139278411865234e-06,99.31607230092818,0.6839276990718162,2054,False,3242
NP_998088,XP_056317014,3.7550926208496094e-05,stratified,,True,False,False,False,3.713369369506836e-05,4.786252975463867e-05,3.796815872192383e-05,6.347894668579102e-05,4.5299530029296875e-06,99.624765478424,0.37523452157600445,533,False,3243
XP_073797834,XP_056309615,3.701448440551758e-05,stratified,,True,False,False,False,3.6776065826416016e-05,1.984834671020508e-05,2.211332321166992e-05,2.1219253540039062e-05,4.887580871582031e-06,99.84984984984985,0.15015015015015365,666,False,3244
XP_073797832,XP_056309615,3.701448440551758e-05,stratified,,True,False,False,False,3.6776065826416016e-05,1.990795135498047e-05,2.211332321166992e-05,2.1219253540039062e-05,4.887580871582031e-06,99.84984984984985,0.15015015015015365,666,False,3245
XP_073797882,XP_056309617,3.6776065826416016e-05,stratified,,True,False,False,False,3.6776065826416016e-05,2.0742416381835938e-05,2.2351741790771484e-05,2.086162567138672e-05,5.304813385009766e-06,99.84825493171472,0.15174506828527967,659,False,3246
XP_073802030,XP_056311561,3.5643577575683594e-05,stratified,,True,False,False,False,3.594160079956055e-05,6.347894668579102e-05,2.2709369659423828e-05,2.294778823852539e-05,5.245208740234375e-06,99.76133651551312,0.23866348448687802,419,False,3247
XP_021324481,XP_056302117,3.4928321838378906e-05,random,,False,False,True,False,3.4749507904052734e-05,4.4286251068115234e-05,3.659725189208984e-05,1.5020370483398438e-05,4.589557647705078e-06,99.79296066252589,0.2070393374741144,483,False,3248
XP_009295532,XP_056306204,3.4749507904052734e-05,random,,False,False,True,False,3.4809112548828125e-05,0.0002683997154235,2.5987625122070312e-05,2.6166439056396484e-05,8.64267349243164e-06,99.23761118170268,0.7623888182973246,787,False,3249
XP_005168948,XP_056317600,3.457069396972656e-05,random,,False,False,True,False,3.4809112548828125e-05,2.6106834411621097e-05,1.6629695892333984e-05,1.3053417205810549e-05,8.285045623779297e-06,99.56989247311829,0.43010752688171294,930,False,3250
XP_021329438,XP_056307173,3.457069396972656e-05,random,,False,False,True,False,3.4809112548828125e-05,1.901388168334961e-05,3.266334533691406e-05,7.712841033935547e-05,3.3974647521972656e-06,99.58711808422792,0.41288191577207556,1211,False,3251
XP_005164162,XP_056309853,3.409385681152344e-05,random,,False,False,True,False,3.3974647521972656e-05,5.435943603515625e-05,6.639957427978516e-05,0.0003540515899658,2.491474151611328e-05,99.60629921259844,0.39370078740155634,508,False,3252
XP_073798816,XP_056307698,3.403425216674805e-05,random,,False,False,True,False,3.427267074584961e-05,4.51207160949707e-05,2.676248550415039e-05,2.819299697875977e-05,0.0015949010848999,99.51219512195122,0.48780487804877737,615,True,3253
XP_073798394,XP_056307791,3.3795833587646484e-05,stratified,,True,False,False,False,3.3855438232421875e-05,3.9517879486083984e-05,1.0967254638671877e-05,8.165836334228516e-06,3.0994415283203125e-06,99.52076677316292,0.47923322683708136,626,False,3254
XP_686077,XP_056305672,3.3736228942871094e-05,random,,False,False,True,False,3.2901763916015625e-05,4.07099723815918e-05,1.4901161193847656e-05,1.829862594604492e-05,3.695487976074219e-06,99.7134670487106,0.28653295128940215,1047,False,3255
XP_073802457,XP_056319378,3.349781036376953e-05,stratified,,True,False,False,False,3.361701965332031e-05,4.7147274017333984e-05,1.728534698486328e-05,1.0073184967041016e-05,2.384185791015625e-06,99.71671388101984,0.28328611898015765,353,False,3256
XP_073793421,XP_056309227,3.2901763916015625e-05,stratified,,True,False,False,False,3.2901763916015625e-05,4.494190216064453e-05,2.193450927734375e-05,0.0001247525215148,6.496906280517578e-06,99.7452229299363,0.254777070063696,785,False,3257
XP_021326032,XP_056306492,3.24249267578125e-05,stratified,,True,False,False,False,3.260374069213867e-05,1.9490718841552734e-05,2.193450927734375e-05,1.341104507446289e-05,1.0728836059570312e-06,99.79550102249488,0.2044989775051249,489,False,3258
XP_073802348,XP_056319350,3.039836883544922e-05,stratified,,True,False,False,False,3.0338764190673828e-05,3.921985626220703e-05,1.71661376953125e-05,9.179115295410156e-06,2.205371856689453e-06,99.73045822102426,0.2695417789757357,371,False,3259
XP_017209404,XP_056306491,3.0219554901123047e-05,stratified,,True,False,False,False,2.9921531677246097e-05,1.8715858459472656e-05,2.1755695343017575e-05,1.52587890625e-05,1.9073486328125e-06,99.8,0.20000000000000284,500,False,3260
NP_998664,XP_056312497,3.0159950256347656e-05,stratified,,True,False,False,False,3.0219554901123047e-05,3.3915042877197266e-05,2.9325485229492188e-05,4.023313522338867e-05,1.1205673217773438e-05,99.74619289340102,0.253807106598984,394,False,3261
XP_009299818,XP_056313939,2.9861927032470703e-05,random,,False,False,True,False,2.9861927032470703e-05,5.9545040130615234e-05,3.832578659057617e-05,3.272294998168945e-05,3.814697265625e-06,99.6268656716418,0.3731343283582049,536,False,3262
XP_021324176,XP_056301255,2.9802322387695312e-05,stratified,,True,False,False,False,2.9802322387695312e-05,2.7894973754882812e-05,2.47955322265625e-05,4.971027374267578e-05,4.470348358154297e-06,99.6845425867508,0.31545741324920584,317,False,3263
XP_009295738,XP_056306125,2.938508987426757e-05,stratified,,True,False,False,False,2.950429916381836e-05,3.820657730102539e-05,2.956390380859375e-05,2.6345252990722656e-05,1.96695327758789e-06,99.60975609756098,0.39024390243902474,1025,False,3264
XP_009301473,XP_056317642,2.9325485229492188e-05,stratified;random,,True,False,True,False,2.9146671295166016e-05,3.886222839355469e-05,2.384185791015625e-05,8.702278137207031e-06,9.179115295410156e-06,99.74059662775616,0.25940337224383825,771,False,3265
NP_956021,XP_056337474,2.920627593994141e-05,random,,False,False,True,False,2.8908252716064453e-05,2.6106834411621097e-05,1.4483928680419922e-05,2.366304397583008e-05,2.9206275939941406e-06,99.34640522875816,0.653594771241842,459,False,3266
NP_571446,XP_056313661,2.902746200561523e-05,stratified,,True,False,False,False,2.9087066650390625e-05,7.075071334838867e-05,2.9087066650390625e-05,4.631280899047851e-05,3.0100345611572266e-05,99.35483870967742,0.6451612903225765,620,False,3267
NP_001070794,XP_056302270,2.825260162353516e-05,random,,False,False,True,False,2.8252601623535156e-05,2.5451183319091797e-05,4.202127456665039e-05,3.045797348022461e-05,5.4836273193359375e-06,99.78213507625271,0.2178649237472854,459,False,3268
XP_005160955,XP_056301492,2.819299697875977e-05,stratified,,True,False,False,False,2.8252601623535156e-05,1.996755599975586e-05,2.47955322265625e-05,1.2218952178955078e-05,5.9604644775390625e-06,99.48096885813148,0.5190311418685241,578,False,3269
XP_005162836,XP_056306464,2.765655517578125e-05,stratified,,True,False,False,False,2.747774124145508e-05,3.1054019927978516e-05,2.473592758178711e-05,7.748603820800781e-06,2.682209014892578e-06,99.69719909159728,0.3028009084027161,1321,False,3270
NP_001417783,XP_056332556,2.712011337280273e-05,stratified,,True,False,False,False,2.753734588623047e-05,4.297494888305664e-05,1.9371509552001953e-05,2.5510787963867188e-05,1.4185905456542969e-05,99.54198473282445,0.4580152671755542,655,False,3271
XP_005159285,XP_056334726,2.7060508728027344e-05,stratified,,True,False,False,False,2.8133392333984375e-05,1.8775463104248047e-05,1.704692840576172e-05,8.940696716308594e-06,3.695487976074219e-06,99.36461388074292,0.6353861192570776,2096,False,3272
XP_009290696,XP_056330606,2.694129943847656e-05,stratified,,True,False,False,False,2.664327621459961e-05,1.9669532775878903e-05,1.0192394256591795e-05,5.424022674560547e-06,1.3113021850585938e-06,99.79267449896338,0.20732550103662106,1447,False,3273
XP_021332671,XP_056315487,2.521276473999023e-05,stratified,,True,False,False,False,2.5570392608642575e-05,2.6404857635498047e-05,1.984834671020508e-05,0.0002332925796508,4.351139068603516e-06,99.72067039106145,0.2793296089385535,358,False,3274
NP_001165056,XP_056321634,2.5093555450439453e-05,stratified,,True,False,False,False,4.011392593383789e-05,2.6226043701171875e-05,1.5854835510253906e-05,1.347064971923828e-05,3.814697265625e-06,99.49409780775716,0.5059021922428428,1186,False,3275
NP_956841,XP_056322388,2.437829971313477e-05,stratified,,True,False,False,False,2.4318695068359375e-05,2.676248550415039e-05,1.7464160919189453e-05,2.1219253540039062e-05,4.470348358154297e-06,99.66442953020136,0.3355704697986397,298,False,3276
XP_009300481,XP_056315550,2.378225326538086e-05,random,,False,False,True,False,2.4080276489257812e-05,1.984834671020508e-05,1.4901161193847656e-05,1.519918441772461e-05,1.430511474609375e-06,99.66821499668217,0.3317850033178331,1507,False,3277
XP_073788438,XP_056336736,2.288818359375e-05,stratified,,True,False,False,False,2.282857894897461e-05,1.9431114196777344e-05,1.913309097290039e-05,1.537799835205078e-05,3.0994415283203125e-06,99.73333333333332,0.26666666666667993,375,False,3278
XP_005166906,XP_056319973,2.2470951080322266e-05,stratified,,True,False,False,False,2.2590160369873047e-05,9.65595245361328e-06,6.616115570068359e-06,1.341104507446289e-05,1.9073486328125e-06,99.68553459119497,0.3144654088050345,636,False,3279
XP_005157040,XP_056327056,2.193450927734375e-05,stratified,,True,False,False,False,2.199411392211914e-05,3.606081008911133e-05,2.396106719970703e-05,1.0609626770019531e-05,2.682209014892578e-06,99.5890410958904,0.4109589041096058,730,False,3280
NP_001154956,XP_056312856,2.157688140869141e-05,random,,False,False,True,False,2.1696090698242188e-05,4.988908767700195e-05,2.0802021026611328e-05,1.7642974853515625e-05,1.633167266845703e-05,99.7229916897507,0.2770083102493004,361,False,3281
XP_005166474,XP_056317927,2.1219253540039062e-05,stratified,,True,False,False,False,2.1338462829589844e-05,1.931190490722656e-05,1.4483928680419922e-05,1.913309097290039e-05,2.205371856689453e-06,99.60474308300395,0.3952569169960469,506,False,3282
XP_073799045,XP_056307413,2.056360244750977e-05,stratified,,True,False,False,False,2.0623207092285156e-05,2.0205974578857425e-05,9.59634780883789e-06,6.616115570068359e-06,2.384185791015625e-06,99.5049504950495,0.4950495049505008,605,False,3283
XP_017208907,XP_056303306,2.056360244750977e-05,stratified,,True,False,False,False,2.139806747436523e-05,3.2067298889160156e-05,4.231929779052734e-06,1.0728836059570312e-05,1.138448715209961e-05,99.7067448680352,0.29325513196479847,2069,False,3284
NP_853634,XP_056309276,1.990795135498047e-05,stratified,,True,False,False,False,1.996755599975586e-05,1.9729137420654297e-05,9.715557098388672e-06,1.2814998626708984e-05,2.682209014892578e-06,99.56976029502152,0.43023970497847586,1627,False,3285
XP_073789399,XP_056337080,1.728534698486328e-05,stratified,,True,False,False,False,1.704692840576172e-05,1.4185905456542969e-05,2.1457672119140625e-05,1.5079975128173828e-05,2.682209014892578e-06,99.7624703087886,0.23752969121140666,842,False,3286
XP_009302835,XP_056320947,1.5854835510253906e-05,random,,False,False,True,False,2.4020671844482425e-05,1.5735626220703125e-05,1.8596649169921875e-05,7.867813110351562e-06,3.993511199951172e-06,99.5601173020528,0.4398826979471977,4670,False,3287
XP_021326164,XP_056309855,1.5556812286376953e-05,stratified,,True,False,False,False,1.5676021575927734e-05,2.3543834686279297e-05,2.849102020263672e-05,7.492303848266602e-05,4.112720489501953e-06,99.79591836734694,0.20408163265305745,490,False,3288
XP_073798173,XP_056308177,1.531839370727539e-05,random,,False,False,True,False,1.5676021575927734e-05,1.436471939086914e-05,1.0311603546142578e-05,7.033348083496094e-06,2.682209014892578e-06,99.84544049459042,0.15455950540957986,647,False,3289
XP_009305177,XP_056324946,1.52587890625e-05,stratified,,True,False,False,False,1.531839370727539e-05,1.1861324310302734e-05,8.165836334228516e-06,7.68899917602539e-06,1.9073486328125e-06,99.83249581239532,0.16750418760467767,597,False,3290
NP_001018326,XP_056332652,1.4722347259521484e-05,stratified,,True,False,False,False,1.4901161193847656e-05,1.5020370483398438e-05,9.834766387939451e-06,8.046627044677734e-06,1.0728836059570312e-06,99.83193277310924,0.1680672268907557,595,False,3291
XP_003197917,XP_056332951,1.3709068298339844e-05,random,,False,False,True,False,1.3709068298339844e-05,1.2814998626708984e-05,1.1265277862548828e-05,6.377696990966797e-06,4.708766937255859e-06,99.89212513484358,0.10787486515641831,927,False,3292
XP_005162485,XP_056323166,1.3530254364013672e-05,stratified,,True,False,False,False,1.3649463653564451e-05,8.881092071533203e-06,1.043081283569336e-05,1.728534698486328e-05,1.132488250732422e-06,99.74874371859296,0.2512562814070378,398,False,3293
XP_009301701,XP_056318014,1.2874603271484377e-05,stratified,,True,False,False,False,1.2695789337158205e-05,1.1265277862548828e-05,3.874301910400391e-06,3.159046173095703e-06,8.344650268554688e-07,99.88649262202044,0.11350737797955901,881,False,3294
XP_009302831,XP_056320943,1.239776611328125e-05,stratified,,True,False,False,False,2.396106719970703e-05,1.9669532775878903e-05,1.8358230590820312e-05,1.0669231414794922e-05,3.457069396972656e-06,99.51124144672532,0.4887585532746783,4726,False,3295
XP_073800460,XP_056309351,1.2218952178955078e-05,stratified,,True,False,False,False,1.2159347534179688e-05,1.829862594604492e-05,1.1444091796875e-05,5.185604095458984e-06,2.4437904357910156e-06,99.8389694041868,0.16103059581320167,621,False,3296
XP_001921020,XP_056309351,1.2218952178955078e-05,stratified,,True,False,False,False,1.2159347534179688e-05,1.829862594604492e-05,1.1444091796875e-05,5.185604095458984e-06,2.4437904357910156e-06,99.8389694041868,0.16103059581320167,621,False,3297
XP_021332522,XP_056316113,1.1622905731201172e-05,random,,False,False,True,False,1.150369644165039e-05,9.5367431640625e-06,3.874301910400391e-06,3.039836883544922e-06,1.2516975402832031e-06,99.80353634577604,0.19646365422396173,1018,False,3298
XP_009301470,XP_056317632,1.0609626770019531e-05,stratified,,True,False,False,False,1.0311603546142578e-05,1.537799835205078e-05,1.0132789611816406e-05,3.337860107421875e-06,1.4901161193847656e-06,99.8719590268886,0.12804097311139628,781,False,3299
NP_001019600,XP_056323966,1.049041748046875e-05,stratified,,True,False,False,False,1.049041748046875e-05,6.67572021484375e-06,3.874301910400391e-06,4.410743713378906e-06,3.0994415283203125e-06,99.80657640232108,0.19342359767891537,517,False,3300
XP_073806684,XP_056313419,9.238719940185549e-06,stratified,,True,False,False,False,9.59634780883789e-06,7.927417755126953e-06,5.602836608886719e-06,5.543231964111328e-06,7.152557373046875e-07,99.65237543453073,0.34762456546927467,863,False,3301
XP_009295129,XP_056327170,9.119510650634766e-06,stratified,,True,False,False,False,8.940696716308594e-06,5.066394805908203e-06,2.682209014892578e-06,4.291534423828125e-06,8.940696716308594e-07,99.90059642147118,0.09940357852882187,1006,False,3302
NP_001300770,XP_056314296,3.337860107421875e-06,stratified,,True,False,False,False,3.3974647521972656e-06,2.0265579223632812e-06,1.5497207641601562e-06,6.556510925292969e-07,4.76837158203125e-07,99.92144540455617,0.07855459544383336,1273,False,3303
XP_005163697,XP_056302037,3.2186508178710938e-06,stratified,,True,False,False,False,3.337860107421875e-06,3.75509262084961e-06,3.0994415283203125e-06,4.172325134277344e-06,4.410743713378906e-06,99.9090909090909,0.09090909090909349,1100,False,3304
XP_005169340,XP_056324030,2.5033950805664062e-06,stratified,,True,False,False,False,2.682209014892578e-06,4.589557647705078e-06,2.4437904357910156e-06,1.6093254089355469e-06,7.748603820800781e-07,99.90403071017276,0.09596928982723796,1042,False,3305
XP_005170056,XP_056336158,4.172325134277344e-07,stratified,,True,False,False,False,0.0,-1.1920928955078125e-07,-1.1920928955078125e-07,0.0,0.0,100.0,0.0,215,False,3306
XP_005159024,XP_056333181,3.576278686523438e-07,stratified,,True,False,False,False,-1.1920928955078125e-07,0.0,5.960464477539064e-08,5.960464477539064e-08,-1.1920928955078125e-07,100.0,0.0,88,False,3307
NP_001003494,XP_056331685,2.980232238769531e-07,stratified,,True,False,False,False,5.960464477539064e-08,0.0,0.0,-1.1920928955078125e-07,-1.1920928955078125e-07,100.0,0.0,201,False,3308
XP_005173695,XP_056334480,2.980232238769531e-07,stratified,,True,False,False,False,5.960464477539064e-08,0.0,5.960464477539064e-08,0.0,1.1920928955078125e-07,100.0,0.0,456,False,3309
NP_001006087,XP_056325989,2.980232238769531e-07,random,,False,False,True,False,-1.1920928955078125e-07,5.960464477539064e-08,0.0,-1.1920928955078125e-07,0.0,100.0,0.0,153,False,3310
NP_001034926,XP_056325599,2.980232238769531e-07,stratified,,True,False,False,False,0.0003480911254882,0.0006275177001953,0.0002291798591613,0.0002357363700866,3.8743019104003906e-05,98.41269841269842,1.5873015873015817,189,False,3311
NP_001038787,XP_056308208,2.384185791015625e-07,random,,False,False,True,False,0.0,0.0,-1.1920928955078125e-07,1.1920928955078125e-07,0.0,100.0,0.0,109,False,3312
XP_021332966,XP_056316465,2.384185791015625e-07,random,,False,False,True,False,5.960464477539064e-08,5.960464477539064e-08,1.1920928955078125e-07,0.0,-1.1920928955078125e-07,100.0,0.0,303,False,3313
XP_073794851,XP_056305798,1.788139343261719e-07,random,,False,False,True,False,5.960464477539064e-08,-1.1920928955078125e-07,5.960464477539064e-08,-1.1920928955078125e-07,0.0,100.0,0.0,185,False,3314
XP_073798357,XP_056318060,1.788139343261719e-07,random,,False,False,True,False,0.0,0.0,1.1920928955078125e-07,0.0,1.1920928955078125e-07,100.0,0.0,144,False,3315
NP_001002519,XP_056313007,1.788139343261719e-07,stratified,,True,False,False,False,0.0,0.0,0.0,0.0,-1.1920928955078125e-07,100.0,0.0,140,False,3316
NP_998516,XP_056329407,1.788139343261719e-07,stratified,,True,False,False,False,0.0,1.1920928955078125e-07,0.0,0.0,0.0,100.0,0.0,149,False,3317
NP_001373648,XP_056318483,1.788139343261719e-07,random,,False,False,True,False,5.960464477539064e-08,-1.1920928955078125e-07,5.960464477539064e-08,0.0,1.1920928955078125e-07,100.0,0.0,124,False,3318
NP_956376,XP_056337219,1.788139343261719e-07,stratified,,True,False,False,False,0.0,1.1920928955078125e-07,0.0,0.0,0.0,100.0,0.0,149,False,3319
NP_957191,XP_056312188,1.788139343261719e-07,random,,False,False,True,False,-1.1920928955078125e-07,-1.1920928955078125e-07,0.0,0.0,0.0,100.0,0.0,193,False,3320
NP_001032320,XP_056304066,1.1920928955078125e-07,stratified,,True,False,False,False,1.1920928955078125e-07,0.0,-1.1920928955078125e-07,0.0,0.0,100.0,0.0,396,False,3321
XP_017208628,XP_056304067,1.1920928955078125e-07,stratified,,True,False,False,False,0.0,0.0,-1.1920928955078125e-07,0.0,0.0,100.0,0.0,396,False,3322
XP_009296449,XP_056307639,1.1920928955078125e-07,stratified,,True,False,False,False,1.1920928955078125e-07,5.960464477539064e-08,0.0,-1.1920928955078125e-07,1.1920928955078125e-07,100.0,0.0,436,False,3323
XP_009292978,XP_056301423,1.1920928955078125e-07,stratified,,True,False,False,False,5.960464477539064e-08,-1.1920928955078125e-07,-1.1920928955078125e-07,0.0,0.0,100.0,0.0,188,False,3324
NP_001019591,XP_056303061,1.1920928955078125e-07,random,,False,False,True,False,0.0,0.0,0.0,0.0,5.960464477539064e-08,100.0,0.0,101,False,3325
XP_073795877,XP_056305951,1.1920928955078125e-07,stratified,,True,False,False,False,5.960464477539064e-08,-1.1920928955078125e-07,-1.1920928955078125e-07,0.0,-1.1920928955078125e-07,100.0,0.0,430,False,3326
NP_001071211,XP_056307497,1.1920928955078125e-07,random,,False,False,True,False,5.960464477539064e-08,-1.1920928955078125e-07,-1.1920928955078125e-07,0.0,0.0,100.0,0.0,429,False,3327
NP_001373678,XP_056316899,1.1920928955078125e-07,stratified,,True,False,False,False,-1.1920928955078125e-07,0.0,5.960464477539064e-08,5.960464477539064e-08,5.960464477539064e-08,100.0,0.0,128,False,3328
NP_001307335,XP_056324910,1.1920928955078125e-07,random,,False,False,True,False,5.960464477539064e-08,0.0,0.0,5.960464477539064e-08,0.0,100.0,0.0,192,False,3329
NP_956239,XP_056319045,1.1920928955078125e-07,random,,False,False,True,False,5.960464477539064e-08,-1.1920928955078125e-07,0.0,1.1920928955078125e-07,-1.1920928955078125e-07,100.0,0.0,108,False,3330
XP_073796658,XP_056306415,1.1920928955078125e-07,stratified,,True,False,False,False,0.0,0.0,5.960464477539064e-08,0.0,0.0,100.0,0.0,107,False,3331
XP_021333835,XP_056319525,1.1920928955078125e-07,stratified,,True,False,False,False,0.0,-1.1920928955078125e-07,0.0,0.0,0.0,100.0,0.0,193,False,3332
XP_005162697,XP_056307004,1.1920928955078125e-07,stratified,,True,False,False,False,0.0,5.960464477539064e-08,0.0,0.0,0.0,100.0,0.0,112,False,3333
NP_001373579,XP_056318488,5.960464477539065e-08,random,,False,False,True,False,0.0,-1.1920928955078125e-07,5.960464477539064e-08,-1.1920928955078125e-07,1.1920928955078125e-07,100.0,0.0,103,False,3334
NP_001410239,XP_056316894,5.960464477539065e-08,random,,False,False,True,False,5.960464477539064e-08,-1.1920928955078125e-07,-1.1920928955078125e-07,5.960464477539064e-08,0.0,100.0,0.0,136,False,3335
XP_005160093,XP_056312651,5.960464477539065e-08,random,,False,False,True,False,0.0,0.0,-1.1920928955078125e-07,-1.1920928955078125e-07,5.960464477539064e-08,100.0,0.0,188,False,3336
XP_073799540,XP_056312889,5.960464477539065e-08,stratified,,True,False,False,False,0.0,-1.1920928955078125e-07,5.960464477539064e-08,-1.1920928955078125e-07,1.1920928955078125e-07,100.0,0.0,103,False,3337
XP_073799484,XP_056316909,5.960464477539065e-08,random,,False,False,True,False,0.0,-1.1920928955078125e-07,5.960464477539064e-08,-1.1920928955078125e-07,1.1920928955078125e-07,100.0,0.0,103,False,3338
NP_001373579,XP_056318492,5.960464477539065e-08,stratified,,True,False,False,False,0.0,-1.1920928955078125e-07,5.960464477539064e-08,-1.1920928955078125e-07,1.1920928955078125e-07,100.0,0.0,103,False,3339
XP_017209642,XP_056316909,5.960464477539065e-08,stratified,,True,False,False,False,0.0,-1.1920928955078125e-07,5.960464477539064e-08,-1.1920928955078125e-07,1.1920928955078125e-07,100.0,0.0,103,False,3340
NP_001099176,XP_056308344,5.960464477539065e-08,random,,False,False,True,False,0.0,-1.1920928955078125e-07,5.960464477539064e-08,-1.1920928955078125e-07,1.1920928955078125e-07,100.0,0.0,103,False,3341
NP_001083038,XP_056308342,5.960464477539065e-08,random,,False,False,True,False,0.0,-1.1920928955078125e-07,5.960464477539064e-08,-1.1920928955078125e-07,1.1920928955078125e-07,100.0,0.0,103,False,3342
NP_001373604,XP_056316916,5.960464477539065e-08,random,,False,False,True,False,0.0,-1.1920928955078125e-07,5.960464477539064e-08,-1.1920928955078125e-07,1.1920928955078125e-07,100.0,0.0,103,False,3343
NP_001107268,XP_056332702,5.960464477539065e-08,random,,False,False,True,False,-1.1920928955078125e-07,-1.1920928955078125e-07,5.960464477539064e-08,0.0,-1.1920928955078125e-07,100.0,0.0,708,False,3344
XP_073792592,XP_056304068,5.960464477539065e-08,random,,False,False,True,False,1.1920928955078125e-07,-1.1920928955078125e-07,0.0,1.1920928955078125e-07,5.960464477539064e-08,100.0,0.0,395,False,3345
NP_001013489,XP_056328513,5.960464477539065e-08,stratified,,True,False,False,False,0.0,0.0,0.0,-1.1920928955078125e-07,0.0,100.0,0.0,199,False,3346
XP_073799484,XP_056316911,5.960464477539065e-08,random,,False,False,True,False,0.0,-1.1920928955078125e-07,5.960464477539064e-08,-1.1920928955078125e-07,1.1920928955078125e-07,100.0,0.0,103,False,3347
XP_009301164,XP_056318491,5.960464477539065e-08,stratified,,True,False,False,False,0.0,-1.1920928955078125e-07,5.960464477539064e-08,-1.1920928955078125e-07,1.1920928955078125e-07,100.0,0.0,103,False,3348
XP_005164636,XP_056311938,5.960464477539065e-08,stratified,,True,False,False,False,-1.1920928955078125e-07,0.0,-1.1920928955078125e-07,-1.1920928955078125e-07,-1.1920928955078125e-07,100.0,0.0,125,False,3349
NP_001083038,XP_056316912,5.960464477539065e-08,stratified,,True,False,False,False,0.0,-1.1920928955078125e-07,5.960464477539064e-08,-1.1920928955078125e-07,1.1920928955078125e-07,100.0,0.0,103,False,3350
NP_001093643,XP_056316892,5.960464477539065e-08,stratified,,True,False,False,False,5.960464477539064e-08,-1.1920928955078125e-07,-1.1920928955078125e-07,5.960464477539064e-08,0.0,100.0,0.0,136,False,3351
NP_956840,XP_056329506,5.960464477539065e-08,stratified,,True,False,False,False,5.960464477539064e-08,1.1920928955078125e-07,-1.1920928955078125e-07,0.0,0.0,100.0,0.0,897,False,3352
XP_002662243,XP_056316916,5.960464477539065e-08,random,,False,False,True,False,0.0,-1.1920928955078125e-07,5.960464477539064e-08,-1.1920928955078125e-07,1.1920928955078125e-07,100.0,0.0,103,False,3353
XP_002666964,XP_056316912,5.960464477539065e-08,random,,False,False,True,False,0.0,-1.1920928955078125e-07,5.960464477539064e-08,-1.1920928955078125e-07,1.1920928955078125e-07,100.0,0.0,103,False,3354
XP_073786745,XP_056335510,5.960464477539065e-08,stratified,,True,False,False,False,-1.1920928955078125e-07,0.0,1.1920928955078125e-07,0.0,-1.1920928955078125e-07,100.0,0.0,193,False,3355
XP_009301181,XP_056318489,5.960464477539065e-08,stratified,,True,False,False,False,0.0,-1.1920928955078125e-07,5.960464477539064e-08,-1.1920928955078125e-07,1.1920928955078125e-07,100.0,0.0,103,False,3356
XP_021334846,XP_056323087,5.960464477539065e-08,stratified,,True,False,False,False,0.0,0.0,0.0,-1.1920928955078125e-07,0.0,100.0,0.0,160,False,3357
XP_073794656,XP_056304797,5.960464477539065e-08,stratified,,True,False,False,False,-1.1920928955078125e-07,0.0,0.0,-1.1920928955078125e-07,0.0,100.0,0.0,364,False,3358
XP_688359,XP_056318100,5.960464477539065e-08,stratified,,True,False,False,False,5.960464477539064e-08,0.0,0.0,0.0,-1.1920928955078125e-07,100.0,0.0,383,False,3359
NP_001025171,XP_056329507,0.0,stratified,,True,False,False,False,-1.1920928955078125e-07,0.0,-1.1920928955078125e-07,0.0,0.0,100.0,0.0,89,False,3360
NP_997774,XP_056320548,0.0,stratified,,True,False,False,False,-1.1920928955078125e-07,1.1920928955078125e-07,-1.1920928955078125e-07,1.1920928955078125e-07,-1.1920928955078125e-07,100.0,0.0,340,False,3361
NP_999868,XP_056301706,0.0,random,,False,False,True,False,0.0,0.0,-1.1920928955078125e-07,0.0,0.0,100.0,0.0,178,False,3362
NP_997859,XP_056311844,0.0,stratified,,True,False,False,False,1.1920928955078125e-07,0.0,0.0,5.960464477539064e-08,0.0,100.0,0.0,729,False,3363
NP_571338,XP_056335427,0.0,target,AHR1a-like,False,False,False,True,0.0,-1.1920928955078125e-07,-1.1920928955078125e-07,5.960464477539064e-08,5.960464477539064e-08,100.0,0.0,462,False,3364
NP_001002152,XP_056319472,0.0,stratified,,True,False,False,False,0.0,0.0,-1.1920928955078125e-07,0.0,0.0,100.0,0.0,185,False,3365
XP_009291805,XP_056333801,0.0,random,,False,False,True,False,-1.1920928955078125e-07,0.0,5.960464477539064e-08,0.0,5.960464477539064e-08,100.0,0.0,201,False,3366
NP_571291,XP_056330354,0.0,stratified,,True,False,False,False,0.0,0.0,-1.1920928955078125e-07,-1.1920928955078125e-07,5.960464477539064e-08,100.0,0.0,405,False,3367
NP_998200,XP_056309447,0.0,stratified,,True,False,False,False,5.960464477539064e-08,1.1920928955078125e-07,5.960464477539064e-08,-1.1920928955078125e-07,5.960464477539064e-08,100.0,0.0,217,False,3368
NP_998643,XP_056313486,0.0,random,,False,False,True,False,0.0,0.0,5.960464477539064e-08,0.0,5.960464477539064e-08,100.0,0.0,313,False,3369
XP_073808506,XP_056315114,0.0,random,,False,False,True,False,5.960464477539064e-08,0.0,0.0,1.1920928955078125e-07,-1.1920928955078125e-07,100.0,0.0,107,False,3370
NP_001002079,XP_056318796,0.0,stratified,,True,False,False,False,0.0,0.0,0.0,0.0,0.0,100.0,0.0,151,False,3371
XP_073805830,XP_056313995,0.0,random,,False,False,True,False,0.0,-1.1920928955078125e-07,-1.1920928955078125e-07,-1.1920928955078125e-07,0.0,100.0,0.0,167,False,3372
NP_956228,XP_056314574,0.0,stratified,,True,False,False,False,-1.1920928955078125e-07,0.0,5.960464477539064e-08,-1.1920928955078125e-07,1.1920928955078125e-07,100.0,0.0,118,False,3373
XP_005170626,XP_056305859,0.0,stratified,,True,False,False,False,-1.1920928955078125e-07,5.960464477539064e-08,-1.1920928955078125e-07,0.0,-1.1920928955078125e-07,100.0,0.0,163,False,3374
XP_001339262,XP_056328028,0.0,random,,False,False,True,False,0.0,1.1920928955078125e-07,0.0,-1.1920928955078125e-07,0.0,100.0,0.0,202,False,3375
XP_073801676,XP_056311498,0.0,stratified,,True,False,False,False,1.1920928955078125e-07,5.960464477539064e-08,0.0,5.960464477539064e-08,0.0,100.0,0.0,403,False,3376
NP_001315436,XP_056306361,-1.1920928955078125e-07,random,,False,False,True,False,-1.1920928955078125e-07,5.960464477539064e-08,0.0,0.0,-1.1920928955078125e-07,100.0,0.0,380,False,3377
NP_001159626,XP_056327787,-1.1920928955078125e-07,stratified,,True,False,False,False,5.960464477539064e-08,0.0,0.0,-1.1920928955078125e-07,0.0,100.0,0.0,200,False,3378
NP_957424,XP_056309301,-1.1920928955078125e-07,stratified,,True,False,False,False,0.0,0.0,0.0,0.0,0.0,100.0,0.0,374,False,3379
XP_021334608,XP_056331599,-1.1920928955078125e-07,stratified,,True,False,False,False,0.0,-1.1920928955078125e-07,-1.1920928955078125e-07,0.0,0.0,100.0,0.0,402,False,3380
NP_001004672,XP_056318823,-1.1920928955078125e-07,stratified,,True,False,False,False,0.0,-1.1920928955078125e-07,0.0,0.0,-1.1920928955078125e-07,100.0,0.0,201,False,3381
XP_073788666,XP_056337621,-1.1920928955078125e-07,random,,False,False,True,False,0.0,0.0,0.0,0.0,0.0,100.0,0.0,231,False,3382
NP_001373300,XP_056316902,-1.1920928955078125e-07,stratified,,True,False,False,False,0.0,0.0,-1.1920928955078125e-07,0.0,5.960464477539064e-08,100.0,0.0,127,False,3383
NP_001002708,XP_056315045,-1.1920928955078125e-07,stratified,,True,False,False,False,0.0,0.0,5.960464477539064e-08,0.0,-1.1920928955078125e-07,100.0,0.0,150,False,3384
NP_001003755,XP_056307633,-1.1920928955078125e-07,stratified,,True,False,False,False,-1.1920928955078125e-07,-1.1920928955078125e-07,0.0,0.0,0.0,100.0,0.0,183,False,3385
XP_683865,XP_056309606,-1.1920928955078125e-07,stratified,,True,False,False,False,5.960464477539064e-08,0.0,5.960464477539064e-08,5.960464477539064e-08,0.0,100.0,0.0,263,False,3386
XP_003201047,XP_056303927,-1.1920928955078125e-07,stratified,,True,False,False,False,0.0,0.0,5.960464477539064e-08,1.1920928955078125e-07,5.960464477539064e-08,100.0,0.0,209,False,3387
XP_009304940,XP_056317371,-1.1920928955078125e-07,random,,False,False,True,False,0.0,0.0,5.960464477539064e-08,5.960464477539064e-08,0.0,100.0,0.0,520,False,3388
XP_005167867,XP_056321585,-1.1920928955078125e-07,random,,False,False,True,False,0.0,1.1920928955078125e-07,0.0,0.0,-1.1920928955078125e-07,100.0,0.0,244,False,3389
XP_021335874,XP_056336651,-1.1920928955078125e-07,stratified,,True,False,False,False,0.0,-1.1920928955078125e-07,-1.1920928955078125e-07,0.0,0.0,100.0,0.0,236,False,3390
NP_955842,XP_056323158,-1.1920928955078125e-07,random,,False,False,True,False,0.0,0.0,1.1920928955078125e-07,-1.1920928955078125e-07,5.960464477539064e-08,100.0,0.0,201,False,3391
NP_997745,XP_056304103,-1.1920928955078125e-07,stratified,,True,False,False,False,0.0,0.0,5.960464477539064e-08,1.1920928955078125e-07,-1.1920928955078125e-07,100.0,0.0,242,False,3392
XP_017207140,XP_056333340,-1.1920928955078125e-07,stratified,,True,False,False,False,0.0,0.0,0.0,-1.1920928955078125e-07,5.960464477539064e-08,100.0,0.0,735,False,3393
XP_017209293,XP_056306361,-1.1920928955078125e-07,stratified,,True,False,False,False,0.0,5.960464477539064e-08,0.0,0.0,-1.1920928955078125e-07,100.0,0.0,380,False,3394
NP_991120,XP_056331593,-1.1920928955078125e-07,stratified,,True,False,False,False,-1.1920928955078125e-07,0.0,0.0,0.0,0.0,100.0,0.0,402,False,3395
NP_001417902,XP_056317398,-1.1920928955078125e-07,stratified,,True,False,False,False,0.0,-1.1920928955078125e-07,0.0,0.0,0.0,100.0,0.0,241,False,3396
XP_009292216,XP_056336065,-1.1920928955078125e-07,stratified,,True,False,False,False,0.0,-1.1920928955078125e-07,0.0,0.0,0.0,100.0,0.0,181,False,3397
NP_001002061,XP_056309531,-1.1920928955078125e-07,random,,False,False,True,False,0.0,0.0,-1.1920928955078125e-07,5.960464477539064e-08,0.0,100.0,0.0,192,False,3398
NP_001002397,XP_056334337,-1.1920928955078125e-07,random,,False,False,True,False,-1.1920928955078125e-07,0.0,0.0,0.0,0.0,100.0,0.0,68,False,3399
NP_001007399,XP_056333477,-1.1920928955078125e-07,stratified,,True,False,False,False,0.0,1.1920928955078125e-07,0.0,1.1920928955078125e-07,-1.1920928955078125e-07,100.0,0.0,236,False,3400
NP_956796,XP_056315389,-1.1920928955078125e-07,random,,False,False,True,False,-1.1920928955078125e-07,0.0,0.0,-1.1920928955078125e-07,5.960464477539064e-08,100.0,0.0,156,False,3401
NP_001070182,XP_056301898,-1.1920928955078125e-07,stratified,,True,False,False,False,0.0,0.0,-1.1920928955078125e-07,5.960464477539064e-08,5.960464477539064e-08,100.0,0.0,901,False,3402
NP_942113,XP_056331228,-1.1920928955078125e-07,stratified,,True,False,False,False,5.960464477539064e-08,0.0,0.0,-1.1920928955078125e-07,-1.1920928955078125e-07,100.0,0.0,444,False,3403
XP_009289352,XP_056327699,-1.1920928955078125e-07,random,,False,False,True,False,-1.1920928955078125e-07,5.960464477539064e-08,0.0,-1.1920928955078125e-07,-1.1920928955078125e-07,100.0,0.0,696,False,3404
XP_689050,XP_056329641,-2.384185791015625e-07,stratified,,True,False,False,False,-1.1920928955078125e-07,0.0,-1.1920928955078125e-07,5.960464477539064e-08,0.0,100.0,0.0,247,False,3405
NP_001009898,XP_056313311,-2.384185791015625e-07,stratified,,True,False,False,False,0.0,5.960464477539064e-08,5.960464477539064e-08,0.0,0.0,100.0,0.0,111,False,3406
NP_001013481,XP_056316907,-2.384185791015625e-07,random,,False,False,True,False,5.960464477539064e-08,0.0,5.960464477539064e-08,0.0,-1.1920928955078125e-07,100.0,0.0,124,False,3407
XP_005158227,XP_056331482,-2.384185791015625e-07,random,,False,False,True,False,5.960464477539064e-08,-1.1920928955078125e-07,-1.1920928955078125e-07,5.960464477539064e-08,5.960464477539064e-08,100.0,0.0,395,False,3408
NP_001015058,XP_056325466,-2.384185791015625e-07,random,,False,False,True,False,0.0,0.0,0.0,0.0,0.0,100.0,0.0,147,False,3409
XP_002663478,XP_056321954,-2.384185791015625e-07,random,,False,False,True,False,-1.1920928955078125e-07,5.960464477539064e-08,-1.1920928955078125e-07,1.1920928955078125e-07,1.1920928955078125e-07,100.0,0.0,667,False,3410
NP_001037783,XP_056327271,-2.384185791015625e-07,random,,False,False,True,False,5.960464477539064e-08,0.0,-1.1920928955078125e-07,0.0,5.960464477539064e-08,100.0,0.0,71,False,3411
NP_571255,XP_056314443,-2.384185791015625e-07,stratified,,True,False,False,False,0.0,1.1920928955078125e-07,-1.1920928955078125e-07,0.0,0.0,100.0,0.0,411,False,3412
NP_991254,XP_056319402,-2.384185791015625e-07,stratified,,True,False,False,False,0.0,0.0,0.0,0.0,5.960464477539064e-08,100.0,0.0,159,False,3413
XP_009303285,XP_056321953,-2.384185791015625e-07,random,,False,False,True,False,-1.1920928955078125e-07,5.960464477539064e-08,-1.1920928955078125e-07,0.0,1.1920928955078125e-07,100.0,0.0,667,False,3414
XP_005159468,XP_056335580,-2.384185791015625e-07,stratified,,True,False,False,False,0.0,0.0,-1.1920928955078125e-07,0.0,-1.1920928955078125e-07,100.0,0.0,463,False,3415
XP_009296895,XP_056333596,-2.384185791015625e-07,stratified,,True,False,False,False,-1.1920928955078125e-07,-1.1920928955078125e-07,1.1920928955078125e-07,0.0,-1.1920928955078125e-07,100.0,0.0,538,False,3416
XP_005156465,XP_056324948,-2.384185791015625e-07,stratified,,True,False,False,False,0.0,0.0,0.0,0.0,5.960464477539064e-08,100.0,0.0,593,False,3417
NP_998415,XP_056326033,-2.384185791015625e-07,stratified,,True,False,False,False,-1.1920928955078125e-07,0.0,-1.1920928955078125e-07,0.0,-1.1920928955078125e-07,100.0,0.0,409,False,3418
NP_998142,XP_056308914,-2.384185791015625e-07,stratified,,True,False,False,False,0.0,-1.1920928955078125e-07,0.0,1.1920928955078125e-07,0.0,100.0,0.0,427,False,3419
XP_005163564,XP_056333580,-2.384185791015625e-07,stratified,,True,False,False,False,-1.1920928955078125e-07,0.0,1.1920928955078125e-07,0.0,-1.1920928955078125e-07,100.0,0.0,538,False,3420
XP_002666990,XP_056316907,-2.384185791015625e-07,random,,False,False,True,False,5.960464477539064e-08,0.0,5.960464477539064e-08,0.0,-1.1920928955078125e-07,100.0,0.0,124,False,3421
XP_005163563,XP_056333580,-2.384185791015625e-07,random,,False,False,True,False,-1.1920928955078125e-07,0.0,1.1920928955078125e-07,0.0,-1.1920928955078125e-07,100.0,0.0,538,False,3422
XP_073794291,XP_056329234,-3.576278686523438e-07,random,,False,False,True,False,0.0,0.0,0.0,0.0,5.960464477539064e-08,100.0,0.0,136,False,3423
XP_005174365,XP_056308236,-3.576278686523438e-07,stratified,,True,False,False,False,-1.1920928955078125e-07,0.0,0.0,-1.1920928955078125e-07,0.0,100.0,0.0,294,False,3424
NP_956297,XP_056308304,-3.576278686523438e-07,stratified,,True,False,False,False,0.0,0.0,0.0,0.0,5.960464477539064e-08,100.0,0.0,136,False,3425
NP_001289715,XP_056302564,-3.576278686523438e-07,random,,False,False,True,False,1.1920928955078125e-07,5.960464477539064e-08,0.0,0.0,-1.1920928955078125e-07,100.0,0.0,74,False,3426
XP_691726,XP_056331575,-3.576278686523438e-07,stratified,,True,False,False,False,-1.1920928955078125e-07,0.0,0.0,5.960464477539064e-08,5.960464477539064e-08,100.0,0.0,175,False,3427
