zebrafish_id,aescallii_id,esm2_cosine_distance,model
XP_073800755,XP_056308722,0.4235677123069763,esm2_t12_35M_UR50D
XP_073802884,XP_056312358,0.07208758592605591,esm2_t12_35M_UR50D
XP_073799587,XP_056316887,0.3043237328529358,esm2_t12_35M_UR50D
XP_005162934,XP_056306558,0.2699403166770935,esm2_t12_35M_UR50D
NP_001020468,XP_056306558,0.27133506536483765,esm2_t12_35M_UR50D
XP_073796138,XP_056306558,0.27133506536483765,esm2_t12_35M_UR50D
XP_073805509,XP_056317440,0.0005592107772827148,esm2_t12_35M_UR50D
XP_073805507,XP_056317440,0.0003364682197570801,esm2_t12_35M_UR50D
XP_073805506,XP_056317440,0.00031125545501708984,esm2_t12_35M_UR50D
NP_001098605,XP_056321319,0.2270575761795044,esm2_t12_35M_UR50D
XP_005162934,XP_056307122,0.15761959552764893,esm2_t12_35M_UR50D
NP_001020468,XP_056307122,0.15832358598709106,esm2_t12_35M_UR50D
XP_073796138,XP_056307122,0.15832358598709106,esm2_t12_35M_UR50D
NP_001077333,XP_056322046,0.1933070421218872,esm2_t12_35M_UR50D
XP_073795535,XP_056305543,0.1882234811782837,esm2_t12_35M_UR50D
XP_073789377,XP_056336569,0.00014346837997436523,esm2_t12_35M_UR50D
XP_073789379,XP_056336569,0.0002498626708984375,esm2_t12_35M_UR50D
XP_073789378,XP_056336569,0.00017637014389038086,esm2_t12_35M_UR50D
XP_073789376,XP_056336569,0.00024771690368652344,esm2_t12_35M_UR50D
XP_073789375,XP_056336569,0.00024771690368652344,esm2_t12_35M_UR50D
XP_073799314,XP_056307366,0.17288291454315186,esm2_t12_35M_UR50D
XP_073810441,XP_056316142,2.3245811462402344e-05,esm2_t12_35M_UR50D
NP_001035388,XP_056302862,0.07503437995910645,esm2_t12_35M_UR50D
XP_073806762,XP_056314267,0.00013953447341918945,esm2_t12_35M_UR50D
XP_073806743,XP_056309459,0.1634916067123413,esm2_t12_35M_UR50D
XP_073806762,XP_056314268,0.0001601576805114746,esm2_t12_35M_UR50D
XP_073794610,XP_056304885,4.214048385620117e-05,esm2_t12_35M_UR50D
XP_073794611,XP_056304885,4.13060188293457e-05,esm2_t12_35M_UR50D
XP_073794604,XP_056304885,4.13060188293457e-05,esm2_t12_35M_UR50D
XP_073794605,XP_056304885,4.214048385620117e-05,esm2_t12_35M_UR50D
XP_073794608,XP_056304885,4.13060188293457e-05,esm2_t12_35M_UR50D
XP_073794606,XP_056304885,4.214048385620117e-05,esm2_t12_35M_UR50D
XP_073794609,XP_056304885,4.13060188293457e-05,esm2_t12_35M_UR50D
XP_073794603,XP_056304885,4.13060188293457e-05,esm2_t12_35M_UR50D
XP_073801131,XP_056310103,0.2591729760169983,esm2_t12_35M_UR50D
XP_073801132,XP_056310103,0.13807004690170288,esm2_t12_35M_UR50D
XP_073794615,XP_056304882,5.8531761169433594e-05,esm2_t12_35M_UR50D
XP_073794618,XP_056304882,5.537271499633789e-05,esm2_t12_35M_UR50D
XP_073794616,XP_056304882,5.537271499633789e-05,esm2_t12_35M_UR50D
XP_073794613,XP_056304882,5.8531761169433594e-05,esm2_t12_35M_UR50D
XP_073794614,XP_056304882,5.537271499633789e-05,esm2_t12_35M_UR50D
XP_073794597,XP_056304882,5.537271499633789e-05,esm2_t12_35M_UR50D
XP_073794596,XP_056304882,5.8531761169433594e-05,esm2_t12_35M_UR50D
XP_073794598,XP_056304882,5.8531761169433594e-05,esm2_t12_35M_UR50D
XP_073794602,XP_056304882,5.537271499633789e-05,esm2_t12_35M_UR50D
XP_073794612,XP_056304882,5.537271499633789e-05,esm2_t12_35M_UR50D
XP_073794600,XP_056304882,5.537271499633789e-05,esm2_t12_35M_UR50D
XP_073794601,XP_056304882,5.8531761169433594e-05,esm2_t12_35M_UR50D
XP_073794599,XP_056304882,5.8531761169433594e-05,esm2_t12_35M_UR50D
XP_073794593,XP_056304882,5.8531761169433594e-05,esm2_t12_35M_UR50D
XP_073794594,XP_056304882,5.8531761169433594e-05,esm2_t12_35M_UR50D
XP_073794595,XP_056304882,5.8531761169433594e-05,esm2_t12_35M_UR50D
XP_073794617,XP_056304884,5.8531761169433594e-05,esm2_t12_35M_UR50D
XP_073794602,XP_056304884,5.537271499633789e-05,esm2_t12_35M_UR50D
XP_073794612,XP_056304884,5.537271499633789e-05,esm2_t12_35M_UR50D
XP_073794616,XP_056304884,5.537271499633789e-05,esm2_t12_35M_UR50D
XP_073794594,XP_056304884,5.8531761169433594e-05,esm2_t12_35M_UR50D
XP_073794615,XP_056304884,5.8531761169433594e-05,esm2_t12_35M_UR50D
XP_073794618,XP_056304884,5.537271499633789e-05,esm2_t12_35M_UR50D
XP_073794614,XP_056304884,5.537271499633789e-05,esm2_t12_35M_UR50D
XP_073794598,XP_056304884,5.8531761169433594e-05,esm2_t12_35M_UR50D
XP_073794599,XP_056304884,5.8531761169433594e-05,esm2_t12_35M_UR50D
XP_073794595,XP_056304884,5.8531761169433594e-05,esm2_t12_35M_UR50D
XP_073794613,XP_056304884,5.8531761169433594e-05,esm2_t12_35M_UR50D
XP_073794600,XP_056304884,5.537271499633789e-05,esm2_t12_35M_UR50D
XP_073794596,XP_056304884,5.8531761169433594e-05,esm2_t12_35M_UR50D
XP_073794601,XP_056304884,5.8531761169433594e-05,esm2_t12_35M_UR50D
XP_073794597,XP_056304884,5.537271499633789e-05,esm2_t12_35M_UR50D
XP_073794593,XP_056304884,5.8531761169433594e-05,esm2_t12_35M_UR50D
XP_073794616,XP_056304883,5.537271499633789e-05,esm2_t12_35M_UR50D
XP_073794615,XP_056304883,5.8531761169433594e-05,esm2_t12_35M_UR50D
XP_073794614,XP_056304883,5.537271499633789e-05,esm2_t12_35M_UR50D
XP_073794617,XP_056304883,5.8531761169433594e-05,esm2_t12_35M_UR50D
XP_073794598,XP_056304883,5.8531761169433594e-05,esm2_t12_35M_UR50D
XP_073794593,XP_056304883,5.8531761169433594e-05,esm2_t12_35M_UR50D
XP_073794602,XP_056304883,5.537271499633789e-05,esm2_t12_35M_UR50D
XP_073794597,XP_056304883,5.537271499633789e-05,esm2_t12_35M_UR50D
XP_073794599,XP_056304883,5.8531761169433594e-05,esm2_t12_35M_UR50D
XP_073794596,XP_056304883,5.8531761169433594e-05,esm2_t12_35M_UR50D
XP_073794594,XP_056304883,5.8531761169433594e-05,esm2_t12_35M_UR50D
XP_073794600,XP_056304883,5.537271499633789e-05,esm2_t12_35M_UR50D
XP_073794601,XP_056304883,5.8531761169433594e-05,esm2_t12_35M_UR50D
XP_073794612,XP_056304883,5.537271499633789e-05,esm2_t12_35M_UR50D
XP_073794595,XP_056304883,5.8531761169433594e-05,esm2_t12_35M_UR50D
XP_073794613,XP_056304883,5.8531761169433594e-05,esm2_t12_35M_UR50D
XP_073801132,XP_056310102,0.11673063039779663,esm2_t12_35M_UR50D
XP_073801131,XP_056310102,0.20880389213562012,esm2_t12_35M_UR50D
XP_073794594,XP_056304881,5.8531761169433594e-05,esm2_t12_35M_UR50D
XP_073794597,XP_056304880,5.537271499633789e-05,esm2_t12_35M_UR50D
XP_073794602,XP_056304880,5.537271499633789e-05,esm2_t12_35M_UR50D
XP_073794612,XP_056304881,5.537271499633789e-05,esm2_t12_35M_UR50D
XP_073794593,XP_056304881,5.8531761169433594e-05,esm2_t12_35M_UR50D
XP_073794614,XP_056304881,5.537271499633789e-05,esm2_t12_35M_UR50D
XP_073794614,XP_056304880,5.537271499633789e-05,esm2_t12_35M_UR50D
XP_073794616,XP_056304880,5.537271499633789e-05,esm2_t12_35M_UR50D
XP_073794617,XP_056304880,5.8531761169433594e-05,esm2_t12_35M_UR50D
XP_073794617,XP_056304881,5.8531761169433594e-05,esm2_t12_35M_UR50D
XP_073794615,XP_056304880,5.8531761169433594e-05,esm2_t12_35M_UR50D
XP_073794616,XP_056304881,5.537271499633789e-05,esm2_t12_35M_UR50D
XP_073794601,XP_056304881,5.8531761169433594e-05,esm2_t12_35M_UR50D
XP_073794598,XP_056304880,5.8531761169433594e-05,esm2_t12_35M_UR50D
XP_073794596,XP_056304881,5.8531761169433594e-05,esm2_t12_35M_UR50D
XP_073794601,XP_056304880,5.8531761169433594e-05,esm2_t12_35M_UR50D
XP_073794602,XP_056304881,5.537271499633789e-05,esm2_t12_35M_UR50D
XP_073794598,XP_056304881,5.8531761169433594e-05,esm2_t12_35M_UR50D
XP_073794597,XP_056304881,5.537271499633789e-05,esm2_t12_35M_UR50D
XP_073794599,XP_056304880,5.8531761169433594e-05,esm2_t12_35M_UR50D
XP_073794596,XP_056304880,5.8531761169433594e-05,esm2_t12_35M_UR50D
XP_073794600,XP_056304881,5.537271499633789e-05,esm2_t12_35M_UR50D
XP_073794600,XP_056304880,5.537271499633789e-05,esm2_t12_35M_UR50D
XP_073794593,XP_056304880,5.8531761169433594e-05,esm2_t12_35M_UR50D
XP_073794599,XP_056304881,5.8531761169433594e-05,esm2_t12_35M_UR50D
XP_073794594,XP_056304880,5.8531761169433594e-05,esm2_t12_35M_UR50D
XP_073794595,XP_056304880,5.8531761169433594e-05,esm2_t12_35M_UR50D
XP_073794595,XP_056304881,5.8531761169433594e-05,esm2_t12_35M_UR50D
XP_073794613,XP_056304880,5.8531761169433594e-05,esm2_t12_35M_UR50D
XP_073794615,XP_056304881,5.8531761169433594e-05,esm2_t12_35M_UR50D
XP_073794612,XP_056304880,5.537271499633789e-05,esm2_t12_35M_UR50D
XP_073794613,XP_056304881,5.8531761169433594e-05,esm2_t12_35M_UR50D
XP_073794615,XP_056304886,5.8531761169433594e-05,esm2_t12_35M_UR50D
XP_073794614,XP_056304886,5.537271499633789e-05,esm2_t12_35M_UR50D
XP_073794618,XP_056304886,5.537271499633789e-05,esm2_t12_35M_UR50D
XP_073794616,XP_056304886,5.537271499633789e-05,esm2_t12_35M_UR50D
XP_073794602,XP_056304886,5.537271499633789e-05,esm2_t12_35M_UR50D
XP_073794593,XP_056304886,5.8531761169433594e-05,esm2_t12_35M_UR50D
XP_073794613,XP_056304886,5.8531761169433594e-05,esm2_t12_35M_UR50D
XP_073794599,XP_056304886,5.8531761169433594e-05,esm2_t12_35M_UR50D
XP_073794595,XP_056304886,5.8531761169433594e-05,esm2_t12_35M_UR50D
XP_073794598,XP_056304886,5.8531761169433594e-05,esm2_t12_35M_UR50D
XP_073794617,XP_056304886,5.8531761169433594e-05,esm2_t12_35M_UR50D
XP_073794612,XP_056304886,5.537271499633789e-05,esm2_t12_35M_UR50D
XP_073794594,XP_056304886,5.8531761169433594e-05,esm2_t12_35M_UR50D
XP_073794601,XP_056304886,5.8531761169433594e-05,esm2_t12_35M_UR50D
XP_073794600,XP_056304886,5.537271499633789e-05,esm2_t12_35M_UR50D
XP_073794596,XP_056304886,5.8531761169433594e-05,esm2_t12_35M_UR50D
XP_073794597,XP_056304886,5.537271499633789e-05,esm2_t12_35M_UR50D
XP_073795758,XP_056304665,0.0005592107772827148,esm2_t12_35M_UR50D
XP_073803197,XP_056311848,0.0011415481567382812,esm2_t12_35M_UR50D
XP_073804780,XP_056310948,0.16312968730926514,esm2_t12_35M_UR50D
XP_005172209,XP_056318564,0.1166532039642334,esm2_t12_35M_UR50D
XP_005161694,XP_056303766,0.09056508541107178,esm2_t12_35M_UR50D
NP_001170806,XP_056313328,0.09349995851516724,esm2_t12_35M_UR50D
NP_001107111,XP_056308382,0.04601585865020752,esm2_t12_35M_UR50D
XP_699087,XP_056307214,0.05804646015167236,esm2_t12_35M_UR50D
XP_073803335,XP_056311413,0.00010627508163452148,esm2_t12_35M_UR50D
XP_073803336,XP_056311413,0.00010627508163452148,esm2_t12_35M_UR50D
XP_073803337,XP_056311413,0.00010627508163452148,esm2_t12_35M_UR50D
XP_073803335,XP_056311412,0.00010627508163452148,esm2_t12_35M_UR50D
XP_073803336,XP_056311412,0.00010627508163452148,esm2_t12_35M_UR50D
XP_073803337,XP_056311412,0.00010627508163452148,esm2_t12_35M_UR50D
XP_073792923,XP_056303811,0.00044035911560058594,esm2_t12_35M_UR50D
XP_073792923,XP_056303810,0.00045114755630493164,esm2_t12_35M_UR50D
XP_073803337,XP_056311414,0.00010627508163452148,esm2_t12_35M_UR50D
XP_073803336,XP_056311414,0.00010627508163452148,esm2_t12_35M_UR50D
XP_073803335,XP_056311414,0.00010627508163452148,esm2_t12_35M_UR50D
XP_073794998,XP_056305354,8.910894393920898e-05,esm2_t12_35M_UR50D
XP_073794997,XP_056305354,8.910894393920898e-05,esm2_t12_35M_UR50D
XP_073803334,XP_056311411,9.429454803466797e-05,esm2_t12_35M_UR50D
XP_073803334,XP_056311408,9.429454803466797e-05,esm2_t12_35M_UR50D
XP_073794997,XP_056305355,0.00011217594146728516,esm2_t12_35M_UR50D
XP_073794998,XP_056305355,0.00011217594146728516,esm2_t12_35M_UR50D
XP_073803334,XP_056311409,9.429454803466797e-05,esm2_t12_35M_UR50D
XP_697727,XP_056332436,0.00027883052825927734,esm2_t12_35M_UR50D
XP_073795180,XP_056304941,0.00015532970428466797,esm2_t12_35M_UR50D
XP_073807185,XP_056314718,4.112720489501953e-05,esm2_t12_35M_UR50D
XP_073807186,XP_056314718,4.112720489501953e-05,esm2_t12_35M_UR50D
XP_073795178,XP_056304941,9.85264778137207e-05,esm2_t12_35M_UR50D
XP_073795179,XP_056304941,0.00011593103408813477,esm2_t12_35M_UR50D
XP_073795177,XP_056304941,0.00020545721054077148,esm2_t12_35M_UR50D
XP_073803334,XP_056311410,9.429454803466797e-05,esm2_t12_35M_UR50D
XP_073795177,XP_056304940,9.435415267944336e-05,esm2_t12_35M_UR50D
XP_073795178,XP_056304940,0.00011920928955078125,esm2_t12_35M_UR50D
XP_073795179,XP_056304940,0.00011205673217773438,esm2_t12_35M_UR50D
XP_073795178,XP_056304938,0.00010699033737182617,esm2_t12_35M_UR50D
XP_073795178,XP_056304939,0.00010699033737182617,esm2_t12_35M_UR50D
XP_073795177,XP_056304938,8.982419967651367e-05,esm2_t12_35M_UR50D
XP_073795179,XP_056304938,0.00010919570922851562,esm2_t12_35M_UR50D
XP_073795179,XP_056304939,0.00010919570922851562,esm2_t12_35M_UR50D
XP_073795177,XP_056304939,8.982419967651367e-05,esm2_t12_35M_UR50D
XP_068068931,XP_056327439,0.09306180477142334,esm2_t12_35M_UR50D
XP_005156868,XP_056327439,0.09306180477142334,esm2_t12_35M_UR50D
NP_999947,XP_056327439,0.09311926364898682,esm2_t12_35M_UR50D
NP_001108575,XP_056308382,0.04836839437484741,esm2_t12_35M_UR50D
XP_073794997,XP_056305356,8.910894393920898e-05,esm2_t12_35M_UR50D
XP_073794998,XP_056305356,8.910894393920898e-05,esm2_t12_35M_UR50D
NP_001005950,XP_056325645,0.05478149652481079,esm2_t12_35M_UR50D
NP_001035450,XP_056301966,0.05260348320007324,esm2_t12_35M_UR50D
XP_073788352,XP_056305304,0.05859142541885376,esm2_t12_35M_UR50D
XP_073794974,XP_056304857,0.0002777576446533203,esm2_t12_35M_UR50D
XP_073794993,XP_056304857,0.00016319751739501953,esm2_t12_35M_UR50D
XP_073794988,XP_056304857,0.00016319751739501953,esm2_t12_35M_UR50D
XP_073794990,XP_056304857,0.00016319751739501953,esm2_t12_35M_UR50D
XP_073794995,XP_056304857,0.00016319751739501953,esm2_t12_35M_UR50D
XP_073794994,XP_056304857,0.00016319751739501953,esm2_t12_35M_UR50D
XP_073794978,XP_056304857,0.00016319751739501953,esm2_t12_35M_UR50D
XP_073794991,XP_056304857,0.00016319751739501953,esm2_t12_35M_UR50D
XP_073794987,XP_056304857,1.8894672393798828e-05,esm2_t12_35M_UR50D
XP_073794983,XP_056304857,0.00031185150146484375,esm2_t12_35M_UR50D
XP_073794984,XP_056304857,0.00031185150146484375,esm2_t12_35M_UR50D
XP_073794968,XP_056304857,0.00031185150146484375,esm2_t12_35M_UR50D
XP_073794996,XP_056304857,1.8894672393798828e-05,esm2_t12_35M_UR50D
XP_073794992,XP_056304857,1.8894672393798828e-05,esm2_t12_35M_UR50D
XP_073794986,XP_056304857,1.8894672393798828e-05,esm2_t12_35M_UR50D
XP_073794976,XP_056304857,0.00031185150146484375,esm2_t12_35M_UR50D
XP_073794989,XP_056304857,1.8894672393798828e-05,esm2_t12_35M_UR50D
XP_073794981,XP_056304857,0.00023978948593139648,esm2_t12_35M_UR50D
XP_073794964,XP_056304857,0.0003243684768676758,esm2_t12_35M_UR50D
XP_073794977,XP_056304857,0.00023978948593139648,esm2_t12_35M_UR50D
XP_073794962,XP_056304857,0.0003243684768676758,esm2_t12_35M_UR50D
XP_073794970,XP_056304857,0.00023978948593139648,esm2_t12_35M_UR50D
XP_073794972,XP_056304857,0.00023978948593139648,esm2_t12_35M_UR50D
XP_073794963,XP_056304857,0.0003421902656555176,esm2_t12_35M_UR50D
XP_073794985,XP_056304857,0.00025069713592529297,esm2_t12_35M_UR50D
XP_073797517,XP_056306431,0.00025576353073120117,esm2_t12_35M_UR50D
XP_073797519,XP_056306431,0.00023508071899414062,esm2_t12_35M_UR50D
XP_073794973,XP_056304857,0.00035130977630615234,esm2_t12_35M_UR50D
XP_073794975,XP_056304857,0.00035130977630615234,esm2_t12_35M_UR50D
XP_073794971,XP_056304857,0.0003243684768676758,esm2_t12_35M_UR50D
XP_073794967,XP_056304857,0.00035130977630615234,esm2_t12_35M_UR50D
XP_073794979,XP_056304857,0.00035130977630615234,esm2_t12_35M_UR50D
XP_073794965,XP_056304857,0.0003243684768676758,esm2_t12_35M_UR50D
XP_073794953,XP_056304857,0.0006311535835266113,esm2_t12_35M_UR50D
XP_073794969,XP_056304857,0.0003064870834350586,esm2_t12_35M_UR50D
XP_073794980,XP_056304857,0.0003064870834350586,esm2_t12_35M_UR50D
XP_073794966,XP_056304857,0.00031870603561401367,esm2_t12_35M_UR50D
XP_073794961,XP_056304857,0.00031870603561401367,esm2_t12_35M_UR50D
XP_073797512,XP_056306428,9.5367431640625e-05,esm2_t12_35M_UR50D
XP_073797516,XP_056306428,0.0001538991928100586,esm2_t12_35M_UR50D
XP_073797514,XP_056306428,9.5367431640625e-05,esm2_t12_35M_UR50D
XP_073797515,XP_056306428,0.0001538991928100586,esm2_t12_35M_UR50D
XP_073797511,XP_056306428,9.5367431640625e-05,esm2_t12_35M_UR50D
XP_073797513,XP_056306428,9.5367431640625e-05,esm2_t12_35M_UR50D
XP_073794951,XP_056304857,0.000542759895324707,esm2_t12_35M_UR50D
XP_073794956,XP_056304857,0.000484466552734375,esm2_t12_35M_UR50D
XP_073797513,XP_056306429,9.5367431640625e-05,esm2_t12_35M_UR50D
XP_073797511,XP_056306429,9.5367431640625e-05,esm2_t12_35M_UR50D
XP_073797512,XP_056306429,9.5367431640625e-05,esm2_t12_35M_UR50D
XP_073797514,XP_056306429,9.5367431640625e-05,esm2_t12_35M_UR50D
XP_073797515,XP_056306429,0.0001538991928100586,esm2_t12_35M_UR50D
XP_073797516,XP_056306429,0.0001538991928100586,esm2_t12_35M_UR50D
XP_073794958,XP_056304857,0.0006510019302368164,esm2_t12_35M_UR50D
XP_073794955,XP_056304857,0.0006510019302368164,esm2_t12_35M_UR50D
XP_073794952,XP_056304857,0.0006830096244812012,esm2_t12_35M_UR50D
XP_073794954,XP_056304857,0.0006830096244812012,esm2_t12_35M_UR50D
XP_073794957,XP_056304857,0.0006510019302368164,esm2_t12_35M_UR50D
XP_073794949,XP_056304857,0.0006830096244812012,esm2_t12_35M_UR50D
XP_073794960,XP_056304857,0.0006510019302368164,esm2_t12_35M_UR50D
XP_073797516,XP_056306433,0.0001538991928100586,esm2_t12_35M_UR50D
XP_073797512,XP_056306433,9.5367431640625e-05,esm2_t12_35M_UR50D
XP_073797511,XP_056306433,9.5367431640625e-05,esm2_t12_35M_UR50D
XP_073797513,XP_056306433,9.5367431640625e-05,esm2_t12_35M_UR50D
XP_073797515,XP_056306433,0.0001538991928100586,esm2_t12_35M_UR50D
XP_073797514,XP_056306433,9.5367431640625e-05,esm2_t12_35M_UR50D
XP_073794950,XP_056304857,0.0005741715431213379,esm2_t12_35M_UR50D
XP_073797512,XP_056306430,0.0001729726791381836,esm2_t12_35M_UR50D
XP_073797514,XP_056306430,0.0001729726791381836,esm2_t12_35M_UR50D
XP_073797513,XP_056306430,0.0001729726791381836,esm2_t12_35M_UR50D
XP_073797516,XP_056306430,0.0001366138458251953,esm2_t12_35M_UR50D
XP_073797515,XP_056306430,0.0001366138458251953,esm2_t12_35M_UR50D
XP_073797511,XP_056306430,0.0001729726791381836,esm2_t12_35M_UR50D
XP_073797516,XP_056306425,0.0001538991928100586,esm2_t12_35M_UR50D
XP_073797515,XP_056306425,0.0001538991928100586,esm2_t12_35M_UR50D
XP_073797512,XP_056306425,9.5367431640625e-05,esm2_t12_35M_UR50D
XP_073797511,XP_056306425,9.5367431640625e-05,esm2_t12_35M_UR50D
XP_073797514,XP_056306425,9.5367431640625e-05,esm2_t12_35M_UR50D
XP_073797513,XP_056306425,9.5367431640625e-05,esm2_t12_35M_UR50D
XP_073797515,XP_056306427,0.0001538991928100586,esm2_t12_35M_UR50D
XP_073797516,XP_056306427,0.0001538991928100586,esm2_t12_35M_UR50D
XP_073797514,XP_056306427,9.5367431640625e-05,esm2_t12_35M_UR50D
XP_073797513,XP_056306427,9.5367431640625e-05,esm2_t12_35M_UR50D
XP_073797512,XP_056306427,9.5367431640625e-05,esm2_t12_35M_UR50D
XP_073797511,XP_056306427,9.5367431640625e-05,esm2_t12_35M_UR50D
XP_073797514,XP_056306426,9.5367431640625e-05,esm2_t12_35M_UR50D
XP_073797516,XP_056306426,0.0001538991928100586,esm2_t12_35M_UR50D
XP_073797515,XP_056306426,0.0001538991928100586,esm2_t12_35M_UR50D
XP_073797511,XP_056306426,9.5367431640625e-05,esm2_t12_35M_UR50D
XP_073797512,XP_056306426,9.5367431640625e-05,esm2_t12_35M_UR50D
XP_073797513,XP_056306426,9.5367431640625e-05,esm2_t12_35M_UR50D
XP_073808700,XP_056315576,0.0008344650268554688,esm2_t12_35M_UR50D
XP_073808702,XP_056315576,0.0008344650268554688,esm2_t12_35M_UR50D
XP_073808701,XP_056315576,0.0008344650268554688,esm2_t12_35M_UR50D
XP_073808699,XP_056315576,0.0008344650268554688,esm2_t12_35M_UR50D
NP_001007283,XP_056302248,0.08292675018310547,esm2_t12_35M_UR50D
XP_073800243,XP_056305128,0.03394973278045654,esm2_t12_35M_UR50D
XP_073804780,XP_056310941,0.09275996685028076,esm2_t12_35M_UR50D
XP_073804780,XP_056310942,0.09275996685028076,esm2_t12_35M_UR50D
XP_073804780,XP_056310943,0.09275996685028076,esm2_t12_35M_UR50D
XP_073804780,XP_056310940,0.09275996685028076,esm2_t12_35M_UR50D
XP_073804780,XP_056310945,0.09275996685028076,esm2_t12_35M_UR50D
XP_009292899,XP_056337466,0.07768923044204712,esm2_t12_35M_UR50D
XP_073789832,XP_056336618,0.00019598007202148438,esm2_t12_35M_UR50D
XP_073789833,XP_056336618,0.0001958608627319336,esm2_t12_35M_UR50D
XP_073789830,XP_056336618,0.0001958608627319336,esm2_t12_35M_UR50D
XP_073789831,XP_056336618,0.00012111663818359375,esm2_t12_35M_UR50D
XP_003201252,XP_056304607,0.003567337989807129,esm2_t12_35M_UR50D
NP_001038622,XP_056337466,0.07789218425750732,esm2_t12_35M_UR50D
XP_009295192,XP_056304607,0.0035845041275024414,esm2_t12_35M_UR50D
XP_017206475,XP_056330047,0.008217096328735352,esm2_t12_35M_UR50D
NP_001293035,XP_056301481,0.05067873001098633,esm2_t12_35M_UR50D
XP_073806316,XP_056313146,0.0003503561019897461,esm2_t12_35M_UR50D
XP_073806299,XP_056313146,0.00037223100662231445,esm2_t12_35M_UR50D
NP_991182,XP_056306006,0.054886579513549805,esm2_t12_35M_UR50D
XP_073806310,XP_056313146,0.0003362894058227539,esm2_t12_35M_UR50D
XP_073806302,XP_056313146,0.0003040432929992676,esm2_t12_35M_UR50D
XP_073806313,XP_056313146,0.00028711557388305664,esm2_t12_35M_UR50D
XP_073806304,XP_056313146,0.00029289722442626953,esm2_t12_35M_UR50D
XP_073806329,XP_056313146,0.0004177093505859375,esm2_t12_35M_UR50D
XP_073806324,XP_056313146,0.00041472911834716797,esm2_t12_35M_UR50D
XP_073806325,XP_056313146,0.00035446882247924805,esm2_t12_35M_UR50D
XP_073797231,XP_056307207,0.00016313791275024414,esm2_t12_35M_UR50D
NP_001417763,XP_056318168,0.00044476985931396484,esm2_t12_35M_UR50D
XP_021336792,XP_056328313,0.05781292915344238,esm2_t12_35M_UR50D
XP_021336793,XP_056328313,0.05781292915344238,esm2_t12_35M_UR50D
NP_001231965,XP_056311338,0.06621378660202026,esm2_t12_35M_UR50D
XP_073794903,XP_056305469,8.732080459594727e-05,esm2_t12_35M_UR50D
XP_073805227,XP_056320045,0.0012950301170349121,esm2_t12_35M_UR50D
XP_073805226,XP_056320045,0.0012950301170349121,esm2_t12_35M_UR50D
XP_073802941,XP_056312376,0.0811501145362854,esm2_t12_35M_UR50D
XP_073805226,XP_056320063,0.0012950301170349121,esm2_t12_35M_UR50D
XP_073805227,XP_056320063,0.0012950301170349121,esm2_t12_35M_UR50D
XP_073790413,XP_056302875,0.0002987980842590332,esm2_t12_35M_UR50D
XP_073790398,XP_056302875,0.0002987980842590332,esm2_t12_35M_UR50D
XP_073790413,XP_056302874,0.0002987980842590332,esm2_t12_35M_UR50D
XP_073790414,XP_056302874,0.0002987980842590332,esm2_t12_35M_UR50D
XP_073790411,XP_056302875,0.0002987980842590332,esm2_t12_35M_UR50D
XP_073790412,XP_056302874,0.0002987980842590332,esm2_t12_35M_UR50D
XP_073790414,XP_056302875,0.0002987980842590332,esm2_t12_35M_UR50D
XP_073790399,XP_056302874,0.0002987980842590332,esm2_t12_35M_UR50D
XP_073790398,XP_056302874,0.0002987980842590332,esm2_t12_35M_UR50D
XP_073790400,XP_056302875,0.0002987980842590332,esm2_t12_35M_UR50D
XP_073790399,XP_056302875,0.0002987980842590332,esm2_t12_35M_UR50D
XP_073790400,XP_056302874,0.0002987980842590332,esm2_t12_35M_UR50D
XP_073790397,XP_056302875,0.0002987980842590332,esm2_t12_35M_UR50D
XP_073790412,XP_056302875,0.0002987980842590332,esm2_t12_35M_UR50D
XP_073790411,XP_056302874,0.0002987980842590332,esm2_t12_35M_UR50D
XP_073790397,XP_056302874,0.0002987980842590332,esm2_t12_35M_UR50D
XP_073805985,XP_056314630,0.0045125484466552734,esm2_t12_35M_UR50D
NP_001160156,XP_056308636,0.1046062707901001,esm2_t12_35M_UR50D
XP_073790390,XP_056302872,0.00032317638397216797,esm2_t12_35M_UR50D
XP_073790406,XP_056302872,0.00032317638397216797,esm2_t12_35M_UR50D
XP_073790405,XP_056302872,0.00032317638397216797,esm2_t12_35M_UR50D
XP_073790388,XP_056302872,0.00032317638397216797,esm2_t12_35M_UR50D
XP_073790391,XP_056302872,0.00032317638397216797,esm2_t12_35M_UR50D
XP_073790392,XP_056302872,0.00032317638397216797,esm2_t12_35M_UR50D
XP_073790405,XP_056302870,0.00032317638397216797,esm2_t12_35M_UR50D
XP_073790391,XP_056302870,0.00032317638397216797,esm2_t12_35M_UR50D
XP_073790392,XP_056302870,0.00032317638397216797,esm2_t12_35M_UR50D
XP_073790406,XP_056302870,0.00032317638397216797,esm2_t12_35M_UR50D
XP_073790416,XP_056302876,0.00030344724655151367,esm2_t12_35M_UR50D
XP_073790384,XP_056302876,0.00030344724655151367,esm2_t12_35M_UR50D
XP_073790401,XP_056302876,0.00030344724655151367,esm2_t12_35M_UR50D
XP_073790402,XP_056302876,0.00030344724655151367,esm2_t12_35M_UR50D
XP_073810732,XP_056316506,8.618831634521484e-05,esm2_t12_35M_UR50D
XP_073810733,XP_056316506,8.618831634521484e-05,esm2_t12_35M_UR50D
XP_073793585,XP_056303596,0.053513288497924805,esm2_t12_35M_UR50D
XP_073793586,XP_056303596,0.053513288497924805,esm2_t12_35M_UR50D
XP_073798580,XP_056307637,0.0004971027374267578,esm2_t12_35M_UR50D
XP_699360,XP_056316506,6.967782974243164e-05,esm2_t12_35M_UR50D
XP_073805226,XP_056320055,0.001349806785583496,esm2_t12_35M_UR50D
XP_073805227,XP_056320055,0.001349806785583496,esm2_t12_35M_UR50D
XP_073810733,XP_056316507,6.0498714447021484e-05,esm2_t12_35M_UR50D
XP_073810732,XP_056316507,6.0498714447021484e-05,esm2_t12_35M_UR50D
XP_009291892,XP_056318446,0.05153125524520874,esm2_t12_35M_UR50D
XP_073810733,XP_056316505,8.618831634521484e-05,esm2_t12_35M_UR50D
XP_073810732,XP_056316505,8.618831634521484e-05,esm2_t12_35M_UR50D
XP_073810735,XP_056316506,0.00013834238052368164,esm2_t12_35M_UR50D
NP_001231965,XP_056311339,0.06091564893722534,esm2_t12_35M_UR50D
XP_073786073,XP_056318446,0.05108290910720825,esm2_t12_35M_UR50D
XP_699360,XP_056316507,6.699562072753906e-05,esm2_t12_35M_UR50D
XP_699360,XP_056316505,6.967782974243164e-05,esm2_t12_35M_UR50D
XP_073810735,XP_056316507,0.00011843442916870117,esm2_t12_35M_UR50D
XP_073810735,XP_056316505,0.00013834238052368164,esm2_t12_35M_UR50D
XP_073798577,XP_056307637,0.0005031824111938477,esm2_t12_35M_UR50D
XP_073810732,XP_056316508,0.00012046098709106445,esm2_t12_35M_UR50D
XP_073810733,XP_056316508,0.00012046098709106445,esm2_t12_35M_UR50D
XP_699360,XP_056316508,0.00012153387069702148,esm2_t12_35M_UR50D
XP_021323468,XP_056318446,0.05026942491531372,esm2_t12_35M_UR50D
XP_073810735,XP_056316508,5.7220458984375e-05,esm2_t12_35M_UR50D
XP_073798574,XP_056307637,0.0005703568458557129,esm2_t12_35M_UR50D
XP_073798575,XP_056307637,0.0005703568458557129,esm2_t12_35M_UR50D
XP_073798576,XP_056307637,0.0005568265914916992,esm2_t12_35M_UR50D
XP_073800142,XP_056304567,0.07463276386260986,esm2_t12_35M_UR50D
XP_073809698,XP_056315393,5.310773849487305e-05,esm2_t12_35M_UR50D
XP_073794113,XP_056304690,5.036592483520508e-05,esm2_t12_35M_UR50D
XP_073794114,XP_056304690,5.036592483520508e-05,esm2_t12_35M_UR50D
XP_073801180,XP_056308798,0.06004601716995239,esm2_t12_35M_UR50D
XP_073799227,XP_056309604,4.601478576660156e-05,esm2_t12_35M_UR50D
XP_683046,XP_056315393,9.834766387939453e-06,esm2_t12_35M_UR50D
NP_001106975,XP_056325918,0.026195168495178223,esm2_t12_35M_UR50D
NP_571137,XP_056320468,0.015257120132446289,esm2_t12_35M_UR50D
XP_073809698,XP_056315392,4.5359134674072266e-05,esm2_t12_35M_UR50D
XP_073808616,XP_056315332,0.00034540891647338867,esm2_t12_35M_UR50D
XP_073808615,XP_056315332,0.00034540891647338867,esm2_t12_35M_UR50D
XP_073808612,XP_056315332,4.291534423828125e-05,esm2_t12_35M_UR50D
XP_073808613,XP_056315332,4.291534423828125e-05,esm2_t12_35M_UR50D
XP_073797283,XP_056306637,8.320808410644531e-05,esm2_t12_35M_UR50D
XP_073805358,XP_056310791,0.059654951095581055,esm2_t12_35M_UR50D
XP_021333282,XP_056310791,0.059654951095581055,esm2_t12_35M_UR50D
XP_021337120,XP_056330047,0.006244540214538574,esm2_t12_35M_UR50D
XP_073792929,XP_056304182,3.081560134887695e-05,esm2_t12_35M_UR50D
XP_073808615,XP_056315333,4.875659942626953e-05,esm2_t12_35M_UR50D
XP_073808613,XP_056315333,0.0002910494804382324,esm2_t12_35M_UR50D
XP_073808612,XP_056315333,0.0002910494804382324,esm2_t12_35M_UR50D
XP_073808616,XP_056315333,4.875659942626953e-05,esm2_t12_35M_UR50D
XP_073800856,XP_056309873,0.00014775991439819336,esm2_t12_35M_UR50D
XP_073794186,XP_056305837,0.012594282627105713,esm2_t12_35M_UR50D
XP_073794190,XP_056305837,0.012704670429229736,esm2_t12_35M_UR50D
XP_073794185,XP_056305837,0.012594282627105713,esm2_t12_35M_UR50D
XP_073794184,XP_056305837,0.012594282627105713,esm2_t12_35M_UR50D
XP_073794187,XP_056305837,0.012594282627105713,esm2_t12_35M_UR50D
XP_073794182,XP_056305837,0.012594282627105713,esm2_t12_35M_UR50D
XP_073794189,XP_056305837,0.012704670429229736,esm2_t12_35M_UR50D
XP_073794188,XP_056305837,0.012704670429229736,esm2_t12_35M_UR50D
XP_073793322,XP_056303267,0.028475403785705566,esm2_t12_35M_UR50D
XP_073799227,XP_056309603,4.863739013671875e-05,esm2_t12_35M_UR50D
XP_073808611,XP_056315332,7.110834121704102e-05,esm2_t12_35M_UR50D
XP_073808610,XP_056315332,7.110834121704102e-05,esm2_t12_35M_UR50D
XP_073808614,XP_056315332,0.00040262937545776367,esm2_t12_35M_UR50D
XP_073808609,XP_056315332,7.110834121704102e-05,esm2_t12_35M_UR50D
XP_073808619,XP_056315335,0.00032126903533935547,esm2_t12_35M_UR50D
XP_073808621,XP_056315335,4.965066909790039e-05,esm2_t12_35M_UR50D
XP_073808620,XP_056315335,4.965066909790039e-05,esm2_t12_35M_UR50D
XP_073808618,XP_056315335,0.0005857348442077637,esm2_t12_35M_UR50D
XP_073808617,XP_056315335,0.0005859136581420898,esm2_t12_35M_UR50D
XP_073790391,XP_056302871,0.00032317638397216797,esm2_t12_35M_UR50D
XP_073790405,XP_056302871,0.00032317638397216797,esm2_t12_35M_UR50D
XP_073790392,XP_056302871,0.00032317638397216797,esm2_t12_35M_UR50D
XP_073790406,XP_056302871,0.00032317638397216797,esm2_t12_35M_UR50D
XP_073808619,XP_056315334,0.00041961669921875,esm2_t12_35M_UR50D
XP_073808614,XP_056315333,0.00011056661605834961,esm2_t12_35M_UR50D
XP_073808618,XP_056315334,4.3272972106933594e-05,esm2_t12_35M_UR50D
XP_073808621,XP_056315334,0.0005263686180114746,esm2_t12_35M_UR50D
XP_073808620,XP_056315334,0.0005263686180114746,esm2_t12_35M_UR50D
XP_073808617,XP_056315334,4.3332576751708984e-05,esm2_t12_35M_UR50D
XP_695742,XP_056317280,0.00012224912643432617,esm2_t12_35M_UR50D
XP_073790647,XP_056301754,0.0010007023811340332,esm2_t12_35M_UR50D
XP_073790637,XP_056301754,9.41157341003418e-05,esm2_t12_35M_UR50D
XP_073790646,XP_056301754,0.0010007023811340332,esm2_t12_35M_UR50D
XP_073790638,XP_056301749,0.0015141963958740234,esm2_t12_35M_UR50D
XP_073790637,XP_056301749,0.0019156336784362793,esm2_t12_35M_UR50D
XP_073790639,XP_056301749,0.0015141963958740234,esm2_t12_35M_UR50D
XP_701288,XP_056326301,9.375810623168945e-05,esm2_t12_35M_UR50D
NP_001289712,XP_056308417,0.032775819301605225,esm2_t12_35M_UR50D
XP_073790649,XP_056301759,0.0019156336784362793,esm2_t12_35M_UR50D
XP_073790659,XP_056301759,0.0015141963958740234,esm2_t12_35M_UR50D
XP_073790653,XP_056301759,0.0015141963958740234,esm2_t12_35M_UR50D
XP_073790658,XP_056301759,0.0015141963958740234,esm2_t12_35M_UR50D
XP_073790652,XP_056301759,0.0015141963958740234,esm2_t12_35M_UR50D
XP_073790641,XP_056301759,0.00014865398406982422,esm2_t12_35M_UR50D
XP_073790645,XP_056301759,0.0003756284713745117,esm2_t12_35M_UR50D
XP_073790640,XP_056301759,0.00014865398406982422,esm2_t12_35M_UR50D
XP_073790648,XP_056301759,0.0019156336784362793,esm2_t12_35M_UR50D
XP_073790652,XP_056301757,0.0015141963958740234,esm2_t12_35M_UR50D
XP_073790653,XP_056301757,0.0015141963958740234,esm2_t12_35M_UR50D
XP_073790648,XP_056301757,0.0019156336784362793,esm2_t12_35M_UR50D
XP_073790641,XP_056301757,0.00014865398406982422,esm2_t12_35M_UR50D
XP_073790640,XP_056301757,0.00014865398406982422,esm2_t12_35M_UR50D
XP_073790649,XP_056301757,0.0019156336784362793,esm2_t12_35M_UR50D
XP_073790645,XP_056301757,0.0003756284713745117,esm2_t12_35M_UR50D
XP_073790639,XP_056301752,0.0013875961303710938,esm2_t12_35M_UR50D
XP_073790639,XP_056301751,0.0013875961303710938,esm2_t12_35M_UR50D
XP_073790637,XP_056301752,0.0017924904823303223,esm2_t12_35M_UR50D
XP_073790638,XP_056301752,0.0013875961303710938,esm2_t12_35M_UR50D
XP_073790638,XP_056301751,0.0013875961303710938,esm2_t12_35M_UR50D
XP_073790638,XP_056301753,0.0013875961303710938,esm2_t12_35M_UR50D
XP_073790637,XP_056301753,0.0017924904823303223,esm2_t12_35M_UR50D
XP_073790637,XP_056301751,0.0017924904823303223,esm2_t12_35M_UR50D
XP_073790639,XP_056301753,0.0013875961303710938,esm2_t12_35M_UR50D
XP_073807487,XP_056315670,0.00018924474716186523,esm2_t12_35M_UR50D
XP_073807483,XP_056315670,0.0001882314682006836,esm2_t12_35M_UR50D
XP_073807494,XP_056315670,0.00018924474716186523,esm2_t12_35M_UR50D
XP_073799247,XP_056307248,0.026006102561950684,esm2_t12_35M_UR50D
XP_073790637,XP_056301750,0.002641618251800537,esm2_t12_35M_UR50D
XP_073790642,XP_056301750,0.0022376179695129395,esm2_t12_35M_UR50D
XP_073790639,XP_056301750,0.0021886825561523438,esm2_t12_35M_UR50D
XP_073790638,XP_056301750,0.0021886825561523438,esm2_t12_35M_UR50D
XP_073790644,XP_056301750,0.0022376179695129395,esm2_t12_35M_UR50D
XP_073807487,XP_056315654,0.00018924474716186523,esm2_t12_35M_UR50D
XP_073807483,XP_056315654,0.0001882314682006836,esm2_t12_35M_UR50D
XP_073807494,XP_056315654,0.00018924474716186523,esm2_t12_35M_UR50D
XP_073790650,XP_056301755,0.001159071922302246,esm2_t12_35M_UR50D
XP_073790651,XP_056301755,0.001159071922302246,esm2_t12_35M_UR50D
XP_073787710,XP_056304658,0.041496098041534424,esm2_t12_35M_UR50D
NP_001093546,XP_056336232,0.008807897567749023,esm2_t12_35M_UR50D
XP_073807487,XP_056315679,0.00018924474716186523,esm2_t12_35M_UR50D
XP_073807483,XP_056315679,0.0001882314682006836,esm2_t12_35M_UR50D
XP_073807494,XP_056315679,0.00018924474716186523,esm2_t12_35M_UR50D
NP_957123,XP_056305557,0.019956648349761963,esm2_t12_35M_UR50D
XP_073807494,XP_056315663,0.00018852949142456055,esm2_t12_35M_UR50D
XP_073807487,XP_056315663,0.00018852949142456055,esm2_t12_35M_UR50D
XP_073807483,XP_056315663,0.00018727779388427734,esm2_t12_35M_UR50D
XP_073807487,XP_056315645,0.00018924474716186523,esm2_t12_35M_UR50D
XP_073807483,XP_056315645,0.0001882314682006836,esm2_t12_35M_UR50D
XP_073807494,XP_056315645,0.00018924474716186523,esm2_t12_35M_UR50D
XP_073807562,XP_056314404,0.00011622905731201172,esm2_t12_35M_UR50D
XP_021333865,XP_056310884,0.02600914239883423,esm2_t12_35M_UR50D
XP_073790638,XP_056301756,7.700920104980469e-05,esm2_t12_35M_UR50D
XP_073790642,XP_056301756,0.00024580955505371094,esm2_t12_35M_UR50D
XP_073790651,XP_056301756,0.0009248852729797363,esm2_t12_35M_UR50D
XP_073790644,XP_056301756,0.00024580955505371094,esm2_t12_35M_UR50D
XP_073790647,XP_056301756,0.0005483627319335938,esm2_t12_35M_UR50D
XP_073790650,XP_056301756,0.0009248852729797363,esm2_t12_35M_UR50D
XP_073790639,XP_056301756,7.700920104980469e-05,esm2_t12_35M_UR50D
XP_073790646,XP_056301756,0.0005483627319335938,esm2_t12_35M_UR50D
XP_073807561,XP_056314404,0.00012940168380737305,esm2_t12_35M_UR50D
XP_073807560,XP_056314404,0.00015038251876831055,esm2_t12_35M_UR50D
XP_073807559,XP_056314404,0.00015622377395629883,esm2_t12_35M_UR50D
XP_073807562,XP_056314408,0.00014793872833251953,esm2_t12_35M_UR50D
XP_073807563,XP_056314404,0.00021320581436157227,esm2_t12_35M_UR50D
XP_073795509,XP_056305554,0.030955374240875244,esm2_t12_35M_UR50D
XP_073807561,XP_056314408,0.00013774633407592773,esm2_t12_35M_UR50D
XP_073807563,XP_056314408,0.00019305944442749023,esm2_t12_35M_UR50D
XP_073807560,XP_056314408,0.00019663572311401367,esm2_t12_35M_UR50D
XP_073807562,XP_056314407,0.00015628337860107422,esm2_t12_35M_UR50D
XP_073807559,XP_056314408,0.0001736283302307129,esm2_t12_35M_UR50D
XP_073807561,XP_056314407,0.0001499652862548828,esm2_t12_35M_UR50D
XP_701288,XP_056326300,9.375810623168945e-05,esm2_t12_35M_UR50D
XP_073807560,XP_056314407,0.00020885467529296875,esm2_t12_35M_UR50D
XP_073807563,XP_056314407,0.00019484758377075195,esm2_t12_35M_UR50D
XP_073807559,XP_056314407,0.0001894831657409668,esm2_t12_35M_UR50D
XP_073790668,XP_056301761,0.0009570717811584473,esm2_t12_35M_UR50D
XP_073790667,XP_056301761,0.0009248852729797363,esm2_t12_35M_UR50D
XP_073790641,XP_056301761,0.0016381144523620605,esm2_t12_35M_UR50D
XP_073790663,XP_056301761,0.00024580955505371094,esm2_t12_35M_UR50D
XP_073790649,XP_056301761,0.0006447434425354004,esm2_t12_35M_UR50D
XP_073790659,XP_056301761,7.700920104980469e-05,esm2_t12_35M_UR50D
XP_073790656,XP_056301761,0.00024580955505371094,esm2_t12_35M_UR50D
XP_073790648,XP_056301761,0.0006447434425354004,esm2_t12_35M_UR50D
XP_073790640,XP_056301761,0.0016381144523620605,esm2_t12_35M_UR50D
XP_073790657,XP_056301761,0.00024580955505371094,esm2_t12_35M_UR50D
XP_073790653,XP_056301761,7.700920104980469e-05,esm2_t12_35M_UR50D
XP_073790658,XP_056301761,7.700920104980469e-05,esm2_t12_35M_UR50D
XP_073790664,XP_056301761,0.00024580955505371094,esm2_t12_35M_UR50D
XP_073790652,XP_056301761,7.700920104980469e-05,esm2_t12_35M_UR50D
XP_073790669,XP_056301761,0.0009570717811584473,esm2_t12_35M_UR50D
XP_073790662,XP_056301761,0.0005483627319335938,esm2_t12_35M_UR50D
XP_073790661,XP_056301761,0.0005483627319335938,esm2_t12_35M_UR50D
XP_073790666,XP_056301761,0.0009248852729797363,esm2_t12_35M_UR50D
XP_009294635,XP_056304550,0.06522011756896973,esm2_t12_35M_UR50D
NP_001315310,XP_056320467,0.014616966247558594,esm2_t12_35M_UR50D
XP_073807483,XP_056315685,0.00018727779388427734,esm2_t12_35M_UR50D
XP_073807494,XP_056315685,0.00018852949142456055,esm2_t12_35M_UR50D
XP_073807487,XP_056315685,0.00018852949142456055,esm2_t12_35M_UR50D
XP_073807562,XP_056314410,0.00013774633407592773,esm2_t12_35M_UR50D
XP_073790657,XP_056301758,0.0022376179695129395,esm2_t12_35M_UR50D
XP_073790648,XP_056301758,0.002641618251800537,esm2_t12_35M_UR50D
XP_073790640,XP_056301758,0.0003789663314819336,esm2_t12_35M_UR50D
XP_073790645,XP_056301758,0.0001232624053955078,esm2_t12_35M_UR50D
XP_073790649,XP_056301758,0.002641618251800537,esm2_t12_35M_UR50D
XP_073790656,XP_056301758,0.0022376179695129395,esm2_t12_35M_UR50D
XP_073790641,XP_056301758,0.0003789663314819336,esm2_t12_35M_UR50D
XP_073807561,XP_056314410,0.0001537799835205078,esm2_t12_35M_UR50D
XP_073807563,XP_056314410,0.0002269744873046875,esm2_t12_35M_UR50D
XP_073807560,XP_056314410,0.00018167495727539062,esm2_t12_35M_UR50D
XP_073807559,XP_056314410,0.00018143653869628906,esm2_t12_35M_UR50D
XP_073807562,XP_056314405,0.0001843571662902832,esm2_t12_35M_UR50D
XP_073807561,XP_056314405,0.00018417835235595703,esm2_t12_35M_UR50D
XP_073807560,XP_056314405,0.00023216009140014648,esm2_t12_35M_UR50D
XP_073807563,XP_056314405,0.00023806095123291016,esm2_t12_35M_UR50D
XP_073807559,XP_056314405,0.0002136826515197754,esm2_t12_35M_UR50D
NP_001002097,XP_056324134,0.03164094686508179,esm2_t12_35M_UR50D
NP_001006080,XP_056305553,0.03912431001663208,esm2_t12_35M_UR50D
XP_073791874,XP_056302791,0.04318970441818237,esm2_t12_35M_UR50D
XP_073798491,XP_056328370,0.016787171363830566,esm2_t12_35M_UR50D
XP_073791840,XP_056319202,0.020386934280395508,esm2_t12_35M_UR50D
XP_690503,XP_056312321,0.04671072959899902,esm2_t12_35M_UR50D
XP_073810957,XP_056316683,0.04422152042388916,esm2_t12_35M_UR50D
XP_073810956,XP_056316683,0.044221580028533936,esm2_t12_35M_UR50D
XP_073810955,XP_056316683,0.044221580028533936,esm2_t12_35M_UR50D
XP_073810958,XP_056316683,0.04422152042388916,esm2_t12_35M_UR50D
NP_001315125,XP_056321353,0.035046279430389404,esm2_t12_35M_UR50D
XP_073810957,XP_056316684,0.04380929470062256,esm2_t12_35M_UR50D
XP_073810956,XP_056316684,0.04380941390991211,esm2_t12_35M_UR50D
XP_073810955,XP_056316684,0.04380941390991211,esm2_t12_35M_UR50D
XP_073810958,XP_056316684,0.04380929470062256,esm2_t12_35M_UR50D
XP_073793333,XP_056312323,0.01712942123413086,esm2_t12_35M_UR50D
XP_073793334,XP_056312323,0.01712942123413086,esm2_t12_35M_UR50D
XP_073810953,XP_056316684,0.04355555772781372,esm2_t12_35M_UR50D
XP_073810954,XP_056316684,0.04355555772781372,esm2_t12_35M_UR50D
XP_073810951,XP_056316684,0.04355555772781372,esm2_t12_35M_UR50D
XP_073810952,XP_056316684,0.04355555772781372,esm2_t12_35M_UR50D
XP_021334993,XP_056323129,0.03558313846588135,esm2_t12_35M_UR50D
NP_001017616,XP_056318181,0.10493022203445435,esm2_t12_35M_UR50D
XP_073801025,XP_056309952,0.00015145540237426758,esm2_t12_35M_UR50D
XP_073801019,XP_056309952,0.0001538395881652832,esm2_t12_35M_UR50D
XP_073801020,XP_056309952,0.0001538395881652832,esm2_t12_35M_UR50D
XP_073801024,XP_056309952,0.0001538395881652832,esm2_t12_35M_UR50D
XP_073801023,XP_056309952,0.00014013051986694336,esm2_t12_35M_UR50D
XP_073801021,XP_056309952,0.0001316070556640625,esm2_t12_35M_UR50D
XP_073801022,XP_056309952,0.0001316070556640625,esm2_t12_35M_UR50D
XP_073801018,XP_056309952,0.00014013051986694336,esm2_t12_35M_UR50D
XP_073801025,XP_056309951,0.00015145540237426758,esm2_t12_35M_UR50D
XP_073801019,XP_056309951,0.0001538395881652832,esm2_t12_35M_UR50D
XP_073801020,XP_056309951,0.0001538395881652832,esm2_t12_35M_UR50D
XP_073801024,XP_056309951,0.0001538395881652832,esm2_t12_35M_UR50D
XP_073802123,XP_056312665,6.622076034545898e-05,esm2_t12_35M_UR50D
XP_073802123,XP_056312664,6.622076034545898e-05,esm2_t12_35M_UR50D
XP_073801400,XP_056308705,0.022158801555633545,esm2_t12_35M_UR50D
XP_021326380,XP_056307596,0.062078654766082764,esm2_t12_35M_UR50D
XP_073801020,XP_056309949,0.0001538395881652832,esm2_t12_35M_UR50D
XP_073801019,XP_056309949,0.0001538395881652832,esm2_t12_35M_UR50D
XP_073801024,XP_056309949,0.0001538395881652832,esm2_t12_35M_UR50D
XP_073801021,XP_056309951,0.0001316070556640625,esm2_t12_35M_UR50D
XP_073801018,XP_056309951,0.00014013051986694336,esm2_t12_35M_UR50D
XP_073801022,XP_056309951,0.0001316070556640625,esm2_t12_35M_UR50D
XP_073801023,XP_056309951,0.00014013051986694336,esm2_t12_35M_UR50D
NP_705949,XP_056309172,0.03798210620880127,esm2_t12_35M_UR50D
XP_073801023,XP_056309949,0.00014013051986694336,esm2_t12_35M_UR50D
XP_073801018,XP_056309949,0.00014013051986694336,esm2_t12_35M_UR50D
XP_073801021,XP_056309949,0.0001316070556640625,esm2_t12_35M_UR50D
XP_073801022,XP_056309949,0.0001316070556640625,esm2_t12_35M_UR50D
XP_009290388,XP_056332070,0.020092010498046875,esm2_t12_35M_UR50D
XP_073807572,XP_056314409,0.00020062923431396484,esm2_t12_35M_UR50D
XP_073807573,XP_056314409,0.00019359588623046875,esm2_t12_35M_UR50D
XP_073797233,XP_056307190,0.0002837181091308594,esm2_t12_35M_UR50D
XP_073797235,XP_056307190,0.0002837181091308594,esm2_t12_35M_UR50D
XP_073797234,XP_056307191,0.0002837181091308594,esm2_t12_35M_UR50D
XP_073797233,XP_056307191,0.0002837181091308594,esm2_t12_35M_UR50D
XP_073797235,XP_056307191,0.0002837181091308594,esm2_t12_35M_UR50D
XP_073797234,XP_056307190,0.0002837181091308594,esm2_t12_35M_UR50D
XP_073797233,XP_056307189,0.0002837181091308594,esm2_t12_35M_UR50D
XP_073797234,XP_056307189,0.0002837181091308594,esm2_t12_35M_UR50D
XP_073797234,XP_056307188,0.0002837181091308594,esm2_t12_35M_UR50D
XP_073797233,XP_056307188,0.0002837181091308594,esm2_t12_35M_UR50D
XP_073801020,XP_056309950,0.00013560056686401367,esm2_t12_35M_UR50D
XP_073801019,XP_056309950,0.00013560056686401367,esm2_t12_35M_UR50D
XP_073801023,XP_056309950,0.00015348196029663086,esm2_t12_35M_UR50D
XP_073801018,XP_056309950,0.00015348196029663086,esm2_t12_35M_UR50D
XP_073801021,XP_056309950,0.00014263391494750977,esm2_t12_35M_UR50D
XP_073801022,XP_056309950,0.00014263391494750977,esm2_t12_35M_UR50D
NP_001038839,XP_056307445,0.015956878662109375,esm2_t12_35M_UR50D
XP_073797233,XP_056307187,0.00031495094299316406,esm2_t12_35M_UR50D
XP_073797235,XP_056307187,0.00031495094299316406,esm2_t12_35M_UR50D
XP_073797234,XP_056307187,0.00031495094299316406,esm2_t12_35M_UR50D
XP_009304943,XP_056326200,0.041424453258514404,esm2_t12_35M_UR50D
NP_001002488,XP_056326200,0.041424453258514404,esm2_t12_35M_UR50D
XP_009290387,XP_056332070,0.020092010498046875,esm2_t12_35M_UR50D
XP_009290386,XP_056332070,0.020092010498046875,esm2_t12_35M_UR50D
XP_073805415,XP_056310878,0.04752397537231445,esm2_t12_35M_UR50D
XP_009290389,XP_056332070,0.020092010498046875,esm2_t12_35M_UR50D
NP_001180454,XP_056327216,0.037076711654663086,esm2_t12_35M_UR50D
NP_001341481,XP_056327216,0.037076711654663086,esm2_t12_35M_UR50D
NP_001341482,XP_056327216,0.037076711654663086,esm2_t12_35M_UR50D
XP_017211153,XP_056310457,0.03622084856033325,esm2_t12_35M_UR50D
XP_009290390,XP_056332070,0.01715528964996338,esm2_t12_35M_UR50D
XP_021325206,XP_056303950,0.01755613088607788,esm2_t12_35M_UR50D
XP_009289566,XP_056328805,0.02252042293548584,esm2_t12_35M_UR50D
XP_021324081,XP_056326066,0.03621327877044678,esm2_t12_35M_UR50D
XP_005174189,XP_056305557,0.01568889617919922,esm2_t12_35M_UR50D
XP_005163889,XP_056309172,0.037982285022735596,esm2_t12_35M_UR50D
XP_073807571,XP_056314409,0.00019884109497070312,esm2_t12_35M_UR50D
XP_073795138,XP_056304639,0.000498652458190918,esm2_t12_35M_UR50D
XP_003201260,XP_056305573,0.018830537796020508,esm2_t12_35M_UR50D
XP_073807569,XP_056314409,0.00020968914031982422,esm2_t12_35M_UR50D
XP_073807568,XP_056314409,0.00020176172256469727,esm2_t12_35M_UR50D
XP_073801594,XP_056323202,0.06774795055389404,esm2_t12_35M_UR50D
XP_003201035,XP_056304483,0.025426149368286133,esm2_t12_35M_UR50D
NP_001017855,XP_056308570,0.02120131254196167,esm2_t12_35M_UR50D
XP_073795139,XP_056304639,0.0004871487617492676,esm2_t12_35M_UR50D
XP_021332406,XP_056314895,0.05661463737487793,esm2_t12_35M_UR50D
XP_073808008,XP_056314895,0.05661451816558838,esm2_t12_35M_UR50D
XP_073808007,XP_056314895,0.05661463737487793,esm2_t12_35M_UR50D
XP_073808006,XP_056314895,0.05661463737487793,esm2_t12_35M_UR50D
XP_017207531,XP_056318446,0.029446661472320557,esm2_t12_35M_UR50D
XP_073800556,XP_056309444,0.00011718273162841797,esm2_t12_35M_UR50D
XP_073800552,XP_056309444,0.00011718273162841797,esm2_t12_35M_UR50D
XP_021331590,XP_056320346,0.02616572380065918,esm2_t12_35M_UR50D
XP_003198028,XP_056326066,0.035753607749938965,esm2_t12_35M_UR50D
XP_073796608,XP_056306873,0.00028145313262939453,esm2_t12_35M_UR50D
XP_073800552,XP_056309441,0.00012195110321044922,esm2_t12_35M_UR50D
XP_073800556,XP_056309441,0.00012195110321044922,esm2_t12_35M_UR50D
XP_005164293,XP_056308793,0.012798547744750977,esm2_t12_35M_UR50D
NP_001410430,XP_056323202,0.04729115962982178,esm2_t12_35M_UR50D
XP_073800554,XP_056309444,0.00010275840759277344,esm2_t12_35M_UR50D
XP_003198201,XP_056308793,0.012755870819091797,esm2_t12_35M_UR50D
XP_073800554,XP_056309441,0.00011396408081054688,esm2_t12_35M_UR50D
XP_073800555,XP_056309444,0.00011211633682250977,esm2_t12_35M_UR50D
XP_073800555,XP_056309441,0.00011324882507324219,esm2_t12_35M_UR50D
XP_073801039,XP_056310218,0.058897316455841064,esm2_t12_35M_UR50D
XP_073805416,XP_056320177,0.04162651300430298,esm2_t12_35M_UR50D
XP_073805416,XP_056320178,0.04162651300430298,esm2_t12_35M_UR50D
XP_073805417,XP_056320177,0.03975856304168701,esm2_t12_35M_UR50D
XP_073805417,XP_056320178,0.03975856304168701,esm2_t12_35M_UR50D
NP_001410430,XP_056323228,0.05218386650085449,esm2_t12_35M_UR50D
NP_571006,XP_056308605,0.05599480867385864,esm2_t12_35M_UR50D
NP_001123874,XP_056336287,0.022502541542053223,esm2_t12_35M_UR50D
XP_073805849,XP_056313411,0.00015789270401000977,esm2_t12_35M_UR50D
XP_073805849,XP_056313412,0.00015789270401000977,esm2_t12_35M_UR50D
XP_073805850,XP_056313411,0.00015789270401000977,esm2_t12_35M_UR50D
XP_073805850,XP_056313412,0.00015789270401000977,esm2_t12_35M_UR50D
XP_073802946,XP_056312241,0.04067045450210571,esm2_t12_35M_UR50D
NP_001314986,XP_056319180,0.023991167545318604,esm2_t12_35M_UR50D
NP_001076546,XP_056336610,0.013636231422424316,esm2_t12_35M_UR50D
XP_073795141,XP_056304639,0.00030368566513061523,esm2_t12_35M_UR50D
XP_073795137,XP_056304639,0.0004438161849975586,esm2_t12_35M_UR50D
XP_073795135,XP_056304639,0.00030368566513061523,esm2_t12_35M_UR50D
XP_073795140,XP_056304639,0.00030368566513061523,esm2_t12_35M_UR50D
XP_021325441,XP_056305557,0.013532519340515137,esm2_t12_35M_UR50D
XP_073804167,XP_056311151,0.008289158344268799,esm2_t12_35M_UR50D
XP_073804166,XP_056311151,0.00852513313293457,esm2_t12_35M_UR50D
XP_073799823,XP_056308976,0.016216695308685303,esm2_t12_35M_UR50D
XP_073802856,XP_056310457,0.03115260601043701,esm2_t12_35M_UR50D
XP_073791713,XP_056324308,0.02931743860244751,esm2_t12_35M_UR50D
XP_073809661,XP_056315378,5.84721565246582e-05,esm2_t12_35M_UR50D
XP_005166970,XP_056319180,0.02339547872543335,esm2_t12_35M_UR50D
XP_073807459,XP_056314161,0.009579956531524658,esm2_t12_35M_UR50D
NP_001003450,XP_056304486,0.032971739768981934,esm2_t12_35M_UR50D
XP_073800563,XP_056309445,0.00014066696166992188,esm2_t12_35M_UR50D
XP_073800563,XP_056309442,0.00013965368270874023,esm2_t12_35M_UR50D
XP_686084,XP_056309651,0.00012767314910888672,esm2_t12_35M_UR50D
XP_073800559,XP_056309445,0.00011038780212402344,esm2_t12_35M_UR50D
XP_073800562,XP_056309445,0.00011038780212402344,esm2_t12_35M_UR50D
NP_001154960,XP_056323459,0.028909802436828613,esm2_t12_35M_UR50D
XP_073800559,XP_056309442,0.00012028217315673828,esm2_t12_35M_UR50D
XP_073800562,XP_056309442,0.00012028217315673828,esm2_t12_35M_UR50D
XP_073793320,XP_056304483,0.028416156768798828,esm2_t12_35M_UR50D
XP_073800560,XP_056309445,0.00013720989227294922,esm2_t12_35M_UR50D
XP_073800560,XP_056309442,0.0001329183578491211,esm2_t12_35M_UR50D
XP_073809660,XP_056315377,6.216764450073242e-05,esm2_t12_35M_UR50D
XP_073800561,XP_056309445,0.00010859966278076172,esm2_t12_35M_UR50D
XP_073800561,XP_056309442,0.0001112818717956543,esm2_t12_35M_UR50D
XP_686084,XP_056309650,0.0001316070556640625,esm2_t12_35M_UR50D
NP_001093576,XP_056317123,0.01812601089477539,esm2_t12_35M_UR50D
NP_001116765,XP_056320841,0.02691894769668579,esm2_t12_35M_UR50D
XP_073792146,XP_056302869,0.0026917457580566406,esm2_t12_35M_UR50D
XP_073800564,XP_056309445,0.00022810697555541992,esm2_t12_35M_UR50D
XP_073800564,XP_056309442,0.00023055076599121094,esm2_t12_35M_UR50D
XP_073800565,XP_056309445,0.00023311376571655273,esm2_t12_35M_UR50D
XP_073807459,XP_056314160,0.008667945861816406,esm2_t12_35M_UR50D
XP_073800565,XP_056309442,0.00024265050888061523,esm2_t12_35M_UR50D
XP_073807459,XP_056314159,0.008559763431549072,esm2_t12_35M_UR50D
XP_073788353,XP_056308426,0.030702650547027588,esm2_t12_35M_UR50D
XP_073803071,XP_056312367,0.021782755851745605,esm2_t12_35M_UR50D
XP_017211320,XP_056311164,0.014074444770812988,esm2_t12_35M_UR50D
XP_021334574,XP_056320841,0.026001453399658203,esm2_t12_35M_UR50D
NP_001092713,XP_056320841,0.026001453399658203,esm2_t12_35M_UR50D
XP_021324375,XP_056301538,0.02867954969406128,esm2_t12_35M_UR50D
XP_073792222,XP_056309181,0.013941526412963867,esm2_t12_35M_UR50D
NP_958454,XP_056309181,0.013941526412963867,esm2_t12_35M_UR50D
XP_073797048,XP_056332513,0.00024628639221191406,esm2_t12_35M_UR50D
XP_021332017,XP_056314884,0.025478005409240723,esm2_t12_35M_UR50D
XP_693710,XP_056316917,0.04037177562713623,esm2_t12_35M_UR50D
XP_684360,XP_056306627,9.465217590332031e-05,esm2_t12_35M_UR50D
XP_073806063,XP_056314200,0.0001259446144104004,esm2_t12_35M_UR50D
XP_073806064,XP_056314200,0.00013697147369384766,esm2_t12_35M_UR50D
XP_073806062,XP_056314200,0.00013697147369384766,esm2_t12_35M_UR50D
XP_073806066,XP_056314200,0.00010251998901367188,esm2_t12_35M_UR50D
XP_073801386,XP_056305422,0.036445558071136475,esm2_t12_35M_UR50D
XP_073808005,XP_056314895,0.05661463737487793,esm2_t12_35M_UR50D
XP_073806067,XP_056314200,0.00010538101196289062,esm2_t12_35M_UR50D
XP_073806065,XP_056314200,0.00010538101196289062,esm2_t12_35M_UR50D
XP_691552,XP_056313573,6.449222564697266e-05,esm2_t12_35M_UR50D
XP_073791875,XP_056302791,0.032781243324279785,esm2_t12_35M_UR50D
XP_697383,XP_056326227,7.516145706176758e-05,esm2_t12_35M_UR50D
XP_697383,XP_056326225,7.516145706176758e-05,esm2_t12_35M_UR50D
XP_697383,XP_056326228,7.516145706176758e-05,esm2_t12_35M_UR50D
XP_697383,XP_056326226,7.516145706176758e-05,esm2_t12_35M_UR50D
XP_073792805,XP_056304322,0.00015437602996826172,esm2_t12_35M_UR50D
NP_001314903,XP_056302348,0.030039489269256592,esm2_t12_35M_UR50D
NP_001314903,XP_056302340,0.030039489269256592,esm2_t12_35M_UR50D
XP_073803088,XP_056311996,0.0001563429832458496,esm2_t12_35M_UR50D
XP_073803087,XP_056311996,0.00017696619033813477,esm2_t12_35M_UR50D
XP_073786515,XP_056308712,0.039955317974090576,esm2_t12_35M_UR50D
XP_073786516,XP_056308712,0.039955317974090576,esm2_t12_35M_UR50D
XP_073806060,XP_056314200,0.0002123713493347168,esm2_t12_35M_UR50D
XP_073806058,XP_056314200,0.0002123713493347168,esm2_t12_35M_UR50D
NP_001314904,XP_056302348,0.029291629791259766,esm2_t12_35M_UR50D
NP_001314904,XP_056302340,0.029291629791259766,esm2_t12_35M_UR50D
XP_002664631,XP_056329443,0.07491391897201538,esm2_t12_35M_UR50D
NP_001410531,XP_056323473,0.029055655002593994,esm2_t12_35M_UR50D
XP_073806057,XP_056314200,0.0002213120460510254,esm2_t12_35M_UR50D
XP_073806059,XP_056314200,0.00021606683731079102,esm2_t12_35M_UR50D
NP_001410321,XP_056336199,0.02471226453781128,esm2_t12_35M_UR50D
XP_073801181,XP_056308798,0.03253781795501709,esm2_t12_35M_UR50D
XP_001346027,XP_056334499,0.029236137866973877,esm2_t12_35M_UR50D
XP_017208504,XP_056302791,0.033163249492645264,esm2_t12_35M_UR50D
XP_073800580,XP_056309443,0.0001271963119506836,esm2_t12_35M_UR50D
XP_073800582,XP_056309443,0.0001271963119506836,esm2_t12_35M_UR50D
XP_073800568,XP_056309443,0.0002192854881286621,esm2_t12_35M_UR50D
XP_073800581,XP_056309443,0.00012993812561035156,esm2_t12_35M_UR50D
XP_073800569,XP_056309443,0.0001938939094543457,esm2_t12_35M_UR50D
NP_957131,XP_056310967,0.02601546049118042,esm2_t12_35M_UR50D
XP_073789692,XP_056301564,0.03156381845474243,esm2_t12_35M_UR50D
NP_001007782,XP_056310302,0.013862133026123047,esm2_t12_35M_UR50D
NP_001019577,XP_056302917,0.031752705574035645,esm2_t12_35M_UR50D
XP_073807485,XP_056314154,0.013930082321166992,esm2_t12_35M_UR50D
XP_073799830,XP_056308982,0.02097630500793457,esm2_t12_35M_UR50D
XP_009290494,XP_056331874,0.01949864625930786,esm2_t12_35M_UR50D
XP_073805857,XP_056313839,5.990266799926758e-05,esm2_t12_35M_UR50D
XP_073803020,XP_056312027,0.00981360673904419,esm2_t12_35M_UR50D
XP_073795778,XP_056306060,0.00025069713592529297,esm2_t12_35M_UR50D
XP_073800583,XP_056309443,0.0002098679542541504,esm2_t12_35M_UR50D
XP_073797237,XP_056307192,0.0002072453498840332,esm2_t12_35M_UR50D
XP_073797238,XP_056307192,0.0002072453498840332,esm2_t12_35M_UR50D
XP_073797236,XP_056307192,0.0004444718360900879,esm2_t12_35M_UR50D
XP_073800584,XP_056309443,0.00022208690643310547,esm2_t12_35M_UR50D
XP_073803020,XP_056312028,0.009774565696716309,esm2_t12_35M_UR50D
NP_001002489,XP_056312772,0.04704010486602783,esm2_t12_35M_UR50D
XP_073803072,XP_056312367,0.021462738513946533,esm2_t12_35M_UR50D
XP_005174182,XP_056304687,0.010965347290039062,esm2_t12_35M_UR50D
XP_073787226,XP_056336199,0.02398461103439331,esm2_t12_35M_UR50D
XP_021331600,XP_056319499,0.014906466007232666,esm2_t12_35M_UR50D
XP_073800585,XP_056309443,0.00022011995315551758,esm2_t12_35M_UR50D
NP_001311383,XP_056319189,0.027974426746368408,esm2_t12_35M_UR50D
XP_073803083,XP_056311991,0.00018155574798583984,esm2_t12_35M_UR50D
XP_073803082,XP_056311991,0.0002715587615966797,esm2_t12_35M_UR50D
NP_001410321,XP_056336037,0.024296104907989502,esm2_t12_35M_UR50D
XP_073803082,XP_056311990,0.0001563429832458496,esm2_t12_35M_UR50D
XP_073803087,XP_056311995,0.00017696619033813477,esm2_t12_35M_UR50D
XP_073803088,XP_056311995,0.0001563429832458496,esm2_t12_35M_UR50D
XP_009296341,XP_056307312,0.026602983474731445,esm2_t12_35M_UR50D
XP_073793861,XP_056303965,0.026127636432647705,esm2_t12_35M_UR50D
XP_005157765,XP_056329215,0.029291868209838867,esm2_t12_35M_UR50D
NP_001014345,XP_056307951,0.023031294345855713,esm2_t12_35M_UR50D
XP_009292731,XP_056335481,0.030338764190673828,esm2_t12_35M_UR50D
XP_689347,XP_056336532,0.00016188621520996094,esm2_t12_35M_UR50D
XP_073798839,XP_056307688,0.01025092601776123,esm2_t12_35M_UR50D
XP_017206934,XP_056332098,0.017233550548553467,esm2_t12_35M_UR50D
XP_689347,XP_056336533,0.00018417835235595703,esm2_t12_35M_UR50D
XP_689347,XP_056336534,0.00019484758377075195,esm2_t12_35M_UR50D
XP_073809052,XP_056316716,0.003420233726501465,esm2_t12_35M_UR50D
NP_001128154,XP_056317109,0.030354559421539307,esm2_t12_35M_UR50D
XP_021331600,XP_056319507,0.017108798027038574,esm2_t12_35M_UR50D
XP_073802828,XP_056311089,0.010935187339782715,esm2_t12_35M_UR50D
XP_073802827,XP_056311089,0.010935187339782715,esm2_t12_35M_UR50D
XP_073787226,XP_056336037,0.02368450164794922,esm2_t12_35M_UR50D
XP_073803082,XP_056311988,0.0001563429832458496,esm2_t12_35M_UR50D
XP_073803046,XP_056312366,0.02992910146713257,esm2_t12_35M_UR50D
XP_073803047,XP_056312366,0.02992910146713257,esm2_t12_35M_UR50D
XP_073793862,XP_056303965,0.02573418617248535,esm2_t12_35M_UR50D
XP_017206874,XP_056332098,0.01659005880355835,esm2_t12_35M_UR50D
XP_073803082,XP_056311989,0.0001685619354248047,esm2_t12_35M_UR50D
XP_073803083,XP_056311989,0.00031065940856933594,esm2_t12_35M_UR50D
XP_073791235,XP_056302469,0.003127753734588623,esm2_t12_35M_UR50D
XP_073805400,XP_056319545,0.04018944501876831,esm2_t12_35M_UR50D
XP_021330987,XP_056310982,0.046074748039245605,esm2_t12_35M_UR50D
NP_001315083,XP_056304407,0.013512849807739258,esm2_t12_35M_UR50D
XP_692550,XP_056320752,0.0015124082565307617,esm2_t12_35M_UR50D
XP_073791235,XP_056302463,0.0029299259185791016,esm2_t12_35M_UR50D
XP_073796065,XP_056309857,0.00028198957443237305,esm2_t12_35M_UR50D
NP_956172,XP_056328252,0.004857838153839111,esm2_t12_35M_UR50D
XP_073791235,XP_056302462,0.0028654932975769043,esm2_t12_35M_UR50D
NP_956888,XP_056316873,0.024472475051879883,esm2_t12_35M_UR50D
XP_021323772,XP_056325664,0.07780754566192627,esm2_t12_35M_UR50D
XP_073793319,XP_056304123,0.023577332496643066,esm2_t12_35M_UR50D
XP_021334455,XP_056320774,0.022214412689208984,esm2_t12_35M_UR50D
XP_073801620,XP_056325931,0.054347097873687744,esm2_t12_35M_UR50D
NP_001352989,XP_056331989,0.021878540515899658,esm2_t12_35M_UR50D
XP_073803084,XP_056311994,0.00015670061111450195,esm2_t12_35M_UR50D
XP_073807124,XP_056313092,0.006278872489929199,esm2_t12_35M_UR50D
NP_001093643,XP_056307377,0.03952360153198242,esm2_t12_35M_UR50D
NP_001410239,XP_056307377,0.03952360153198242,esm2_t12_35M_UR50D
XP_002666951,XP_056307377,0.03952360153198242,esm2_t12_35M_UR50D
NP_001020342,XP_056307377,0.03952360153198242,esm2_t12_35M_UR50D
XP_691943,XP_056307377,0.03952360153198242,esm2_t12_35M_UR50D
XP_017209710,XP_056307377,0.03952360153198242,esm2_t12_35M_UR50D
XP_073807406,XP_056312779,0.021105527877807617,esm2_t12_35M_UR50D
XP_073793157,XP_056304456,0.017879188060760498,esm2_t12_35M_UR50D
XP_073796832,XP_056306238,0.01893681287765503,esm2_t12_35M_UR50D
XP_073796833,XP_056306238,0.017781555652618408,esm2_t12_35M_UR50D
NP_001018640,XP_056322262,0.04140502214431763,esm2_t12_35M_UR50D
XP_073800209,XP_056304484,0.022542178630828857,esm2_t12_35M_UR50D
XP_001345427,XP_056303267,0.03175187110900879,esm2_t12_35M_UR50D
XP_073790041,XP_056337348,0.001181960105895996,esm2_t12_35M_UR50D
XP_073790038,XP_056337348,0.0011696815490722656,esm2_t12_35M_UR50D
XP_073790034,XP_056337348,0.0013170242309570312,esm2_t12_35M_UR50D
XP_073805858,XP_056313840,5.251169204711914e-05,esm2_t12_35M_UR50D
NP_898897,XP_056322464,0.01912790536880493,esm2_t12_35M_UR50D
NP_001243658,XP_056320274,0.016737282276153564,esm2_t12_35M_UR50D
XP_073801060,XP_056308793,0.012798547744750977,esm2_t12_35M_UR50D
NP_001116717,XP_056320500,0.0017954111099243164,esm2_t12_35M_UR50D
XP_005157778,XP_056329350,0.042918264865875244,esm2_t12_35M_UR50D
XP_005157778,XP_056329349,0.042918264865875244,esm2_t12_35M_UR50D
XP_073801059,XP_056308793,0.012755870819091797,esm2_t12_35M_UR50D
NP_001348325,XP_056307102,0.02685791254043579,esm2_t12_35M_UR50D
NP_571934,XP_056309492,0.022309303283691406,esm2_t12_35M_UR50D
XP_073794673,XP_056304967,0.00035941600799560547,esm2_t12_35M_UR50D
XP_073794674,XP_056304967,0.0001856684684753418,esm2_t12_35M_UR50D
XP_073794670,XP_056304967,0.00019061565399169922,esm2_t12_35M_UR50D
XP_073790045,XP_056337348,0.0011172890663146973,esm2_t12_35M_UR50D
XP_073790056,XP_056337348,0.0010016560554504395,esm2_t12_35M_UR50D
XP_073790033,XP_056337348,0.0013304948806762695,esm2_t12_35M_UR50D
XP_073790032,XP_056337348,0.0013309717178344727,esm2_t12_35M_UR50D
XP_021325094,XP_056303395,0.056348323822021484,esm2_t12_35M_UR50D
NP_001314959,XP_056325901,0.025211989879608154,esm2_t12_35M_UR50D
XP_001344904,XP_056307312,0.024009287357330322,esm2_t12_35M_UR50D
NP_001104686,XP_056307377,0.036636531352996826,esm2_t12_35M_UR50D
XP_073799539,XP_056307377,0.036636531352996826,esm2_t12_35M_UR50D
NP_001373716,XP_056307377,0.036636531352996826,esm2_t12_35M_UR50D
XP_073793863,XP_056303965,0.023241400718688965,esm2_t12_35M_UR50D
XP_073800915,XP_056324795,0.013939619064331055,esm2_t12_35M_UR50D
XP_073794672,XP_056304967,0.0001856684684753418,esm2_t12_35M_UR50D
XP_685629,XP_056322866,0.0005407929420471191,esm2_t12_35M_UR50D
XP_685629,XP_056322865,0.0005407929420471191,esm2_t12_35M_UR50D
NP_001003838,XP_056325517,0.018492043018341064,esm2_t12_35M_UR50D
XP_017207692,XP_056335069,0.022015750408172607,esm2_t12_35M_UR50D
XP_073794671,XP_056304967,0.00024402141571044922,esm2_t12_35M_UR50D
XP_073794675,XP_056304967,0.00019025802612304688,esm2_t12_35M_UR50D
NP_001188469,XP_056312043,0.021793246269226074,esm2_t12_35M_UR50D
XP_073791236,XP_056302470,0.003176569938659668,esm2_t12_35M_UR50D
XP_698274,XP_056330240,0.0162084698677063,esm2_t12_35M_UR50D
XP_073791237,XP_056302467,0.00299912691116333,esm2_t12_35M_UR50D
XP_073801446,XP_056315227,0.00011861324310302734,esm2_t12_35M_UR50D
XP_073801445,XP_056315227,0.00011861324310302734,esm2_t12_35M_UR50D
XP_073791236,XP_056302466,0.003018617630004883,esm2_t12_35M_UR50D
XP_073803160,XP_056311882,5.65648078918457e-05,esm2_t12_35M_UR50D
XP_073790044,XP_056337348,0.0010921359062194824,esm2_t12_35M_UR50D
XP_073793335,XP_056312324,0.02444612979888916,esm2_t12_35M_UR50D
XP_021336061,XP_056324914,0.019803524017333984,esm2_t12_35M_UR50D
NP_001025428,XP_056334391,0.018313884735107422,esm2_t12_35M_UR50D
XP_003201784,XP_056303255,0.024506032466888428,esm2_t12_35M_UR50D
XP_073790049,XP_056337348,0.0012082457542419434,esm2_t12_35M_UR50D
XP_073790042,XP_056337348,0.001332700252532959,esm2_t12_35M_UR50D
XP_073790053,XP_056337348,0.001221001148223877,esm2_t12_35M_UR50D
XP_073793864,XP_056303965,0.023313820362091064,esm2_t12_35M_UR50D
XP_073809051,XP_056302348,0.02330923080444336,esm2_t12_35M_UR50D
XP_073809051,XP_056302340,0.02330923080444336,esm2_t12_35M_UR50D
XP_073800532,XP_056309420,7.969141006469727e-05,esm2_t12_35M_UR50D
XP_073800544,XP_056309420,0.00017845630645751953,esm2_t12_35M_UR50D
XP_073791236,XP_056302465,0.0029908418655395508,esm2_t12_35M_UR50D
XP_073800527,XP_056309420,0.00016188621520996094,esm2_t12_35M_UR50D
XP_073800546,XP_056309420,0.0001875162124633789,esm2_t12_35M_UR50D
XP_073800534,XP_056309421,0.00011247396469116211,esm2_t12_35M_UR50D
XP_073800532,XP_056309421,7.146596908569336e-05,esm2_t12_35M_UR50D
XP_073800544,XP_056309421,0.00016224384307861328,esm2_t12_35M_UR50D
XP_073807835,XP_056313154,0.015939712524414062,esm2_t12_35M_UR50D
XP_073800546,XP_056309421,0.000171661376953125,esm2_t12_35M_UR50D
XP_073800527,XP_056309421,0.0001538991928100586,esm2_t12_35M_UR50D
XP_073800530,XP_056309420,0.00011599063873291016,esm2_t12_35M_UR50D
XP_073800530,XP_056309421,0.00011110305786132812,esm2_t12_35M_UR50D
XP_073800528,XP_056309420,0.0001137852668762207,esm2_t12_35M_UR50D
XP_073800538,XP_056309420,9.799003601074219e-05,esm2_t12_35M_UR50D
XP_073800528,XP_056309421,0.00011104345321655273,esm2_t12_35M_UR50D
XP_073800538,XP_056309421,9.375810623168945e-05,esm2_t12_35M_UR50D
XP_001341514,XP_056320310,0.0006917119026184082,esm2_t12_35M_UR50D
XP_073800545,XP_056309420,0.00017940998077392578,esm2_t12_35M_UR50D
XP_073800535,XP_056309420,0.0001245737075805664,esm2_t12_35M_UR50D
XP_073800533,XP_056309420,7.152557373046875e-05,esm2_t12_35M_UR50D
XP_073800539,XP_056309420,0.00010699033737182617,esm2_t12_35M_UR50D
XP_073800529,XP_056309420,0.00010752677917480469,esm2_t12_35M_UR50D
XP_073800533,XP_056309421,7.086992263793945e-05,esm2_t12_35M_UR50D
XP_073800545,XP_056309421,0.00016552209854125977,esm2_t12_35M_UR50D
XP_073800539,XP_056309421,0.00010418891906738281,esm2_t12_35M_UR50D
XP_073800529,XP_056309421,0.0001042485237121582,esm2_t12_35M_UR50D
NP_001373176,XP_056329707,0.02850925922393799,esm2_t12_35M_UR50D
NP_001028283,XP_056335943,0.008480429649353027,esm2_t12_35M_UR50D
XP_073800532,XP_056309419,7.808208465576172e-05,esm2_t12_35M_UR50D
XP_073800544,XP_056309419,0.0001475811004638672,esm2_t12_35M_UR50D
XP_017214041,XP_056324913,0.018228113651275635,esm2_t12_35M_UR50D
XP_073800546,XP_056309419,0.00015181303024291992,esm2_t12_35M_UR50D
XP_073800527,XP_056309419,0.000171661376953125,esm2_t12_35M_UR50D
XP_073790065,XP_056337348,0.0010821819305419922,esm2_t12_35M_UR50D
XP_073800537,XP_056309420,0.00011330842971801758,esm2_t12_35M_UR50D
XP_017214042,XP_056324913,0.018279612064361572,esm2_t12_35M_UR50D
NP_001036210,XP_056332399,0.0004953145980834961,esm2_t12_35M_UR50D
XP_073800537,XP_056309421,0.00010836124420166016,esm2_t12_35M_UR50D
XP_073800538,XP_056309419,9.316205978393555e-05,esm2_t12_35M_UR50D
XP_073800528,XP_056309419,0.00012499094009399414,esm2_t12_35M_UR50D
XP_073790057,XP_056337348,0.0010298490524291992,esm2_t12_35M_UR50D
XP_073798553,XP_056308035,0.024044275283813477,esm2_t12_35M_UR50D
XP_073800533,XP_056309419,7.909536361694336e-05,esm2_t12_35M_UR50D
XP_073800545,XP_056309419,0.0001461505889892578,esm2_t12_35M_UR50D
NP_001269112,XP_056335294,0.02440774440765381,esm2_t12_35M_UR50D
XP_073800539,XP_056309419,0.00010144710540771484,esm2_t12_35M_UR50D
XP_073800529,XP_056309419,0.00011163949966430664,esm2_t12_35M_UR50D
NP_001352989,XP_056331987,0.023602962493896484,esm2_t12_35M_UR50D
XP_009290275,XP_056330005,0.025340795516967773,esm2_t12_35M_UR50D
XP_073790037,XP_056337348,0.0013633966445922852,esm2_t12_35M_UR50D
XP_073790067,XP_056337348,0.000997781753540039,esm2_t12_35M_UR50D
XP_073800537,XP_056309419,0.00010079145431518555,esm2_t12_35M_UR50D
XP_073790061,XP_056337348,0.0010878443717956543,esm2_t12_35M_UR50D
XP_003201373,XP_056306748,0.043130576610565186,esm2_t12_35M_UR50D
XP_073796269,XP_056307145,0.0008260607719421387,esm2_t12_35M_UR50D
XP_073803160,XP_056311883,6.651878356933594e-05,esm2_t12_35M_UR50D
XP_073807836,XP_056313154,0.015076994895935059,esm2_t12_35M_UR50D
NP_001129450,XP_056331885,0.0049613118171691895,esm2_t12_35M_UR50D
XP_073809568,XP_056315277,0.026440083980560303,esm2_t12_35M_UR50D
XP_073809569,XP_056315277,0.026440083980560303,esm2_t12_35M_UR50D
XP_017208962,XP_056304123,0.016603469848632812,esm2_t12_35M_UR50D
NP_001003597,XP_056336027,0.024365007877349854,esm2_t12_35M_UR50D
XP_073810471,XP_056316205,8.749961853027344e-05,esm2_t12_35M_UR50D
XP_073810472,XP_056316205,0.00016695261001586914,esm2_t12_35M_UR50D
XP_073810473,XP_056316205,0.00013530254364013672,esm2_t12_35M_UR50D
XP_003200133,XP_056329913,0.016423702239990234,esm2_t12_35M_UR50D
XP_003200133,XP_056329911,0.016423523426055908,esm2_t12_35M_UR50D
XP_003200133,XP_056329912,0.016423702239990234,esm2_t12_35M_UR50D
XP_003200133,XP_056329909,0.016423523426055908,esm2_t12_35M_UR50D
XP_003200133,XP_056329910,0.016423523426055908,esm2_t12_35M_UR50D
XP_073793733,XP_056304085,0.04006147384643555,esm2_t12_35M_UR50D
XP_691343,XP_056304085,0.04006147384643555,esm2_t12_35M_UR50D
XP_021336550,XP_056327113,0.01814645528793335,esm2_t12_35M_UR50D
XP_073799800,XP_056304841,0.011998951435089111,esm2_t12_35M_UR50D
XP_073803092,XP_056311997,0.00018012523651123047,esm2_t12_35M_UR50D
XP_073803091,XP_056311997,0.00019246339797973633,esm2_t12_35M_UR50D
XP_073800544,XP_056309426,0.00013339519500732422,esm2_t12_35M_UR50D
XP_073800534,XP_056309426,0.0002452731132507324,esm2_t12_35M_UR50D
XP_073800532,XP_056309424,9.375810623168945e-05,esm2_t12_35M_UR50D
XP_073800536,XP_056309426,0.00024449825286865234,esm2_t12_35M_UR50D
XP_073800546,XP_056309426,0.0001201629638671875,esm2_t12_35M_UR50D
XP_073796267,XP_056307145,0.0010442137718200684,esm2_t12_35M_UR50D
XP_073800545,XP_056309424,0.00014579296112060547,esm2_t12_35M_UR50D
XP_073800544,XP_056309425,7.903575897216797e-05,esm2_t12_35M_UR50D
XP_073800537,XP_056309427,0.00023686885833740234,esm2_t12_35M_UR50D
XP_073800533,XP_056309425,0.00021821260452270508,esm2_t12_35M_UR50D
XP_073789721,XP_056337050,0.00014495849609375,esm2_t12_35M_UR50D
XP_073810745,XP_056316721,0.0002741813659667969,esm2_t12_35M_UR50D
XP_073790883,XP_056302086,0.0003085136413574219,esm2_t12_35M_UR50D
XP_073800326,XP_056309206,0.004155158996582031,esm2_t12_35M_UR50D
XP_073800329,XP_056309206,0.003854691982269287,esm2_t12_35M_UR50D
XP_073789724,XP_056337053,0.00021278858184814453,esm2_t12_35M_UR50D
XP_073805721,XP_056317134,0.008560419082641602,esm2_t12_35M_UR50D
XP_021322429,XP_056331304,0.02421492338180542,esm2_t12_35M_UR50D
XP_073808289,XP_056312759,0.01264101266860962,esm2_t12_35M_UR50D
XP_073798900,XP_056309897,0.00037997961044311523,esm2_t12_35M_UR50D
NP_001035342,XP_056311056,0.02021634578704834,esm2_t12_35M_UR50D
XP_073807829,XP_056313153,0.014927923679351807,esm2_t12_35M_UR50D
NP_001373251,XP_056330160,0.02098369598388672,esm2_t12_35M_UR50D
NP_001070057,XP_056309623,0.011066973209381104,esm2_t12_35M_UR50D
XP_073791828,XP_056302854,0.000322878360748291,esm2_t12_35M_UR50D
XP_073793656,XP_056303299,0.00013524293899536133,esm2_t12_35M_UR50D
XP_021323890,XP_056335160,0.01736927032470703,esm2_t12_35M_UR50D
NP_999957,XP_056321317,0.01629394292831421,esm2_t12_35M_UR50D
XP_073799502,XP_056307416,0.00030803680419921875,esm2_t12_35M_UR50D
XP_073805402,XP_056319545,0.021157145500183105,esm2_t12_35M_UR50D
XP_003200581,XP_056336192,0.012560606002807617,esm2_t12_35M_UR50D
XP_073807802,XP_056314860,0.00036978721618652344,esm2_t12_35M_UR50D
NP_571437,XP_056326982,0.00645822286605835,esm2_t12_35M_UR50D
XP_073787799,XP_056335160,0.01769709587097168,esm2_t12_35M_UR50D
XP_073788261,XP_056302513,0.005317986011505127,esm2_t12_35M_UR50D
XP_073789571,XP_056337188,0.00049591064453125,esm2_t12_35M_UR50D
XP_073789565,XP_056337191,0.00040096044540405273,esm2_t12_35M_UR50D
XP_009305696,XP_056327427,0.004807531833648682,esm2_t12_35M_UR50D
XP_073803615,XP_056321892,0.009331703186035156,esm2_t12_35M_UR50D
XP_073793321,XP_056304489,0.00911325216293335,esm2_t12_35M_UR50D
XP_073807514,XP_056306474,0.009462475776672363,esm2_t12_35M_UR50D
NP_001313294,XP_056315003,0.008125901222229004,esm2_t12_35M_UR50D
NP_001315015,XP_056327037,0.012870073318481445,esm2_t12_35M_UR50D
XP_073791108,XP_056305496,0.0046465396881103516,esm2_t12_35M_UR50D
XP_073803558,XP_056336236,0.010537147521972656,esm2_t12_35M_UR50D
XP_073808240,XP_056307180,0.008194267749786377,esm2_t12_35M_UR50D
XP_073807519,XP_056306479,0.00833582878112793,esm2_t12_35M_UR50D
NP_001373658,XP_056323540,0.006142973899841309,esm2_t12_35M_UR50D
XP_073794028,XP_056304977,0.010225236415863037,esm2_t12_35M_UR50D
XP_073801994,XP_056312281,0.0002753734588623047,esm2_t12_35M_UR50D
XP_695417,XP_056333973,9.483098983764648e-05,esm2_t12_35M_UR50D
XP_073810522,XP_056316328,0.0001920461654663086,esm2_t12_35M_UR50D
XP_073810520,XP_056316327,0.0001920461654663086,esm2_t12_35M_UR50D
XP_073810521,XP_056316328,0.0001920461654663086,esm2_t12_35M_UR50D
XP_073810517,XP_056316327,0.0001920461654663086,esm2_t12_35M_UR50D
XP_073810519,XP_056316327,0.00022792816162109375,esm2_t12_35M_UR50D
XP_073810516,XP_056316328,0.00022792816162109375,esm2_t12_35M_UR50D
XP_073804887,XP_056329786,0.013988494873046875,esm2_t12_35M_UR50D
XP_698802,XP_056335677,0.004656672477722168,esm2_t12_35M_UR50D
XP_005164954,XP_056311575,0.01713383197784424,esm2_t12_35M_UR50D
XP_073797016,XP_056306184,0.0075955986976623535,esm2_t12_35M_UR50D
NP_001093617,XP_056335290,0.008616983890533447,esm2_t12_35M_UR50D
XP_073810807,XP_056316573,0.0002478957176208496,esm2_t12_35M_UR50D
XP_073797361,XP_056306442,0.00597614049911499,esm2_t12_35M_UR50D
XP_073796582,XP_056306245,0.0004080533981323242,esm2_t12_35M_UR50D
NP_956249,XP_056312377,0.00826960802078247,esm2_t12_35M_UR50D
NP_001070181,XP_056325478,0.0017211437225341797,esm2_t12_35M_UR50D
XP_073810406,XP_056316024,0.000368654727935791,esm2_t12_35M_UR50D
XP_073791601,XP_056334027,0.025776028633117676,esm2_t12_35M_UR50D
XP_073798360,XP_056308420,0.0016258955001831055,esm2_t12_35M_UR50D
NP_001019395,XP_056315002,0.009666025638580322,esm2_t12_35M_UR50D
XP_021322751,XP_056331113,0.007683157920837402,esm2_t12_35M_UR50D
XP_073790691,XP_056302392,0.0010528564453125,esm2_t12_35M_UR50D
XP_073790689,XP_056302392,0.0010528564453125,esm2_t12_35M_UR50D
XP_073807277,XP_056312974,0.011384785175323486,esm2_t12_35M_UR50D
XP_073790690,XP_056302394,0.0010890960693359375,esm2_t12_35M_UR50D
NP_001035015,XP_056312749,0.007915616035461426,esm2_t12_35M_UR50D
XP_073810343,XP_056315987,0.0007233619689941406,esm2_t12_35M_UR50D
XP_073790691,XP_056302395,0.0010575056076049805,esm2_t12_35M_UR50D
XP_073790718,XP_056302397,0.0008963346481323242,esm2_t12_35M_UR50D
XP_009299521,XP_056313396,0.008665859699249268,esm2_t12_35M_UR50D
XP_073810177,XP_056315788,0.0003082752227783203,esm2_t12_35M_UR50D
XP_073810174,XP_056315815,0.0005216002464294434,esm2_t12_35M_UR50D
XP_073793946,XP_056303355,0.004496872425079346,esm2_t12_35M_UR50D
XP_073800203,XP_056302540,0.00928032398223877,esm2_t12_35M_UR50D
NP_001373367,XP_056330740,0.014114558696746826,esm2_t12_35M_UR50D
XP_001340683,XP_056324979,0.009875833988189697,esm2_t12_35M_UR50D
XP_073797208,XP_056306136,0.00011897087097167969,esm2_t12_35M_UR50D
NP_998412,XP_056312331,0.0091552734375,esm2_t12_35M_UR50D
XP_073787941,XP_056301675,0.006235778331756592,esm2_t12_35M_UR50D
XP_073803139,XP_056311943,0.00015044212341308594,esm2_t12_35M_UR50D
XP_073803139,XP_056311942,0.00015044212341308594,esm2_t12_35M_UR50D
NP_956197,XP_056334122,0.00735396146774292,esm2_t12_35M_UR50D
XP_073793136,XP_056304191,0.007526218891143799,esm2_t12_35M_UR50D
XP_073810403,XP_056316036,0.0001577138900756836,esm2_t12_35M_UR50D
XP_005165852,XP_056314959,0.0073972344398498535,esm2_t12_35M_UR50D
XP_068068946,XP_056327581,0.009848177433013916,esm2_t12_35M_UR50D
XP_699547,XP_056316513,0.006891787052154541,esm2_t12_35M_UR50D
XP_073802558,XP_056311918,0.0009792447090148926,esm2_t12_35M_UR50D
XP_073786300,XP_056334517,0.007349371910095215,esm2_t12_35M_UR50D
XP_073810940,XP_056337726,0.01148223876953125,esm2_t12_35M_UR50D
XP_073801125,XP_056312531,0.0023865699768066406,esm2_t12_35M_UR50D
XP_073799400,XP_056307238,0.000296175479888916,esm2_t12_35M_UR50D
XP_073799402,XP_056307238,0.000296175479888916,esm2_t12_35M_UR50D
XP_073790845,XP_056302738,0.0027361512184143066,esm2_t12_35M_UR50D
XP_073789428,XP_056337275,0.0004031062126159668,esm2_t12_35M_UR50D
XP_005162224,XP_056306039,0.009669005870819092,esm2_t12_35M_UR50D
XP_073798579,XP_056312587,6.23464584350586e-05,esm2_t12_35M_UR50D
XP_073785677,XP_056333974,0.007389664649963379,esm2_t12_35M_UR50D
XP_073800724,XP_056309735,0.0011860132217407227,esm2_t12_35M_UR50D
XP_073800723,XP_056309735,0.001189887523651123,esm2_t12_35M_UR50D
NP_001307020,XP_056317059,0.004691600799560547,esm2_t12_35M_UR50D
XP_073800498,XP_056309397,0.010492980480194092,esm2_t12_35M_UR50D
XP_001340167,XP_056321240,0.0026794075965881348,esm2_t12_35M_UR50D
NP_001373668,XP_056315814,0.007088363170623779,esm2_t12_35M_UR50D
XP_073802910,XP_056312230,0.0003312826156616211,esm2_t12_35M_UR50D
XP_009303928,XP_056322463,0.004271447658538818,esm2_t12_35M_UR50D
NP_001188470,XP_056312045,0.00931626558303833,esm2_t12_35M_UR50D
XP_073797508,XP_056306382,0.009769439697265625,esm2_t12_35M_UR50D
NP_001037796,XP_056334029,0.00698775053024292,esm2_t12_35M_UR50D
XP_073793857,XP_056303208,0.0006110668182373047,esm2_t12_35M_UR50D
XP_073810352,XP_056315986,0.0003718733787536621,esm2_t12_35M_UR50D
XP_021325529,XP_056305061,0.0092087984085083,esm2_t12_35M_UR50D
XP_073791239,XP_056302463,0.00010293722152709961,esm2_t12_35M_UR50D
XP_021333799,XP_056318536,0.004691421985626221,esm2_t12_35M_UR50D
XP_073797011,XP_056306975,0.0004101991653442383,esm2_t12_35M_UR50D
XP_073800499,XP_056309397,0.010357081890106201,esm2_t12_35M_UR50D
XP_073807654,XP_056313132,0.006268620491027832,esm2_t12_35M_UR50D
XP_005170030,XP_056308600,0.014534235000610352,esm2_t12_35M_UR50D
XP_073807832,XP_056313153,0.0035431981086730957,esm2_t12_35M_UR50D
XP_073800937,XP_056309998,0.000690758228302002,esm2_t12_35M_UR50D
NP_001018660,XP_056327709,0.0032611489295959473,esm2_t12_35M_UR50D
XP_073800945,XP_056309999,0.0008565783500671387,esm2_t12_35M_UR50D
XP_073800950,XP_056309999,0.0008565783500671387,esm2_t12_35M_UR50D
XP_005168169,XP_056318525,0.006955265998840332,esm2_t12_35M_UR50D
NP_001170934,XP_056325987,0.005647778511047363,esm2_t12_35M_UR50D
NP_001034921,XP_056329998,0.004223465919494629,esm2_t12_35M_UR50D
XP_073792531,XP_056304225,0.0029564499855041504,esm2_t12_35M_UR50D
XP_073792533,XP_056304225,0.0029564499855041504,esm2_t12_35M_UR50D
NP_001070044,XP_056305077,0.0024415254592895508,esm2_t12_35M_UR50D
NP_958493,XP_056303546,0.0047869086265563965,esm2_t12_35M_UR50D
XP_073805306,XP_056320679,0.0065138936042785645,esm2_t12_35M_UR50D
XP_073810855,XP_056315162,0.010384559631347656,esm2_t12_35M_UR50D
XP_005172702,XP_056322533,0.0065222978591918945,esm2_t12_35M_UR50D
XP_073808242,XP_056337726,0.008906126022338867,esm2_t12_35M_UR50D
NP_001077014,XP_056312592,0.00499802827835083,esm2_t12_35M_UR50D
NP_001116318,XP_056313938,0.005903363227844238,esm2_t12_35M_UR50D
XP_005172702,XP_056322534,0.006454348564147949,esm2_t12_35M_UR50D
XP_073807738,XP_056328853,0.007369399070739746,esm2_t12_35M_UR50D
XP_073807738,XP_056328466,0.007369399070739746,esm2_t12_35M_UR50D
XP_073810774,XP_056336521,0.006498456001281738,esm2_t12_35M_UR50D
NP_991215,XP_056312317,0.005727887153625488,esm2_t12_35M_UR50D
NP_001107957,XP_056304289,0.006451606750488281,esm2_t12_35M_UR50D
XP_021336076,XP_056325313,0.0032547712326049805,esm2_t12_35M_UR50D
NP_001314733,XP_056326686,0.002813279628753662,esm2_t12_35M_UR50D
XP_073801514,XP_056329786,0.004260361194610596,esm2_t12_35M_UR50D
XP_073789981,XP_056329786,0.004260361194610596,esm2_t12_35M_UR50D
XP_021333468,XP_056318780,0.0064438581466674805,esm2_t12_35M_UR50D
XP_073807360,XP_056312960,0.006299793720245361,esm2_t12_35M_UR50D
XP_073807361,XP_056312960,0.006299793720245361,esm2_t12_35M_UR50D
XP_073808232,XP_056329786,0.0050092339515686035,esm2_t12_35M_UR50D
XP_073802930,XP_056312375,0.004406094551086426,esm2_t12_35M_UR50D
NP_957040,XP_056334317,0.00857686996459961,esm2_t12_35M_UR50D
XP_009303641,XP_056322533,0.006504178047180176,esm2_t12_35M_UR50D
XP_009290813,XP_056331007,0.0060613155364990234,esm2_t12_35M_UR50D
NP_001182175,XP_056305098,0.005159497261047363,esm2_t12_35M_UR50D
XP_073792526,XP_056304225,0.004056036472320557,esm2_t12_35M_UR50D
XP_073801286,XP_056310245,0.004562675952911377,esm2_t12_35M_UR50D
XP_021328778,XP_056332963,0.006688594818115234,esm2_t12_35M_UR50D
XP_697139,XP_056327437,0.006513237953186035,esm2_t12_35M_UR50D
XP_073785494,XP_056336222,0.0038185715675354004,esm2_t12_35M_UR50D
XP_073791245,XP_056302470,0.00011283159255981445,esm2_t12_35M_UR50D
NP_001373212,XP_056301524,0.004674673080444336,esm2_t12_35M_UR50D
NP_001017591,XP_056311516,0.010114789009094238,esm2_t12_35M_UR50D
NP_001410627,XP_056328632,0.0064948201179504395,esm2_t12_35M_UR50D
NP_998126,XP_056313020,0.006536722183227539,esm2_t12_35M_UR50D
NP_001018518,XP_056322916,0.00321352481842041,esm2_t12_35M_UR50D
XP_073788447,XP_056337500,0.0024603605270385742,esm2_t12_35M_UR50D
XP_073802594,XP_056311685,0.0002955198287963867,esm2_t12_35M_UR50D
XP_073802591,XP_056311685,0.0003979206085205078,esm2_t12_35M_UR50D
NP_001017731,XP_056308240,0.0029680728912353516,esm2_t12_35M_UR50D
XP_073800976,XP_056310003,0.0006080865859985352,esm2_t12_35M_UR50D
XP_073808232,XP_056319372,0.006066441535949707,esm2_t12_35M_UR50D
XP_073801490,XP_056310573,0.005197286605834961,esm2_t12_35M_UR50D
XP_073793589,XP_056332166,0.007032573223114014,esm2_t12_35M_UR50D
XP_073808222,XP_056332166,0.007032573223114014,esm2_t12_35M_UR50D
XP_073791533,XP_056329778,0.004487216472625732,esm2_t12_35M_UR50D
XP_073796967,XP_056329778,0.004487156867980957,esm2_t12_35M_UR50D
XP_073810778,XP_056329778,0.004487276077270508,esm2_t12_35M_UR50D
XP_073791532,XP_056329778,0.004487276077270508,esm2_t12_35M_UR50D
XP_073807797,XP_056316855,0.006490170955657959,esm2_t12_35M_UR50D
XP_073810933,XP_056311484,0.006490170955657959,esm2_t12_35M_UR50D
XP_073800379,XP_056322201,0.006490170955657959,esm2_t12_35M_UR50D
XP_073800280,XP_056302209,0.006490170955657959,esm2_t12_35M_UR50D
XP_073808231,XP_056328853,0.006490170955657959,esm2_t12_35M_UR50D
XP_073800281,XP_056325655,0.006490170955657959,esm2_t12_35M_UR50D
XP_073810932,XP_056333343,0.006490170955657959,esm2_t12_35M_UR50D
XP_073807798,XP_056325547,0.006490170955657959,esm2_t12_35M_UR50D
XP_073793593,XP_056313241,0.006490170955657959,esm2_t12_35M_UR50D
XP_073793593,XP_056328466,0.006490170955657959,esm2_t12_35M_UR50D
XP_073793592,XP_056322201,0.006490170955657959,esm2_t12_35M_UR50D
XP_073793593,XP_056311466,0.006490170955657959,esm2_t12_35M_UR50D
XP_073810781,XP_056313241,0.006490170955657959,esm2_t12_35M_UR50D
XP_073793592,XP_056313241,0.006490170955657959,esm2_t12_35M_UR50D
XP_073807799,XP_056313241,0.006490170955657959,esm2_t12_35M_UR50D
XP_073810781,XP_056311484,0.006490170955657959,esm2_t12_35M_UR50D
XP_073810931,XP_056318306,0.006490170955657959,esm2_t12_35M_UR50D
XP_073810932,XP_056316855,0.006490170955657959,esm2_t12_35M_UR50D
XP_073800379,XP_056313242,0.006490170955657959,esm2_t12_35M_UR50D
XP_073800281,XP_056311466,0.006490170955657959,esm2_t12_35M_UR50D
XP_073810931,XP_056306804,0.006490170955657959,esm2_t12_35M_UR50D
XP_073800379,XP_056306804,0.006490170955657959,esm2_t12_35M_UR50D
XP_073810931,XP_056313242,0.006490170955657959,esm2_t12_35M_UR50D
XP_017208769,XP_056303289,0.004057168960571289,esm2_t12_35M_UR50D
XP_073810936,XP_056318230,0.0050871968269348145,esm2_t12_35M_UR50D
XP_073804891,XP_056318230,0.0050871968269348145,esm2_t12_35M_UR50D
XP_073791936,XP_056303050,0.0005567073822021484,esm2_t12_35M_UR50D
XP_073793934,XP_056303356,0.002170383930206299,esm2_t12_35M_UR50D
XP_073793556,XP_056329778,0.00411534309387207,esm2_t12_35M_UR50D
XP_073793557,XP_056329778,0.00411534309387207,esm2_t12_35M_UR50D
XP_073794101,XP_056305843,0.00037604570388793945,esm2_t12_35M_UR50D
NP_001124266,XP_056337580,0.004717230796813965,esm2_t12_35M_UR50D
XP_073793345,XP_056304495,0.00813823938369751,esm2_t12_35M_UR50D
NP_001004013,XP_056328543,0.003305673599243164,esm2_t12_35M_UR50D
NP_571189,XP_056306788,0.004999816417694092,esm2_t12_35M_UR50D
XP_021325127,XP_056303292,0.002233147621154785,esm2_t12_35M_UR50D
XP_073800376,XP_056319124,0.004558086395263672,esm2_t12_35M_UR50D
XP_073810926,XP_056319124,0.004558205604553223,esm2_t12_35M_UR50D
XP_073804886,XP_056319125,0.004558205604553223,esm2_t12_35M_UR50D
XP_073796967,XP_056319125,0.004558086395263672,esm2_t12_35M_UR50D
XP_073806902,XP_056312777,0.002562105655670166,esm2_t12_35M_UR50D
XP_005171457,XP_056325366,0.0036687254905700684,esm2_t12_35M_UR50D
NP_001018608,XP_056333637,0.01192927360534668,esm2_t12_35M_UR50D
NP_001159589,XP_056324544,0.0027112364768981934,esm2_t12_35M_UR50D
NP_001074056,XP_056314969,0.005799233913421631,esm2_t12_35M_UR50D
NP_001070752,XP_056337338,0.004448413848876953,esm2_t12_35M_UR50D
NP_739570,XP_056320281,0.004182636737823486,esm2_t12_35M_UR50D
NP_001096119,XP_056332106,0.005336463451385498,esm2_t12_35M_UR50D
XP_073791873,XP_056301905,0.00225222110748291,esm2_t12_35M_UR50D
XP_002661886,XP_056310981,0.005637824535369873,esm2_t12_35M_UR50D
NP_001017775,XP_056331050,0.0039893388748168945,esm2_t12_35M_UR50D
NP_878288,XP_056328384,0.0025601983070373535,esm2_t12_35M_UR50D
NP_998424,XP_056306199,0.0030507445335388184,esm2_t12_35M_UR50D
XP_684581,XP_056323856,0.010848581790924072,esm2_t12_35M_UR50D
XP_073790481,XP_056301942,0.00021654367446899414,esm2_t12_35M_UR50D
XP_073808971,XP_056313138,0.003360271453857422,esm2_t12_35M_UR50D
XP_073790492,XP_056301946,0.0003572702407836914,esm2_t12_35M_UR50D
NP_571817,XP_056302527,0.001109480857849121,esm2_t12_35M_UR50D
XP_073809669,XP_056315357,0.0028394460678100586,esm2_t12_35M_UR50D
XP_002664303,XP_056328806,0.004266858100891113,esm2_t12_35M_UR50D
XP_073791439,XP_056302886,0.007616817951202393,esm2_t12_35M_UR50D
XP_009299425,XP_056313238,0.005776405334472656,esm2_t12_35M_UR50D
XP_073808725,XP_056316678,0.004013359546661377,esm2_t12_35M_UR50D
XP_073792771,XP_056304547,0.0014192461967468262,esm2_t12_35M_UR50D
XP_003201130,XP_056303259,0.0026785731315612793,esm2_t12_35M_UR50D
NP_861431,XP_056325388,0.005003511905670166,esm2_t12_35M_UR50D
NP_001017783,XP_056310579,0.003983616828918457,esm2_t12_35M_UR50D
XP_073807411,XP_056308771,0.0065430402755737305,esm2_t12_35M_UR50D
NP_001296971,XP_056337470,0.004359722137451172,esm2_t12_35M_UR50D
NP_001295578,XP_056317584,0.0021706819534301758,esm2_t12_35M_UR50D
NP_001003729,XP_056333200,0.004479646682739258,esm2_t12_35M_UR50D
XP_003199543,XP_056323771,0.00329512357711792,esm2_t12_35M_UR50D
XP_073789900,XP_056336860,0.0035275816917419434,esm2_t12_35M_UR50D
XP_001332231,XP_056315343,0.0025353431701660156,esm2_t12_35M_UR50D
XP_001923170,XP_056326350,0.0026531219482421875,esm2_t12_35M_UR50D
XP_009298792,XP_056325231,0.003247380256652832,esm2_t12_35M_UR50D
XP_073810923,XP_056336644,0.004806876182556152,esm2_t12_35M_UR50D
XP_073800375,XP_056336644,0.004806935787200928,esm2_t12_35M_UR50D
XP_073800374,XP_056336644,0.004806935787200928,esm2_t12_35M_UR50D
XP_073800375,XP_056336643,0.004806995391845703,esm2_t12_35M_UR50D
XP_073806366,XP_056313057,0.007149219512939453,esm2_t12_35M_UR50D
NP_001124070,XP_056336738,0.006558358669281006,esm2_t12_35M_UR50D
NP_001410451,XP_056327827,0.0027663111686706543,esm2_t12_35M_UR50D
XP_017213978,XP_056325565,0.003537118434906006,esm2_t12_35M_UR50D
NP_001353719,XP_056324289,0.0031608939170837402,esm2_t12_35M_UR50D
XP_073790133,XP_056336906,0.000989377498626709,esm2_t12_35M_UR50D
XP_073798268,XP_056307555,0.004446208477020264,esm2_t12_35M_UR50D
NP_001166107,XP_056326298,0.003918826580047607,esm2_t12_35M_UR50D
NP_001289971,XP_056308415,0.003422379493713379,esm2_t12_35M_UR50D
XP_009302848,XP_056320893,0.007136285305023193,esm2_t12_35M_UR50D
NP_001106972,XP_056313072,0.0009478926658630371,esm2_t12_35M_UR50D
XP_073791919,XP_056302503,0.00029015541076660156,esm2_t12_35M_UR50D
XP_073791918,XP_056302501,0.00029015541076660156,esm2_t12_35M_UR50D
XP_073791917,XP_056302502,0.00029015541076660156,esm2_t12_35M_UR50D
XP_073793957,XP_056303361,0.0021227598190307617,esm2_t12_35M_UR50D
XP_073803519,XP_056311382,0.004306316375732422,esm2_t12_35M_UR50D
XP_021322842,XP_056333637,0.012358605861663818,esm2_t12_35M_UR50D
XP_073803277,XP_056311009,0.0019696950912475586,esm2_t12_35M_UR50D
XP_698724,XP_056335689,0.0014792084693908691,esm2_t12_35M_UR50D
XP_021335365,XP_056323909,0.0034992098808288574,esm2_t12_35M_UR50D
XP_001332088,XP_056321430,0.0043749213218688965,esm2_t12_35M_UR50D
XP_073804383,XP_056310834,0.0025407075881958008,esm2_t12_35M_UR50D
XP_021323920,XP_056335524,0.0013338923454284668,esm2_t12_35M_UR50D
XP_073799710,XP_056309544,0.0019395947456359863,esm2_t12_35M_UR50D
NP_001116416,XP_056314732,0.0024690628051757812,esm2_t12_35M_UR50D
XP_005160930,XP_056301476,0.004667878150939941,esm2_t12_35M_UR50D
NP_001373283,XP_056301959,0.0033324360847473145,esm2_t12_35M_UR50D
NP_001153304,XP_056321086,0.0035442709922790527,esm2_t12_35M_UR50D
NP_001373519,XP_056328625,0.0031633973121643066,esm2_t12_35M_UR50D
XP_005161421,XP_056302108,0.0022051334381103516,esm2_t12_35M_UR50D
XP_073800344,XP_056309206,0.0006071329116821289,esm2_t12_35M_UR50D
NP_571339,XP_056303610,0.0010164380073547363,esm2_t12_35M_UR50D
XP_021335848,XP_056326084,0.0022742748260498047,esm2_t12_35M_UR50D
XP_073804987,XP_056311227,0.0035958290100097656,esm2_t12_35M_UR50D
XP_073792897,XP_056330376,0.003618180751800537,esm2_t12_35M_UR50D
XP_073792529,XP_056304224,0.0019773244857788086,esm2_t12_35M_UR50D
XP_073798237,XP_056307542,0.00022453069686889648,esm2_t12_35M_UR50D
XP_073795225,XP_056305840,0.0027322769165039062,esm2_t12_35M_UR50D
XP_005161090,XP_056302958,0.0019339323043823242,esm2_t12_35M_UR50D
XP_690395,XP_056336694,1.8775463104248047e-05,esm2_t12_35M_UR50D
XP_073797945,XP_056307223,0.002393960952758789,esm2_t12_35M_UR50D
XP_073788072,XP_056336190,0.004365980625152588,esm2_t12_35M_UR50D
NP_001070218,XP_056332159,0.0037694573402404785,esm2_t12_35M_UR50D
NP_001014373,XP_056313616,0.001648545265197754,esm2_t12_35M_UR50D
NP_001019618,XP_056329798,0.0024054646492004395,esm2_t12_35M_UR50D
XP_017207394,XP_056334133,0.004184842109680176,esm2_t12_35M_UR50D
NP_001013299,XP_056323143,0.0022083520889282227,esm2_t12_35M_UR50D
XP_695071,XP_056332365,0.0004749298095703125,esm2_t12_35M_UR50D
XP_009302934,XP_056320817,0.004056394100189209,esm2_t12_35M_UR50D
XP_073804655,XP_056325318,0.0026195645332336426,esm2_t12_35M_UR50D
NP_001353685,XP_056314655,0.0017176270484924316,esm2_t12_35M_UR50D
NP_001070718,XP_056329681,0.0019552111625671387,esm2_t12_35M_UR50D
NP_001005577,XP_056318590,0.0020316243171691895,esm2_t12_35M_UR50D
XP_073800017,XP_056305861,0.006527423858642578,esm2_t12_35M_UR50D
XP_021328358,XP_056305820,0.007152915000915527,esm2_t12_35M_UR50D
XP_073807639,XP_056313135,0.003313422203063965,esm2_t12_35M_UR50D
XP_073795102,XP_056304657,0.00015354156494140625,esm2_t12_35M_UR50D
XP_073804119,XP_056310856,0.001999378204345703,esm2_t12_35M_UR50D
XP_009302401,XP_056319239,0.002665996551513672,esm2_t12_35M_UR50D
XP_073794796,XP_056308778,0.003680884838104248,esm2_t12_35M_UR50D
XP_009294897,XP_056305410,0.004025459289550781,esm2_t12_35M_UR50D
XP_073789812,XP_056336613,0.0017345547676086426,esm2_t12_35M_UR50D
XP_073789807,XP_056336613,0.0017345547676086426,esm2_t12_35M_UR50D
NP_938161,XP_056308536,0.001849353313446045,esm2_t12_35M_UR50D
XP_005174015,XP_056303273,0.0028180480003356934,esm2_t12_35M_UR50D
XP_003197979,XP_056335703,0.0015749335289001465,esm2_t12_35M_UR50D
XP_005166176,XP_056316333,0.00036704540252685547,esm2_t12_35M_UR50D
XP_073794443,XP_056310361,0.0018766522407531738,esm2_t12_35M_UR50D
XP_001337969,XP_056333860,0.003655850887298584,esm2_t12_35M_UR50D
XP_073792711,XP_056303372,0.00018590688705444336,esm2_t12_35M_UR50D
XP_001341328,XP_056325773,0.0006332993507385254,esm2_t12_35M_UR50D
XP_017210951,XP_056310461,0.002780437469482422,esm2_t12_35M_UR50D
XP_001334616,XP_056306058,0.0033522844314575195,esm2_t12_35M_UR50D
NP_001257524,XP_056317323,0.0010094046592712402,esm2_t12_35M_UR50D
XP_005160412,XP_056301277,0.0033146142959594727,esm2_t12_35M_UR50D
XP_073804431,XP_056310441,0.0015856623649597168,esm2_t12_35M_UR50D
XP_005156356,XP_056325189,0.00289762020111084,esm2_t12_35M_UR50D
XP_073789977,XP_056336822,0.0023071765899658203,esm2_t12_35M_UR50D
NP_001070801,XP_056325565,0.002845585346221924,esm2_t12_35M_UR50D
NP_001002753,XP_056309721,0.002243340015411377,esm2_t12_35M_UR50D
XP_002663081,XP_056332453,0.0016551613807678223,esm2_t12_35M_UR50D
XP_073791227,XP_056303002,0.006739139556884766,esm2_t12_35M_UR50D
XP_073800702,XP_056309671,0.001956939697265625,esm2_t12_35M_UR50D
NP_957029,XP_056337727,0.004813253879547119,esm2_t12_35M_UR50D
XP_003200380,XP_056333328,0.0024361610412597656,esm2_t12_35M_UR50D
XP_021323091,XP_056332362,0.0011576414108276367,esm2_t12_35M_UR50D
XP_005155999,XP_056324060,0.0021642446517944336,esm2_t12_35M_UR50D
NP_001129725,XP_056311479,0.0022544264793395996,esm2_t12_35M_UR50D
XP_003198902,XP_056316830,0.0031211376190185547,esm2_t12_35M_UR50D
XP_017206694,XP_056330082,0.003354489803314209,esm2_t12_35M_UR50D
XP_073795601,XP_056305036,0.002560555934906006,esm2_t12_35M_UR50D
XP_003200754,XP_056337651,0.002909064292907715,esm2_t12_35M_UR50D
XP_005166296,XP_056315000,0.0019953250885009766,esm2_t12_35M_UR50D
NP_001188466,XP_056311462,0.0032488107681274414,esm2_t12_35M_UR50D
NP_001188466,XP_056311463,0.0032488107681274414,esm2_t12_35M_UR50D
XP_021326004,XP_056306113,0.004481077194213867,esm2_t12_35M_UR50D
XP_073796460,XP_056306225,0.0016734004020690918,esm2_t12_35M_UR50D
XP_073796458,XP_056306225,0.0016734004020690918,esm2_t12_35M_UR50D
XP_021329042,XP_056301501,0.0026613473892211914,esm2_t12_35M_UR50D
XP_001346279,XP_056304292,0.0020782947540283203,esm2_t12_35M_UR50D
NP_001311424,XP_056337634,0.0002308487892150879,esm2_t12_35M_UR50D
NP_001098585,XP_056325386,0.0018644928932189941,esm2_t12_35M_UR50D
XP_021324551,XP_056302964,0.0013970136642456055,esm2_t12_35M_UR50D
XP_688797,XP_056302371,0.0009889602661132812,esm2_t12_35M_UR50D
XP_073795576,XP_056304953,0.0007189512252807617,esm2_t12_35M_UR50D
NP_001025291,XP_056301331,0.002321183681488037,esm2_t12_35M_UR50D
NP_001038631,XP_056315475,0.0032963156700134277,esm2_t12_35M_UR50D
XP_073803571,XP_056312301,0.0018916130065917969,esm2_t12_35M_UR50D
NP_001186941,XP_056329042,0.0033350586891174316,esm2_t12_35M_UR50D
XP_690155,XP_056323885,0.001993119716644287,esm2_t12_35M_UR50D
XP_017207906,XP_056335925,0.002955615520477295,esm2_t12_35M_UR50D
XP_073787851,XP_056335925,0.002955615520477295,esm2_t12_35M_UR50D
NP_001036815,XP_056326425,0.0012032389640808105,esm2_t12_35M_UR50D
NP_001314977,XP_056328910,0.0029244422912597656,esm2_t12_35M_UR50D
XP_005162677,XP_056306604,0.0019892454147338867,esm2_t12_35M_UR50D
XP_001344844,XP_056324880,0.0013037919998168945,esm2_t12_35M_UR50D
XP_073799129,XP_056308180,8.976459503173828e-05,esm2_t12_35M_UR50D
NP_991185,XP_056326362,0.002990126609802246,esm2_t12_35M_UR50D
XP_073809809,XP_056314952,0.0024133920669555664,esm2_t12_35M_UR50D
XP_021330084,XP_056334389,0.0017412304878234863,esm2_t12_35M_UR50D
XP_017211916,XP_056316021,0.0018029212951660156,esm2_t12_35M_UR50D
NP_001346857,XP_056311477,0.0018462538719177246,esm2_t12_35M_UR50D
XP_073787326,XP_056336008,0.0018662810325622559,esm2_t12_35M_UR50D
XP_073787331,XP_056336008,0.0018662810325622559,esm2_t12_35M_UR50D
XP_073798009,XP_056307954,0.0012050867080688477,esm2_t12_35M_UR50D
XP_073795575,XP_056304953,0.0007442831993103027,esm2_t12_35M_UR50D
XP_684629,XP_056315473,0.001684725284576416,esm2_t12_35M_UR50D
NP_001124063,XP_056302958,0.001232147216796875,esm2_t12_35M_UR50D
NP_001164537,XP_056314804,0.0012516379356384277,esm2_t12_35M_UR50D
XP_073789739,XP_056337280,0.00010973215103149414,esm2_t12_35M_UR50D
XP_073789747,XP_056337280,0.00010973215103149414,esm2_t12_35M_UR50D
XP_005155966,XP_056323885,0.0018751025199890137,esm2_t12_35M_UR50D
NP_001038722,XP_056337096,0.004753589630126953,esm2_t12_35M_UR50D
XP_073810282,XP_056315190,0.0025135278701782227,esm2_t12_35M_UR50D
NP_001003838,XP_056325518,0.0017803311347961426,esm2_t12_35M_UR50D
NP_001373473,XP_056305858,0.001964390277862549,esm2_t12_35M_UR50D
XP_073809805,XP_056314953,0.002178788185119629,esm2_t12_35M_UR50D
XP_001923752,XP_056328740,0.0023037195205688477,esm2_t12_35M_UR50D
XP_021333237,XP_056318724,0.0020355582237243652,esm2_t12_35M_UR50D
XP_005159833,XP_056336107,0.001566767692565918,esm2_t12_35M_UR50D
NP_001038238,XP_056337267,0.0008902549743652344,esm2_t12_35M_UR50D
NP_001292542,XP_056306807,0.0014067888259887695,esm2_t12_35M_UR50D
XP_073809810,XP_056314955,0.002261519432067871,esm2_t12_35M_UR50D
NP_001003526,XP_056309985,0.0019196271896362305,esm2_t12_35M_UR50D
XP_005160524,XP_056337202,0.001690983772277832,esm2_t12_35M_UR50D
NP_001107088,XP_056330390,0.00033527612686157227,esm2_t12_35M_UR50D
NP_001003572,XP_056325054,0.000988304615020752,esm2_t12_35M_UR50D
NP_999983,XP_056334545,0.0017812848091125488,esm2_t12_35M_UR50D
XP_001335854,XP_056310183,0.0026032328605651855,esm2_t12_35M_UR50D
NP_001108355,XP_056312042,0.0018805861473083496,esm2_t12_35M_UR50D
XP_009290149,XP_056330068,0.004156947135925293,esm2_t12_35M_UR50D
XP_073790448,XP_056302164,0.00026363134384155273,esm2_t12_35M_UR50D
XP_021334632,XP_056321337,0.002123892307281494,esm2_t12_35M_UR50D
XP_073791697,XP_056301689,0.0018405318260192871,esm2_t12_35M_UR50D
NP_001093523,XP_056313129,0.0018541216850280762,esm2_t12_35M_UR50D
NP_001124145,XP_056310694,0.0011025667190551758,esm2_t12_35M_UR50D
XP_009297676,XP_056309414,0.0015795230865478516,esm2_t12_35M_UR50D
NP_001074137,XP_056324182,0.0015373826026916504,esm2_t12_35M_UR50D
XP_001342303,XP_056322443,0.003030836582183838,esm2_t12_35M_UR50D
NP_001138281,XP_056328268,0.0006515979766845703,esm2_t12_35M_UR50D
XP_001340218,XP_056307068,0.0016993284225463867,esm2_t12_35M_UR50D
NP_001076331,XP_056313390,0.000692903995513916,esm2_t12_35M_UR50D
XP_073785676,XP_056336631,0.0011450648307800293,esm2_t12_35M_UR50D
NP_001017843,XP_056319218,0.002585291862487793,esm2_t12_35M_UR50D
NP_001373261,XP_056324685,0.00117415189743042,esm2_t12_35M_UR50D
NP_001002108,XP_056331268,0.0015244483947753906,esm2_t12_35M_UR50D
NP_001025415,XP_056324323,0.0007953643798828125,esm2_t12_35M_UR50D
XP_073790449,XP_056302165,0.0003876686096191406,esm2_t12_35M_UR50D
NP_001154873,XP_056324495,0.0013013482093811035,esm2_t12_35M_UR50D
XP_005165901,XP_056315629,0.002200007438659668,esm2_t12_35M_UR50D
NP_001007436,XP_056306795,0.002752244472503662,esm2_t12_35M_UR50D
XP_073787208,XP_056335448,0.0027478933334350586,esm2_t12_35M_UR50D
NP_001104662,XP_056325314,0.0024622082710266113,esm2_t12_35M_UR50D
NP_001073144,XP_056337109,0.001588582992553711,esm2_t12_35M_UR50D
XP_073809974,XP_056315469,0.0021141767501831055,esm2_t12_35M_UR50D
XP_021327030,XP_056308841,0.003415405750274658,esm2_t12_35M_UR50D
XP_073785667,XP_056336631,0.002118408679962158,esm2_t12_35M_UR50D
XP_073787400,XP_056335356,0.0017652511596679688,esm2_t12_35M_UR50D
XP_009290393,XP_056331224,0.0011703968048095703,esm2_t12_35M_UR50D
XP_021332139,XP_056312881,0.0014240741729736328,esm2_t12_35M_UR50D
XP_073803131,XP_056311083,0.0015229582786560059,esm2_t12_35M_UR50D
XP_003197745,XP_056312726,0.0024509429931640625,esm2_t12_35M_UR50D
XP_021334186,XP_056320539,0.0025533437728881836,esm2_t12_35M_UR50D
XP_073799133,XP_056308185,7.873773574829102e-05,esm2_t12_35M_UR50D
XP_001921439,XP_056326629,0.00036275386810302734,esm2_t12_35M_UR50D
XP_021334748,XP_056321753,0.0014418363571166992,esm2_t12_35M_UR50D
XP_073786480,XP_056336302,0.0007351040840148926,esm2_t12_35M_UR50D
XP_073801703,XP_056312042,0.001679062843322754,esm2_t12_35M_UR50D
XP_073801523,XP_056312017,0.0011830925941467285,esm2_t12_35M_UR50D
XP_009293954,XP_056303183,0.0017430782318115234,esm2_t12_35M_UR50D
NP_001348442,XP_056318274,0.001118004322052002,esm2_t12_35M_UR50D
NP_956683,XP_056323167,0.0014626383781433105,esm2_t12_35M_UR50D
XP_021324189,XP_056337431,0.001955091953277588,esm2_t12_35M_UR50D
NP_001159810,XP_056327208,0.0012557506561279297,esm2_t12_35M_UR50D
XP_005172727,XP_056322672,0.0029526352882385254,esm2_t12_35M_UR50D
XP_073798913,XP_056307400,0.00010013580322265625,esm2_t12_35M_UR50D
XP_073798914,XP_056307399,0.00010013580322265625,esm2_t12_35M_UR50D
NP_001096044,XP_056324448,0.0013112425804138184,esm2_t12_35M_UR50D
NP_001038799,XP_056316974,0.002092301845550537,esm2_t12_35M_UR50D
NP_001139258,XP_056319869,0.001981794834136963,esm2_t12_35M_UR50D
NP_001073448,XP_056321274,0.0016442537307739258,esm2_t12_35M_UR50D
XP_021322168,XP_056330029,0.0012210607528686523,esm2_t12_35M_UR50D
XP_005156015,XP_056324806,0.0027114152908325195,esm2_t12_35M_UR50D
NP_001306061,XP_056330585,0.0014667510986328125,esm2_t12_35M_UR50D
XP_073790323,XP_056302574,0.001741945743560791,esm2_t12_35M_UR50D
NP_001314862,XP_056333615,0.0019441843032836914,esm2_t12_35M_UR50D
XP_002666883,XP_056307847,0.0012202858924865723,esm2_t12_35M_UR50D
XP_005163456,XP_056332501,0.0018404722213745117,esm2_t12_35M_UR50D
XP_005173133,XP_056328329,0.0034918785095214844,esm2_t12_35M_UR50D
XP_073796428,XP_056307094,0.0004882216453552246,esm2_t12_35M_UR50D
NP_001258768,XP_056314589,0.0023384690284729004,esm2_t12_35M_UR50D
XP_073798007,XP_056307954,0.001420140266418457,esm2_t12_35M_UR50D
XP_073808704,XP_056316152,0.0017703771591186523,esm2_t12_35M_UR50D
NP_001243177,XP_056325477,0.002104520797729492,esm2_t12_35M_UR50D
XP_698063,XP_056311426,0.00043779611587524414,esm2_t12_35M_UR50D
NP_001191237,XP_056313196,0.0010616779327392578,esm2_t12_35M_UR50D
NP_001003769,XP_056337386,0.0012810230255126953,esm2_t12_35M_UR50D
XP_073787401,XP_056335356,0.0016051530838012695,esm2_t12_35M_UR50D
NP_957297,XP_056333370,0.0013320446014404297,esm2_t12_35M_UR50D
NP_001076408,XP_056321053,0.0012177228927612305,esm2_t12_35M_UR50D
NP_001277347,XP_056324614,0.0021328330039978027,esm2_t12_35M_UR50D
NP_775362,XP_056309194,0.0011340975761413574,esm2_t12_35M_UR50D
NP_001074456,XP_056320562,0.0015636682510375977,esm2_t12_35M_UR50D
NP_001035475,XP_056302892,0.0026201605796813965,esm2_t12_35M_UR50D
NP_001003738,XP_056308281,0.0018069148063659668,esm2_t12_35M_UR50D
XP_005171071,XP_056324023,0.0012119412422180176,esm2_t12_35M_UR50D
NP_001071198,XP_056319493,0.0006390810012817383,esm2_t12_35M_UR50D
NP_001313518,XP_056314570,0.0012619495391845703,esm2_t12_35M_UR50D
XP_073807189,XP_056314570,0.0012619495391845703,esm2_t12_35M_UR50D
NP_001373462,XP_056306525,0.0010055899620056152,esm2_t12_35M_UR50D
XP_073796947,XP_056310350,0.0020087361335754395,esm2_t12_35M_UR50D
NP_001073284,XP_056324900,0.001518547534942627,esm2_t12_35M_UR50D
XP_073805739,XP_056314794,0.00136643648147583,esm2_t12_35M_UR50D
NP_001076554,XP_056336608,0.0016443729400634766,esm2_t12_35M_UR50D
XP_073805458,XP_056307509,0.0016679763793945312,esm2_t12_35M_UR50D
NP_001082800,XP_056308309,0.0025638341903686523,esm2_t12_35M_UR50D
NP_001313303,XP_056329514,0.0008536577224731445,esm2_t12_35M_UR50D
XP_073800388,XP_056309289,0.0008512139320373535,esm2_t12_35M_UR50D
XP_073800390,XP_056309290,0.0008512139320373535,esm2_t12_35M_UR50D
XP_005163543,XP_056333378,0.0012615323066711426,esm2_t12_35M_UR50D
NP_001245157,XP_056332368,0.0019084811210632324,esm2_t12_35M_UR50D
NP_001006033,XP_056309041,0.0009291172027587891,esm2_t12_35M_UR50D
XP_021324253,XP_056337348,0.0009931325912475586,esm2_t12_35M_UR50D
NP_998474,XP_056319789,0.0014404058456420898,esm2_t12_35M_UR50D
NP_001239390,XP_056331938,0.001377403736114502,esm2_t12_35M_UR50D
XP_073786328,XP_056334434,0.004504203796386719,esm2_t12_35M_UR50D
XP_073800591,XP_056306919,0.0029050111770629883,esm2_t12_35M_UR50D
XP_009304583,XP_056324303,0.0016359686851501465,esm2_t12_35M_UR50D
XP_001339876,XP_056335941,0.0015239119529724121,esm2_t12_35M_UR50D
XP_005157021,XP_056326232,0.0017467737197875977,esm2_t12_35M_UR50D
NP_001014359,XP_056333708,0.0013493895530700684,esm2_t12_35M_UR50D
XP_002660769,XP_056328995,0.0013431906700134277,esm2_t12_35M_UR50D
NP_001314830,XP_056333710,0.0019797682762145996,esm2_t12_35M_UR50D
XP_073786718,XP_056337467,0.0009178519248962402,esm2_t12_35M_UR50D
XP_003199150,XP_056320454,0.0014532208442687988,esm2_t12_35M_UR50D
NP_001108161,XP_056312994,0.0012302994728088379,esm2_t12_35M_UR50D
NP_001003545,XP_056325492,0.0008715391159057617,esm2_t12_35M_UR50D
XP_073802092,XP_056312102,0.0004526972770690918,esm2_t12_35M_UR50D
XP_073799471,XP_056310021,0.0008959770202636719,esm2_t12_35M_UR50D
XP_073792392,XP_056303548,0.0007548332214355469,esm2_t12_35M_UR50D
XP_005165821,XP_056315560,0.0010714530944824219,esm2_t12_35M_UR50D
NP_001155221,XP_056308380,0.0009682178497314453,esm2_t12_35M_UR50D
XP_073794695,XP_056304737,0.0008819699287414551,esm2_t12_35M_UR50D
NP_001091718,XP_056302344,0.001069486141204834,esm2_t12_35M_UR50D
NP_001189413,XP_056332657,0.001048445701599121,esm2_t12_35M_UR50D
XP_005167077,XP_056319563,0.0010810494422912598,esm2_t12_35M_UR50D
XP_073792908,XP_056303329,0.0023102760314941406,esm2_t12_35M_UR50D
NP_001070845,XP_056320740,0.0015919804573059082,esm2_t12_35M_UR50D
XP_001920282,XP_056306028,0.001120150089263916,esm2_t12_35M_UR50D
XP_002667428,XP_056324199,0.0014162063598632812,esm2_t12_35M_UR50D
NP_001008653,XP_056322984,0.0011525750160217285,esm2_t12_35M_UR50D
XP_073787365,XP_056335140,0.0019348859786987305,esm2_t12_35M_UR50D
XP_073806843,XP_056314466,0.0008644461631774902,esm2_t12_35M_UR50D
NP_956910,XP_056330541,0.0009775161743164062,esm2_t12_35M_UR50D
XP_073807508,XP_056313011,0.0014392733573913574,esm2_t12_35M_UR50D
XP_073793719,XP_056303599,0.001983165740966797,esm2_t12_35M_UR50D
NP_956467,XP_056311667,0.0012785792350769043,esm2_t12_35M_UR50D
XP_073794273,XP_056305238,0.0007912516593933105,esm2_t12_35M_UR50D
XP_073797191,XP_056307205,0.0007535219192504883,esm2_t12_35M_UR50D
XP_073808192,XP_056312752,0.000469207763671875,esm2_t12_35M_UR50D
NP_001082841,XP_056308244,0.0020246505737304688,esm2_t12_35M_UR50D
NP_938169,XP_056318702,0.0015859007835388184,esm2_t12_35M_UR50D
NP_001166240,XP_056324440,0.0007360577583312988,esm2_t12_35M_UR50D
XP_005166123,XP_056316272,0.0026069283485412598,esm2_t12_35M_UR50D
XP_005169066,XP_056318836,0.001714944839477539,esm2_t12_35M_UR50D
XP_005163903,XP_056309200,0.001450181007385254,esm2_t12_35M_UR50D
XP_005161262,XP_056303159,0.0008568763732910156,esm2_t12_35M_UR50D
XP_073792374,XP_056303503,0.0015802383422851562,esm2_t12_35M_UR50D
XP_005158206,XP_056330868,0.0009199380874633789,esm2_t12_35M_UR50D
NP_001122221,XP_056316382,0.0014886856079101562,esm2_t12_35M_UR50D
XP_009289358,XP_056328784,0.0011820197105407715,esm2_t12_35M_UR50D
XP_002665864,XP_056337625,0.001701951026916504,esm2_t12_35M_UR50D
NP_001076508,XP_056336733,0.001584768295288086,esm2_t12_35M_UR50D
NP_001121712,XP_056320459,0.0013502240180969238,esm2_t12_35M_UR50D
XP_002667440,XP_056304957,0.0023595094680786133,esm2_t12_35M_UR50D
XP_073809576,XP_056315263,0.0013304352760314941,esm2_t12_35M_UR50D
XP_073799692,XP_056309457,0.0007604360580444336,esm2_t12_35M_UR50D
XP_005173451,XP_056330002,0.0010575056076049805,esm2_t12_35M_UR50D
XP_002661302,XP_056310316,0.0016028881072998047,esm2_t12_35M_UR50D
XP_001922019,XP_056308027,0.0012375712394714355,esm2_t12_35M_UR50D
NP_001129949,XP_056319250,0.0013467073440551758,esm2_t12_35M_UR50D
XP_073804343,XP_056310429,0.0009818673133850098,esm2_t12_35M_UR50D
NP_001012372,XP_056334220,0.000639498233795166,esm2_t12_35M_UR50D
NP_001418075,XP_056337746,0.0014426708221435547,esm2_t12_35M_UR50D
NP_998267,XP_056318802,0.0012462735176086426,esm2_t12_35M_UR50D
NP_001025433,XP_056329776,0.0010660886764526367,esm2_t12_35M_UR50D
NP_001006091,XP_056333616,0.0013549327850341797,esm2_t12_35M_UR50D
NP_001410660,XP_056303027,0.0026180148124694824,esm2_t12_35M_UR50D
NP_571231,XP_056304791,0.0018523931503295898,esm2_t12_35M_UR50D
NP_001077337,XP_056320892,0.0014851093292236328,esm2_t12_35M_UR50D
NP_001315274,XP_056313013,0.0019394159317016602,esm2_t12_35M_UR50D
XP_009303552,XP_056322276,0.0008447766304016113,esm2_t12_35M_UR50D
XP_005163555,XP_056333772,0.0027520060539245605,esm2_t12_35M_UR50D
XP_073805573,XP_056303348,0.0008529424667358398,esm2_t12_35M_UR50D
NP_001076419,XP_056334355,0.0016156435012817383,esm2_t12_35M_UR50D
XP_073791556,XP_056302477,0.0010623335838317871,esm2_t12_35M_UR50D
XP_073808944,XP_056316124,0.0009292960166931152,esm2_t12_35M_UR50D
NP_001007290,XP_056327087,0.0007265806198120117,esm2_t12_35M_UR50D
XP_073797702,XP_056306691,0.0016703605651855469,esm2_t12_35M_UR50D
NP_001025308,XP_056334874,0.001363217830657959,esm2_t12_35M_UR50D
XP_021336400,XP_056326604,0.0010100007057189941,esm2_t12_35M_UR50D
NP_001188278,XP_056323378,0.001228034496307373,esm2_t12_35M_UR50D
XP_005166511,XP_056317964,0.0010138750076293945,esm2_t12_35M_UR50D
XP_005166511,XP_056317965,0.0010138750076293945,esm2_t12_35M_UR50D
XP_073794112,XP_056305461,0.0009443759918212891,esm2_t12_35M_UR50D
XP_009302026,XP_056320057,0.0015257596969604492,esm2_t12_35M_UR50D
NP_001243652,XP_056321522,0.000693976879119873,esm2_t12_35M_UR50D
NP_001129443,XP_056307193,0.0006738901138305664,esm2_t12_35M_UR50D
XP_005155457,XP_056312530,0.0026010870933532715,esm2_t12_35M_UR50D
XP_073797700,XP_056306690,0.0016426444053649902,esm2_t12_35M_UR50D
XP_017208134,XP_056336618,0.00012111663818359375,esm2_t12_35M_UR50D
NP_001410928,XP_056328709,0.000969231128692627,esm2_t12_35M_UR50D
XP_073809598,XP_056315310,0.0008861422538757324,esm2_t12_35M_UR50D
XP_009305674,XP_056326499,0.001436471939086914,esm2_t12_35M_UR50D
XP_073788329,XP_056326044,0.0015851855278015137,esm2_t12_35M_UR50D
NP_001103947,XP_056333541,0.0003914833068847656,esm2_t12_35M_UR50D
XP_073788148,XP_056337428,0.001267075538635254,esm2_t12_35M_UR50D
XP_073788146,XP_056337428,0.001267075538635254,esm2_t12_35M_UR50D
XP_005172140,XP_056315372,0.000646054744720459,esm2_t12_35M_UR50D
XP_073789384,XP_056337600,0.0008985400199890137,esm2_t12_35M_UR50D
XP_005163268,XP_056308001,0.0006963610649108887,esm2_t12_35M_UR50D
XP_073794328,XP_056305940,0.0017181038856506348,esm2_t12_35M_UR50D
XP_073799389,XP_056308317,0.0014513731002807617,esm2_t12_35M_UR50D
XP_073809674,XP_056315374,0.0006532669067382812,esm2_t12_35M_UR50D
XP_009296400,XP_056308318,0.0014396309852600098,esm2_t12_35M_UR50D
NP_001094417,XP_056313075,0.0010704398155212402,esm2_t12_35M_UR50D
XP_005160228,XP_056312215,0.0008262991905212402,esm2_t12_35M_UR50D
NP_001334810,XP_056327261,0.0010395050048828125,esm2_t12_35M_UR50D
NP_001132934,XP_056335792,0.002268850803375244,esm2_t12_35M_UR50D
XP_021323377,XP_056334145,0.0016894936561584473,esm2_t12_35M_UR50D
NP_963874,XP_056311236,0.0010488033294677734,esm2_t12_35M_UR50D
XP_009296338,XP_056307317,0.0012044310569763184,esm2_t12_35M_UR50D
XP_009293482,XP_056302396,0.0010161995887756348,esm2_t12_35M_UR50D
XP_005164438,XP_056310135,0.0008264780044555664,esm2_t12_35M_UR50D
NP_957431,XP_056330677,0.0007895231246948242,esm2_t12_35M_UR50D
XP_017213593,XP_056323320,0.0009337067604064941,esm2_t12_35M_UR50D
XP_005155912,XP_056323633,0.0011168718338012695,esm2_t12_35M_UR50D
NP_001373647,XP_056312863,0.001629173755645752,esm2_t12_35M_UR50D
XP_073798240,XP_056307325,0.0009710788726806641,esm2_t12_35M_UR50D
XP_021335468,XP_056324314,0.00028586387634277344,esm2_t12_35M_UR50D
XP_073786743,XP_056301248,0.0014097094535827637,esm2_t12_35M_UR50D
NP_956923,XP_056331353,0.0015526413917541504,esm2_t12_35M_UR50D
NP_001074161,XP_056318353,0.0005128979682922363,esm2_t12_35M_UR50D
NP_956219,XP_056334832,0.0009096264839172363,esm2_t12_35M_UR50D
XP_073795722,XP_056304794,0.0003483295440673828,esm2_t12_35M_UR50D
XP_073786839,XP_056336484,0.0017778873443603516,esm2_t12_35M_UR50D
XP_073796214,XP_056306326,0.0006054043769836426,esm2_t12_35M_UR50D
XP_003199702,XP_056324938,0.001556098461151123,esm2_t12_35M_UR50D
XP_001338050,XP_056305898,0.000886082649230957,esm2_t12_35M_UR50D
NP_001300637,XP_056320215,0.0022542476654052734,esm2_t12_35M_UR50D
XP_073804867,XP_056313625,0.001307368278503418,esm2_t12_35M_UR50D
NP_001289407,XP_056303158,0.0009619593620300293,esm2_t12_35M_UR50D
NP_001373225,XP_056329373,0.0007614493370056152,esm2_t12_35M_UR50D
NP_001315525,XP_056312101,0.0010007023811340332,esm2_t12_35M_UR50D
XP_073792768,XP_056304029,0.0008540153503417969,esm2_t12_35M_UR50D
NP_001038706,XP_056334260,0.0006328225135803223,esm2_t12_35M_UR50D
XP_073807992,XP_056313266,0.0005779266357421875,esm2_t12_35M_UR50D
XP_073785462,XP_056336487,0.0008919835090637207,esm2_t12_35M_UR50D
XP_021332043,XP_056312785,0.0017511248588562012,esm2_t12_35M_UR50D
NP_001006060,XP_056329486,0.0008093118667602539,esm2_t12_35M_UR50D
NP_001093466,XP_056313827,0.0004604458808898926,esm2_t12_35M_UR50D
XP_005157135,XP_056313902,0.0013726353645324707,esm2_t12_35M_UR50D
NP_001373590,XP_056308222,0.0010622739791870117,esm2_t12_35M_UR50D
XP_005158182,XP_056308495,0.0005435347557067871,esm2_t12_35M_UR50D
XP_073801950,XP_056311221,0.0007891654968261719,esm2_t12_35M_UR50D
XP_073810189,XP_056315791,0.000691831111907959,esm2_t12_35M_UR50D
XP_073801617,XP_056312276,0.0020111799240112305,esm2_t12_35M_UR50D
NP_997940,XP_056334702,0.0011337995529174805,esm2_t12_35M_UR50D
NP_835232,XP_056315789,0.0004659295082092285,esm2_t12_35M_UR50D
XP_005167308,XP_056319147,0.0005035400390625,esm2_t12_35M_UR50D
XP_005169360,XP_056324136,0.001138448715209961,esm2_t12_35M_UR50D
XP_073787877,XP_056336488,0.0009843707084655762,esm2_t12_35M_UR50D
XP_005168400,XP_056316893,0.0007383823394775391,esm2_t12_35M_UR50D
XP_002662532,XP_056316117,0.0007565021514892578,esm2_t12_35M_UR50D
XP_073799686,XP_056309568,0.00028443336486816406,esm2_t12_35M_UR50D
NP_956801,XP_056321352,0.0005456805229187012,esm2_t12_35M_UR50D
NP_001003753,XP_056314391,0.0017597675323486328,esm2_t12_35M_UR50D
NP_955956,XP_056312683,0.001104891300201416,esm2_t12_35M_UR50D
NP_001038834,XP_056329695,0.0014171600341796875,esm2_t12_35M_UR50D
XP_009302544,XP_056319082,0.001232147216796875,esm2_t12_35M_UR50D
XP_073810181,XP_056315799,0.000872492790222168,esm2_t12_35M_UR50D
XP_073788151,XP_056337428,0.001128554344177246,esm2_t12_35M_UR50D
XP_009291413,XP_056333364,0.0017706751823425293,esm2_t12_35M_UR50D
NP_001373182,XP_056329177,0.0008772611618041992,esm2_t12_35M_UR50D
XP_009295472,XP_056306326,0.0005627870559692383,esm2_t12_35M_UR50D
XP_689494,XP_056310018,0.0010278820991516113,esm2_t12_35M_UR50D
XP_073805283,XP_056313179,0.00020295381546020508,esm2_t12_35M_UR50D
NP_001038732,XP_056315098,0.001599431037902832,esm2_t12_35M_UR50D
NP_001315077,XP_056321495,0.001858055591583252,esm2_t12_35M_UR50D
NP_001074100,XP_056301359,0.0007846951484680176,esm2_t12_35M_UR50D
XP_009293386,XP_056302871,0.00032317638397216797,esm2_t12_35M_UR50D
XP_073798688,XP_056308228,0.0011581778526306152,esm2_t12_35M_UR50D
XP_073789117,XP_056336924,0.0017309188842773438,esm2_t12_35M_UR50D
NP_001155959,XP_056336924,0.0017309188842773438,esm2_t12_35M_UR50D
NP_001002343,XP_056335464,0.000671088695526123,esm2_t12_35M_UR50D
XP_017213911,XP_056325430,0.001785874366760254,esm2_t12_35M_UR50D
XP_073800483,XP_056309394,0.0007994771003723145,esm2_t12_35M_UR50D
NP_001313647,XP_056318929,0.0014336705207824707,esm2_t12_35M_UR50D
XP_001344126,XP_056328376,0.0011721253395080566,esm2_t12_35M_UR50D
XP_073788171,XP_056337428,0.0013057589530944824,esm2_t12_35M_UR50D
XP_073788170,XP_056337428,0.0013057589530944824,esm2_t12_35M_UR50D
NP_001002122,XP_056315994,0.0009012222290039062,esm2_t12_35M_UR50D
XP_696773,XP_056336548,0.00046890974044799805,esm2_t12_35M_UR50D
XP_073800369,XP_056309239,0.0014222264289855957,esm2_t12_35M_UR50D
XP_697468,XP_056323589,0.0008282661437988281,esm2_t12_35M_UR50D
XP_005163269,XP_056308253,0.0009636282920837402,esm2_t12_35M_UR50D
XP_009301640,XP_056317883,0.0006928443908691406,esm2_t12_35M_UR50D
NP_001107062,XP_056320886,0.0008966326713562012,esm2_t12_35M_UR50D
XP_005165179,XP_056313637,0.0008220672607421875,esm2_t12_35M_UR50D
XP_073805462,XP_056306530,0.0012718439102172852,esm2_t12_35M_UR50D
NP_001252536,XP_056307291,0.000745236873626709,esm2_t12_35M_UR50D
NP_001017763,XP_056308297,0.0005506277084350586,esm2_t12_35M_UR50D
NP_001025446,XP_056337612,0.001388847827911377,esm2_t12_35M_UR50D
XP_073808186,XP_056313563,0.001418769359588623,esm2_t12_35M_UR50D
NP_001070739,XP_056314093,0.0007147789001464844,esm2_t12_35M_UR50D
NP_001035011,XP_056328561,0.0014218688011169434,esm2_t12_35M_UR50D
NP_001036213,XP_056303695,0.0009211301803588867,esm2_t12_35M_UR50D
XP_021328841,XP_056309113,0.001079857349395752,esm2_t12_35M_UR50D
NP_998083,XP_056319357,0.0005136728286743164,esm2_t12_35M_UR50D
NP_001017776,XP_056302667,0.0007810592651367188,esm2_t12_35M_UR50D
XP_073799678,XP_056309292,0.00273972749710083,esm2_t12_35M_UR50D
XP_005173217,XP_056328348,0.0012328028678894043,esm2_t12_35M_UR50D
XP_005160202,XP_056312428,0.0010611414909362793,esm2_t12_35M_UR50D
XP_073785397,XP_056334011,0.0008866786956787109,esm2_t12_35M_UR50D
NP_001373205,XP_056328704,0.0012565255165100098,esm2_t12_35M_UR50D
NP_001017786,XP_056310186,0.0016753077507019043,esm2_t12_35M_UR50D
XP_021326136,XP_056307403,0.0010991096496582031,esm2_t12_35M_UR50D
XP_073808513,XP_056315644,0.001083672046661377,esm2_t12_35M_UR50D
XP_005172154,XP_056316419,0.0005720257759094238,esm2_t12_35M_UR50D
NP_001096668,XP_056335095,0.001304030418395996,esm2_t12_35M_UR50D
NP_001313648,XP_056318936,0.0018520355224609375,esm2_t12_35M_UR50D
XP_683309,XP_056309383,0.0014063119888305664,esm2_t12_35M_UR50D
NP_001103871,XP_056315859,0.0008568763732910156,esm2_t12_35M_UR50D
NP_001373248,XP_056322274,0.0009484291076660156,esm2_t12_35M_UR50D
XP_693491,XP_056301249,0.0008414387702941895,esm2_t12_35M_UR50D
XP_009302520,XP_056319228,0.002901315689086914,esm2_t12_35M_UR50D
XP_073794349,XP_056305507,0.0011469125747680664,esm2_t12_35M_UR50D
NP_001318129,XP_056305119,0.0009332895278930664,esm2_t12_35M_UR50D
XP_021332887,XP_056316174,0.0006543397903442383,esm2_t12_35M_UR50D
XP_009290791,XP_056330845,0.0009509921073913574,esm2_t12_35M_UR50D
NP_001005988,XP_056316273,0.003958702087402344,esm2_t12_35M_UR50D
NP_001005988,XP_056316274,0.003958642482757568,esm2_t12_35M_UR50D
XP_005170607,XP_056304082,0.006194710731506348,esm2_t12_35M_UR50D
XP_009291852,XP_056334951,0.0008373260498046875,esm2_t12_35M_UR50D
XP_021326091,XP_056309213,0.0012061595916748047,esm2_t12_35M_UR50D
XP_073796503,XP_056306722,0.0008760690689086914,esm2_t12_35M_UR50D
XP_073796504,XP_056306721,0.0008760690689086914,esm2_t12_35M_UR50D
NP_957075,XP_056318995,0.00034815073013305664,esm2_t12_35M_UR50D
NP_001091730,XP_056313902,0.0013726353645324707,esm2_t12_35M_UR50D
NP_571139,XP_056304916,0.0007331371307373047,esm2_t12_35M_UR50D
XP_005161976,XP_056304917,0.0007331371307373047,esm2_t12_35M_UR50D
XP_009289277,XP_056328560,0.0022156238555908203,esm2_t12_35M_UR50D
NP_956369,XP_056309126,0.001350104808807373,esm2_t12_35M_UR50D
NP_001315622,XP_056318837,0.0009158849716186523,esm2_t12_35M_UR50D
NP_957145,XP_056315297,0.0025156736373901367,esm2_t12_35M_UR50D
NP_001018462,XP_056302703,0.0021890997886657715,esm2_t12_35M_UR50D
XP_021334793,XP_056323581,0.0010599493980407715,esm2_t12_35M_UR50D
XP_017209063,XP_056306012,0.0007094144821166992,esm2_t12_35M_UR50D
XP_017212638,XP_056318426,0.0009641647338867188,esm2_t12_35M_UR50D
NP_001313511,XP_056315059,0.0008708834648132324,esm2_t12_35M_UR50D
NP_001002218,XP_056309139,0.000823676586151123,esm2_t12_35M_UR50D
NP_001006006,XP_056326028,0.0009424090385437012,esm2_t12_35M_UR50D
XP_005157914,XP_056331053,0.0012398362159729004,esm2_t12_35M_UR50D
NP_001009918,XP_056306401,0.0014930963516235352,esm2_t12_35M_UR50D
XP_073808166,XP_056313484,0.0004290938377380371,esm2_t12_35M_UR50D
XP_073786341,XP_056333998,0.0018171072006225586,esm2_t12_35M_UR50D
NP_957082,XP_056312819,0.0008282661437988281,esm2_t12_35M_UR50D
XP_005159014,XP_056332670,0.0011255741119384766,esm2_t12_35M_UR50D
XP_021322044,XP_056330463,0.002322256565093994,esm2_t12_35M_UR50D
XP_005155462,XP_056322293,0.001155078411102295,esm2_t12_35M_UR50D
NP_001002430,XP_056329927,0.0011374354362487793,esm2_t12_35M_UR50D
XP_073785574,XP_056334845,4.506111145019531e-05,esm2_t12_35M_UR50D
XP_001333235,XP_056336210,0.0021864771842956543,esm2_t12_35M_UR50D
XP_009296422,XP_056323017,0.0006244182586669922,esm2_t12_35M_UR50D
NP_957061,XP_056329597,0.0009821057319641113,esm2_t12_35M_UR50D
XP_073797019,XP_056306835,0.0007024407386779785,esm2_t12_35M_UR50D
NP_001265531,XP_056337693,0.0010740160942077637,esm2_t12_35M_UR50D
NP_001013287,XP_056316758,0.0003737211227416992,esm2_t12_35M_UR50D
XP_021327596,XP_056317483,0.0001946091651916504,esm2_t12_35M_UR50D
XP_005162247,XP_056304857,0.0003243684768676758,esm2_t12_35M_UR50D
XP_073791602,XP_056324992,0.0007918477058410645,esm2_t12_35M_UR50D
XP_073806043,XP_056313638,0.0006355047225952148,esm2_t12_35M_UR50D
XP_073806043,XP_056313640,0.0006355047225952148,esm2_t12_35M_UR50D
NP_001038357,XP_056335909,0.000815272331237793,esm2_t12_35M_UR50D
XP_005173239,XP_056328263,0.00325852632522583,esm2_t12_35M_UR50D
XP_017208065,XP_056328120,0.000647425651550293,esm2_t12_35M_UR50D
XP_009298154,XP_056310362,0.000685572624206543,esm2_t12_35M_UR50D
XP_009302825,XP_056320940,8.392333984375e-05,esm2_t12_35M_UR50D
XP_073786287,XP_056334802,0.0012380480766296387,esm2_t12_35M_UR50D
XP_021327347,XP_056314158,0.0007640719413757324,esm2_t12_35M_UR50D
XP_073791216,XP_056302414,0.001656651496887207,esm2_t12_35M_UR50D
XP_073788354,XP_056301575,0.0009832978248596191,esm2_t12_35M_UR50D
XP_073785221,XP_056333872,0.0012307167053222656,esm2_t12_35M_UR50D
NP_001007315,XP_056332185,0.0006999373435974121,esm2_t12_35M_UR50D
XP_073798610,XP_056308288,0.00034123659133911133,esm2_t12_35M_UR50D
XP_073809510,XP_056315610,0.0008367300033569336,esm2_t12_35M_UR50D
XP_009294522,XP_056304205,0.0007919669151306152,esm2_t12_35M_UR50D
XP_003200424,XP_056332814,0.0008150339126586914,esm2_t12_35M_UR50D
XP_005168471,XP_056329368,0.0005229711532592773,esm2_t12_35M_UR50D
NP_998304,XP_056312697,0.0012634992599487305,esm2_t12_35M_UR50D
NP_001014323,XP_056308250,0.0004787445068359375,esm2_t12_35M_UR50D
XP_073808927,XP_056313249,0.00040525197982788086,esm2_t12_35M_UR50D
XP_005160189,XP_056312467,0.0008881688117980957,esm2_t12_35M_UR50D
NP_001373560,XP_056306673,0.001244962215423584,esm2_t12_35M_UR50D
NP_998248,XP_056314587,0.0009646415710449219,esm2_t12_35M_UR50D
NP_001315523,XP_056323750,0.0008663535118103027,esm2_t12_35M_UR50D
XP_073785661,XP_056334559,0.0015630722045898438,esm2_t12_35M_UR50D
XP_073809358,XP_056316337,0.001204073429107666,esm2_t12_35M_UR50D
XP_073809367,XP_056316337,0.001204073429107666,esm2_t12_35M_UR50D
XP_005166119,XP_056316337,0.001204073429107666,esm2_t12_35M_UR50D
XP_073809391,XP_056316338,0.001204073429107666,esm2_t12_35M_UR50D
XP_073809379,XP_056316338,0.001204073429107666,esm2_t12_35M_UR50D
XP_073809355,XP_056316337,0.001204073429107666,esm2_t12_35M_UR50D
XP_073786524,XP_056336246,0.0007350444793701172,esm2_t12_35M_UR50D
XP_073786524,XP_056336245,0.0007350444793701172,esm2_t12_35M_UR50D
XP_073786524,XP_056336244,0.0007350444793701172,esm2_t12_35M_UR50D
XP_009305755,XP_056327080,0.0010407567024230957,esm2_t12_35M_UR50D
NP_001005592,XP_056319280,0.0005554556846618652,esm2_t12_35M_UR50D
NP_001070800,XP_056318840,0.0012416839599609375,esm2_t12_35M_UR50D
XP_009295491,XP_056306345,0.0007343292236328125,esm2_t12_35M_UR50D
XP_021328883,XP_056332918,0.0010314583778381348,esm2_t12_35M_UR50D
XP_001332484,XP_056307781,0.0008559226989746094,esm2_t12_35M_UR50D
XP_073786428,XP_056334019,0.002074897289276123,esm2_t12_35M_UR50D
XP_005173827,XP_056335938,0.0004252195358276367,esm2_t12_35M_UR50D
XP_073809525,XP_056315131,0.0007911324501037598,esm2_t12_35M_UR50D
XP_073809525,XP_056315132,0.0007911324501037598,esm2_t12_35M_UR50D
NP_997784,XP_056334795,0.0005989670753479004,esm2_t12_35M_UR50D
NP_001070809,XP_056324086,0.0003072023391723633,esm2_t12_35M_UR50D
XP_005164005,XP_056309502,0.0006948709487915039,esm2_t12_35M_UR50D
XP_005164005,XP_056309503,0.0006948709487915039,esm2_t12_35M_UR50D
NP_001155959,XP_056336925,0.0014766454696655273,esm2_t12_35M_UR50D
XP_009293301,XP_056336925,0.0014766454696655273,esm2_t12_35M_UR50D
XP_005165978,XP_056315935,0.0004557371139526367,esm2_t12_35M_UR50D
NP_001108048,XP_056303849,0.0012121200561523438,esm2_t12_35M_UR50D
NP_001104657,XP_056327080,0.0009233951568603516,esm2_t12_35M_UR50D
XP_073793080,XP_056303314,0.0003172159194946289,esm2_t12_35M_UR50D
XP_021323777,XP_056335206,0.00012093782424926758,esm2_t12_35M_UR50D
NP_001410864,XP_056324733,0.0008521676063537598,esm2_t12_35M_UR50D
NP_998461,XP_056310263,0.0006916522979736328,esm2_t12_35M_UR50D
XP_005164822,XP_056311047,0.000811457633972168,esm2_t12_35M_UR50D
XP_001337612,XP_056329432,0.0007137060165405273,esm2_t12_35M_UR50D
XP_009303464,XP_056322126,0.0012824535369873047,esm2_t12_35M_UR50D
NP_999902,XP_056324655,0.0011271834373474121,esm2_t12_35M_UR50D
NP_001018504,XP_056307271,0.0009715557098388672,esm2_t12_35M_UR50D
NP_956596,XP_056337303,0.0007406473159790039,esm2_t12_35M_UR50D
NP_997905,XP_056335617,0.0009304285049438477,esm2_t12_35M_UR50D
NP_001002684,XP_056303111,0.0007171630859375,esm2_t12_35M_UR50D
XP_073807894,XP_056313187,0.0029910802841186523,esm2_t12_35M_UR50D
NP_001013318,XP_056318703,0.0012148618698120117,esm2_t12_35M_UR50D
NP_001243709,XP_056332469,0.0008661746978759766,esm2_t12_35M_UR50D
XP_021333890,XP_056319394,0.0006338953971862793,esm2_t12_35M_UR50D
NP_001373169,XP_056303060,0.0008054971694946289,esm2_t12_35M_UR50D
XP_073790877,XP_056302939,0.0010733604431152344,esm2_t12_35M_UR50D
XP_073806134,XP_056314262,0.0007449984550476074,esm2_t12_35M_UR50D
NP_001275592,XP_056302153,0.0004336833953857422,esm2_t12_35M_UR50D
XP_021335796,XP_056324966,0.0009691715240478516,esm2_t12_35M_UR50D
NP_957434,XP_056323778,0.0004513263702392578,esm2_t12_35M_UR50D
XP_005165223,XP_056313725,0.0007227063179016113,esm2_t12_35M_UR50D
NP_001002592,XP_056322963,0.0006272792816162109,esm2_t12_35M_UR50D
XP_021330990,XP_056311385,0.0006762146949768066,esm2_t12_35M_UR50D
NP_001035185,XP_056335084,0.0007139444351196289,esm2_t12_35M_UR50D
NP_001304693,XP_056301305,0.0012325644493103027,esm2_t12_35M_UR50D
XP_009304516,XP_056323673,0.0010372400283813477,esm2_t12_35M_UR50D
XP_685049,XP_056304696,0.0006720423698425293,esm2_t12_35M_UR50D
NP_956095,XP_056307993,0.0005579590797424316,esm2_t12_35M_UR50D
NP_001348443,XP_056318317,0.00045239925384521484,esm2_t12_35M_UR50D
NP_998445,XP_056314754,0.0003286600112915039,esm2_t12_35M_UR50D
XP_005167328,XP_056319159,0.0012959837913513184,esm2_t12_35M_UR50D
XP_073796694,XP_056306150,0.0005409717559814453,esm2_t12_35M_UR50D
NP_991274,XP_056303705,0.0007858872413635254,esm2_t12_35M_UR50D
XP_005170948,XP_056315463,0.0008730292320251465,esm2_t12_35M_UR50D
XP_003200756,XP_056301471,0.0008857250213623047,esm2_t12_35M_UR50D
XP_017208279,XP_056301910,0.0013377070426940918,esm2_t12_35M_UR50D
NP_001122292,XP_056327283,0.0008679628372192383,esm2_t12_35M_UR50D
NP_001108040,XP_056324018,0.0008760690689086914,esm2_t12_35M_UR50D
NP_956669,XP_056315807,0.0006823539733886719,esm2_t12_35M_UR50D
XP_689465,XP_056303309,0.0004121065139770508,esm2_t12_35M_UR50D
NP_571108,XP_056312823,0.0008180737495422363,esm2_t12_35M_UR50D
XP_073787288,XP_056336498,0.0008711814880371094,esm2_t12_35M_UR50D
XP_005158581,XP_056332950,0.0010854005813598633,esm2_t12_35M_UR50D
XP_009292113,XP_056308632,0.000562131404876709,esm2_t12_35M_UR50D
XP_009295234,XP_056304828,0.0004901289939880371,esm2_t12_35M_UR50D
XP_073787871,XP_056301943,0.0005556941032409668,esm2_t12_35M_UR50D
NP_001103597,XP_056305785,0.0012448430061340332,esm2_t12_35M_UR50D
XP_073809201,XP_056315563,0.0009573101997375488,esm2_t12_35M_UR50D
XP_073790728,XP_056302703,0.001395106315612793,esm2_t12_35M_UR50D
XP_073808082,XP_056312816,0.0007693767547607422,esm2_t12_35M_UR50D
XP_021328768,XP_056332350,0.015040218830108643,esm2_t12_35M_UR50D
XP_073790762,XP_056302983,0.0005686283111572266,esm2_t12_35M_UR50D
XP_073790761,XP_056302982,0.0005686283111572266,esm2_t12_35M_UR50D
NP_001333080,XP_056311537,0.001441657543182373,esm2_t12_35M_UR50D
NP_001025142,XP_056332290,0.0006945133209228516,esm2_t12_35M_UR50D
NP_001074083,XP_056316572,0.00037163496017456055,esm2_t12_35M_UR50D
NP_956085,XP_056306904,0.0005521774291992188,esm2_t12_35M_UR50D
XP_073800481,XP_056309389,0.0003408193588256836,esm2_t12_35M_UR50D
XP_017214016,XP_056325246,0.0007225275039672852,esm2_t12_35M_UR50D
XP_021322905,XP_056332746,0.0009284615516662598,esm2_t12_35M_UR50D
NP_001012312,XP_056302319,0.00016456842422485352,esm2_t12_35M_UR50D
XP_073785016,XP_056334504,0.0006518363952636719,esm2_t12_35M_UR50D
NP_991148,XP_056313822,0.0012724995613098145,esm2_t12_35M_UR50D
XP_009301762,XP_056318926,0.0007054805755615234,esm2_t12_35M_UR50D
XP_073796695,XP_056306150,0.0005698800086975098,esm2_t12_35M_UR50D
XP_021332547,XP_056312892,0.000610053539276123,esm2_t12_35M_UR50D
NP_001116722,XP_056316007,0.00034934282302856445,esm2_t12_35M_UR50D
NP_956732,XP_056336837,0.0004780888557434082,esm2_t12_35M_UR50D
XP_692939,XP_056325147,0.0005882978439331055,esm2_t12_35M_UR50D
XP_009304046,XP_056323833,0.0010322332382202148,esm2_t12_35M_UR50D
XP_002660750,XP_056328721,0.0006480813026428223,esm2_t12_35M_UR50D
XP_073805396,XP_056308926,0.0014372467994689941,esm2_t12_35M_UR50D
XP_009305510,XP_056326827,0.0005952119827270508,esm2_t12_35M_UR50D
XP_017209214,XP_056305669,0.001103043556213379,esm2_t12_35M_UR50D
XP_021329266,XP_056305228,0.0009955167770385742,esm2_t12_35M_UR50D
XP_005166542,XP_056318000,0.0007989406585693359,esm2_t12_35M_UR50D
XP_005172311,XP_056318786,0.0012645721435546875,esm2_t12_35M_UR50D
XP_005162523,XP_056319131,0.0007597804069519043,esm2_t12_35M_UR50D
XP_005156580,XP_056327118,0.0006015896797180176,esm2_t12_35M_UR50D
NP_001038288,XP_056336368,0.0007157325744628906,esm2_t12_35M_UR50D
XP_699919,XP_056319548,0.000681757926940918,esm2_t12_35M_UR50D
XP_073796273,XP_056315218,0.0007998943328857422,esm2_t12_35M_UR50D
XP_009300272,XP_056314768,0.0009219050407409668,esm2_t12_35M_UR50D
NP_957500,XP_056326541,0.001092374324798584,esm2_t12_35M_UR50D
XP_073794535,XP_056306012,0.0006331205368041992,esm2_t12_35M_UR50D
NP_001004580,XP_056336010,0.000686943531036377,esm2_t12_35M_UR50D
XP_021326390,XP_056309655,0.0005035996437072754,esm2_t12_35M_UR50D
NP_001073486,XP_056317384,0.0007447600364685059,esm2_t12_35M_UR50D
NP_001070769,XP_056305085,0.0014615654945373535,esm2_t12_35M_UR50D
XP_017207509,XP_056334003,0.005840420722961426,esm2_t12_35M_UR50D
XP_073787024,XP_056335898,0.00048804283142089844,esm2_t12_35M_UR50D
NP_001038822,XP_056326802,0.000303804874420166,esm2_t12_35M_UR50D
XP_073806755,XP_056313565,0.0005310773849487305,esm2_t12_35M_UR50D
NP_001070053,XP_056318289,0.001068115234375,esm2_t12_35M_UR50D
XP_005171500,XP_056324211,0.0008813142776489258,esm2_t12_35M_UR50D
XP_073805215,XP_056317862,0.0009208321571350098,esm2_t12_35M_UR50D
XP_073797888,XP_056307762,0.0006464719772338867,esm2_t12_35M_UR50D
NP_001417870,XP_056304952,0.002308070659637451,esm2_t12_35M_UR50D
NP_001417870,XP_056304951,0.002308070659637451,esm2_t12_35M_UR50D
XP_073808782,XP_056315620,0.0013954639434814453,esm2_t12_35M_UR50D
XP_073808778,XP_056315620,0.0013954639434814453,esm2_t12_35M_UR50D
XP_005167220,XP_056319408,0.0007165670394897461,esm2_t12_35M_UR50D
XP_021326390,XP_056309654,0.0005099773406982422,esm2_t12_35M_UR50D
NP_001107071,XP_056325494,0.001216590404510498,esm2_t12_35M_UR50D
NP_001020663,XP_056337464,0.0008214116096496582,esm2_t12_35M_UR50D
XP_021332756,XP_056314996,0.0004911422729492188,esm2_t12_35M_UR50D
NP_001373526,XP_056305849,0.0006675124168395996,esm2_t12_35M_UR50D
XP_073809027,XP_056316531,0.0016068816184997559,esm2_t12_35M_UR50D
XP_005173186,XP_056328276,0.0008385181427001953,esm2_t12_35M_UR50D
NP_571667,XP_056329961,0.0010485053062438965,esm2_t12_35M_UR50D
XP_073801716,XP_056311218,0.0007821917533874512,esm2_t12_35M_UR50D
NP_001001838,XP_056306884,0.0008931756019592285,esm2_t12_35M_UR50D
XP_009292403,XP_056336215,0.00039523839950561523,esm2_t12_35M_UR50D
NP_001025246,XP_056309654,0.0005108118057250977,esm2_t12_35M_UR50D
XP_021323655,XP_056336432,8.744001388549805e-05,esm2_t12_35M_UR50D
XP_073801853,XP_056312286,0.0006443262100219727,esm2_t12_35M_UR50D
NP_571201,XP_056320643,0.0007812976837158203,esm2_t12_35M_UR50D
NP_001352516,XP_056314739,0.0005269646644592285,esm2_t12_35M_UR50D
XP_021334491,XP_056332103,0.0006760954856872559,esm2_t12_35M_UR50D
XP_073809680,XP_056315372,0.0007575750350952148,esm2_t12_35M_UR50D
XP_021325872,XP_056306246,0.0004215240478515625,esm2_t12_35M_UR50D
XP_021333706,XP_056318333,0.000525355339050293,esm2_t12_35M_UR50D
XP_073807896,XP_056313177,0.0005327463150024414,esm2_t12_35M_UR50D
XP_073806727,XP_056313990,0.0006666183471679688,esm2_t12_35M_UR50D
XP_073806730,XP_056313989,0.0006666779518127441,esm2_t12_35M_UR50D
XP_073806728,XP_056313990,0.0006666183471679688,esm2_t12_35M_UR50D
XP_002667042,XP_056308827,0.0004897117614746094,esm2_t12_35M_UR50D
XP_005164012,XP_056309513,0.0005316734313964844,esm2_t12_35M_UR50D
XP_068069081,XP_056326508,0.0007951855659484863,esm2_t12_35M_UR50D
XP_017210021,XP_056309878,0.0005793571472167969,esm2_t12_35M_UR50D
NP_998193,XP_056309357,0.0005916357040405273,esm2_t12_35M_UR50D
XP_005171209,XP_056327465,0.0005553960800170898,esm2_t12_35M_UR50D
NP_001038525,XP_056335830,0.0008071064949035645,esm2_t12_35M_UR50D
XP_073798835,XP_056307712,0.0007545351982116699,esm2_t12_35M_UR50D
XP_073797505,XP_056306678,0.0005018115043640137,esm2_t12_35M_UR50D
NP_001003988,XP_056331651,0.0005019307136535645,esm2_t12_35M_UR50D
XP_073808682,XP_056315355,0.00023615360260009766,esm2_t12_35M_UR50D
XP_073796483,XP_056306770,0.0004794001579284668,esm2_t12_35M_UR50D
NP_001124143,XP_056301393,0.0011187195777893066,esm2_t12_35M_UR50D
XP_073793089,XP_056303314,0.00026428699493408203,esm2_t12_35M_UR50D
XP_073793078,XP_056303314,0.00046569108963012695,esm2_t12_35M_UR50D
XP_073793083,XP_056303314,0.00026804208755493164,esm2_t12_35M_UR50D
NP_001018145,XP_056309109,0.0011157393455505371,esm2_t12_35M_UR50D
NP_001002358,XP_056335513,0.0007169842720031738,esm2_t12_35M_UR50D
NP_001002617,XP_056311742,0.0005096197128295898,esm2_t12_35M_UR50D
XP_073797828,XP_056307943,0.00016248226165771484,esm2_t12_35M_UR50D
XP_021325399,XP_056305029,0.0009307861328125,esm2_t12_35M_UR50D
NP_001074134,XP_056332953,0.0007976293563842773,esm2_t12_35M_UR50D
NP_956726,XP_056305758,0.0008023977279663086,esm2_t12_35M_UR50D
NP_001107919,XP_056321239,0.00041872262954711914,esm2_t12_35M_UR50D
NP_001018165,XP_056313385,0.0008703470230102539,esm2_t12_35M_UR50D
XP_021323796,XP_056335998,0.000592350959777832,esm2_t12_35M_UR50D
XP_073801982,XP_056311541,0.0004925727844238281,esm2_t12_35M_UR50D
XP_073801492,XP_056311486,0.0007404685020446777,esm2_t12_35M_UR50D
XP_005158638,XP_056332444,0.00035876035690307617,esm2_t12_35M_UR50D
NP_001038816,XP_056323078,0.0005886554718017578,esm2_t12_35M_UR50D
XP_021330924,XP_056311631,0.0006061792373657227,esm2_t12_35M_UR50D
XP_005159745,XP_056335598,0.0005882978439331055,esm2_t12_35M_UR50D
NP_001002712,XP_056326363,0.00045108795166015625,esm2_t12_35M_UR50D
XP_003198149,XP_056309315,0.000765681266784668,esm2_t12_35M_UR50D
NP_957262,XP_056309046,0.004090726375579834,esm2_t12_35M_UR50D
XP_073788901,XP_056337040,0.0009423494338989258,esm2_t12_35M_UR50D
NP_001099066,XP_056315035,0.0004108548164367676,esm2_t12_35M_UR50D
NP_001002435,XP_056319108,0.0005189180374145508,esm2_t12_35M_UR50D
XP_073801614,XP_056311342,0.0007280707359313965,esm2_t12_35M_UR50D
NP_991151,XP_056323519,0.0007634758949279785,esm2_t12_35M_UR50D
NP_932335,XP_056321906,0.000957489013671875,esm2_t12_35M_UR50D
XP_005158499,XP_056330735,0.0009056329727172852,esm2_t12_35M_UR50D
XP_005169484,XP_056325573,0.0011223554611206055,esm2_t12_35M_UR50D
XP_073788980,XP_056337417,0.00042891502380371094,esm2_t12_35M_UR50D
NP_998538,XP_056312435,0.0006971955299377441,esm2_t12_35M_UR50D
XP_073801484,XP_056312658,0.0005410313606262207,esm2_t12_35M_UR50D
XP_073793724,XP_056304174,0.0006744265556335449,esm2_t12_35M_UR50D
XP_694757,XP_056333214,0.0006396770477294922,esm2_t12_35M_UR50D
NP_998318,XP_056304976,0.0009092092514038086,esm2_t12_35M_UR50D
XP_073799689,XP_056309849,0.0007062554359436035,esm2_t12_35M_UR50D
NP_001073502,XP_056312859,0.0007856488227844238,esm2_t12_35M_UR50D
XP_073789157,XP_056301265,0.0007568597793579102,esm2_t12_35M_UR50D
XP_005157361,XP_056327882,0.0007500648498535156,esm2_t12_35M_UR50D
XP_073789167,XP_056301265,0.0007568597793579102,esm2_t12_35M_UR50D
NP_001410760,XP_056317860,0.0005924105644226074,esm2_t12_35M_UR50D
XP_073795554,XP_056305438,0.0032619833946228027,esm2_t12_35M_UR50D
NP_001411420,XP_056330287,0.001180112361907959,esm2_t12_35M_UR50D
NP_001082792,XP_056324103,0.0010021328926086426,esm2_t12_35M_UR50D
NP_001124067,XP_056336857,0.0005626678466796875,esm2_t12_35M_UR50D
XP_688031,XP_056337173,0.00048619508743286133,esm2_t12_35M_UR50D
XP_021334932,XP_056322210,0.00024145841598510742,esm2_t12_35M_UR50D
NP_001315623,XP_056313215,0.000878751277923584,esm2_t12_35M_UR50D
NP_991258,XP_056329424,0.0008739829063415527,esm2_t12_35M_UR50D
NP_001107081,XP_056320385,0.0006300806999206543,esm2_t12_35M_UR50D
XP_073794629,XP_056305726,0.0005327463150024414,esm2_t12_35M_UR50D
XP_005159177,XP_056334671,0.00045299530029296875,esm2_t12_35M_UR50D
XP_001342267,XP_056334682,0.00045484304428100586,esm2_t12_35M_UR50D
NP_001137390,XP_056316546,0.00020802021026611328,esm2_t12_35M_UR50D
XP_073795522,XP_056304920,0.0006247758865356445,esm2_t12_35M_UR50D
XP_017214324,XP_056326799,0.0009636878967285156,esm2_t12_35M_UR50D
XP_005159810,XP_056335055,0.000733494758605957,esm2_t12_35M_UR50D
XP_690320,XP_056334640,0.0005508065223693848,esm2_t12_35M_UR50D
XP_005167828,XP_056321398,0.0007807016372680664,esm2_t12_35M_UR50D
NP_001313321,XP_056304148,0.0009769797325134277,esm2_t12_35M_UR50D
XP_005156008,XP_056324368,0.000770866870880127,esm2_t12_35M_UR50D
XP_005162451,XP_056305567,0.0005526542663574219,esm2_t12_35M_UR50D
NP_999980,XP_056335117,0.0004553794860839844,esm2_t12_35M_UR50D
XP_005158123,XP_056331976,0.0006467103958129883,esm2_t12_35M_UR50D
NP_001082887,XP_056323491,0.0012648701667785645,esm2_t12_35M_UR50D
XP_707353,XP_056332442,7.49826431274414e-05,esm2_t12_35M_UR50D
NP_001314865,XP_056333601,0.0005293488502502441,esm2_t12_35M_UR50D
XP_073792677,XP_056303996,0.0005259513854980469,esm2_t12_35M_UR50D
XP_073801266,XP_056318082,0.00030612945556640625,esm2_t12_35M_UR50D
XP_005164223,XP_056309998,0.0007476806640625,esm2_t12_35M_UR50D
NP_001018495,XP_056337496,0.0012087821960449219,esm2_t12_35M_UR50D
XP_005160101,XP_056312659,0.00044602155685424805,esm2_t12_35M_UR50D
XP_005160100,XP_056312663,0.00044602155685424805,esm2_t12_35M_UR50D
XP_073801544,XP_056312660,0.00044602155685424805,esm2_t12_35M_UR50D
XP_005160101,XP_056312660,0.00044602155685424805,esm2_t12_35M_UR50D
XP_021323778,XP_056335206,0.00015240907669067383,esm2_t12_35M_UR50D
NP_001314688,XP_056320055,0.001183629035949707,esm2_t12_35M_UR50D
XP_005171651,XP_056309314,0.000786125659942627,esm2_t12_35M_UR50D
XP_692102,XP_056330333,0.0007116794586181641,esm2_t12_35M_UR50D
XP_017207523,XP_056334035,0.0002499818801879883,esm2_t12_35M_UR50D
NP_001007452,XP_056327504,0.0003197789192199707,esm2_t12_35M_UR50D
XP_001919896,XP_056325680,0.0004975199699401855,esm2_t12_35M_UR50D
NP_956853,XP_056322047,0.00023442506790161133,esm2_t12_35M_UR50D
XP_073797459,XP_056306385,0.0001564621925354004,esm2_t12_35M_UR50D
XP_009303363,XP_056322888,0.00044715404510498047,esm2_t12_35M_UR50D
XP_073809315,XP_056315345,0.0005221366882324219,esm2_t12_35M_UR50D
NP_001245153,XP_056325359,0.0011026859283447266,esm2_t12_35M_UR50D
XP_001340709,XP_056303516,0.0006113648414611816,esm2_t12_35M_UR50D
NP_001315484,XP_056320052,0.000538945198059082,esm2_t12_35M_UR50D
XP_005169569,XP_056327141,0.0005620718002319336,esm2_t12_35M_UR50D
XP_021336696,XP_056327852,0.0009789466857910156,esm2_t12_35M_UR50D
XP_005169468,XP_056324101,0.0007696747779846191,esm2_t12_35M_UR50D
XP_073785592,XP_056334851,1.7762184143066406e-05,esm2_t12_35M_UR50D
XP_005155626,XP_056322953,0.0010863542556762695,esm2_t12_35M_UR50D
NP_001002703,XP_056313400,0.00031441450119018555,esm2_t12_35M_UR50D
XP_005170009,XP_056334563,0.0006147027015686035,esm2_t12_35M_UR50D
XP_073806015,XP_056313341,0.0008072257041931152,esm2_t12_35M_UR50D
NP_001032892,XP_056306521,0.0006220340728759766,esm2_t12_35M_UR50D
NP_001093454,XP_056323406,0.0007371902465820312,esm2_t12_35M_UR50D
XP_009300512,XP_056315641,0.0006647109985351562,esm2_t12_35M_UR50D
XP_001919144,XP_056314254,0.00039589405059814453,esm2_t12_35M_UR50D
NP_001002476,XP_056305983,0.0006847381591796875,esm2_t12_35M_UR50D
XP_073794532,XP_056306009,0.0002605319023132324,esm2_t12_35M_UR50D
NP_001020351,XP_056317819,0.008359313011169434,esm2_t12_35M_UR50D
XP_073801588,XP_056312659,0.00042450428009033203,esm2_t12_35M_UR50D
XP_001921072,XP_056318046,0.0007317662239074707,esm2_t12_35M_UR50D
XP_009304311,XP_056324174,0.0005660057067871094,esm2_t12_35M_UR50D
XP_017211729,XP_056313525,0.00039511919021606445,esm2_t12_35M_UR50D
NP_001018871,XP_056322233,0.0007410645484924316,esm2_t12_35M_UR50D
NP_001032201,XP_056322648,0.0017808079719543457,esm2_t12_35M_UR50D
XP_009296056,XP_056307728,0.0005986690521240234,esm2_t12_35M_UR50D
NP_001077334,XP_056337545,0.00023412704467773438,esm2_t12_35M_UR50D
XP_021336036,XP_056324891,0.00036525726318359375,esm2_t12_35M_UR50D
XP_005158608,XP_056332431,0.0010186433792114258,esm2_t12_35M_UR50D
XP_073802574,XP_056311921,0.0009708404541015625,esm2_t12_35M_UR50D
NP_001242932,XP_056332335,0.0009379386901855469,esm2_t12_35M_UR50D
NP_001025312,XP_056311748,0.0005466938018798828,esm2_t12_35M_UR50D
XP_683261,XP_056325820,0.0007179379463195801,esm2_t12_35M_UR50D
XP_021327608,XP_056317503,0.00031948089599609375,esm2_t12_35M_UR50D
NP_001121859,XP_056316725,0.0006546974182128906,esm2_t12_35M_UR50D
XP_001336283,XP_056304953,0.0007190108299255371,esm2_t12_35M_UR50D
XP_021327557,XP_056317166,0.00039881467819213867,esm2_t12_35M_UR50D
XP_017207446,XP_056334844,4.506111145019531e-05,esm2_t12_35M_UR50D
NP_998181,XP_056306527,0.000531613826751709,esm2_t12_35M_UR50D
NP_957120,XP_056308709,0.00042259693145751953,esm2_t12_35M_UR50D
XP_005159264,XP_056334420,0.0006924271583557129,esm2_t12_35M_UR50D
XP_005170233,XP_056301295,0.0005238056182861328,esm2_t12_35M_UR50D
XP_001341616,XP_056305319,0.0005599260330200195,esm2_t12_35M_UR50D
XP_005167050,XP_056319638,0.0003402829170227051,esm2_t12_35M_UR50D
XP_696266,XP_056331943,0.0007784366607666016,esm2_t12_35M_UR50D
NP_001315314,XP_056312534,0.0006552338600158691,esm2_t12_35M_UR50D
XP_005159824,XP_056335444,0.0003916025161743164,esm2_t12_35M_UR50D
XP_021336036,XP_056324889,0.0003631114959716797,esm2_t12_35M_UR50D
NP_001340792,XP_056331842,0.0003572702407836914,esm2_t12_35M_UR50D
NP_001157369,XP_056306137,0.0005075931549072266,esm2_t12_35M_UR50D
NP_001138287,XP_056334681,0.0002396106719970703,esm2_t12_35M_UR50D
XP_021330694,XP_056312657,0.00045037269592285156,esm2_t12_35M_UR50D
XP_005160148,XP_056312560,0.000991523265838623,esm2_t12_35M_UR50D
XP_009304973,XP_056325024,0.00020968914031982422,esm2_t12_35M_UR50D
NP_001006018,XP_056335020,0.0024213194847106934,esm2_t12_35M_UR50D
XP_005171244,XP_056327630,0.0006364583969116211,esm2_t12_35M_UR50D
NP_001091651,XP_056325699,0.0005146265029907227,esm2_t12_35M_UR50D
NP_001093507,XP_056313339,0.00035506486892700195,esm2_t12_35M_UR50D
XP_017208482,XP_056303118,0.0008158683776855469,esm2_t12_35M_UR50D
XP_009297712,XP_056309491,0.0003631711006164551,esm2_t12_35M_UR50D
XP_005156878,XP_056326244,0.0005031228065490723,esm2_t12_35M_UR50D
XP_073801300,XP_056310378,0.00042724609375,esm2_t12_35M_UR50D
NP_001154983,XP_056314454,0.000339508056640625,esm2_t12_35M_UR50D
XP_073786980,XP_056335257,0.0003312230110168457,esm2_t12_35M_UR50D
XP_021334005,XP_056334691,0.00997626781463623,esm2_t12_35M_UR50D
NP_001076324,XP_056328924,0.0007451176643371582,esm2_t12_35M_UR50D
XP_005159573,XP_056335906,0.00045812129974365234,esm2_t12_35M_UR50D
XP_689880,XP_056326837,0.00045222043991088867,esm2_t12_35M_UR50D
XP_009302707,XP_056320650,0.00041747093200683594,esm2_t12_35M_UR50D
NP_001121710,XP_056331601,0.0004863739013671875,esm2_t12_35M_UR50D
NP_001422880,XP_056318256,0.0007404088973999023,esm2_t12_35M_UR50D
NP_571230,XP_056330760,0.0016728639602661133,esm2_t12_35M_UR50D
XP_073805687,XP_056314065,0.0006833672523498535,esm2_t12_35M_UR50D
XP_073807070,XP_056314462,0.0003948211669921875,esm2_t12_35M_UR50D
NP_001041532,XP_056314462,0.0006691813468933105,esm2_t12_35M_UR50D
XP_009303367,XP_056322892,0.0003886222839355469,esm2_t12_35M_UR50D
NP_001103413,XP_056334382,0.00020885467529296875,esm2_t12_35M_UR50D
XP_073798545,XP_056307845,0.0005173087120056152,esm2_t12_35M_UR50D
XP_073796097,XP_056306399,0.0010528564453125,esm2_t12_35M_UR50D
XP_073792899,XP_056303759,0.0003256797790527344,esm2_t12_35M_UR50D
NP_001071032,XP_056304913,0.0007063746452331543,esm2_t12_35M_UR50D
XP_073796933,XP_056306532,0.0005627274513244629,esm2_t12_35M_UR50D
NP_001352362,XP_056319923,0.0003933906555175781,esm2_t12_35M_UR50D
NP_001002863,XP_056325421,0.00034880638122558594,esm2_t12_35M_UR50D
NP_956114,XP_056326284,0.0003528594970703125,esm2_t12_35M_UR50D
NP_001002354,XP_056336954,0.0005615949630737305,esm2_t12_35M_UR50D
NP_001003559,XP_056335618,0.00036662817001342773,esm2_t12_35M_UR50D
XP_005158216,XP_056330821,0.0007025599479675293,esm2_t12_35M_UR50D
XP_021326189,XP_056308258,0.000816643238067627,esm2_t12_35M_UR50D
XP_073785585,XP_056334849,4.506111145019531e-05,esm2_t12_35M_UR50D
XP_005156576,XP_056326750,0.0006403326988220215,esm2_t12_35M_UR50D
NP_001189455,XP_056336364,0.0005369782447814941,esm2_t12_35M_UR50D
NP_997919,XP_056325682,0.00038701295852661133,esm2_t12_35M_UR50D
NP_001032313,XP_056311766,0.0004222393035888672,esm2_t12_35M_UR50D
NP_001076402,XP_056326548,0.0010037422180175781,esm2_t12_35M_UR50D
NP_957370,XP_056314706,0.0005234479904174805,esm2_t12_35M_UR50D
XP_073795664,XP_056304748,0.0003584623336791992,esm2_t12_35M_UR50D
XP_017214027,XP_056324835,0.0005138516426086426,esm2_t12_35M_UR50D
NP_001035400,XP_056323593,0.0007979273796081543,esm2_t12_35M_UR50D
XP_005166175,XP_056316327,0.00022792816162109375,esm2_t12_35M_UR50D
XP_073802106,XP_056311962,0.0018525123596191406,esm2_t12_35M_UR50D
NP_001230108,XP_056308689,0.0008230209350585938,esm2_t12_35M_UR50D
XP_073795624,XP_056305413,0.0004779696464538574,esm2_t12_35M_UR50D
NP_001077312,XP_056324656,0.00029587745666503906,esm2_t12_35M_UR50D
NP_001003869,XP_056326842,0.0005698204040527344,esm2_t12_35M_UR50D
NP_571885,XP_056315715,0.0007162690162658691,esm2_t12_35M_UR50D
XP_021326900,XP_056313240,0.00030237436294555664,esm2_t12_35M_UR50D
XP_005156871,XP_056326756,0.0005674958229064941,esm2_t12_35M_UR50D
NP_001139043,XP_056326959,0.0002231597900390625,esm2_t12_35M_UR50D
XP_686699,XP_056320721,0.0007929205894470215,esm2_t12_35M_UR50D
XP_017209571,XP_056307756,0.0004824399948120117,esm2_t12_35M_UR50D
XP_073798876,XP_056307695,0.0003693103790283203,esm2_t12_35M_UR50D
XP_021327362,XP_056313034,0.0007734894752502441,esm2_t12_35M_UR50D
XP_021322895,XP_056332607,0.0002987980842590332,esm2_t12_35M_UR50D
NP_001004549,XP_056322623,0.0002865791320800781,esm2_t12_35M_UR50D
XP_073786282,XP_056334760,0.0008180737495422363,esm2_t12_35M_UR50D
NP_001152786,XP_056317527,0.0004895329475402832,esm2_t12_35M_UR50D
XP_005157788,XP_056329667,0.00028705596923828125,esm2_t12_35M_UR50D
XP_073802790,XP_056311774,0.00022345781326293945,esm2_t12_35M_UR50D
XP_073802789,XP_056311773,0.00022345781326293945,esm2_t12_35M_UR50D
NP_957367,XP_056313899,0.0005490779876708984,esm2_t12_35M_UR50D
XP_073801301,XP_056310378,0.0003610849380493164,esm2_t12_35M_UR50D
NP_001313637,XP_056323343,0.0006656050682067871,esm2_t12_35M_UR50D
NP_001077325,XP_056320492,0.00037616491317749023,esm2_t12_35M_UR50D
NP_001007183,XP_056321781,0.0002307891845703125,esm2_t12_35M_UR50D
NP_001139055,XP_056326516,0.000816047191619873,esm2_t12_35M_UR50D
XP_017209396,XP_056306149,0.00047850608825683594,esm2_t12_35M_UR50D
XP_005159677,XP_056336032,0.0005481243133544922,esm2_t12_35M_UR50D
XP_073785353,XP_056334903,0.000558018684387207,esm2_t12_35M_UR50D
NP_001177735,XP_056302442,0.0006456375122070312,esm2_t12_35M_UR50D
NP_001119905,XP_056321101,0.0005279779434204102,esm2_t12_35M_UR50D
NP_001074138,XP_056323955,0.0003229379653930664,esm2_t12_35M_UR50D
XP_009298015,XP_056310199,0.00045174360275268555,esm2_t12_35M_UR50D
NP_001071261,XP_056309997,0.00034177303314208984,esm2_t12_35M_UR50D
XP_009299408,XP_056312789,0.0006704926490783691,esm2_t12_35M_UR50D
NP_999936,XP_056318175,0.0008476972579956055,esm2_t12_35M_UR50D
XP_021334645,XP_056321386,0.0003008842468261719,esm2_t12_35M_UR50D
NP_001159805,XP_056306115,0.00026470422744750977,esm2_t12_35M_UR50D
XP_073786739,XP_056335626,0.0006566047668457031,esm2_t12_35M_UR50D
NP_001074162,XP_056302142,0.0004886984825134277,esm2_t12_35M_UR50D
NP_001007416,XP_056328971,0.00024318695068359375,esm2_t12_35M_UR50D
NP_998290,XP_056316139,0.0004699826240539551,esm2_t12_35M_UR50D
XP_009296395,XP_056329610,0.00017452239990234375,esm2_t12_35M_UR50D
XP_021330747,XP_056311127,0.0009241700172424316,esm2_t12_35M_UR50D
XP_009300150,XP_056314578,0.0006718635559082031,esm2_t12_35M_UR50D
XP_021326183,XP_056307555,0.0005055069923400879,esm2_t12_35M_UR50D
NP_955965,XP_056334798,0.00037676095962524414,esm2_t12_35M_UR50D
XP_073804994,XP_056319650,0.0004432201385498047,esm2_t12_35M_UR50D
NP_571678,XP_056319613,0.0004431605339050293,esm2_t12_35M_UR50D
NP_001108195,XP_056322158,0.0003052949905395508,esm2_t12_35M_UR50D
NP_001307335,XP_056309839,0.0003756880760192871,esm2_t12_35M_UR50D
XP_009295317,XP_056305834,0.0005169510841369629,esm2_t12_35M_UR50D
NP_956858,XP_056302355,0.0004464387893676758,esm2_t12_35M_UR50D
XP_005155714,XP_056324503,0.0006722211837768555,esm2_t12_35M_UR50D
XP_073798863,XP_056307690,0.0003504157066345215,esm2_t12_35M_UR50D
XP_073794750,XP_056305989,0.00028264522552490234,esm2_t12_35M_UR50D
NP_956747,XP_056326662,0.0002861618995666504,esm2_t12_35M_UR50D
XP_021329454,XP_056306192,0.0004019737243652344,esm2_t12_35M_UR50D
NP_001417993,XP_056327316,0.0005628466606140137,esm2_t12_35M_UR50D
XP_073799567,XP_056308741,0.00038570165634155273,esm2_t12_35M_UR50D
NP_001231707,XP_056312722,0.0007483363151550293,esm2_t12_35M_UR50D
XP_005158588,XP_056333525,0.0007805228233337402,esm2_t12_35M_UR50D
NP_001074457,XP_056327852,0.0007960200309753418,esm2_t12_35M_UR50D
XP_073794760,XP_056305990,0.00030994415283203125,esm2_t12_35M_UR50D
XP_005169866,XP_056332382,0.0008141398429870605,esm2_t12_35M_UR50D
XP_021333602,XP_056317799,0.0006948709487915039,esm2_t12_35M_UR50D
XP_005169081,XP_056317801,0.0006948709487915039,esm2_t12_35M_UR50D
NP_956161,XP_056309528,0.0005341768264770508,esm2_t12_35M_UR50D
NP_571055,XP_056321164,0.00026166439056396484,esm2_t12_35M_UR50D
NP_991135,XP_056310371,0.0005944371223449707,esm2_t12_35M_UR50D
XP_005172631,XP_056323402,0.0007163882255554199,esm2_t12_35M_UR50D
XP_005157191,XP_056328922,0.0006626248359680176,esm2_t12_35M_UR50D
XP_005162546,XP_056307045,0.0003145933151245117,esm2_t12_35M_UR50D
NP_001003991,XP_056322661,0.0005297660827636719,esm2_t12_35M_UR50D
XP_021333121,XP_056316863,0.0005654096603393555,esm2_t12_35M_UR50D
XP_005167977,XP_056321845,0.0002002120018005371,esm2_t12_35M_UR50D
NP_001313335,XP_056324398,0.0026968717575073242,esm2_t12_35M_UR50D
NP_001124239,XP_056313680,0.00042623281478881836,esm2_t12_35M_UR50D
XP_005164691,XP_056311768,0.0003769397735595703,esm2_t12_35M_UR50D
NP_001258742,XP_056315030,0.0005860328674316406,esm2_t12_35M_UR50D
XP_002660968,XP_056306948,0.000892341136932373,esm2_t12_35M_UR50D
XP_001919340,XP_056305075,0.0007756948471069336,esm2_t12_35M_UR50D
XP_005159136,XP_056334100,0.0003460049629211426,esm2_t12_35M_UR50D
NP_956185,XP_056332355,0.0004127621650695801,esm2_t12_35M_UR50D
XP_073786461,XP_056333863,0.00030553340911865234,esm2_t12_35M_UR50D
XP_005160006,XP_056314575,0.00020617246627807617,esm2_t12_35M_UR50D
XP_073792822,XP_056303263,0.0007773041725158691,esm2_t12_35M_UR50D
NP_001070764,XP_056305737,0.000569760799407959,esm2_t12_35M_UR50D
XP_021333991,XP_056319215,0.0004677772521972656,esm2_t12_35M_UR50D
XP_021322525,XP_056332082,8.738040924072266e-05,esm2_t12_35M_UR50D
XP_073808101,XP_056313442,0.0002684593200683594,esm2_t12_35M_UR50D
XP_005166761,XP_056320044,0.0004761219024658203,esm2_t12_35M_UR50D
XP_017209453,XP_056306592,0.0003871917724609375,esm2_t12_35M_UR50D
XP_021323679,XP_056336249,0.0002090930938720703,esm2_t12_35M_UR50D
XP_021331292,XP_056310677,0.0004482269287109375,esm2_t12_35M_UR50D
XP_003200388,XP_056332776,0.00035947561264038086,esm2_t12_35M_UR50D
XP_073790656,XP_056301762,9.167194366455078e-05,esm2_t12_35M_UR50D
XP_697507,XP_056322949,0.00039130449295043945,esm2_t12_35M_UR50D
XP_009292057,XP_056334185,0.0001881122589111328,esm2_t12_35M_UR50D
XP_073808372,XP_056313905,0.00023496150970458984,esm2_t12_35M_UR50D
XP_021322907,XP_056333306,0.000362396240234375,esm2_t12_35M_UR50D
NP_001264013,XP_056322131,0.0003133416175842285,esm2_t12_35M_UR50D
XP_005160038,XP_056313428,0.0002764463424682617,esm2_t12_35M_UR50D
XP_005157985,XP_056331267,0.00045490264892578125,esm2_t12_35M_UR50D
NP_001243552,XP_056331047,0.00031697750091552734,esm2_t12_35M_UR50D
XP_021333965,XP_056320387,0.00014972686767578125,esm2_t12_35M_UR50D
NP_001002198,XP_056326962,0.0001881718635559082,esm2_t12_35M_UR50D
XP_005165615,XP_056314553,0.00046628713607788086,esm2_t12_35M_UR50D
XP_073810192,XP_056315778,0.00032144784927368164,esm2_t12_35M_UR50D
XP_021334325,XP_056321076,0.0003693103790283203,esm2_t12_35M_UR50D
XP_017208472,XP_056302841,0.0006771087646484375,esm2_t12_35M_UR50D
NP_001269415,XP_056334602,0.000685274600982666,esm2_t12_35M_UR50D
XP_021327886,XP_056313974,0.0002872943878173828,esm2_t12_35M_UR50D
XP_009298735,XP_056311409,9.429454803466797e-05,esm2_t12_35M_UR50D
NP_001002207,XP_056307049,0.0008065700531005859,esm2_t12_35M_UR50D
XP_005160608,XP_056337159,0.0004328489303588867,esm2_t12_35M_UR50D
XP_009295233,XP_056304814,0.00025898218154907227,esm2_t12_35M_UR50D
XP_073808084,XP_056313348,0.00029861927032470703,esm2_t12_35M_UR50D
NP_001095863,XP_056301635,0.00046128034591674805,esm2_t12_35M_UR50D
XP_691817,XP_056308211,0.0005399584770202637,esm2_t12_35M_UR50D
XP_073806584,XP_056314349,0.00027364492416381836,esm2_t12_35M_UR50D
XP_021324032,XP_056336863,0.00037592649459838867,esm2_t12_35M_UR50D
XP_009300877,XP_056316219,0.0002803206443786621,esm2_t12_35M_UR50D
XP_005170092,XP_056335883,0.0006353855133056641,esm2_t12_35M_UR50D
XP_073795863,XP_056305823,0.0003408193588256836,esm2_t12_35M_UR50D
NP_001410904,XP_056327927,0.0008591413497924805,esm2_t12_35M_UR50D
NP_571128,XP_056336912,0.0002574324607849121,esm2_t12_35M_UR50D
NP_001006097,XP_056311820,0.000186920166015625,esm2_t12_35M_UR50D
XP_073801728,XP_056312003,0.0006116032600402832,esm2_t12_35M_UR50D
XP_005174340,XP_056307689,0.0003299117088317871,esm2_t12_35M_UR50D
NP_001076280,XP_056337181,0.00043070316314697266,esm2_t12_35M_UR50D
XP_002660488,XP_056315670,0.0001882314682006836,esm2_t12_35M_UR50D
NP_999977,XP_056302736,0.0007596611976623535,esm2_t12_35M_UR50D
XP_005159462,XP_056336398,0.00034034252166748047,esm2_t12_35M_UR50D
XP_694459,XP_056334616,0.0006228089332580566,esm2_t12_35M_UR50D
XP_073798034,XP_056307464,0.0004354119300842285,esm2_t12_35M_UR50D
NP_775328,XP_056309743,0.0002834200859069824,esm2_t12_35M_UR50D
XP_017207366,XP_056333604,0.00046175718307495117,esm2_t12_35M_UR50D
XP_073798722,XP_056310038,0.0006259679794311523,esm2_t12_35M_UR50D
XP_001335682,XP_056309433,0.00021016597747802734,esm2_t12_35M_UR50D
XP_005169889,XP_056332606,0.00021249055862426758,esm2_t12_35M_UR50D
XP_005155878,XP_056324513,0.0003827214241027832,esm2_t12_35M_UR50D
XP_021326690,XP_056309897,0.00037997961044311523,esm2_t12_35M_UR50D
XP_002663301,XP_056320541,0.0004760622978210449,esm2_t12_35M_UR50D
XP_073807824,XP_056314854,0.0005899667739868164,esm2_t12_35M_UR50D
XP_021328422,XP_056327752,0.00041550397872924805,esm2_t12_35M_UR50D
NP_001184183,XP_056306773,0.00024509429931640625,esm2_t12_35M_UR50D
XP_073799666,XP_056309293,0.0006630420684814453,esm2_t12_35M_UR50D
XP_073792359,XP_056303836,0.00028830766677856445,esm2_t12_35M_UR50D
XP_073797374,XP_056309704,0.0004773139953613281,esm2_t12_35M_UR50D
NP_001002121,XP_056317894,0.0004571676254272461,esm2_t12_35M_UR50D
NP_001410713,XP_056307520,0.000806272029876709,esm2_t12_35M_UR50D
XP_073790447,XP_056301890,0.0009223818778991699,esm2_t12_35M_UR50D
XP_073802134,XP_056311250,0.00036585330963134766,esm2_t12_35M_UR50D
NP_001032448,XP_056305396,0.0005289912223815918,esm2_t12_35M_UR50D
XP_021325652,XP_056304639,0.00030368566513061523,esm2_t12_35M_UR50D
XP_073806657,XP_056313418,0.0007076263427734375,esm2_t12_35M_UR50D
XP_073806660,XP_056313418,0.0007076263427734375,esm2_t12_35M_UR50D
XP_073798670,XP_056309334,0.0001800060272216797,esm2_t12_35M_UR50D
XP_002667698,XP_056303822,0.0007021427154541016,esm2_t12_35M_UR50D
XP_002667698,XP_056303821,0.0007021427154541016,esm2_t12_35M_UR50D
XP_017212723,XP_056318302,0.00021880865097045898,esm2_t12_35M_UR50D
XP_005157638,XP_056330244,0.0007672309875488281,esm2_t12_35M_UR50D
XP_021333497,XP_056317420,0.0003222823143005371,esm2_t12_35M_UR50D
NP_001189424,XP_056328172,0.0006791949272155762,esm2_t12_35M_UR50D
XP_073808687,XP_056316131,0.00023955106735229492,esm2_t12_35M_UR50D
XP_073797328,XP_056307115,0.00043839216232299805,esm2_t12_35M_UR50D
NP_956747,XP_056326663,0.00024580955505371094,esm2_t12_35M_UR50D
NP_001002215,XP_056311824,0.0005660057067871094,esm2_t12_35M_UR50D
XP_005169998,XP_056334885,0.0003910064697265625,esm2_t12_35M_UR50D
XP_073789086,XP_056337689,0.00019973516464233398,esm2_t12_35M_UR50D
XP_009303960,XP_056323170,0.0003197789192199707,esm2_t12_35M_UR50D
XP_002666176,XP_056304090,0.0003185272216796875,esm2_t12_35M_UR50D
NP_001157467,XP_056322057,0.00026684999465942383,esm2_t12_35M_UR50D
XP_005173263,XP_056328367,0.0008205771446228027,esm2_t12_35M_UR50D
XP_021326394,XP_056308263,0.00039964914321899414,esm2_t12_35M_UR50D
NP_991132,XP_056301348,0.000517725944519043,esm2_t12_35M_UR50D
NP_001296364,XP_056334536,0.0006145238876342773,esm2_t12_35M_UR50D
XP_005164077,XP_056309802,0.00030726194381713867,esm2_t12_35M_UR50D
XP_073806659,XP_056313417,0.0006923079490661621,esm2_t12_35M_UR50D
XP_005158632,XP_056333441,0.0002728700637817383,esm2_t12_35M_UR50D
XP_073806286,XP_056313045,0.0005412697792053223,esm2_t12_35M_UR50D
XP_009300470,XP_056314951,0.0003107786178588867,esm2_t12_35M_UR50D
NP_001017572,XP_056313107,0.00017255544662475586,esm2_t12_35M_UR50D
XP_009302699,XP_056321152,0.0003032088279724121,esm2_t12_35M_UR50D
XP_073796175,XP_056306234,0.0005666017532348633,esm2_t12_35M_UR50D
XP_021335712,XP_056328975,0.00024318695068359375,esm2_t12_35M_UR50D
XP_009302003,XP_056320108,0.0006769299507141113,esm2_t12_35M_UR50D
NP_001002087,XP_056302641,0.00040286779403686523,esm2_t12_35M_UR50D
XP_009295016,XP_056304729,0.00032967329025268555,esm2_t12_35M_UR50D
NP_001107095,XP_056319278,0.00047582387924194336,esm2_t12_35M_UR50D
NP_998603,XP_056303978,0.0005078315734863281,esm2_t12_35M_UR50D
XP_691507,XP_056324879,0.00039440393447875977,esm2_t12_35M_UR50D
NP_001265751,XP_056329328,0.000432431697845459,esm2_t12_35M_UR50D
XP_073808928,XP_056316391,7.462501525878906e-05,esm2_t12_35M_UR50D
XP_005164803,XP_056311600,0.0003361701965332031,esm2_t12_35M_UR50D
NP_001076420,XP_056333827,0.00032514333724975586,esm2_t12_35M_UR50D
XP_073791986,XP_056302723,0.00033777952194213867,esm2_t12_35M_UR50D
XP_073791982,XP_056302722,0.00033777952194213867,esm2_t12_35M_UR50D
XP_073791990,XP_056302722,0.00033777952194213867,esm2_t12_35M_UR50D
NP_001188290,XP_056317924,0.000648796558380127,esm2_t12_35M_UR50D
XP_005164077,XP_056309800,0.0002669692039489746,esm2_t12_35M_UR50D
XP_005171501,XP_056301248,0.00039970874786376953,esm2_t12_35M_UR50D
XP_003200727,XP_056336942,0.00023031234741210938,esm2_t12_35M_UR50D
XP_002666963,XP_056307889,0.0003324747085571289,esm2_t12_35M_UR50D
NP_001082836,XP_056336047,0.0003768801689147949,esm2_t12_35M_UR50D
NP_001032894,XP_056309613,0.00019091367721557617,esm2_t12_35M_UR50D
XP_073802746,XP_056312136,0.00038373470306396484,esm2_t12_35M_UR50D
NP_001006061,XP_056307415,0.0005626082420349121,esm2_t12_35M_UR50D
XP_017214478,XP_056328575,0.00020766258239746094,esm2_t12_35M_UR50D
XP_073797506,XP_056309405,0.00024956464767456055,esm2_t12_35M_UR50D
XP_021323439,XP_056323470,0.0004412531852722168,esm2_t12_35M_UR50D
NP_957020,XP_056337216,0.0007012486457824707,esm2_t12_35M_UR50D
NP_001038217,XP_056317997,0.00025385618209838867,esm2_t12_35M_UR50D
NP_001083009,XP_056320755,0.0004673600196838379,esm2_t12_35M_UR50D
XP_021336032,XP_056326125,0.0003160834312438965,esm2_t12_35M_UR50D
XP_005172456,XP_056318483,0.0001690983772277832,esm2_t12_35M_UR50D
NP_001373497,XP_056307389,0.0001690983772277832,esm2_t12_35M_UR50D
XP_694888,XP_056309338,0.00020611286163330078,esm2_t12_35M_UR50D
XP_009304978,XP_056325249,0.00034803152084350586,esm2_t12_35M_UR50D
NP_001020707,XP_056332065,0.00030118227005004883,esm2_t12_35M_UR50D
XP_005160577,XP_056337748,0.0005068778991699219,esm2_t12_35M_UR50D
NP_001124269,XP_056303046,0.0004004240036010742,esm2_t12_35M_UR50D
XP_017212769,XP_056319610,0.00042933225631713867,esm2_t12_35M_UR50D
XP_073802021,XP_056311816,0.0003666877746582031,esm2_t12_35M_UR50D
NP_001313410,XP_056314230,0.0005862712860107422,esm2_t12_35M_UR50D
NP_878276,XP_056331548,0.00024449825286865234,esm2_t12_35M_UR50D
XP_073801093,XP_056314555,0.00017070770263671875,esm2_t12_35M_UR50D
XP_073806156,XP_056314704,0.0003370046615600586,esm2_t12_35M_UR50D
XP_073805498,XP_056317571,0.00034487247467041016,esm2_t12_35M_UR50D
XP_073790614,XP_056302205,0.00034332275390625,esm2_t12_35M_UR50D
NP_001007350,XP_056313492,0.00036144256591796875,esm2_t12_35M_UR50D
NP_001410783,XP_056302659,0.00044459104537963867,esm2_t12_35M_UR50D
XP_021329052,XP_056337694,0.0006659030914306641,esm2_t12_35M_UR50D
XP_005168705,XP_056314716,0.00020056962966918945,esm2_t12_35M_UR50D
NP_956418,XP_056335536,0.00025159120559692383,esm2_t12_35M_UR50D
NP_001352231,XP_056324709,0.00029206275939941406,esm2_t12_35M_UR50D
XP_073797384,XP_056309704,0.0003389716148376465,esm2_t12_35M_UR50D
NP_571516,XP_056301798,7.939338684082031e-05,esm2_t12_35M_UR50D
XP_021336482,XP_056326575,0.0004349946975708008,esm2_t12_35M_UR50D
XP_017211855,XP_056314597,0.0005882382392883301,esm2_t12_35M_UR50D
XP_073794131,XP_056305015,0.00028252601623535156,esm2_t12_35M_UR50D
XP_692833,XP_056301257,0.0005363821983337402,esm2_t12_35M_UR50D
XP_073809589,XP_056315295,0.0003409385681152344,esm2_t12_35M_UR50D
NP_001077287,XP_056314752,0.00036263465881347656,esm2_t12_35M_UR50D
NP_001315423,XP_056322834,0.0002828240394592285,esm2_t12_35M_UR50D
NP_001333132,XP_056324264,0.0003619194030761719,esm2_t12_35M_UR50D
NP_001076392,XP_056311059,0.00044345855712890625,esm2_t12_35M_UR50D
NP_001091654,XP_056336635,0.00040340423583984375,esm2_t12_35M_UR50D
XP_073809710,XP_056315453,0.0004273653030395508,esm2_t12_35M_UR50D
XP_073809712,XP_056315451,0.00042748451232910156,esm2_t12_35M_UR50D
XP_073809711,XP_056315452,0.0004273056983947754,esm2_t12_35M_UR50D
XP_005156286,XP_056325343,0.00035440921783447266,esm2_t12_35M_UR50D
XP_001339880,XP_056302845,0.00045937299728393555,esm2_t12_35M_UR50D
XP_009295229,XP_056304941,0.00021499395370483398,esm2_t12_35M_UR50D
NP_001093508,XP_056314124,0.0003879070281982422,esm2_t12_35M_UR50D
NP_001002633,XP_056312600,0.0005557537078857422,esm2_t12_35M_UR50D
XP_021330878,XP_056316748,0.00045883655548095703,esm2_t12_35M_UR50D
XP_073809590,XP_056315295,0.0003796815872192383,esm2_t12_35M_UR50D
NP_001103936,XP_056304955,0.0003533363342285156,esm2_t12_35M_UR50D
XP_009306038,XP_056328849,0.0002891421318054199,esm2_t12_35M_UR50D
XP_001923418,XP_056314972,0.0003751516342163086,esm2_t12_35M_UR50D
NP_571185,XP_056332595,0.0001735091209411621,esm2_t12_35M_UR50D
XP_073784980,XP_056334945,0.00025957822799682617,esm2_t12_35M_UR50D
XP_073802427,XP_056311620,0.0003910064697265625,esm2_t12_35M_UR50D
XP_073802424,XP_056311620,0.0003910064697265625,esm2_t12_35M_UR50D
XP_005167533,XP_056321172,0.0002943277359008789,esm2_t12_35M_UR50D
XP_021329649,XP_056309697,0.0001958608627319336,esm2_t12_35M_UR50D
XP_005160218,XP_056312409,0.0003223419189453125,esm2_t12_35M_UR50D
XP_073796866,XP_056306125,8.124113082885742e-05,esm2_t12_35M_UR50D
XP_073791719,XP_056302573,0.0003871917724609375,esm2_t12_35M_UR50D
XP_009297824,XP_056309620,0.0003705620765686035,esm2_t12_35M_UR50D
XP_005163206,XP_056307458,0.0005655884742736816,esm2_t12_35M_UR50D
XP_005158510,XP_056330596,0.0004134178161621094,esm2_t12_35M_UR50D
XP_021336201,XP_056326446,0.00027936697006225586,esm2_t12_35M_UR50D
NP_956142,XP_056334055,0.00026595592498779297,esm2_t12_35M_UR50D
XP_073809708,XP_056315452,0.00040525197982788086,esm2_t12_35M_UR50D
XP_017206869,XP_056329618,0.0001677870750427246,esm2_t12_35M_UR50D
NP_001002422,XP_056318790,0.00014024972915649414,esm2_t12_35M_UR50D
NP_571136,XP_056333912,0.0002110600471496582,esm2_t12_35M_UR50D
XP_073793741,XP_056304061,0.0001347661018371582,esm2_t12_35M_UR50D
XP_002666454,XP_056305979,0.0012881159782409668,esm2_t12_35M_UR50D
XP_005166244,XP_056315822,0.00036525726318359375,esm2_t12_35M_UR50D
XP_005167791,XP_056321482,0.0005438327789306641,esm2_t12_35M_UR50D
NP_001006093,XP_056305835,0.0002593398094177246,esm2_t12_35M_UR50D
XP_021328763,XP_056332681,0.0002484917640686035,esm2_t12_35M_UR50D
NP_001303874,XP_056336544,0.0009164214134216309,esm2_t12_35M_UR50D
XP_009300033,XP_056314363,0.00027120113372802734,esm2_t12_35M_UR50D
XP_009300033,XP_056314362,0.00027120113372802734,esm2_t12_35M_UR50D
XP_005164126,XP_056309653,0.0003737211227416992,esm2_t12_35M_UR50D
XP_005165345,XP_056314101,0.00022125244140625,esm2_t12_35M_UR50D
NP_001092712,XP_056310197,0.0003298521041870117,esm2_t12_35M_UR50D
XP_073790074,XP_056301609,0.00031316280364990234,esm2_t12_35M_UR50D
NP_001373731,XP_056322583,0.000424802303314209,esm2_t12_35M_UR50D
XP_005165556,XP_056314423,0.0002899169921875,esm2_t12_35M_UR50D
XP_073802603,XP_056312157,0.0004296302795410156,esm2_t12_35M_UR50D
XP_073808474,XP_056312494,0.00027126073837280273,esm2_t12_35M_UR50D
NP_001029346,XP_056305959,0.0003128647804260254,esm2_t12_35M_UR50D
XP_073807077,XP_056313836,0.0009305477142333984,esm2_t12_35M_UR50D
XP_005169649,XP_056328446,0.000376284122467041,esm2_t12_35M_UR50D
XP_073799424,XP_056307625,0.00016504526138305664,esm2_t12_35M_UR50D
XP_005159829,XP_056336200,0.00043594837188720703,esm2_t12_35M_UR50D
XP_073799539,XP_056308325,0.0007432103157043457,esm2_t12_35M_UR50D
NP_001373716,XP_056308326,0.0007432103157043457,esm2_t12_35M_UR50D
XP_073794152,XP_056305019,0.00035506486892700195,esm2_t12_35M_UR50D
XP_073794151,XP_056305019,0.00035506486892700195,esm2_t12_35M_UR50D
NP_001025339,XP_056336653,0.00023955106735229492,esm2_t12_35M_UR50D
XP_073809035,XP_056316509,0.0002797842025756836,esm2_t12_35M_UR50D
NP_956316,XP_056315425,0.0003959536552429199,esm2_t12_35M_UR50D
XP_005174019,XP_056303512,0.0003752708435058594,esm2_t12_35M_UR50D
XP_017207761,XP_056335531,0.0005759000778198242,esm2_t12_35M_UR50D
NP_957004,XP_056314262,0.00011593103408813477,esm2_t12_35M_UR50D
NP_957004,XP_056314263,0.00011593103408813477,esm2_t12_35M_UR50D
NP_001002167,XP_056335813,0.0003514885902404785,esm2_t12_35M_UR50D
XP_021323173,XP_056333413,0.00034731626510620117,esm2_t12_35M_UR50D
NP_956526,XP_056330824,0.00043404102325439453,esm2_t12_35M_UR50D
XP_021322669,XP_056330996,0.00025409460067749023,esm2_t12_35M_UR50D
XP_073786928,XP_056335880,0.0002942085266113281,esm2_t12_35M_UR50D
XP_001919035,XP_056333417,0.00034052133560180664,esm2_t12_35M_UR50D
NP_001018426,XP_056334379,0.0002574324607849121,esm2_t12_35M_UR50D
NP_001025233,XP_056337382,0.000586092472076416,esm2_t12_35M_UR50D
NP_001018874,XP_056323550,0.0002142786979675293,esm2_t12_35M_UR50D
XP_009300642,XP_056315803,0.0002421736717224121,esm2_t12_35M_UR50D
NP_001020725,XP_056336785,0.00029778480529785156,esm2_t12_35M_UR50D
NP_001186664,XP_056334196,0.001048743724822998,esm2_t12_35M_UR50D
NP_001303598,XP_056307553,0.0003314018249511719,esm2_t12_35M_UR50D
NP_001313279,XP_056324353,0.00014322996139526367,esm2_t12_35M_UR50D
XP_005160914,XP_056301508,0.0004763007164001465,esm2_t12_35M_UR50D
NP_001092700,XP_056336059,0.0003911256790161133,esm2_t12_35M_UR50D
XP_009294068,XP_056303347,0.00023120641708374023,esm2_t12_35M_UR50D
NP_001314829,XP_056332774,0.0002879500389099121,esm2_t12_35M_UR50D
NP_998105,XP_056328134,0.00046646595001220703,esm2_t12_35M_UR50D
XP_005173309,XP_056328134,0.00046646595001220703,esm2_t12_35M_UR50D
XP_073809567,XP_056312717,0.000494539737701416,esm2_t12_35M_UR50D
XP_005161742,XP_056303645,0.00039058923721313477,esm2_t12_35M_UR50D
NP_001012505,XP_056325459,0.0005036592483520508,esm2_t12_35M_UR50D
XP_009292801,XP_056336642,0.00012761354446411133,esm2_t12_35M_UR50D
XP_009293518,XP_056301944,0.00026023387908935547,esm2_t12_35M_UR50D
NP_001002538,XP_056321826,0.0003344416618347168,esm2_t12_35M_UR50D
NP_001124080,XP_056334482,0.00047510862350463867,esm2_t12_35M_UR50D
NP_001309362,XP_056306417,0.0005036592483520508,esm2_t12_35M_UR50D
XP_009303840,XP_056323189,0.00048291683197021484,esm2_t12_35M_UR50D
NP_001352553,XP_056312836,0.00034224987030029297,esm2_t12_35M_UR50D
XP_073788685,XP_056337713,0.0001875162124633789,esm2_t12_35M_UR50D
NP_956014,XP_056306488,0.000329434871673584,esm2_t12_35M_UR50D
XP_021332842,XP_056316030,0.00014400482177734375,esm2_t12_35M_UR50D
XP_073806710,XP_056313545,0.0004419088363647461,esm2_t12_35M_UR50D
XP_021323595,XP_056334205,0.0002829432487487793,esm2_t12_35M_UR50D
NP_001091648,XP_056336412,0.00036984682083129883,esm2_t12_35M_UR50D
XP_021324464,XP_056301941,0.00024890899658203125,esm2_t12_35M_UR50D
XP_073809589,XP_056315293,0.0003872513771057129,esm2_t12_35M_UR50D
NP_571007,XP_056314099,0.00034874677658081055,esm2_t12_35M_UR50D
NP_001007323,XP_056311653,0.0003013014793395996,esm2_t12_35M_UR50D
XP_005168788,XP_056315688,0.00013214349746704102,esm2_t12_35M_UR50D
XP_017213941,XP_056325460,0.0005227327346801758,esm2_t12_35M_UR50D
NP_571063,XP_056333843,0.00016391277313232422,esm2_t12_35M_UR50D
XP_009305420,XP_056326484,0.000286102294921875,esm2_t12_35M_UR50D
XP_005166482,XP_056318859,0.00024437904357910156,esm2_t12_35M_UR50D
XP_005171364,XP_056334347,0.0003515481948852539,esm2_t12_35M_UR50D
XP_001333925,XP_056324099,0.00029838085174560547,esm2_t12_35M_UR50D
NP_001003541,XP_056305171,0.00044083595275878906,esm2_t12_35M_UR50D
NP_991269,XP_056308647,0.0009056925773620605,esm2_t12_35M_UR50D
XP_005162002,XP_056304854,0.00020551681518554688,esm2_t12_35M_UR50D
XP_017211592,XP_056314350,0.00026226043701171875,esm2_t12_35M_UR50D
XP_009294937,XP_056304851,0.00017917156219482422,esm2_t12_35M_UR50D
XP_005164311,XP_056310232,0.0002631545066833496,esm2_t12_35M_UR50D
XP_073807229,XP_056314365,0.00028520822525024414,esm2_t12_35M_UR50D
XP_017208322,XP_056302320,0.00017905235290527344,esm2_t12_35M_UR50D
NP_001305057,XP_056335995,0.0002689361572265625,esm2_t12_35M_UR50D
XP_021323509,XP_056334372,0.0004143714904785156,esm2_t12_35M_UR50D
NP_001116712,XP_056318222,0.00027567148208618164,esm2_t12_35M_UR50D
XP_001345419,XP_056322142,0.0003769993782043457,esm2_t12_35M_UR50D
XP_005162959,XP_056307191,0.00020080804824829102,esm2_t12_35M_UR50D
XP_009293516,XP_056301941,0.00023740530014038086,esm2_t12_35M_UR50D
XP_005162172,XP_056305806,0.0003001689910888672,esm2_t12_35M_UR50D
XP_005171853,XP_056313873,0.00029283761978149414,esm2_t12_35M_UR50D
XP_009298848,XP_056324698,0.0003160238265991211,esm2_t12_35M_UR50D
XP_005158335,XP_056330993,0.00025850534439086914,esm2_t12_35M_UR50D
XP_073786690,XP_056336004,0.00040435791015625,esm2_t12_35M_UR50D
NP_001116766,XP_056320553,0.00040644407272338867,esm2_t12_35M_UR50D
XP_021325835,XP_056307051,0.00022262334823608398,esm2_t12_35M_UR50D
NP_001313319,XP_056329861,0.0005597472190856934,esm2_t12_35M_UR50D
XP_009298565,XP_056311632,0.00026482343673706055,esm2_t12_35M_UR50D
NP_922918,XP_056314547,0.0002861618995666504,esm2_t12_35M_UR50D
NP_957330,XP_056327268,0.00019550323486328125,esm2_t12_35M_UR50D
XP_005163449,XP_056332003,0.00018084049224853516,esm2_t12_35M_UR50D
XP_021322123,XP_056329212,0.00011467933654785156,esm2_t12_35M_UR50D
XP_005157015,XP_056327151,0.00023627281188964844,esm2_t12_35M_UR50D
NP_001018459,XP_056305150,0.0005432367324829102,esm2_t12_35M_UR50D
XP_009298559,XP_056311756,0.00018739700317382812,esm2_t12_35M_UR50D
XP_073799312,XP_056310077,8.7738037109375e-05,esm2_t12_35M_UR50D
XP_073792773,XP_056303339,0.0001283884048461914,esm2_t12_35M_UR50D
XP_073807750,XP_056314782,0.000453948974609375,esm2_t12_35M_UR50D
XP_073807754,XP_056314783,0.000453948974609375,esm2_t12_35M_UR50D
XP_009295890,XP_056307082,0.0003777742385864258,esm2_t12_35M_UR50D
NP_956970,XP_056329264,0.00038748979568481445,esm2_t12_35M_UR50D
XP_009305257,XP_056325138,0.0010436177253723145,esm2_t12_35M_UR50D
NP_571051,XP_056325319,0.00015664100646972656,esm2_t12_35M_UR50D
XP_005163110,XP_056307852,0.00024318695068359375,esm2_t12_35M_UR50D
NP_001035072,XP_056309880,0.0004878044128417969,esm2_t12_35M_UR50D
NP_001035474,XP_056331058,0.0006186366081237793,esm2_t12_35M_UR50D
XP_009293550,XP_056303046,0.004239141941070557,esm2_t12_35M_UR50D
NP_001288285,XP_056331731,0.00017535686492919922,esm2_t12_35M_UR50D
XP_073809718,XP_056315455,0.00039893388748168945,esm2_t12_35M_UR50D
XP_005162893,XP_056306181,0.00025904178619384766,esm2_t12_35M_UR50D
XP_005156414,XP_056324940,0.0002880096435546875,esm2_t12_35M_UR50D
NP_001038884,XP_056325124,0.0004048943519592285,esm2_t12_35M_UR50D
XP_073809713,XP_056315455,0.0003884434700012207,esm2_t12_35M_UR50D
XP_002666175,XP_056303346,0.00021028518676757812,esm2_t12_35M_UR50D
NP_001025332,XP_056337362,0.00025326013565063477,esm2_t12_35M_UR50D
NP_001002746,XP_056314637,0.00034356117248535156,esm2_t12_35M_UR50D
XP_009301715,XP_056318084,0.00028628110885620117,esm2_t12_35M_UR50D
XP_699295,XP_056333653,0.0002735257148742676,esm2_t12_35M_UR50D
XP_073795525,XP_056304721,0.0003350377082824707,esm2_t12_35M_UR50D
NP_001333081,XP_056328812,0.00030112266540527344,esm2_t12_35M_UR50D
NP_878299,XP_056323225,0.00020891427993774414,esm2_t12_35M_UR50D
XP_005159168,XP_056334197,0.0009756088256835938,esm2_t12_35M_UR50D
NP_998122,XP_056328161,0.0003802776336669922,esm2_t12_35M_UR50D
XP_073797393,XP_056309705,0.00043129920959472656,esm2_t12_35M_UR50D
XP_073797430,XP_056309705,0.00043129920959472656,esm2_t12_35M_UR50D
XP_009299941,XP_056314215,0.00029218196868896484,esm2_t12_35M_UR50D
NP_001032776,XP_056303837,0.00035268068313598633,esm2_t12_35M_UR50D
NP_001019576,XP_056321893,0.00025343894958496094,esm2_t12_35M_UR50D
NP_001373634,XP_056320018,0.00031620264053344727,esm2_t12_35M_UR50D
NP_001013589,XP_056330569,0.00023174285888671875,esm2_t12_35M_UR50D
XP_005171853,XP_056313869,0.0002663731575012207,esm2_t12_35M_UR50D
XP_021334623,XP_056321269,0.0001647472381591797,esm2_t12_35M_UR50D
XP_005170746,XP_056308352,0.0003752708435058594,esm2_t12_35M_UR50D
XP_073796890,XP_056306128,0.0002415180206298828,esm2_t12_35M_UR50D
XP_009296480,XP_056307416,0.0004404783248901367,esm2_t12_35M_UR50D
XP_005165354,XP_056314078,0.0002925992012023926,esm2_t12_35M_UR50D
NP_998687,XP_056314077,0.00027191638946533203,esm2_t12_35M_UR50D
XP_073788778,XP_056336759,0.0001322031021118164,esm2_t12_35M_UR50D
NP_001018174,XP_056327447,0.00018650293350219727,esm2_t12_35M_UR50D
XP_021322873,XP_056333488,9.906291961669922e-05,esm2_t12_35M_UR50D
NP_001417804,XP_056322676,0.00036019086837768555,esm2_t12_35M_UR50D
XP_009304364,XP_056323705,0.00054168701171875,esm2_t12_35M_UR50D
XP_073797934,XP_056307912,0.00024402141571044922,esm2_t12_35M_UR50D
XP_005170524,XP_056303370,0.00013941526412963867,esm2_t12_35M_UR50D
NP_571692,XP_056319738,0.0003600120544433594,esm2_t12_35M_UR50D
XP_009304049,XP_056324715,0.0003250241279602051,esm2_t12_35M_UR50D
XP_685212,XP_056328385,0.000326693058013916,esm2_t12_35M_UR50D
XP_073803043,XP_056312067,0.0003300905227661133,esm2_t12_35M_UR50D
XP_009291105,XP_056332644,0.00010591745376586914,esm2_t12_35M_UR50D
XP_073793053,XP_056310321,0.0002440810203552246,esm2_t12_35M_UR50D
XP_009294796,XP_056304574,0.0002251267433166504,esm2_t12_35M_UR50D
XP_005157976,XP_056331922,0.00020360946655273438,esm2_t12_35M_UR50D
XP_701004,XP_056313726,0.000247955322265625,esm2_t12_35M_UR50D
XP_687246,XP_056331653,0.0004495978355407715,esm2_t12_35M_UR50D
XP_005163095,XP_056307323,0.0004401206970214844,esm2_t12_35M_UR50D
XP_009296758,XP_056329888,0.00015342235565185547,esm2_t12_35M_UR50D
XP_009299938,XP_056314211,0.00027996301651000977,esm2_t12_35M_UR50D
NP_956820,XP_056321390,8.618831634521484e-05,esm2_t12_35M_UR50D
XP_002660941,XP_056336538,0.00017243623733520508,esm2_t12_35M_UR50D
NP_571909,XP_056320688,0.00034111738204956055,esm2_t12_35M_UR50D
XP_017207000,XP_056331387,0.00031489133834838867,esm2_t12_35M_UR50D
XP_009294043,XP_056303214,0.00036412477493286133,esm2_t12_35M_UR50D
XP_073806927,XP_056312809,0.00032967329025268555,esm2_t12_35M_UR50D
XP_005170122,XP_056335137,0.0002593994140625,esm2_t12_35M_UR50D
XP_017208903,XP_056303299,0.00029581785202026367,esm2_t12_35M_UR50D
XP_005167631,XP_056321973,0.0003414154052734375,esm2_t12_35M_UR50D
NP_001315147,XP_056302038,0.00020515918731689453,esm2_t12_35M_UR50D
XP_686465,XP_056309974,0.00015592575073242188,esm2_t12_35M_UR50D
NP_001037812,XP_056334635,0.0003648996353149414,esm2_t12_35M_UR50D
NP_001296328,XP_056318993,0.00019872188568115234,esm2_t12_35M_UR50D
XP_073785568,XP_056334847,4.506111145019531e-05,esm2_t12_35M_UR50D
NP_996983,XP_056318902,0.00024306774139404297,esm2_t12_35M_UR50D
NP_001013310,XP_056333557,0.0003343820571899414,esm2_t12_35M_UR50D
NP_001002563,XP_056332847,0.00021845102310180664,esm2_t12_35M_UR50D
NP_001373597,XP_056307381,0.00020748376846313477,esm2_t12_35M_UR50D
NP_001373597,XP_056308330,0.00020748376846313477,esm2_t12_35M_UR50D
XP_017209580,XP_056307915,0.00024199485778808594,esm2_t12_35M_UR50D
XP_005156569,XP_056326878,0.0008759498596191406,esm2_t12_35M_UR50D
NP_001410745,XP_056316899,0.00021457672119140625,esm2_t12_35M_UR50D
XP_073799483,XP_056316896,0.00021457672119140625,esm2_t12_35M_UR50D
XP_005171231,XP_056328870,0.0006116628646850586,esm2_t12_35M_UR50D
NP_957128,XP_056325629,0.0003126859664916992,esm2_t12_35M_UR50D
XP_073808198,XP_056313592,0.003076016902923584,esm2_t12_35M_UR50D
NP_571808,XP_056327888,0.0002830028533935547,esm2_t12_35M_UR50D
XP_002666892,XP_056307406,0.00030350685119628906,esm2_t12_35M_UR50D
XP_073810615,XP_056316374,0.0003889799118041992,esm2_t12_35M_UR50D
NP_001185672,XP_056324153,0.00034862756729125977,esm2_t12_35M_UR50D
NP_001073638,XP_056315399,0.0002333521842956543,esm2_t12_35M_UR50D
NP_001299827,XP_056315438,0.0003266334533691406,esm2_t12_35M_UR50D
XP_073807645,XP_056314598,0.00022226572036743164,esm2_t12_35M_UR50D
XP_017211857,XP_056314596,0.00022208690643310547,esm2_t12_35M_UR50D
NP_001352192,XP_056307959,0.0001379847526550293,esm2_t12_35M_UR50D
XP_005160305,XP_056312692,0.00027823448181152344,esm2_t12_35M_UR50D
NP_001017750,XP_056327161,0.00021696090698242188,esm2_t12_35M_UR50D
XP_017208125,XP_056336697,0.000530540943145752,esm2_t12_35M_UR50D
XP_073790618,XP_056302766,0.00040596723556518555,esm2_t12_35M_UR50D
XP_009293168,XP_056337535,0.00026023387908935547,esm2_t12_35M_UR50D
XP_073806873,XP_056313900,0.00013840198516845703,esm2_t12_35M_UR50D
XP_005172157,XP_056316429,0.00027233362197875977,esm2_t12_35M_UR50D
XP_009294606,XP_056304113,0.0005980730056762695,esm2_t12_35M_UR50D
NP_001002401,XP_056335233,0.00032061338424682617,esm2_t12_35M_UR50D
XP_005173357,XP_056328462,0.00022745132446289062,esm2_t12_35M_UR50D
XP_021328692,XP_056330702,0.00019657611846923828,esm2_t12_35M_UR50D
XP_073805890,XP_056313692,0.0002300739288330078,esm2_t12_35M_UR50D
XP_021334284,XP_056321971,0.0002148747444152832,esm2_t12_35M_UR50D
NP_001093492,XP_056335674,0.00033414363861083984,esm2_t12_35M_UR50D
XP_073805827,XP_056312860,0.00018835067749023438,esm2_t12_35M_UR50D
XP_073805887,XP_056313688,0.00022017955780029297,esm2_t12_35M_UR50D
XP_005167303,XP_056319238,0.0003782510757446289,esm2_t12_35M_UR50D
XP_009299939,XP_056314210,0.0002503395080566406,esm2_t12_35M_UR50D
NP_001038838,XP_056302028,0.0002557039260864258,esm2_t12_35M_UR50D
XP_009303436,XP_056322725,0.00015532970428466797,esm2_t12_35M_UR50D
NP_001373597,XP_056316896,0.00021088123321533203,esm2_t12_35M_UR50D
XP_002664717,XP_056329503,0.0001825094223022461,esm2_t12_35M_UR50D
XP_005158389,XP_056330882,0.0003676414489746094,esm2_t12_35M_UR50D
NP_957369,XP_056321297,0.0004944205284118652,esm2_t12_35M_UR50D
XP_021332842,XP_056316031,0.00010406970977783203,esm2_t12_35M_UR50D
XP_073793726,XP_056304174,0.00031685829162597656,esm2_t12_35M_UR50D
XP_073805888,XP_056313688,0.00022393465042114258,esm2_t12_35M_UR50D
NP_001157866,XP_056331565,0.0008682608604431152,esm2_t12_35M_UR50D
XP_021324693,XP_056303050,0.0005460977554321289,esm2_t12_35M_UR50D
NP_001002443,XP_056323616,0.00024509429931640625,esm2_t12_35M_UR50D
XP_073785570,XP_056334849,4.506111145019531e-05,esm2_t12_35M_UR50D
XP_073795049,XP_056305191,0.00022351741790771484,esm2_t12_35M_UR50D
XP_073797104,XP_056307153,0.0002300739288330078,esm2_t12_35M_UR50D
XP_001919229,XP_056317106,0.00044333934783935547,esm2_t12_35M_UR50D
XP_005167910,XP_056321591,0.00018012523651123047,esm2_t12_35M_UR50D
XP_005163199,XP_056307441,0.00015485286712646484,esm2_t12_35M_UR50D
NP_001186667,XP_056306565,0.00036209821701049805,esm2_t12_35M_UR50D
XP_009301419,XP_056317302,0.00019615888595581055,esm2_t12_35M_UR50D
NP_001006046,XP_056326542,0.0002161860466003418,esm2_t12_35M_UR50D
XP_073792069,XP_056302183,0.00024574995040893555,esm2_t12_35M_UR50D
XP_073789793,XP_056301361,0.00017052888870239258,esm2_t12_35M_UR50D
XP_017206847,XP_056332291,0.00035434961318969727,esm2_t12_35M_UR50D
XP_021332107,XP_056313480,0.00022530555725097656,esm2_t12_35M_UR50D
NP_001018484,XP_056328284,0.0006933212280273438,esm2_t12_35M_UR50D
NP_001373572,XP_056309712,0.00027745962142944336,esm2_t12_35M_UR50D
XP_009304679,XP_056325078,0.0001156926155090332,esm2_t12_35M_UR50D
NP_998310,XP_056319168,0.00019562244415283203,esm2_t12_35M_UR50D
XP_690143,XP_056321285,5.614757537841797e-05,esm2_t12_35M_UR50D
XP_021330679,XP_056311645,0.0003700852394104004,esm2_t12_35M_UR50D
NP_991181,XP_056331880,0.0003116726875305176,esm2_t12_35M_UR50D
NP_001259009,XP_056304079,0.0007246732711791992,esm2_t12_35M_UR50D
XP_021333530,XP_056317519,0.0003197789192199707,esm2_t12_35M_UR50D
XP_005174422,XP_056307495,0.00020885467529296875,esm2_t12_35M_UR50D
XP_073788782,XP_056336764,0.00021982192993164062,esm2_t12_35M_UR50D
NP_998665,XP_056319460,0.0004648566246032715,esm2_t12_35M_UR50D
NP_956081,XP_056334440,0.00022929906845092773,esm2_t12_35M_UR50D
XP_005163912,XP_056309310,0.00014674663543701172,esm2_t12_35M_UR50D
XP_073792404,XP_056309311,0.00014674663543701172,esm2_t12_35M_UR50D
XP_073792411,XP_056309312,0.00014674663543701172,esm2_t12_35M_UR50D
NP_571337,XP_056308164,0.00016999244689941406,esm2_t12_35M_UR50D
XP_073786749,XP_056335452,0.0002983212471008301,esm2_t12_35M_UR50D
XP_021324055,XP_056337747,0.00020116567611694336,esm2_t12_35M_UR50D
XP_002660860,XP_056330777,0.00033336877822875977,esm2_t12_35M_UR50D
XP_009292938,XP_056336870,0.0001672506332397461,esm2_t12_35M_UR50D
XP_005163278,XP_056308337,0.0001266002655029297,esm2_t12_35M_UR50D
XP_009302274,XP_056319589,0.0001239180564880371,esm2_t12_35M_UR50D
XP_073809281,XP_056312751,0.00017625093460083008,esm2_t12_35M_UR50D
NP_955924,XP_056302715,8.928775787353516e-05,esm2_t12_35M_UR50D
NP_001186030,XP_056305920,0.00022071599960327148,esm2_t12_35M_UR50D
NP_001122233,XP_056326889,0.0002402663230895996,esm2_t12_35M_UR50D
XP_073808308,XP_056312760,0.0019084811210632324,esm2_t12_35M_UR50D
NP_001001944,XP_056337407,0.00019490718841552734,esm2_t12_35M_UR50D
XP_005163529,XP_056333826,0.00020551681518554688,esm2_t12_35M_UR50D
XP_009289844,XP_056328973,0.00028145313262939453,esm2_t12_35M_UR50D
XP_001920772,XP_056307479,0.00011146068572998047,esm2_t12_35M_UR50D
XP_005165946,XP_056316036,0.00017410516738891602,esm2_t12_35M_UR50D
XP_005167440,XP_056319327,0.00020045042037963867,esm2_t12_35M_UR50D
XP_686522,XP_056315499,0.00044524669647216797,esm2_t12_35M_UR50D
NP_997893,XP_056314649,0.00032275915145874023,esm2_t12_35M_UR50D
NP_001009916,XP_056305931,0.0002116560935974121,esm2_t12_35M_UR50D
XP_017210771,XP_056311906,0.00013107061386108398,esm2_t12_35M_UR50D
NP_001003558,XP_056315411,0.00015610456466674805,esm2_t12_35M_UR50D
XP_009293049,XP_056301321,6.598234176635742e-05,esm2_t12_35M_UR50D
XP_005158270,XP_056331445,0.00028198957443237305,esm2_t12_35M_UR50D
XP_005158696,XP_056333504,0.00042629241943359375,esm2_t12_35M_UR50D
XP_697248,XP_056301645,0.00042122602462768555,esm2_t12_35M_UR50D
XP_009305424,XP_056327185,0.0002282857894897461,esm2_t12_35M_UR50D
XP_001922486,XP_056307506,0.0001137852668762207,esm2_t12_35M_UR50D
XP_009301421,XP_056317307,0.00022172927856445312,esm2_t12_35M_UR50D
XP_009290348,XP_056331159,0.00022584199905395508,esm2_t12_35M_UR50D
XP_017211644,XP_056314220,0.00021666288375854492,esm2_t12_35M_UR50D
XP_009290439,XP_056330848,0.0001684427261352539,esm2_t12_35M_UR50D
NP_001007454,XP_056317574,0.00016570091247558594,esm2_t12_35M_UR50D
NP_001038283,XP_056337593,0.00019693374633789062,esm2_t12_35M_UR50D
XP_005158406,XP_056331175,0.00020062923431396484,esm2_t12_35M_UR50D
NP_956688,XP_056313582,0.00026619434356689453,esm2_t12_35M_UR50D
XP_699069,XP_056335411,0.0002589225769042969,esm2_t12_35M_UR50D
NP_001017738,XP_056328580,0.0003082156181335449,esm2_t12_35M_UR50D
NP_957219,XP_056306119,0.00017213821411132812,esm2_t12_35M_UR50D
XP_073807099,XP_056313405,0.00017976760864257812,esm2_t12_35M_UR50D
NP_955863,XP_056333639,0.00011938810348510742,esm2_t12_35M_UR50D
XP_021333509,XP_056317489,0.00011992454528808594,esm2_t12_35M_UR50D
NP_998046,XP_056329963,0.0002593398094177246,esm2_t12_35M_UR50D
NP_957406,XP_056309602,0.0002346634864807129,esm2_t12_35M_UR50D
NP_001082799,XP_056323229,0.0002980232238769531,esm2_t12_35M_UR50D
XP_009294593,XP_056303203,0.00017112493515014648,esm2_t12_35M_UR50D
XP_021323602,XP_056334744,0.0002486705780029297,esm2_t12_35M_UR50D
XP_021334299,XP_056321722,0.00013715028762817383,esm2_t12_35M_UR50D
XP_073801321,XP_056315774,0.0001825094223022461,esm2_t12_35M_UR50D
NP_001038624,XP_056335506,0.0001793503761291504,esm2_t12_35M_UR50D
XP_009289324,XP_056328792,0.00012749433517456055,esm2_t12_35M_UR50D
XP_073797848,XP_056307418,0.00013625621795654297,esm2_t12_35M_UR50D
XP_021326885,XP_056314497,0.00019997358322143555,esm2_t12_35M_UR50D
NP_001232892,XP_056316901,0.0006311535835266113,esm2_t12_35M_UR50D
NP_998576,XP_056326236,0.00035578012466430664,esm2_t12_35M_UR50D
NP_001116722,XP_056316015,0.000213623046875,esm2_t12_35M_UR50D
XP_073795974,XP_056304761,0.0002791881561279297,esm2_t12_35M_UR50D
NP_001002726,XP_056333394,0.00019675493240356445,esm2_t12_35M_UR50D
XP_021323643,XP_056336438,0.00021696090698242188,esm2_t12_35M_UR50D
XP_073796354,XP_056307006,0.0001551508903503418,esm2_t12_35M_UR50D
XP_073805435,XP_056318838,0.00014650821685791016,esm2_t12_35M_UR50D
XP_009302008,XP_056320106,0.00018703937530517578,esm2_t12_35M_UR50D
NP_001333153,XP_056330879,0.00017601251602172852,esm2_t12_35M_UR50D
XP_017213029,XP_056319078,0.00014513731002807617,esm2_t12_35M_UR50D
XP_021331668,XP_056305491,0.00029981136322021484,esm2_t12_35M_UR50D
NP_001005952,XP_056324718,0.00021952390670776367,esm2_t12_35M_UR50D
NP_571048,XP_056329489,0.00016838312149047852,esm2_t12_35M_UR50D
XP_009301954,XP_056316898,0.000629127025604248,esm2_t12_35M_UR50D
XP_073787309,XP_056335192,0.00016307830810546875,esm2_t12_35M_UR50D
XP_021334311,XP_056337440,0.0001963973045349121,esm2_t12_35M_UR50D
XP_021326256,XP_056308215,0.00017911195755004883,esm2_t12_35M_UR50D
XP_073787339,XP_056335957,0.00023669004440307617,esm2_t12_35M_UR50D
XP_005159582,XP_056335960,0.00023663043975830078,esm2_t12_35M_UR50D
XP_073787339,XP_056335958,0.00023669004440307617,esm2_t12_35M_UR50D
XP_017207957,XP_056337376,0.0004583597183227539,esm2_t12_35M_UR50D
NP_001004007,XP_056337376,0.0004584789276123047,esm2_t12_35M_UR50D
XP_021324704,XP_056302122,0.00018036365509033203,esm2_t12_35M_UR50D
NP_001289171,XP_056337738,0.00011801719665527344,esm2_t12_35M_UR50D
NP_997870,XP_056331656,0.0003082156181335449,esm2_t12_35M_UR50D
XP_005164167,XP_056309858,0.00021189451217651367,esm2_t12_35M_UR50D
NP_570989,XP_056329758,0.0001347661018371582,esm2_t12_35M_UR50D
NP_001074095,XP_056313820,0.00010347366333007812,esm2_t12_35M_UR50D
NP_571359,XP_056333602,8.130073547363281e-05,esm2_t12_35M_UR50D
NP_571959,XP_056319456,0.00012737512588500977,esm2_t12_35M_UR50D
XP_005169787,XP_056329162,0.00015938282012939453,esm2_t12_35M_UR50D
XP_021335822,XP_056325411,0.00012505054473876953,esm2_t12_35M_UR50D
XP_005166450,XP_056317456,0.0001366734504699707,esm2_t12_35M_UR50D
NP_958466,XP_056326616,0.00023871660232543945,esm2_t12_35M_UR50D
NP_001002496,XP_056314478,0.00019168853759765625,esm2_t12_35M_UR50D
XP_009292948,XP_056336763,0.00010663270950317383,esm2_t12_35M_UR50D
XP_021334181,XP_056320583,0.00022643804550170898,esm2_t12_35M_UR50D
XP_073810894,XP_056316660,0.0001690983772277832,esm2_t12_35M_UR50D
NP_956804,XP_056305200,0.0015794038772583008,esm2_t12_35M_UR50D
XP_005163797,XP_056309133,0.00018358230590820312,esm2_t12_35M_UR50D
XP_021330936,XP_056311580,9.804964065551758e-05,esm2_t12_35M_UR50D
NP_571856,XP_056316180,0.0002605915069580078,esm2_t12_35M_UR50D
NP_958482,XP_056309180,0.00012940168380737305,esm2_t12_35M_UR50D
XP_009304999,XP_056325409,0.00019729137420654297,esm2_t12_35M_UR50D
XP_073798405,XP_056307355,0.0001367330551147461,esm2_t12_35M_UR50D
NP_001014326,XP_056302597,0.00022047758102416992,esm2_t12_35M_UR50D
NP_001103940,XP_056315988,0.00027745962142944336,esm2_t12_35M_UR50D
NP_001073421,XP_056327747,0.0005030632019042969,esm2_t12_35M_UR50D
NP_001243593,XP_056307288,0.00017189979553222656,esm2_t12_35M_UR50D
XP_021330744,XP_056311549,0.0001437664031982422,esm2_t12_35M_UR50D
XP_073788213,XP_056337742,0.0003420710563659668,esm2_t12_35M_UR50D
XP_009297645,XP_056309317,0.00010323524475097656,esm2_t12_35M_UR50D
NP_001107092,XP_056319881,0.00015616416931152344,esm2_t12_35M_UR50D
XP_021335251,XP_056324371,0.0002200603485107422,esm2_t12_35M_UR50D
XP_021324268,XP_056328352,0.00016170740127563477,esm2_t12_35M_UR50D
XP_021332762,XP_056315738,0.00022745132446289062,esm2_t12_35M_UR50D
XP_021325852,XP_056306231,0.00018733739852905273,esm2_t12_35M_UR50D
XP_021333062,XP_056318273,0.00013768672943115234,esm2_t12_35M_UR50D
NP_571308,XP_056324633,0.00014781951904296875,esm2_t12_35M_UR50D
XP_009305769,XP_056326920,0.00013530254364013672,esm2_t12_35M_UR50D
XP_005159410,XP_056336219,0.00018650293350219727,esm2_t12_35M_UR50D
NP_998404,XP_056324346,0.00012284517288208008,esm2_t12_35M_UR50D
XP_005161463,XP_056302211,0.00010353326797485352,esm2_t12_35M_UR50D
XP_691871,XP_056301814,0.00019949674606323242,esm2_t12_35M_UR50D
XP_017213450,XP_056333308,0.00011229515075683594,esm2_t12_35M_UR50D
XP_005170633,XP_056305332,0.0001831650733947754,esm2_t12_35M_UR50D
XP_073791731,XP_056301744,0.00015157461166381836,esm2_t12_35M_UR50D
XP_021322820,XP_056333394,0.00015717744827270508,esm2_t12_35M_UR50D
XP_009292082,XP_056333939,0.0001221299171447754,esm2_t12_35M_UR50D
XP_009300452,XP_056315516,0.0001925826072692871,esm2_t12_35M_UR50D
XP_685746,XP_056305656,0.00015348196029663086,esm2_t12_35M_UR50D
XP_021323593,XP_056333774,0.0003871917724609375,esm2_t12_35M_UR50D
XP_021334493,XP_056320647,0.00010669231414794922,esm2_t12_35M_UR50D
XP_003200233,XP_056331736,0.00021666288375854492,esm2_t12_35M_UR50D
XP_009292307,XP_056335196,0.000244140625,esm2_t12_35M_UR50D
XP_009296842,XP_056332889,0.00019884109497070312,esm2_t12_35M_UR50D
XP_021333247,XP_056317774,0.00016701221466064453,esm2_t12_35M_UR50D
NP_958445,XP_056329281,0.00024193525314331055,esm2_t12_35M_UR50D
NP_775357,XP_056331184,5.131959915161133e-05,esm2_t12_35M_UR50D
NP_001076500,XP_056315575,0.00012630224227905273,esm2_t12_35M_UR50D
XP_017206474,XP_056330044,0.00023561716079711914,esm2_t12_35M_UR50D
NP_001122045,XP_056330526,0.00011444091796875,esm2_t12_35M_UR50D
XP_001921766,XP_056305744,0.00015854835510253906,esm2_t12_35M_UR50D
NP_998525,XP_056335666,7.718801498413086e-05,esm2_t12_35M_UR50D
XP_009292082,XP_056333937,0.00012356042861938477,esm2_t12_35M_UR50D
XP_073786189,XP_056334332,0.00025653839111328125,esm2_t12_35M_UR50D
NP_001032316,XP_056322811,0.0004106760025024414,esm2_t12_35M_UR50D
XP_009290987,XP_056302852,0.000322878360748291,esm2_t12_35M_UR50D
XP_005156890,XP_056326676,0.0002021193504333496,esm2_t12_35M_UR50D
XP_005169361,XP_056324768,0.00023418664932250977,esm2_t12_35M_UR50D
XP_002665057,XP_056331590,0.00019299983978271484,esm2_t12_35M_UR50D
XP_021335841,XP_056325121,0.000268399715423584,esm2_t12_35M_UR50D
XP_005165243,XP_056313494,0.00014460086822509766,esm2_t12_35M_UR50D
XP_021336126,XP_056326070,0.00019049644470214844,esm2_t12_35M_UR50D
XP_005155582,XP_056323077,0.0002587437629699707,esm2_t12_35M_UR50D
NP_956829,XP_056321271,0.00027883052825927734,esm2_t12_35M_UR50D
NP_956464,XP_056336820,0.00010311603546142578,esm2_t12_35M_UR50D
XP_005169279,XP_056322500,0.00020575523376464844,esm2_t12_35M_UR50D
NP_956447,XP_056315656,0.00026679039001464844,esm2_t12_35M_UR50D
XP_009294228,XP_056303217,0.00023365020751953125,esm2_t12_35M_UR50D
NP_705938,XP_056305454,0.00026720762252807617,esm2_t12_35M_UR50D
XP_003201233,XP_056305198,0.00014674663543701172,esm2_t12_35M_UR50D
NP_001185701,XP_056315744,0.00014859437942504883,esm2_t12_35M_UR50D
XP_009298264,XP_056312032,0.00013005733489990234,esm2_t12_35M_UR50D
XP_005162427,XP_056305574,0.0001062154769897461,esm2_t12_35M_UR50D
XP_002667227,XP_056327889,0.00018864870071411133,esm2_t12_35M_UR50D
NP_001070217,XP_056316914,0.00023567676544189453,esm2_t12_35M_UR50D
NP_998185,XP_056311704,0.00026112794876098633,esm2_t12_35M_UR50D
XP_005164788,XP_056311704,0.0002541542053222656,esm2_t12_35M_UR50D
XP_073797874,XP_056307426,0.00010889768600463867,esm2_t12_35M_UR50D
XP_009300420,XP_056315392,0.0003509521484375,esm2_t12_35M_UR50D
NP_001030160,XP_056312585,0.0001767277717590332,esm2_t12_35M_UR50D
XP_073798248,XP_056308217,0.0001901388168334961,esm2_t12_35M_UR50D
NP_001032179,XP_056324212,8.869171142578125e-05,esm2_t12_35M_UR50D
XP_005169335,XP_056324646,0.00019502639770507812,esm2_t12_35M_UR50D
NP_997832,XP_056302061,0.0001499652862548828,esm2_t12_35M_UR50D
XP_073806557,XP_056314394,0.00015288591384887695,esm2_t12_35M_UR50D
NP_001315481,XP_056310552,0.0001723766326904297,esm2_t12_35M_UR50D
NP_001074085,XP_056314611,6.61015510559082e-05,esm2_t12_35M_UR50D
XP_682848,XP_056315120,0.00017267465591430664,esm2_t12_35M_UR50D
XP_005159907,XP_056304425,0.00020194053649902344,esm2_t12_35M_UR50D
XP_073794731,XP_056309336,0.0001328587532043457,esm2_t12_35M_UR50D
XP_005162716,XP_056306497,0.00010645389556884766,esm2_t12_35M_UR50D
XP_073785117,XP_056334038,0.00013399124145507812,esm2_t12_35M_UR50D
XP_009290638,XP_056331554,0.00010377168655395508,esm2_t12_35M_UR50D
XP_009301685,XP_056317974,0.00011938810348510742,esm2_t12_35M_UR50D
NP_001002459,XP_056317761,0.0001341700553894043,esm2_t12_35M_UR50D
NP_001025275,XP_056326784,0.00023669004440307617,esm2_t12_35M_UR50D
XP_073810682,XP_056316423,0.0001805424690246582,esm2_t12_35M_UR50D
NP_001004571,XP_056332543,0.00012797117233276367,esm2_t12_35M_UR50D
XP_005166451,XP_056317459,0.00029408931732177734,esm2_t12_35M_UR50D
NP_001037813,XP_056332876,8.946657180786133e-05,esm2_t12_35M_UR50D
NP_571836,XP_056315568,9.053945541381836e-05,esm2_t12_35M_UR50D
XP_021336334,XP_056326736,0.00016880035400390625,esm2_t12_35M_UR50D
XP_005158154,XP_056330827,0.0001767277717590332,esm2_t12_35M_UR50D
XP_073791346,XP_056302306,0.0001297593116760254,esm2_t12_35M_UR50D
XP_073791342,XP_056302306,0.0001297593116760254,esm2_t12_35M_UR50D
XP_009293789,XP_056302749,0.00027740001678466797,esm2_t12_35M_UR50D
NP_001315012,XP_056319133,0.000102996826171875,esm2_t12_35M_UR50D
XP_009292419,XP_056335381,0.0002396702766418457,esm2_t12_35M_UR50D
XP_017208544,XP_056302684,0.00022542476654052734,esm2_t12_35M_UR50D
XP_073809475,XP_056315665,0.00031256675720214844,esm2_t12_35M_UR50D
XP_005162270,XP_056304656,0.00015342235565185547,esm2_t12_35M_UR50D
XP_009297689,XP_056309427,7.772445678710938e-05,esm2_t12_35M_UR50D
XP_009297687,XP_056309426,0.00021457672119140625,esm2_t12_35M_UR50D
XP_009296216,XP_056307877,0.00013059377670288086,esm2_t12_35M_UR50D
NP_001153139,XP_056336770,0.00015336275100708008,esm2_t12_35M_UR50D
NP_001121885,XP_056313371,0.0001779794692993164,esm2_t12_35M_UR50D
NP_001004600,XP_056328038,0.00017720460891723633,esm2_t12_35M_UR50D
XP_005173707,XP_056333942,0.0001264810562133789,esm2_t12_35M_UR50D
XP_073810627,XP_056316417,8.7738037109375e-05,esm2_t12_35M_UR50D
NP_001013519,XP_056326426,9.465217590332031e-05,esm2_t12_35M_UR50D
XP_005169383,XP_056324535,0.0001074671745300293,esm2_t12_35M_UR50D
XP_021329873,XP_056322837,5.054473876953125e-05,esm2_t12_35M_UR50D
XP_005167088,XP_056319547,0.0001341104507446289,esm2_t12_35M_UR50D
XP_009300257,XP_056314738,8.255243301391602e-05,esm2_t12_35M_UR50D
XP_073810887,XP_056316654,0.0001608133316040039,esm2_t12_35M_UR50D
XP_021336991,XP_056330345,0.00018775463104248047,esm2_t12_35M_UR50D
NP_571574,XP_056311100,0.00014907121658325195,esm2_t12_35M_UR50D
XP_009290217,XP_056329908,9.85264778137207e-05,esm2_t12_35M_UR50D
XP_009293757,XP_056302439,4.673004150390625e-05,esm2_t12_35M_UR50D
NP_001417788,XP_056334113,0.00020164251327514648,esm2_t12_35M_UR50D
XP_009304425,XP_056324765,0.00015026330947875977,esm2_t12_35M_UR50D
XP_073808541,XP_056316691,0.00010442733764648438,esm2_t12_35M_UR50D
XP_021325744,XP_056305899,0.0001259446144104004,esm2_t12_35M_UR50D
XP_017211970,XP_056316604,0.00018173456192016602,esm2_t12_35M_UR50D
NP_001018471,XP_056331312,0.00010848045349121094,esm2_t12_35M_UR50D
NP_001182336,XP_056317976,9.763240814208984e-05,esm2_t12_35M_UR50D
NP_001018580,XP_056306503,0.00010085105895996094,esm2_t12_35M_UR50D
NP_001315096,XP_056332311,0.00020295381546020508,esm2_t12_35M_UR50D
XP_017213206,XP_056321041,0.00010532140731811523,esm2_t12_35M_UR50D
NP_001039014,XP_056330517,0.0005679726600646973,esm2_t12_35M_UR50D
XP_005163374,XP_056330435,0.0001500248908996582,esm2_t12_35M_UR50D
XP_073785784,XP_056333775,0.0003268718719482422,esm2_t12_35M_UR50D
XP_009290329,XP_056331211,0.00042557716369628906,esm2_t12_35M_UR50D
XP_021323777,XP_056335204,7.545948028564453e-05,esm2_t12_35M_UR50D
XP_073796039,XP_056307012,0.0001131892204284668,esm2_t12_35M_UR50D
XP_009299745,XP_056301440,0.00011366605758666992,esm2_t12_35M_UR50D
XP_005156856,XP_056326492,8.630752563476562e-05,esm2_t12_35M_UR50D
XP_691455,XP_056325528,0.0001417398452758789,esm2_t12_35M_UR50D
NP_001003883,XP_056324579,0.00021529197692871094,esm2_t12_35M_UR50D
XP_073794634,XP_056309571,9.894371032714844e-05,esm2_t12_35M_UR50D
NP_001352121,XP_056323658,0.00019538402557373047,esm2_t12_35M_UR50D
XP_009302165,XP_056319772,6.538629531860352e-05,esm2_t12_35M_UR50D
NP_001313379,XP_056324106,0.00012546777725219727,esm2_t12_35M_UR50D
XP_005163656,XP_056332930,0.00048047304153442383,esm2_t12_35M_UR50D
XP_009296909,XP_056334385,0.0001036524772644043,esm2_t12_35M_UR50D
NP_919343,XP_056304910,9.584426879882812e-05,esm2_t12_35M_UR50D
XP_005162390,XP_056305691,0.00015056133270263672,esm2_t12_35M_UR50D
XP_009296078,XP_056307399,0.00010007619857788086,esm2_t12_35M_UR50D
NP_001092228,XP_056322105,0.00021386146545410156,esm2_t12_35M_UR50D
XP_699475,XP_056314614,0.00011110305786132812,esm2_t12_35M_UR50D
XP_003199781,XP_056326690,0.0001589059829711914,esm2_t12_35M_UR50D
NP_001272463,XP_056303792,0.00011461973190307617,esm2_t12_35M_UR50D
XP_073792656,XP_056303713,0.00015401840209960938,esm2_t12_35M_UR50D
NP_001104751,XP_056310080,0.00010472536087036133,esm2_t12_35M_UR50D
XP_005159295,XP_056333820,0.0001627802848815918,esm2_t12_35M_UR50D
XP_005157523,XP_056329226,0.00011473894119262695,esm2_t12_35M_UR50D
XP_009299925,XP_056314179,0.0001475214958190918,esm2_t12_35M_UR50D
NP_001038323,XP_056335106,7.855892181396484e-05,esm2_t12_35M_UR50D
XP_017213324,XP_056321574,0.00010460615158081055,esm2_t12_35M_UR50D
XP_021332546,XP_056316135,0.00011986494064331055,esm2_t12_35M_UR50D
XP_073803145,XP_056311947,0.0001322627067565918,esm2_t12_35M_UR50D
XP_009302264,XP_056319465,8.529424667358398e-05,esm2_t12_35M_UR50D
XP_009294225,XP_056304401,0.00025475025177001953,esm2_t12_35M_UR50D
XP_005171035,XP_056312607,6.669759750366211e-05,esm2_t12_35M_UR50D
XP_005171035,XP_056312609,6.669759750366211e-05,esm2_t12_35M_UR50D
XP_009292116,XP_056312610,6.669759750366211e-05,esm2_t12_35M_UR50D
XP_005171034,XP_056312608,6.669759750366211e-05,esm2_t12_35M_UR50D
NP_001018394,XP_056332087,0.00014668703079223633,esm2_t12_35M_UR50D
XP_073797492,XP_056306760,9.018182754516602e-05,esm2_t12_35M_UR50D
XP_073797492,XP_056306761,9.018182754516602e-05,esm2_t12_35M_UR50D
XP_073797486,XP_056306760,9.018182754516602e-05,esm2_t12_35M_UR50D
NP_001012508,XP_056331067,0.0001220703125,esm2_t12_35M_UR50D
XP_073802899,XP_056311136,0.00021582841873168945,esm2_t12_35M_UR50D
XP_009304297,XP_056324747,0.00012296438217163086,esm2_t12_35M_UR50D
XP_017208637,XP_056303708,0.00014454126358032227,esm2_t12_35M_UR50D
XP_021333867,XP_056319674,6.943941116333008e-05,esm2_t12_35M_UR50D
NP_001352582,XP_056318258,0.00016266107559204102,esm2_t12_35M_UR50D
XP_005157636,XP_056329224,8.922815322875977e-05,esm2_t12_35M_UR50D
XP_073809292,XP_056316357,0.00015246868133544922,esm2_t12_35M_UR50D
XP_073809299,XP_056316353,0.00015974044799804688,esm2_t12_35M_UR50D
XP_073809300,XP_056316352,0.00015974044799804688,esm2_t12_35M_UR50D
XP_003197866,XP_056328399,0.00010907649993896484,esm2_t12_35M_UR50D
XP_073810553,XP_056327040,0.00010949373245239258,esm2_t12_35M_UR50D
XP_073792666,XP_056303715,0.0001493692398071289,esm2_t12_35M_UR50D
NP_001123295,XP_056315700,0.00013881921768188477,esm2_t12_35M_UR50D
XP_005165053,XP_056312033,0.00012028217315673828,esm2_t12_35M_UR50D
XP_009304202,XP_056324285,0.0001227259635925293,esm2_t12_35M_UR50D
NP_001071018,XP_056327533,0.00010764598846435547,esm2_t12_35M_UR50D
XP_001343041,XP_056302900,5.143880844116211e-05,esm2_t12_35M_UR50D
NP_958455,XP_056309794,7.301568984985352e-05,esm2_t12_35M_UR50D
NP_001070932,XP_056331522,0.00022548437118530273,esm2_t12_35M_UR50D
XP_073809219,XP_056316196,0.00019758939743041992,esm2_t12_35M_UR50D
XP_009293684,XP_056303149,0.00013321638107299805,esm2_t12_35M_UR50D
XP_009295656,XP_056307017,9.739398956298828e-05,esm2_t12_35M_UR50D
NP_955934,XP_056307832,0.00020509958267211914,esm2_t12_35M_UR50D
XP_073809057,XP_056312921,9.137392044067383e-05,esm2_t12_35M_UR50D
NP_001013585,XP_056318986,0.00016361474990844727,esm2_t12_35M_UR50D
NP_001092892,XP_056308200,9.173154830932617e-05,esm2_t12_35M_UR50D
XP_021333082,XP_056318878,8.118152618408203e-05,esm2_t12_35M_UR50D
NP_001013554,XP_056334357,0.00010693073272705078,esm2_t12_35M_UR50D
NP_001002446,XP_056330432,0.00010782480239868164,esm2_t12_35M_UR50D
NP_001038364,XP_056337656,0.00012487173080444336,esm2_t12_35M_UR50D
XP_001344260,XP_056327483,0.00010645389556884766,esm2_t12_35M_UR50D
XP_005157080,XP_056326304,0.0001189112663269043,esm2_t12_35M_UR50D
XP_009301396,XP_056317199,0.00021308660507202148,esm2_t12_35M_UR50D
XP_073788786,XP_056336770,5.441904067993164e-05,esm2_t12_35M_UR50D
XP_017208299,XP_056301970,0.00014466047286987305,esm2_t12_35M_UR50D
XP_009289755,XP_056315189,0.00013256072998046875,esm2_t12_35M_UR50D
NP_955963,XP_056328843,0.0001596212387084961,esm2_t12_35M_UR50D
XP_005164123,XP_056309651,0.00014340877532958984,esm2_t12_35M_UR50D
XP_005159647,XP_056336383,0.00010722875595092773,esm2_t12_35M_UR50D
XP_021324370,XP_056337051,9.292364120483398e-05,esm2_t12_35M_UR50D
NP_998551,XP_056320095,0.00013840198516845703,esm2_t12_35M_UR50D
XP_005167978,XP_056321832,8.100271224975586e-05,esm2_t12_35M_UR50D
XP_009295591,XP_056328146,0.00010877847671508789,esm2_t12_35M_UR50D
NP_001002409,XP_056308087,0.00010013580322265625,esm2_t12_35M_UR50D
XP_009306021,XP_056327765,0.0001722574234008789,esm2_t12_35M_UR50D
XP_009293761,XP_056303071,0.00016421079635620117,esm2_t12_35M_UR50D
NP_001268926,XP_056323600,4.976987838745117e-05,esm2_t12_35M_UR50D
NP_956636,XP_056334240,0.00012201070785522461,esm2_t12_35M_UR50D
XP_017212286,XP_056317653,0.00013405084609985352,esm2_t12_35M_UR50D
NP_001410360,XP_056327649,8.791685104370117e-05,esm2_t12_35M_UR50D
XP_005166925,XP_056319889,0.00019550323486328125,esm2_t12_35M_UR50D
XP_009292988,XP_056337571,0.0001156926155090332,esm2_t12_35M_UR50D
NP_001289172,XP_056319120,0.00023555755615234375,esm2_t12_35M_UR50D
NP_001349358,XP_056312865,0.00013965368270874023,esm2_t12_35M_UR50D
XP_005173283,XP_056328097,0.00014281272888183594,esm2_t12_35M_UR50D
XP_073808559,XP_056316440,0.00018322467803955078,esm2_t12_35M_UR50D
XP_073808558,XP_056316440,0.00018322467803955078,esm2_t12_35M_UR50D
XP_073808558,XP_056316441,0.00018322467803955078,esm2_t12_35M_UR50D
NP_001314745,XP_056320567,9.28640365600586e-05,esm2_t12_35M_UR50D
XP_009303014,XP_056321444,3.2961368560791016e-05,esm2_t12_35M_UR50D
XP_005162385,XP_056305005,7.194280624389648e-05,esm2_t12_35M_UR50D
XP_005165942,XP_056316016,0.00011491775512695312,esm2_t12_35M_UR50D
NP_001002426,XP_056304622,9.453296661376953e-05,esm2_t12_35M_UR50D
XP_017212968,XP_056336335,0.00017780065536499023,esm2_t12_35M_UR50D
NP_001108158,XP_056316571,9.709596633911133e-05,esm2_t12_35M_UR50D
XP_021334253,XP_056321492,0.0001951456069946289,esm2_t12_35M_UR50D
XP_005159195,XP_056333785,9.828805923461914e-05,esm2_t12_35M_UR50D
XP_005163024,XP_056308086,9.524822235107422e-05,esm2_t12_35M_UR50D
XP_005173283,XP_056328096,0.00014346837997436523,esm2_t12_35M_UR50D
XP_009305382,XP_056326347,0.00013631582260131836,esm2_t12_35M_UR50D
NP_001017549,XP_056321446,4.363059997558594e-05,esm2_t12_35M_UR50D
XP_073790947,XP_056302628,6.324052810668945e-05,esm2_t12_35M_UR50D
XP_700015,XP_056309882,0.00012958049774169922,esm2_t12_35M_UR50D
XP_021326214,XP_056307499,8.463859558105469e-05,esm2_t12_35M_UR50D
XP_073787985,XP_056336392,0.00015807151794433594,esm2_t12_35M_UR50D
XP_021329519,XP_056308187,0.00011748075485229492,esm2_t12_35M_UR50D
NP_001038499,XP_056335269,0.00011473894119262695,esm2_t12_35M_UR50D
NP_571158,XP_056302526,7.653236389160156e-05,esm2_t12_35M_UR50D
XP_017212964,XP_056336318,0.00017207860946655273,esm2_t12_35M_UR50D
XP_073790372,XP_056301900,9.572505950927734e-05,esm2_t12_35M_UR50D
XP_017212772,XP_056319669,7.271766662597656e-05,esm2_t12_35M_UR50D
NP_999874,XP_056337615,0.0001310110092163086,esm2_t12_35M_UR50D
XP_073797194,XP_056306208,9.72747802734375e-05,esm2_t12_35M_UR50D
XP_021330770,XP_056311687,6.377696990966797e-05,esm2_t12_35M_UR50D
XP_688089,XP_056303058,9.936094284057617e-05,esm2_t12_35M_UR50D
XP_073802051,XP_056312236,4.011392593383789e-05,esm2_t12_35M_UR50D
XP_073802047,XP_056312236,4.011392593383789e-05,esm2_t12_35M_UR50D
XP_005158753,XP_056332646,8.422136306762695e-05,esm2_t12_35M_UR50D
XP_009304466,XP_056323949,7.194280624389648e-05,esm2_t12_35M_UR50D
XP_009295324,XP_056305466,0.00011664628982543945,esm2_t12_35M_UR50D
NP_001124329,XP_056321492,0.00016582012176513672,esm2_t12_35M_UR50D
NP_957237,XP_056335149,6.014108657836914e-05,esm2_t12_35M_UR50D
XP_005167932,XP_056321803,0.00013774633407592773,esm2_t12_35M_UR50D
NP_001268922,XP_056317533,0.00014263391494750977,esm2_t12_35M_UR50D
NP_001315282,XP_056304865,0.00012630224227905273,esm2_t12_35M_UR50D
NP_001007314,XP_056324917,7.683038711547852e-05,esm2_t12_35M_UR50D
XP_021324360,XP_056337057,0.000265657901763916,esm2_t12_35M_UR50D
XP_073810071,XP_056315709,0.00012624263763427734,esm2_t12_35M_UR50D
XP_073799880,XP_056312633,9.626150131225586e-05,esm2_t12_35M_UR50D
NP_001014818,XP_056328295,7.724761962890625e-05,esm2_t12_35M_UR50D
XP_005156579,XP_056326290,0.00011229515075683594,esm2_t12_35M_UR50D
NP_956701,XP_056307737,4.792213439941406e-05,esm2_t12_35M_UR50D
XP_005166947,XP_056319884,0.0002487301826477051,esm2_t12_35M_UR50D
XP_073788784,XP_056336764,5.453824996948242e-05,esm2_t12_35M_UR50D
XP_009298659,XP_056311445,0.00015676021575927734,esm2_t12_35M_UR50D
XP_021335341,XP_056323962,0.0001024007797241211,esm2_t12_35M_UR50D
NP_001082974,XP_056333084,7.140636444091797e-05,esm2_t12_35M_UR50D
XP_009291236,XP_056332770,6.157159805297852e-05,esm2_t12_35M_UR50D
XP_005168535,XP_056309143,8.344650268554688e-05,esm2_t12_35M_UR50D
NP_001071075,XP_056328231,0.00013059377670288086,esm2_t12_35M_UR50D
XP_073785167,XP_056334922,0.00013458728790283203,esm2_t12_35M_UR50D
XP_021324356,XP_056337050,9.047985076904297e-05,esm2_t12_35M_UR50D
XP_073792659,XP_056309736,5.239248275756836e-05,esm2_t12_35M_UR50D
XP_021322301,XP_056331565,4.1425228118896484e-05,esm2_t12_35M_UR50D
XP_021337031,XP_056330309,5.835294723510742e-05,esm2_t12_35M_UR50D
XP_021324357,XP_056337051,8.273124694824219e-05,esm2_t12_35M_UR50D
XP_073789301,XP_056336746,0.0001366734504699707,esm2_t12_35M_UR50D
XP_005164250,XP_056309904,6.109476089477539e-05,esm2_t12_35M_UR50D
NP_957007,XP_056321505,7.319450378417969e-05,esm2_t12_35M_UR50D
XP_009302535,XP_056319096,0.00012665987014770508,esm2_t12_35M_UR50D
XP_005164173,XP_056309983,9.930133819580078e-05,esm2_t12_35M_UR50D
NP_001116327,XP_056307486,0.00010150671005249023,esm2_t12_35M_UR50D
XP_073810080,XP_056315711,0.0004042983055114746,esm2_t12_35M_UR50D
XP_073788498,XP_056336882,0.0001246929168701172,esm2_t12_35M_UR50D
XP_005160627,XP_056336883,0.0001246929168701172,esm2_t12_35M_UR50D
NP_001077045,XP_056329208,8.630752563476562e-05,esm2_t12_35M_UR50D
NP_998628,XP_056325223,9.185075759887695e-05,esm2_t12_35M_UR50D
XP_073808384,XP_056313955,4.4226646423339844e-05,esm2_t12_35M_UR50D
XP_684264,XP_056313955,4.4226646423339844e-05,esm2_t12_35M_UR50D
NP_571222,XP_056331185,0.00010484457015991211,esm2_t12_35M_UR50D
XP_073801040,XP_056310215,6.0498714447021484e-05,esm2_t12_35M_UR50D
NP_001116764,XP_056320024,0.00014901161193847656,esm2_t12_35M_UR50D
XP_693394,XP_056309245,6.365776062011719e-05,esm2_t12_35M_UR50D
XP_021329517,XP_056308184,7.104873657226562e-05,esm2_t12_35M_UR50D
NP_001038410,XP_056319906,9.369850158691406e-05,esm2_t12_35M_UR50D
NP_998521,XP_056332263,9.775161743164062e-05,esm2_t12_35M_UR50D
XP_073787546,XP_056335384,0.00011408329010009766,esm2_t12_35M_UR50D
XP_005173247,XP_056328607,9.1552734375e-05,esm2_t12_35M_UR50D
XP_073794842,XP_056305483,7.444620132446289e-05,esm2_t12_35M_UR50D
XP_073788309,XP_056337632,0.00017076730728149414,esm2_t12_35M_UR50D
XP_021326924,XP_056331728,7.778406143188477e-05,esm2_t12_35M_UR50D
NP_957275,XP_056327761,5.918741226196289e-05,esm2_t12_35M_UR50D
XP_073802989,XP_056312153,0.00011265277862548828,esm2_t12_35M_UR50D
XP_073810074,XP_056315711,0.00017571449279785156,esm2_t12_35M_UR50D
XP_697365,XP_056317467,0.00010001659393310547,esm2_t12_35M_UR50D
XP_005174261,XP_056306886,0.00015395879745483398,esm2_t12_35M_UR50D
NP_957168,XP_056325170,5.537271499633789e-05,esm2_t12_35M_UR50D
XP_005173170,XP_056327757,5.6803226470947266e-05,esm2_t12_35M_UR50D
XP_009292473,XP_056335152,6.99162483215332e-05,esm2_t12_35M_UR50D
NP_001025346,XP_056327055,8.696317672729492e-05,esm2_t12_35M_UR50D
XP_017208249,XP_056302718,9.036064147949219e-05,esm2_t12_35M_UR50D
XP_005171317,XP_056334571,0.00010639429092407227,esm2_t12_35M_UR50D
NP_001002333,XP_056328487,7.385015487670898e-05,esm2_t12_35M_UR50D
NP_001121818,XP_056319496,6.455183029174805e-05,esm2_t12_35M_UR50D
XP_698473,XP_056329412,0.0001887679100036621,esm2_t12_35M_UR50D
XP_005157530,XP_056329651,8.189678192138672e-05,esm2_t12_35M_UR50D
XP_073805961,XP_056314680,6.532669067382812e-05,esm2_t12_35M_UR50D
NP_001002330,XP_056309356,0.00011360645294189453,esm2_t12_35M_UR50D
XP_005172094,XP_056314844,8.83340835571289e-05,esm2_t12_35M_UR50D
XP_005172094,XP_056314843,8.83340835571289e-05,esm2_t12_35M_UR50D
XP_009293034,XP_056336993,9.28640365600586e-05,esm2_t12_35M_UR50D
XP_009292987,XP_056337571,8.422136306762695e-05,esm2_t12_35M_UR50D
XP_021331027,XP_056318845,0.00021946430206298828,esm2_t12_35M_UR50D
NP_001038407,XP_056337301,6.556510925292969e-05,esm2_t12_35M_UR50D
NP_001103954,XP_056303033,0.0002643465995788574,esm2_t12_35M_UR50D
NP_957166,XP_056326056,8.654594421386719e-05,esm2_t12_35M_UR50D
XP_005160594,XP_056336764,8.83340835571289e-05,esm2_t12_35M_UR50D
XP_005167171,XP_056319571,5.745887756347656e-05,esm2_t12_35M_UR50D
XP_073810415,XP_056316041,0.00026237964630126953,esm2_t12_35M_UR50D
NP_001038254,XP_056314088,0.00011640787124633789,esm2_t12_35M_UR50D
XP_021333146,XP_056317016,0.00012689828872680664,esm2_t12_35M_UR50D
XP_073794773,XP_056305370,9.709596633911133e-05,esm2_t12_35M_UR50D
NP_001032750,XP_056304106,5.239248275756836e-05,esm2_t12_35M_UR50D
XP_009298429,XP_056311806,6.908178329467773e-05,esm2_t12_35M_UR50D
XP_009295153,XP_056305226,5.364418029785156e-05,esm2_t12_35M_UR50D
XP_009298423,XP_056311803,5.78761100769043e-05,esm2_t12_35M_UR50D
XP_001337205,XP_056317926,7.969141006469727e-05,esm2_t12_35M_UR50D
XP_073787244,XP_056335520,8.952617645263672e-05,esm2_t12_35M_UR50D
XP_073788724,XP_056337163,3.2007694244384766e-05,esm2_t12_35M_UR50D
NP_958447,XP_056302276,0.00016188621520996094,esm2_t12_35M_UR50D
XP_009297657,XP_056309342,9.125471115112305e-05,esm2_t12_35M_UR50D
XP_073809342,XP_056315308,4.70280647277832e-05,esm2_t12_35M_UR50D
XP_009292908,XP_056336795,9.310245513916016e-05,esm2_t12_35M_UR50D
XP_009301752,XP_056318910,0.00010889768600463867,esm2_t12_35M_UR50D
XP_073801015,XP_056309964,0.0008046627044677734,esm2_t12_35M_UR50D
NP_001313429,XP_056332138,5.120038986206055e-05,esm2_t12_35M_UR50D
NP_956213,XP_056314609,1.0251998901367188e-05,esm2_t12_35M_UR50D
XP_073794468,XP_056304996,0.00013899803161621094,esm2_t12_35M_UR50D
XP_017208906,XP_056303301,0.0001195669174194336,esm2_t12_35M_UR50D
NP_957154,XP_056330492,4.982948303222656e-05,esm2_t12_35M_UR50D
XP_073805959,XP_056314681,6.03795051574707e-05,esm2_t12_35M_UR50D
XP_005167521,XP_056320739,9.059906005859375e-05,esm2_t12_35M_UR50D
XP_001333273,XP_056332795,7.790327072143555e-05,esm2_t12_35M_UR50D
XP_005174158,XP_056305071,6.306171417236328e-05,esm2_t12_35M_UR50D
XP_073788744,XP_056337168,2.968311309814453e-05,esm2_t12_35M_UR50D
XP_021334979,XP_056322151,6.592273712158203e-05,esm2_t12_35M_UR50D
XP_021329522,XP_056308190,7.647275924682617e-05,esm2_t12_35M_UR50D
XP_005163107,XP_056307671,3.3020973205566406e-05,esm2_t12_35M_UR50D
XP_009301359,XP_056317129,3.141164779663086e-05,esm2_t12_35M_UR50D
XP_005173151,XP_056328636,9.059906005859375e-05,esm2_t12_35M_UR50D
XP_017213227,XP_056320660,0.00024110078811645508,esm2_t12_35M_UR50D
XP_073791585,XP_056309731,9.453296661376953e-05,esm2_t12_35M_UR50D
XP_021334178,XP_056319006,5.608797073364258e-05,esm2_t12_35M_UR50D
XP_005166503,XP_056317950,5.608797073364258e-05,esm2_t12_35M_UR50D
XP_021330286,XP_056316198,7.522106170654297e-05,esm2_t12_35M_UR50D
NP_957203,XP_056314199,5.125999450683594e-05,esm2_t12_35M_UR50D
NP_998655,XP_056327724,5.322694778442383e-05,esm2_t12_35M_UR50D
XP_696967,XP_056309788,4.029273986816406e-05,esm2_t12_35M_UR50D
XP_005166651,XP_056318282,5.817413330078125e-05,esm2_t12_35M_UR50D
NP_001076307,XP_056301969,6.139278411865234e-05,esm2_t12_35M_UR50D
XP_009297857,XP_056309733,7.265806198120117e-05,esm2_t12_35M_UR50D
XP_005170542,XP_056303223,7.510185241699219e-05,esm2_t12_35M_UR50D
XP_009295103,XP_056304907,8.887052536010742e-05,esm2_t12_35M_UR50D
XP_009305639,XP_056326576,7.700920104980469e-05,esm2_t12_35M_UR50D
XP_017210541,XP_056311640,9.834766387939453e-05,esm2_t12_35M_UR50D
NP_571039,XP_056318807,4.953145980834961e-05,esm2_t12_35M_UR50D
NP_001073170,XP_056314565,0.0002231001853942871,esm2_t12_35M_UR50D
XP_005161646,XP_056303220,0.00011086463928222656,esm2_t12_35M_UR50D
XP_005162281,XP_056304788,6.92605972290039e-05,esm2_t12_35M_UR50D
XP_009293036,XP_056336989,0.00011485815048217773,esm2_t12_35M_UR50D
NP_001038179,XP_056335710,2.9146671295166016e-05,esm2_t12_35M_UR50D
NP_001002562,XP_056302112,0.00011038780212402344,esm2_t12_35M_UR50D
XP_073803244,XP_056316571,9.709596633911133e-05,esm2_t12_35M_UR50D
XP_073803244,XP_056316580,9.709596633911133e-05,esm2_t12_35M_UR50D
XP_073803243,XP_056316571,9.709596633911133e-05,esm2_t12_35M_UR50D
NP_997760,XP_056336204,7.915496826171875e-05,esm2_t12_35M_UR50D
XP_001337404,XP_056317981,0.00015413761138916016,esm2_t12_35M_UR50D
XP_005160097,XP_056312655,8.088350296020508e-05,esm2_t12_35M_UR50D
NP_571056,XP_056334500,0.00013828277587890625,esm2_t12_35M_UR50D
NP_955896,XP_056318641,8.732080459594727e-05,esm2_t12_35M_UR50D
XP_073786291,XP_056334802,4.0650367736816406e-05,esm2_t12_35M_UR50D
XP_021323530,XP_056335920,5.84721565246582e-05,esm2_t12_35M_UR50D
XP_021324141,XP_056301516,7.033348083496094e-05,esm2_t12_35M_UR50D
NP_778258,XP_056333812,4.661083221435547e-05,esm2_t12_35M_UR50D
XP_002665395,XP_056334762,2.9206275939941406e-05,esm2_t12_35M_UR50D
XP_005171029,XP_056312603,9.262561798095703e-05,esm2_t12_35M_UR50D
XP_001345114,XP_056302607,5.316734313964844e-05,esm2_t12_35M_UR50D
XP_021334426,XP_056335361,9.387731552124023e-05,esm2_t12_35M_UR50D
NP_955891,XP_056337088,7.069110870361328e-05,esm2_t12_35M_UR50D
XP_005165827,XP_056315540,5.042552947998047e-05,esm2_t12_35M_UR50D
NP_001074171,XP_056337555,3.081560134887695e-05,esm2_t12_35M_UR50D
XP_009293035,XP_056336992,6.967782974243164e-05,esm2_t12_35M_UR50D
XP_021332861,XP_056316101,0.007037937641143799,esm2_t12_35M_UR50D
NP_001007435,XP_056309678,8.004903793334961e-05,esm2_t12_35M_UR50D
XP_005165191,XP_056313681,6.604194641113281e-05,esm2_t12_35M_UR50D
NP_001122238,XP_056314113,5.882978439331055e-05,esm2_t12_35M_UR50D
XP_073786633,XP_056335702,3.141164779663086e-05,esm2_t12_35M_UR50D
XP_073786632,XP_056335702,3.141164779663086e-05,esm2_t12_35M_UR50D
XP_005165205,XP_056313487,4.3511390686035156e-05,esm2_t12_35M_UR50D
XP_009295647,XP_056306777,5.179643630981445e-05,esm2_t12_35M_UR50D
NP_001001889,XP_056335154,6.014108657836914e-05,esm2_t12_35M_UR50D
XP_009292375,XP_056336017,0.00010728836059570312,esm2_t12_35M_UR50D
XP_073799416,XP_056307619,0.00012260675430297852,esm2_t12_35M_UR50D
NP_001018370,XP_056332144,6.0558319091796875e-05,esm2_t12_35M_UR50D
XP_073786625,XP_056335701,3.069639205932617e-05,esm2_t12_35M_UR50D
XP_005163348,XP_056329700,8.565187454223633e-05,esm2_t12_35M_UR50D
XP_009298079,XP_056309082,0.00012946128845214844,esm2_t12_35M_UR50D
XP_005157853,XP_056330318,5.799531936645508e-05,esm2_t12_35M_UR50D
XP_073809257,XP_056316340,0.00020992755889892578,esm2_t12_35M_UR50D
XP_073809248,XP_056316340,0.00020992755889892578,esm2_t12_35M_UR50D
XP_005172350,XP_056317331,4.2498111724853516e-05,esm2_t12_35M_UR50D
XP_073805957,XP_056314680,6.306171417236328e-05,esm2_t12_35M_UR50D
NP_001296760,XP_056333905,4.673004150390625e-05,esm2_t12_35M_UR50D
XP_009304936,XP_056317320,6.711483001708984e-05,esm2_t12_35M_UR50D
NP_001116750,XP_056334431,3.045797348022461e-05,esm2_t12_35M_UR50D
NP_001191083,XP_056302560,3.069639205932617e-05,esm2_t12_35M_UR50D
XP_005170755,XP_056307491,0.00018340349197387695,esm2_t12_35M_UR50D
XP_073794088,XP_056304845,8.809566497802734e-05,esm2_t12_35M_UR50D
XP_021323665,XP_056335695,2.7298927307128906e-05,esm2_t12_35M_UR50D
NP_001292496,XP_056332767,9.375810623168945e-05,esm2_t12_35M_UR50D
XP_021324037,XP_056337085,2.759695053100586e-05,esm2_t12_35M_UR50D
XP_005173299,XP_056327629,4.756450653076172e-05,esm2_t12_35M_UR50D
XP_073785725,XP_056333915,2.193450927734375e-05,esm2_t12_35M_UR50D
XP_073802654,XP_056311689,2.8014183044433594e-05,esm2_t12_35M_UR50D
XP_021324672,XP_056309269,3.36766242980957e-05,esm2_t12_35M_UR50D
XP_009302369,XP_056319257,4.6372413635253906e-05,esm2_t12_35M_UR50D
NP_991119,XP_056323359,3.635883331298828e-05,esm2_t12_35M_UR50D
XP_073791603,XP_056321118,5.5670738220214844e-05,esm2_t12_35M_UR50D
NP_938152,XP_056309298,9.042024612426758e-05,esm2_t12_35M_UR50D
XP_001333587,XP_056333313,4.029273986816406e-05,esm2_t12_35M_UR50D
NP_001296394,XP_056312462,3.081560134887695e-05,esm2_t12_35M_UR50D
XP_073785378,XP_056334730,2.2709369659423828e-05,esm2_t12_35M_UR50D
NP_998088,XP_056317014,4.786252975463867e-05,esm2_t12_35M_UR50D
XP_073797834,XP_056309615,1.9848346710205078e-05,esm2_t12_35M_UR50D
XP_073797832,XP_056309615,1.990795135498047e-05,esm2_t12_35M_UR50D
XP_073797882,XP_056309617,2.0742416381835938e-05,esm2_t12_35M_UR50D
XP_073802030,XP_056311561,6.347894668579102e-05,esm2_t12_35M_UR50D
XP_021324481,XP_056302117,4.4286251068115234e-05,esm2_t12_35M_UR50D
XP_009295532,XP_056306204,0.000268399715423584,esm2_t12_35M_UR50D
XP_005168948,XP_056317600,2.6106834411621094e-05,esm2_t12_35M_UR50D
XP_021329438,XP_056307173,1.901388168334961e-05,esm2_t12_35M_UR50D
XP_005164162,XP_056309853,5.435943603515625e-05,esm2_t12_35M_UR50D
XP_073798816,XP_056307698,4.51207160949707e-05,esm2_t12_35M_UR50D
XP_073798394,XP_056307791,3.9517879486083984e-05,esm2_t12_35M_UR50D
XP_686077,XP_056305672,4.07099723815918e-05,esm2_t12_35M_UR50D
XP_073802457,XP_056319378,4.7147274017333984e-05,esm2_t12_35M_UR50D
XP_073793421,XP_056309227,4.494190216064453e-05,esm2_t12_35M_UR50D
XP_021326032,XP_056306492,1.9490718841552734e-05,esm2_t12_35M_UR50D
XP_073802348,XP_056319350,3.921985626220703e-05,esm2_t12_35M_UR50D
XP_017209404,XP_056306491,1.8715858459472656e-05,esm2_t12_35M_UR50D
NP_998664,XP_056312497,3.3915042877197266e-05,esm2_t12_35M_UR50D
XP_009299818,XP_056313939,5.9545040130615234e-05,esm2_t12_35M_UR50D
XP_021324176,XP_056301255,2.7894973754882812e-05,esm2_t12_35M_UR50D
XP_009295738,XP_056306125,3.820657730102539e-05,esm2_t12_35M_UR50D
XP_009301473,XP_056317642,3.886222839355469e-05,esm2_t12_35M_UR50D
NP_956021,XP_056337474,2.6106834411621094e-05,esm2_t12_35M_UR50D
NP_571446,XP_056313661,7.075071334838867e-05,esm2_t12_35M_UR50D
NP_001070794,XP_056302270,2.5451183319091797e-05,esm2_t12_35M_UR50D
XP_005160955,XP_056301492,1.996755599975586e-05,esm2_t12_35M_UR50D
XP_005162836,XP_056306464,3.1054019927978516e-05,esm2_t12_35M_UR50D
NP_001417783,XP_056332556,4.297494888305664e-05,esm2_t12_35M_UR50D
XP_005159285,XP_056334726,1.8775463104248047e-05,esm2_t12_35M_UR50D
XP_009290696,XP_056330606,1.9669532775878906e-05,esm2_t12_35M_UR50D
XP_021332671,XP_056315487,2.6404857635498047e-05,esm2_t12_35M_UR50D
NP_001165056,XP_056321634,2.6226043701171875e-05,esm2_t12_35M_UR50D
NP_956841,XP_056322388,2.676248550415039e-05,esm2_t12_35M_UR50D
XP_009300481,XP_056315550,1.9848346710205078e-05,esm2_t12_35M_UR50D
XP_073788438,XP_056336736,1.9431114196777344e-05,esm2_t12_35M_UR50D
XP_005166906,XP_056319973,9.655952453613281e-06,esm2_t12_35M_UR50D
XP_005157040,XP_056327056,3.606081008911133e-05,esm2_t12_35M_UR50D
NP_001154956,XP_056312856,4.988908767700195e-05,esm2_t12_35M_UR50D
XP_005166474,XP_056317927,1.9311904907226562e-05,esm2_t12_35M_UR50D
XP_073799045,XP_056307413,2.0205974578857422e-05,esm2_t12_35M_UR50D
XP_017208907,XP_056303306,3.2067298889160156e-05,esm2_t12_35M_UR50D
NP_853634,XP_056309276,1.9729137420654297e-05,esm2_t12_35M_UR50D
XP_073789399,XP_056337080,1.4185905456542969e-05,esm2_t12_35M_UR50D
XP_009302835,XP_056320947,1.5735626220703125e-05,esm2_t12_35M_UR50D
XP_021326164,XP_056309855,2.3543834686279297e-05,esm2_t12_35M_UR50D
XP_073798173,XP_056308177,1.436471939086914e-05,esm2_t12_35M_UR50D
XP_009305177,XP_056324946,1.1861324310302734e-05,esm2_t12_35M_UR50D
NP_001018326,XP_056332652,1.5020370483398438e-05,esm2_t12_35M_UR50D
XP_003197917,XP_056332951,1.2814998626708984e-05,esm2_t12_35M_UR50D
XP_005162485,XP_056323166,8.881092071533203e-06,esm2_t12_35M_UR50D
XP_009301701,XP_056318014,1.1265277862548828e-05,esm2_t12_35M_UR50D
XP_009302831,XP_056320943,1.9669532775878906e-05,esm2_t12_35M_UR50D
XP_073800460,XP_056309351,1.8298625946044922e-05,esm2_t12_35M_UR50D
XP_001921020,XP_056309351,1.8298625946044922e-05,esm2_t12_35M_UR50D
XP_021332522,XP_056316113,9.5367431640625e-06,esm2_t12_35M_UR50D
XP_009301470,XP_056317632,1.537799835205078e-05,esm2_t12_35M_UR50D
NP_001019600,XP_056323966,6.67572021484375e-06,esm2_t12_35M_UR50D
XP_073806684,XP_056313419,7.927417755126953e-06,esm2_t12_35M_UR50D
XP_009295129,XP_056327170,5.066394805908203e-06,esm2_t12_35M_UR50D
NP_001300770,XP_056314296,2.0265579223632812e-06,esm2_t12_35M_UR50D
XP_005163697,XP_056302037,3.7550926208496094e-06,esm2_t12_35M_UR50D
XP_005169340,XP_056324030,4.589557647705078e-06,esm2_t12_35M_UR50D
XP_005170056,XP_056336158,-1.1920928955078125e-07,esm2_t12_35M_UR50D
XP_005159024,XP_056333181,0.0,esm2_t12_35M_UR50D
NP_001003494,XP_056331685,0.0,esm2_t12_35M_UR50D
XP_005173695,XP_056334480,0.0,esm2_t12_35M_UR50D
NP_001006087,XP_056325989,5.960464477539063e-08,esm2_t12_35M_UR50D
NP_001034926,XP_056325599,0.0006275177001953125,esm2_t12_35M_UR50D
NP_001038787,XP_056308208,0.0,esm2_t12_35M_UR50D
XP_021332966,XP_056316465,5.960464477539063e-08,esm2_t12_35M_UR50D
XP_073794851,XP_056305798,-1.1920928955078125e-07,esm2_t12_35M_UR50D
XP_073798357,XP_056318060,0.0,esm2_t12_35M_UR50D
NP_001002519,XP_056313007,0.0,esm2_t12_35M_UR50D
NP_998516,XP_056329407,1.1920928955078125e-07,esm2_t12_35M_UR50D
NP_001373648,XP_056318483,-1.1920928955078125e-07,esm2_t12_35M_UR50D
NP_956376,XP_056337219,1.1920928955078125e-07,esm2_t12_35M_UR50D
NP_957191,XP_056312188,-1.1920928955078125e-07,esm2_t12_35M_UR50D
NP_001032320,XP_056304066,0.0,esm2_t12_35M_UR50D
XP_017208628,XP_056304067,0.0,esm2_t12_35M_UR50D
XP_009296449,XP_056307639,5.960464477539063e-08,esm2_t12_35M_UR50D
XP_009292978,XP_056301423,-1.1920928955078125e-07,esm2_t12_35M_UR50D
NP_001019591,XP_056303061,0.0,esm2_t12_35M_UR50D
XP_073795877,XP_056305951,-1.1920928955078125e-07,esm2_t12_35M_UR50D
NP_001071211,XP_056307497,-1.1920928955078125e-07,esm2_t12_35M_UR50D
NP_001373678,XP_056316899,0.0,esm2_t12_35M_UR50D
NP_001307335,XP_056324910,0.0,esm2_t12_35M_UR50D
NP_956239,XP_056319045,-1.1920928955078125e-07,esm2_t12_35M_UR50D
XP_073796658,XP_056306415,0.0,esm2_t12_35M_UR50D
XP_021333835,XP_056319525,-1.1920928955078125e-07,esm2_t12_35M_UR50D
XP_005162697,XP_056307004,5.960464477539063e-08,esm2_t12_35M_UR50D
NP_001373579,XP_056318488,-1.1920928955078125e-07,esm2_t12_35M_UR50D
NP_001410239,XP_056316894,-1.1920928955078125e-07,esm2_t12_35M_UR50D
XP_005160093,XP_056312651,0.0,esm2_t12_35M_UR50D
XP_073799540,XP_056312889,-1.1920928955078125e-07,esm2_t12_35M_UR50D
XP_073799484,XP_056316909,-1.1920928955078125e-07,esm2_t12_35M_UR50D
NP_001373579,XP_056318492,-1.1920928955078125e-07,esm2_t12_35M_UR50D
XP_017209642,XP_056316909,-1.1920928955078125e-07,esm2_t12_35M_UR50D
NP_001099176,XP_056308344,-1.1920928955078125e-07,esm2_t12_35M_UR50D
NP_001083038,XP_056308342,-1.1920928955078125e-07,esm2_t12_35M_UR50D
NP_001373604,XP_056316916,-1.1920928955078125e-07,esm2_t12_35M_UR50D
NP_001107268,XP_056332702,-1.1920928955078125e-07,esm2_t12_35M_UR50D
XP_073792592,XP_056304068,-1.1920928955078125e-07,esm2_t12_35M_UR50D
NP_001013489,XP_056328513,0.0,esm2_t12_35M_UR50D
XP_073799484,XP_056316911,-1.1920928955078125e-07,esm2_t12_35M_UR50D
XP_009301164,XP_056318491,-1.1920928955078125e-07,esm2_t12_35M_UR50D
XP_005164636,XP_056311938,0.0,esm2_t12_35M_UR50D
NP_001083038,XP_056316912,-1.1920928955078125e-07,esm2_t12_35M_UR50D
NP_001093643,XP_056316892,-1.1920928955078125e-07,esm2_t12_35M_UR50D
NP_956840,XP_056329506,1.1920928955078125e-07,esm2_t12_35M_UR50D
XP_002662243,XP_056316916,-1.1920928955078125e-07,esm2_t12_35M_UR50D
XP_002666964,XP_056316912,-1.1920928955078125e-07,esm2_t12_35M_UR50D
XP_073786745,XP_056335510,0.0,esm2_t12_35M_UR50D
XP_009301181,XP_056318489,-1.1920928955078125e-07,esm2_t12_35M_UR50D
XP_021334846,XP_056323087,0.0,esm2_t12_35M_UR50D
XP_073794656,XP_056304797,0.0,esm2_t12_35M_UR50D
XP_688359,XP_056318100,0.0,esm2_t12_35M_UR50D
NP_001025171,XP_056329507,0.0,esm2_t12_35M_UR50D
NP_997774,XP_056320548,1.1920928955078125e-07,esm2_t12_35M_UR50D
NP_999868,XP_056301706,0.0,esm2_t12_35M_UR50D
NP_997859,XP_056311844,0.0,esm2_t12_35M_UR50D
NP_571338,XP_056335427,-1.1920928955078125e-07,esm2_t12_35M_UR50D
NP_001002152,XP_056319472,0.0,esm2_t12_35M_UR50D
XP_009291805,XP_056333801,0.0,esm2_t12_35M_UR50D
NP_571291,XP_056330354,0.0,esm2_t12_35M_UR50D
NP_998200,XP_056309447,1.1920928955078125e-07,esm2_t12_35M_UR50D
NP_998643,XP_056313486,0.0,esm2_t12_35M_UR50D
XP_073808506,XP_056315114,0.0,esm2_t12_35M_UR50D
NP_001002079,XP_056318796,0.0,esm2_t12_35M_UR50D
XP_073805830,XP_056313995,-1.1920928955078125e-07,esm2_t12_35M_UR50D
NP_956228,XP_056314574,0.0,esm2_t12_35M_UR50D
XP_005170626,XP_056305859,5.960464477539063e-08,esm2_t12_35M_UR50D
XP_001339262,XP_056328028,1.1920928955078125e-07,esm2_t12_35M_UR50D
XP_073801676,XP_056311498,5.960464477539063e-08,esm2_t12_35M_UR50D
NP_001315436,XP_056306361,5.960464477539063e-08,esm2_t12_35M_UR50D
NP_001159626,XP_056327787,0.0,esm2_t12_35M_UR50D
NP_957424,XP_056309301,0.0,esm2_t12_35M_UR50D
XP_021334608,XP_056331599,-1.1920928955078125e-07,esm2_t12_35M_UR50D
NP_001004672,XP_056318823,-1.1920928955078125e-07,esm2_t12_35M_UR50D
XP_073788666,XP_056337621,0.0,esm2_t12_35M_UR50D
NP_001373300,XP_056316902,0.0,esm2_t12_35M_UR50D
NP_001002708,XP_056315045,0.0,esm2_t12_35M_UR50D
NP_001003755,XP_056307633,-1.1920928955078125e-07,esm2_t12_35M_UR50D
XP_683865,XP_056309606,0.0,esm2_t12_35M_UR50D
XP_003201047,XP_056303927,0.0,esm2_t12_35M_UR50D
XP_009304940,XP_056317371,0.0,esm2_t12_35M_UR50D
XP_005167867,XP_056321585,1.1920928955078125e-07,esm2_t12_35M_UR50D
XP_021335874,XP_056336651,-1.1920928955078125e-07,esm2_t12_35M_UR50D
NP_955842,XP_056323158,0.0,esm2_t12_35M_UR50D
NP_997745,XP_056304103,0.0,esm2_t12_35M_UR50D
XP_017207140,XP_056333340,0.0,esm2_t12_35M_UR50D
XP_017209293,XP_056306361,5.960464477539063e-08,esm2_t12_35M_UR50D
NP_991120,XP_056331593,0.0,esm2_t12_35M_UR50D
NP_001417902,XP_056317398,-1.1920928955078125e-07,esm2_t12_35M_UR50D
XP_009292216,XP_056336065,-1.1920928955078125e-07,esm2_t12_35M_UR50D
NP_001002061,XP_056309531,0.0,esm2_t12_35M_UR50D
NP_001002397,XP_056334337,0.0,esm2_t12_35M_UR50D
NP_001007399,XP_056333477,1.1920928955078125e-07,esm2_t12_35M_UR50D
NP_956796,XP_056315389,0.0,esm2_t12_35M_UR50D
NP_001070182,XP_056301898,0.0,esm2_t12_35M_UR50D
NP_942113,XP_056331228,0.0,esm2_t12_35M_UR50D
XP_009289352,XP_056327699,5.960464477539063e-08,esm2_t12_35M_UR50D
XP_689050,XP_056329641,0.0,esm2_t12_35M_UR50D
NP_001009898,XP_056313311,5.960464477539063e-08,esm2_t12_35M_UR50D
NP_001013481,XP_056316907,0.0,esm2_t12_35M_UR50D
XP_005158227,XP_056331482,-1.1920928955078125e-07,esm2_t12_35M_UR50D
NP_001015058,XP_056325466,0.0,esm2_t12_35M_UR50D
XP_002663478,XP_056321954,5.960464477539063e-08,esm2_t12_35M_UR50D
NP_001037783,XP_056327271,0.0,esm2_t12_35M_UR50D
NP_571255,XP_056314443,1.1920928955078125e-07,esm2_t12_35M_UR50D
NP_991254,XP_056319402,0.0,esm2_t12_35M_UR50D
XP_009303285,XP_056321953,5.960464477539063e-08,esm2_t12_35M_UR50D
XP_005159468,XP_056335580,0.0,esm2_t12_35M_UR50D
XP_009296895,XP_056333596,-1.1920928955078125e-07,esm2_t12_35M_UR50D
XP_005156465,XP_056324948,0.0,esm2_t12_35M_UR50D
NP_998415,XP_056326033,0.0,esm2_t12_35M_UR50D
NP_998142,XP_056308914,-1.1920928955078125e-07,esm2_t12_35M_UR50D
XP_005163564,XP_056333580,0.0,esm2_t12_35M_UR50D
XP_002666990,XP_056316907,0.0,esm2_t12_35M_UR50D
XP_005163563,XP_056333580,0.0,esm2_t12_35M_UR50D
XP_073794291,XP_056329234,0.0,esm2_t12_35M_UR50D
XP_005174365,XP_056308236,0.0,esm2_t12_35M_UR50D
NP_956297,XP_056308304,0.0,esm2_t12_35M_UR50D
NP_001289715,XP_056302564,5.960464477539063e-08,esm2_t12_35M_UR50D
XP_691726,XP_056331575,0.0,esm2_t12_35M_UR50D
