zebrafish_id,aescallii_id,esm2_cosine_distance,model
XP_073800755,XP_056308722,0.4562256336212158,esm2_t6_8M_UR50D
XP_073802884,XP_056312358,0.10302352905273438,esm2_t6_8M_UR50D
XP_073799587,XP_056316887,0.29252737760543823,esm2_t6_8M_UR50D
XP_005162934,XP_056306558,0.2890891432762146,esm2_t6_8M_UR50D
NP_001020468,XP_056306558,0.2887306213378906,esm2_t6_8M_UR50D
XP_073796138,XP_056306558,0.2887307405471802,esm2_t6_8M_UR50D
XP_073805509,XP_056317440,0.0005134344100952148,esm2_t6_8M_UR50D
XP_073805507,XP_056317440,0.00032848119735717773,esm2_t6_8M_UR50D
XP_073805506,XP_056317440,0.000513613224029541,esm2_t6_8M_UR50D
NP_001098605,XP_056321319,0.23182731866836548,esm2_t6_8M_UR50D
XP_005162934,XP_056307122,0.21801239252090454,esm2_t6_8M_UR50D
NP_001020468,XP_056307122,0.21735107898712158,esm2_t6_8M_UR50D
XP_073796138,XP_056307122,0.21735113859176636,esm2_t6_8M_UR50D
NP_001077333,XP_056322046,0.21670573949813843,esm2_t6_8M_UR50D
XP_073795535,XP_056305543,0.18987709283828735,esm2_t6_8M_UR50D
XP_073789377,XP_056336569,0.00022852420806884766,esm2_t6_8M_UR50D
XP_073789379,XP_056336569,0.00034481287002563477,esm2_t6_8M_UR50D
XP_073789378,XP_056336569,0.00027173757553100586,esm2_t6_8M_UR50D
XP_073789376,XP_056336569,0.0003350377082824707,esm2_t6_8M_UR50D
XP_073789375,XP_056336569,0.0003350377082824707,esm2_t6_8M_UR50D
XP_073799314,XP_056307366,0.15778428316116333,esm2_t6_8M_UR50D
XP_073810441,XP_056316142,4.00543212890625e-05,esm2_t6_8M_UR50D
NP_001035388,XP_056302862,0.14412206411361694,esm2_t6_8M_UR50D
XP_073806762,XP_056314267,0.00031369924545288086,esm2_t6_8M_UR50D
XP_073806743,XP_056309459,0.13649940490722656,esm2_t6_8M_UR50D
XP_073806762,XP_056314268,7.742643356323242e-05,esm2_t6_8M_UR50D
XP_073794610,XP_056304885,4.7147274017333984e-05,esm2_t6_8M_UR50D
XP_073794611,XP_056304885,5.179643630981445e-05,esm2_t6_8M_UR50D
XP_073794604,XP_056304885,5.179643630981445e-05,esm2_t6_8M_UR50D
XP_073794605,XP_056304885,4.7147274017333984e-05,esm2_t6_8M_UR50D
XP_073794608,XP_056304885,5.179643630981445e-05,esm2_t6_8M_UR50D
XP_073794606,XP_056304885,4.7147274017333984e-05,esm2_t6_8M_UR50D
XP_073794609,XP_056304885,5.179643630981445e-05,esm2_t6_8M_UR50D
XP_073794603,XP_056304885,5.179643630981445e-05,esm2_t6_8M_UR50D
XP_073801131,XP_056310103,0.22490453720092773,esm2_t6_8M_UR50D
XP_073801132,XP_056310103,0.1385478973388672,esm2_t6_8M_UR50D
XP_073794615,XP_056304882,8.553266525268555e-05,esm2_t6_8M_UR50D
XP_073794618,XP_056304882,7.957220077514648e-05,esm2_t6_8M_UR50D
XP_073794616,XP_056304882,7.957220077514648e-05,esm2_t6_8M_UR50D
XP_073794613,XP_056304882,8.553266525268555e-05,esm2_t6_8M_UR50D
XP_073794614,XP_056304882,7.957220077514648e-05,esm2_t6_8M_UR50D
XP_073794597,XP_056304882,7.957220077514648e-05,esm2_t6_8M_UR50D
XP_073794596,XP_056304882,8.553266525268555e-05,esm2_t6_8M_UR50D
XP_073794598,XP_056304882,8.553266525268555e-05,esm2_t6_8M_UR50D
XP_073794602,XP_056304882,7.957220077514648e-05,esm2_t6_8M_UR50D
XP_073794612,XP_056304882,7.957220077514648e-05,esm2_t6_8M_UR50D
XP_073794600,XP_056304882,7.957220077514648e-05,esm2_t6_8M_UR50D
XP_073794601,XP_056304882,8.553266525268555e-05,esm2_t6_8M_UR50D
XP_073794599,XP_056304882,8.553266525268555e-05,esm2_t6_8M_UR50D
XP_073794593,XP_056304882,8.553266525268555e-05,esm2_t6_8M_UR50D
XP_073794594,XP_056304882,8.553266525268555e-05,esm2_t6_8M_UR50D
XP_073794595,XP_056304882,8.553266525268555e-05,esm2_t6_8M_UR50D
XP_073794617,XP_056304884,8.553266525268555e-05,esm2_t6_8M_UR50D
XP_073794602,XP_056304884,7.957220077514648e-05,esm2_t6_8M_UR50D
XP_073794612,XP_056304884,7.957220077514648e-05,esm2_t6_8M_UR50D
XP_073794616,XP_056304884,7.957220077514648e-05,esm2_t6_8M_UR50D
XP_073794594,XP_056304884,8.553266525268555e-05,esm2_t6_8M_UR50D
XP_073794615,XP_056304884,8.553266525268555e-05,esm2_t6_8M_UR50D
XP_073794618,XP_056304884,7.957220077514648e-05,esm2_t6_8M_UR50D
XP_073794614,XP_056304884,7.957220077514648e-05,esm2_t6_8M_UR50D
XP_073794598,XP_056304884,8.553266525268555e-05,esm2_t6_8M_UR50D
XP_073794599,XP_056304884,8.553266525268555e-05,esm2_t6_8M_UR50D
XP_073794595,XP_056304884,8.553266525268555e-05,esm2_t6_8M_UR50D
XP_073794613,XP_056304884,8.553266525268555e-05,esm2_t6_8M_UR50D
XP_073794600,XP_056304884,7.957220077514648e-05,esm2_t6_8M_UR50D
XP_073794596,XP_056304884,8.553266525268555e-05,esm2_t6_8M_UR50D
XP_073794601,XP_056304884,8.553266525268555e-05,esm2_t6_8M_UR50D
XP_073794597,XP_056304884,7.957220077514648e-05,esm2_t6_8M_UR50D
XP_073794593,XP_056304884,8.553266525268555e-05,esm2_t6_8M_UR50D
XP_073794616,XP_056304883,7.957220077514648e-05,esm2_t6_8M_UR50D
XP_073794615,XP_056304883,8.553266525268555e-05,esm2_t6_8M_UR50D
XP_073794614,XP_056304883,7.957220077514648e-05,esm2_t6_8M_UR50D
XP_073794617,XP_056304883,8.553266525268555e-05,esm2_t6_8M_UR50D
XP_073794598,XP_056304883,8.553266525268555e-05,esm2_t6_8M_UR50D
XP_073794593,XP_056304883,8.553266525268555e-05,esm2_t6_8M_UR50D
XP_073794602,XP_056304883,7.957220077514648e-05,esm2_t6_8M_UR50D
XP_073794597,XP_056304883,7.957220077514648e-05,esm2_t6_8M_UR50D
XP_073794599,XP_056304883,8.553266525268555e-05,esm2_t6_8M_UR50D
XP_073794596,XP_056304883,8.553266525268555e-05,esm2_t6_8M_UR50D
XP_073794594,XP_056304883,8.553266525268555e-05,esm2_t6_8M_UR50D
XP_073794600,XP_056304883,7.957220077514648e-05,esm2_t6_8M_UR50D
XP_073794601,XP_056304883,8.553266525268555e-05,esm2_t6_8M_UR50D
XP_073794612,XP_056304883,7.957220077514648e-05,esm2_t6_8M_UR50D
XP_073794595,XP_056304883,8.553266525268555e-05,esm2_t6_8M_UR50D
XP_073794613,XP_056304883,8.553266525268555e-05,esm2_t6_8M_UR50D
XP_073801132,XP_056310102,0.13165980577468872,esm2_t6_8M_UR50D
XP_073801131,XP_056310102,0.1914658546447754,esm2_t6_8M_UR50D
XP_073794594,XP_056304881,8.553266525268555e-05,esm2_t6_8M_UR50D
XP_073794597,XP_056304880,7.957220077514648e-05,esm2_t6_8M_UR50D
XP_073794602,XP_056304880,7.957220077514648e-05,esm2_t6_8M_UR50D
XP_073794612,XP_056304881,7.957220077514648e-05,esm2_t6_8M_UR50D
XP_073794593,XP_056304881,8.553266525268555e-05,esm2_t6_8M_UR50D
XP_073794614,XP_056304881,7.957220077514648e-05,esm2_t6_8M_UR50D
XP_073794614,XP_056304880,7.957220077514648e-05,esm2_t6_8M_UR50D
XP_073794616,XP_056304880,7.957220077514648e-05,esm2_t6_8M_UR50D
XP_073794617,XP_056304880,8.553266525268555e-05,esm2_t6_8M_UR50D
XP_073794617,XP_056304881,8.553266525268555e-05,esm2_t6_8M_UR50D
XP_073794615,XP_056304880,8.553266525268555e-05,esm2_t6_8M_UR50D
XP_073794616,XP_056304881,7.957220077514648e-05,esm2_t6_8M_UR50D
XP_073794601,XP_056304881,8.553266525268555e-05,esm2_t6_8M_UR50D
XP_073794598,XP_056304880,8.553266525268555e-05,esm2_t6_8M_UR50D
XP_073794596,XP_056304881,8.553266525268555e-05,esm2_t6_8M_UR50D
XP_073794601,XP_056304880,8.553266525268555e-05,esm2_t6_8M_UR50D
XP_073794602,XP_056304881,7.957220077514648e-05,esm2_t6_8M_UR50D
XP_073794598,XP_056304881,8.553266525268555e-05,esm2_t6_8M_UR50D
XP_073794597,XP_056304881,7.957220077514648e-05,esm2_t6_8M_UR50D
XP_073794599,XP_056304880,8.553266525268555e-05,esm2_t6_8M_UR50D
XP_073794596,XP_056304880,8.553266525268555e-05,esm2_t6_8M_UR50D
XP_073794600,XP_056304881,7.957220077514648e-05,esm2_t6_8M_UR50D
XP_073794600,XP_056304880,7.957220077514648e-05,esm2_t6_8M_UR50D
XP_073794593,XP_056304880,8.553266525268555e-05,esm2_t6_8M_UR50D
XP_073794599,XP_056304881,8.553266525268555e-05,esm2_t6_8M_UR50D
XP_073794594,XP_056304880,8.553266525268555e-05,esm2_t6_8M_UR50D
XP_073794595,XP_056304880,8.553266525268555e-05,esm2_t6_8M_UR50D
XP_073794595,XP_056304881,8.553266525268555e-05,esm2_t6_8M_UR50D
XP_073794613,XP_056304880,8.553266525268555e-05,esm2_t6_8M_UR50D
XP_073794615,XP_056304881,8.553266525268555e-05,esm2_t6_8M_UR50D
XP_073794612,XP_056304880,7.957220077514648e-05,esm2_t6_8M_UR50D
XP_073794613,XP_056304881,8.553266525268555e-05,esm2_t6_8M_UR50D
XP_073794615,XP_056304886,8.553266525268555e-05,esm2_t6_8M_UR50D
XP_073794614,XP_056304886,7.957220077514648e-05,esm2_t6_8M_UR50D
XP_073794618,XP_056304886,7.957220077514648e-05,esm2_t6_8M_UR50D
XP_073794616,XP_056304886,7.957220077514648e-05,esm2_t6_8M_UR50D
XP_073794602,XP_056304886,7.957220077514648e-05,esm2_t6_8M_UR50D
XP_073794593,XP_056304886,8.553266525268555e-05,esm2_t6_8M_UR50D
XP_073794613,XP_056304886,8.553266525268555e-05,esm2_t6_8M_UR50D
XP_073794599,XP_056304886,8.553266525268555e-05,esm2_t6_8M_UR50D
XP_073794595,XP_056304886,8.553266525268555e-05,esm2_t6_8M_UR50D
XP_073794598,XP_056304886,8.553266525268555e-05,esm2_t6_8M_UR50D
XP_073794617,XP_056304886,8.553266525268555e-05,esm2_t6_8M_UR50D
XP_073794612,XP_056304886,7.957220077514648e-05,esm2_t6_8M_UR50D
XP_073794594,XP_056304886,8.553266525268555e-05,esm2_t6_8M_UR50D
XP_073794601,XP_056304886,8.553266525268555e-05,esm2_t6_8M_UR50D
XP_073794600,XP_056304886,7.957220077514648e-05,esm2_t6_8M_UR50D
XP_073794596,XP_056304886,8.553266525268555e-05,esm2_t6_8M_UR50D
XP_073794597,XP_056304886,7.957220077514648e-05,esm2_t6_8M_UR50D
XP_073795758,XP_056304665,0.0009160637855529785,esm2_t6_8M_UR50D
XP_073803197,XP_056311848,0.0011110305786132812,esm2_t6_8M_UR50D
XP_073804780,XP_056310948,0.11992567777633667,esm2_t6_8M_UR50D
XP_005172209,XP_056318564,0.11814725399017334,esm2_t6_8M_UR50D
XP_005161694,XP_056303766,0.11071085929870605,esm2_t6_8M_UR50D
NP_001170806,XP_056313328,0.10537493228912354,esm2_t6_8M_UR50D
NP_001107111,XP_056308382,0.09984469413757324,esm2_t6_8M_UR50D
XP_699087,XP_056307214,0.10398828983306885,esm2_t6_8M_UR50D
XP_073803335,XP_056311413,0.00011426210403442383,esm2_t6_8M_UR50D
XP_073803336,XP_056311413,0.00011426210403442383,esm2_t6_8M_UR50D
XP_073803337,XP_056311413,0.00011426210403442383,esm2_t6_8M_UR50D
XP_073803335,XP_056311412,0.00011426210403442383,esm2_t6_8M_UR50D
XP_073803336,XP_056311412,0.00011426210403442383,esm2_t6_8M_UR50D
XP_073803337,XP_056311412,0.00011426210403442383,esm2_t6_8M_UR50D
XP_073792923,XP_056303811,0.0007250308990478516,esm2_t6_8M_UR50D
XP_073792923,XP_056303810,0.0008652210235595703,esm2_t6_8M_UR50D
XP_073803337,XP_056311414,0.00011426210403442383,esm2_t6_8M_UR50D
XP_073803336,XP_056311414,0.00011426210403442383,esm2_t6_8M_UR50D
XP_073803335,XP_056311414,0.00011426210403442383,esm2_t6_8M_UR50D
XP_073794998,XP_056305354,8.0108642578125e-05,esm2_t6_8M_UR50D
XP_073794997,XP_056305354,8.0108642578125e-05,esm2_t6_8M_UR50D
XP_073803334,XP_056311411,0.00012737512588500977,esm2_t6_8M_UR50D
XP_073803334,XP_056311408,0.00012737512588500977,esm2_t6_8M_UR50D
XP_073794997,XP_056305355,0.0001284480094909668,esm2_t6_8M_UR50D
XP_073794998,XP_056305355,0.0001284480094909668,esm2_t6_8M_UR50D
XP_073803334,XP_056311409,0.00012737512588500977,esm2_t6_8M_UR50D
XP_697727,XP_056332436,0.00042378902435302734,esm2_t6_8M_UR50D
XP_073795180,XP_056304941,0.00023752450942993164,esm2_t6_8M_UR50D
XP_073807185,XP_056314718,5.221366882324219e-05,esm2_t6_8M_UR50D
XP_073807186,XP_056314718,5.221366882324219e-05,esm2_t6_8M_UR50D
XP_073795178,XP_056304941,0.00011348724365234375,esm2_t6_8M_UR50D
XP_073795179,XP_056304941,0.0001259446144104004,esm2_t6_8M_UR50D
XP_073795177,XP_056304941,0.00016987323760986328,esm2_t6_8M_UR50D
XP_073803334,XP_056311410,0.00012737512588500977,esm2_t6_8M_UR50D
XP_073795177,XP_056304940,0.00011265277862548828,esm2_t6_8M_UR50D
XP_073795178,XP_056304940,0.00022029876708984375,esm2_t6_8M_UR50D
XP_073795179,XP_056304940,0.00020772218704223633,esm2_t6_8M_UR50D
XP_073795178,XP_056304938,0.00018739700317382812,esm2_t6_8M_UR50D
XP_073795178,XP_056304939,0.00018739700317382812,esm2_t6_8M_UR50D
XP_073795177,XP_056304938,0.0001347661018371582,esm2_t6_8M_UR50D
XP_073795179,XP_056304938,0.00018477439880371094,esm2_t6_8M_UR50D
XP_073795179,XP_056304939,0.00018477439880371094,esm2_t6_8M_UR50D
XP_073795177,XP_056304939,0.0001347661018371582,esm2_t6_8M_UR50D
XP_068068931,XP_056327439,0.09400999546051025,esm2_t6_8M_UR50D
XP_005156868,XP_056327439,0.09400999546051025,esm2_t6_8M_UR50D
NP_999947,XP_056327439,0.09376060962677002,esm2_t6_8M_UR50D
NP_001108575,XP_056308382,0.09091824293136597,esm2_t6_8M_UR50D
XP_073794997,XP_056305356,8.0108642578125e-05,esm2_t6_8M_UR50D
XP_073794998,XP_056305356,8.0108642578125e-05,esm2_t6_8M_UR50D
NP_001005950,XP_056325645,0.09119009971618652,esm2_t6_8M_UR50D
NP_001035450,XP_056301966,0.08871191740036011,esm2_t6_8M_UR50D
XP_073788352,XP_056305304,0.08849602937698364,esm2_t6_8M_UR50D
XP_073794974,XP_056304857,0.0005354881286621094,esm2_t6_8M_UR50D
XP_073794993,XP_056304857,0.00019097328186035156,esm2_t6_8M_UR50D
XP_073794988,XP_056304857,0.00019097328186035156,esm2_t6_8M_UR50D
XP_073794990,XP_056304857,0.00019097328186035156,esm2_t6_8M_UR50D
XP_073794995,XP_056304857,0.00019097328186035156,esm2_t6_8M_UR50D
XP_073794994,XP_056304857,0.00019097328186035156,esm2_t6_8M_UR50D
XP_073794978,XP_056304857,0.00019097328186035156,esm2_t6_8M_UR50D
XP_073794991,XP_056304857,0.00019097328186035156,esm2_t6_8M_UR50D
XP_073794987,XP_056304857,3.528594970703125e-05,esm2_t6_8M_UR50D
XP_073794983,XP_056304857,0.0002663731575012207,esm2_t6_8M_UR50D
XP_073794984,XP_056304857,0.0002663731575012207,esm2_t6_8M_UR50D
XP_073794968,XP_056304857,0.0002663731575012207,esm2_t6_8M_UR50D
XP_073794996,XP_056304857,3.528594970703125e-05,esm2_t6_8M_UR50D
XP_073794992,XP_056304857,3.528594970703125e-05,esm2_t6_8M_UR50D
XP_073794986,XP_056304857,3.528594970703125e-05,esm2_t6_8M_UR50D
XP_073794976,XP_056304857,0.0002663731575012207,esm2_t6_8M_UR50D
XP_073794989,XP_056304857,3.528594970703125e-05,esm2_t6_8M_UR50D
XP_073794981,XP_056304857,0.0002568960189819336,esm2_t6_8M_UR50D
XP_073794964,XP_056304857,0.0005450248718261719,esm2_t6_8M_UR50D
XP_073794977,XP_056304857,0.0002568960189819336,esm2_t6_8M_UR50D
XP_073794962,XP_056304857,0.0005450248718261719,esm2_t6_8M_UR50D
XP_073794970,XP_056304857,0.0002568960189819336,esm2_t6_8M_UR50D
XP_073794972,XP_056304857,0.0002568960189819336,esm2_t6_8M_UR50D
XP_073794963,XP_056304857,0.0004381537437438965,esm2_t6_8M_UR50D
XP_073794985,XP_056304857,0.00015610456466674805,esm2_t6_8M_UR50D
XP_073797517,XP_056306431,0.00023424625396728516,esm2_t6_8M_UR50D
XP_073797519,XP_056306431,0.00014132261276245117,esm2_t6_8M_UR50D
XP_073794973,XP_056304857,0.0001824498176574707,esm2_t6_8M_UR50D
XP_073794975,XP_056304857,0.0001824498176574707,esm2_t6_8M_UR50D
XP_073794971,XP_056304857,0.00021725893020629883,esm2_t6_8M_UR50D
XP_073794967,XP_056304857,0.0001824498176574707,esm2_t6_8M_UR50D
XP_073794979,XP_056304857,0.0001824498176574707,esm2_t6_8M_UR50D
XP_073794965,XP_056304857,0.00021725893020629883,esm2_t6_8M_UR50D
XP_073794953,XP_056304857,0.000868380069732666,esm2_t6_8M_UR50D
XP_073794969,XP_056304857,0.0002364516258239746,esm2_t6_8M_UR50D
XP_073794980,XP_056304857,0.0002364516258239746,esm2_t6_8M_UR50D
XP_073794966,XP_056304857,0.0005002021789550781,esm2_t6_8M_UR50D
XP_073794961,XP_056304857,0.0005002021789550781,esm2_t6_8M_UR50D
XP_073797512,XP_056306428,0.0001620650291442871,esm2_t6_8M_UR50D
XP_073797516,XP_056306428,0.00030040740966796875,esm2_t6_8M_UR50D
XP_073797514,XP_056306428,0.0001620650291442871,esm2_t6_8M_UR50D
XP_073797515,XP_056306428,0.00030040740966796875,esm2_t6_8M_UR50D
XP_073797511,XP_056306428,0.0001620650291442871,esm2_t6_8M_UR50D
XP_073797513,XP_056306428,0.0001620650291442871,esm2_t6_8M_UR50D
XP_073794951,XP_056304857,0.0010526180267333984,esm2_t6_8M_UR50D
XP_073794956,XP_056304857,0.0009204745292663574,esm2_t6_8M_UR50D
XP_073797513,XP_056306429,0.0001620650291442871,esm2_t6_8M_UR50D
XP_073797511,XP_056306429,0.0001620650291442871,esm2_t6_8M_UR50D
XP_073797512,XP_056306429,0.0001620650291442871,esm2_t6_8M_UR50D
XP_073797514,XP_056306429,0.0001620650291442871,esm2_t6_8M_UR50D
XP_073797515,XP_056306429,0.00030040740966796875,esm2_t6_8M_UR50D
XP_073797516,XP_056306429,0.00030040740966796875,esm2_t6_8M_UR50D
XP_073794958,XP_056304857,0.001028895378112793,esm2_t6_8M_UR50D
XP_073794955,XP_056304857,0.001028895378112793,esm2_t6_8M_UR50D
XP_073794952,XP_056304857,0.0010480880737304688,esm2_t6_8M_UR50D
XP_073794954,XP_056304857,0.0010480880737304688,esm2_t6_8M_UR50D
XP_073794957,XP_056304857,0.001028895378112793,esm2_t6_8M_UR50D
XP_073794949,XP_056304857,0.0010480880737304688,esm2_t6_8M_UR50D
XP_073794960,XP_056304857,0.001028895378112793,esm2_t6_8M_UR50D
XP_073797516,XP_056306433,0.00030040740966796875,esm2_t6_8M_UR50D
XP_073797512,XP_056306433,0.0001620650291442871,esm2_t6_8M_UR50D
XP_073797511,XP_056306433,0.0001620650291442871,esm2_t6_8M_UR50D
XP_073797513,XP_056306433,0.0001620650291442871,esm2_t6_8M_UR50D
XP_073797515,XP_056306433,0.00030040740966796875,esm2_t6_8M_UR50D
XP_073797514,XP_056306433,0.0001620650291442871,esm2_t6_8M_UR50D
XP_073794950,XP_056304857,0.0011036992073059082,esm2_t6_8M_UR50D
XP_073797512,XP_056306430,0.00015747547149658203,esm2_t6_8M_UR50D
XP_073797514,XP_056306430,0.00015747547149658203,esm2_t6_8M_UR50D
XP_073797513,XP_056306430,0.00015747547149658203,esm2_t6_8M_UR50D
XP_073797516,XP_056306430,0.00016266107559204102,esm2_t6_8M_UR50D
XP_073797515,XP_056306430,0.00016266107559204102,esm2_t6_8M_UR50D
XP_073797511,XP_056306430,0.00015747547149658203,esm2_t6_8M_UR50D
XP_073797516,XP_056306425,0.00030040740966796875,esm2_t6_8M_UR50D
XP_073797515,XP_056306425,0.00030040740966796875,esm2_t6_8M_UR50D
XP_073797512,XP_056306425,0.0001620650291442871,esm2_t6_8M_UR50D
XP_073797511,XP_056306425,0.0001620650291442871,esm2_t6_8M_UR50D
XP_073797514,XP_056306425,0.0001620650291442871,esm2_t6_8M_UR50D
XP_073797513,XP_056306425,0.0001620650291442871,esm2_t6_8M_UR50D
XP_073797515,XP_056306427,0.00030040740966796875,esm2_t6_8M_UR50D
XP_073797516,XP_056306427,0.00030040740966796875,esm2_t6_8M_UR50D
XP_073797514,XP_056306427,0.0001620650291442871,esm2_t6_8M_UR50D
XP_073797513,XP_056306427,0.0001620650291442871,esm2_t6_8M_UR50D
XP_073797512,XP_056306427,0.0001620650291442871,esm2_t6_8M_UR50D
XP_073797511,XP_056306427,0.0001620650291442871,esm2_t6_8M_UR50D
XP_073797514,XP_056306426,0.0001620650291442871,esm2_t6_8M_UR50D
XP_073797516,XP_056306426,0.00030040740966796875,esm2_t6_8M_UR50D
XP_073797515,XP_056306426,0.00030040740966796875,esm2_t6_8M_UR50D
XP_073797511,XP_056306426,0.0001620650291442871,esm2_t6_8M_UR50D
XP_073797512,XP_056306426,0.0001620650291442871,esm2_t6_8M_UR50D
XP_073797513,XP_056306426,0.0001620650291442871,esm2_t6_8M_UR50D
XP_073808700,XP_056315576,0.0008309483528137207,esm2_t6_8M_UR50D
XP_073808702,XP_056315576,0.0008309483528137207,esm2_t6_8M_UR50D
XP_073808701,XP_056315576,0.0008309483528137207,esm2_t6_8M_UR50D
XP_073808699,XP_056315576,0.0008309483528137207,esm2_t6_8M_UR50D
NP_001007283,XP_056302248,0.08210176229476929,esm2_t6_8M_UR50D
XP_073800243,XP_056305128,0.0815737247467041,esm2_t6_8M_UR50D
XP_073804780,XP_056310941,0.0814160704612732,esm2_t6_8M_UR50D
XP_073804780,XP_056310942,0.0814160704612732,esm2_t6_8M_UR50D
XP_073804780,XP_056310943,0.0814160704612732,esm2_t6_8M_UR50D
XP_073804780,XP_056310940,0.0814160704612732,esm2_t6_8M_UR50D
XP_073804780,XP_056310945,0.0814160704612732,esm2_t6_8M_UR50D
XP_009292899,XP_056337466,0.08021301031112671,esm2_t6_8M_UR50D
XP_073789832,XP_056336618,0.00036388635635375977,esm2_t6_8M_UR50D
XP_073789833,XP_056336618,0.00035178661346435547,esm2_t6_8M_UR50D
XP_073789830,XP_056336618,0.00035178661346435547,esm2_t6_8M_UR50D
XP_073789831,XP_056336618,0.00020587444305419922,esm2_t6_8M_UR50D
XP_003201252,XP_056304607,0.04863107204437256,esm2_t6_8M_UR50D
NP_001038622,XP_056337466,0.07988834381103516,esm2_t6_8M_UR50D
XP_009295192,XP_056304607,0.048249006271362305,esm2_t6_8M_UR50D
XP_017206475,XP_056330047,0.004315853118896484,esm2_t6_8M_UR50D
NP_001293035,XP_056301481,0.07352113723754883,esm2_t6_8M_UR50D
XP_073806316,XP_056313146,0.0006828904151916504,esm2_t6_8M_UR50D
XP_073806299,XP_056313146,0.0006242990493774414,esm2_t6_8M_UR50D
NP_991182,XP_056306006,0.07760953903198242,esm2_t6_8M_UR50D
XP_073806310,XP_056313146,0.0006829500198364258,esm2_t6_8M_UR50D
XP_073806302,XP_056313146,0.0005137324333190918,esm2_t6_8M_UR50D
XP_073806313,XP_056313146,0.0006173253059387207,esm2_t6_8M_UR50D
XP_073806304,XP_056313146,0.0006139278411865234,esm2_t6_8M_UR50D
XP_073806329,XP_056313146,0.0008413791656494141,esm2_t6_8M_UR50D
XP_073806324,XP_056313146,0.0008516311645507812,esm2_t6_8M_UR50D
XP_073806325,XP_056313146,0.0007503032684326172,esm2_t6_8M_UR50D
XP_073797231,XP_056307207,0.00015878677368164062,esm2_t6_8M_UR50D
NP_001417763,XP_056318168,0.0005786418914794922,esm2_t6_8M_UR50D
XP_021336792,XP_056328313,0.06787031888961792,esm2_t6_8M_UR50D
XP_021336793,XP_056328313,0.06787031888961792,esm2_t6_8M_UR50D
NP_001231965,XP_056311338,0.06559675931930542,esm2_t6_8M_UR50D
XP_073794903,XP_056305469,8.547306060791016e-05,esm2_t6_8M_UR50D
XP_073805227,XP_056320045,0.0023602843284606934,esm2_t6_8M_UR50D
XP_073805226,XP_056320045,0.0023602843284606934,esm2_t6_8M_UR50D
XP_073802941,XP_056312376,0.06360948085784912,esm2_t6_8M_UR50D
XP_073805226,XP_056320063,0.0023602843284606934,esm2_t6_8M_UR50D
XP_073805227,XP_056320063,0.0023602843284606934,esm2_t6_8M_UR50D
XP_073790413,XP_056302875,0.000567317008972168,esm2_t6_8M_UR50D
XP_073790398,XP_056302875,0.000567317008972168,esm2_t6_8M_UR50D
XP_073790413,XP_056302874,0.000567317008972168,esm2_t6_8M_UR50D
XP_073790414,XP_056302874,0.000567317008972168,esm2_t6_8M_UR50D
XP_073790411,XP_056302875,0.000567317008972168,esm2_t6_8M_UR50D
XP_073790412,XP_056302874,0.000567317008972168,esm2_t6_8M_UR50D
XP_073790414,XP_056302875,0.000567317008972168,esm2_t6_8M_UR50D
XP_073790399,XP_056302874,0.000567317008972168,esm2_t6_8M_UR50D
XP_073790398,XP_056302874,0.000567317008972168,esm2_t6_8M_UR50D
XP_073790400,XP_056302875,0.000567317008972168,esm2_t6_8M_UR50D
XP_073790399,XP_056302875,0.000567317008972168,esm2_t6_8M_UR50D
XP_073790400,XP_056302874,0.000567317008972168,esm2_t6_8M_UR50D
XP_073790397,XP_056302875,0.000567317008972168,esm2_t6_8M_UR50D
XP_073790412,XP_056302875,0.000567317008972168,esm2_t6_8M_UR50D
XP_073790411,XP_056302874,0.000567317008972168,esm2_t6_8M_UR50D
XP_073790397,XP_056302874,0.000567317008972168,esm2_t6_8M_UR50D
XP_073805985,XP_056314630,0.009123384952545166,esm2_t6_8M_UR50D
NP_001160156,XP_056308636,0.0614054799079895,esm2_t6_8M_UR50D
XP_073790390,XP_056302872,0.0006014108657836914,esm2_t6_8M_UR50D
XP_073790406,XP_056302872,0.0006014108657836914,esm2_t6_8M_UR50D
XP_073790405,XP_056302872,0.0006014108657836914,esm2_t6_8M_UR50D
XP_073790388,XP_056302872,0.0006014108657836914,esm2_t6_8M_UR50D
XP_073790391,XP_056302872,0.0006014108657836914,esm2_t6_8M_UR50D
XP_073790392,XP_056302872,0.0006014108657836914,esm2_t6_8M_UR50D
XP_073790405,XP_056302870,0.0006014108657836914,esm2_t6_8M_UR50D
XP_073790391,XP_056302870,0.0006014108657836914,esm2_t6_8M_UR50D
XP_073790392,XP_056302870,0.0006014108657836914,esm2_t6_8M_UR50D
XP_073790406,XP_056302870,0.0006014108657836914,esm2_t6_8M_UR50D
XP_073790416,XP_056302876,0.0005951523780822754,esm2_t6_8M_UR50D
XP_073790384,XP_056302876,0.0005951523780822754,esm2_t6_8M_UR50D
XP_073790401,XP_056302876,0.0005951523780822754,esm2_t6_8M_UR50D
XP_073790402,XP_056302876,0.0005951523780822754,esm2_t6_8M_UR50D
XP_073810732,XP_056316506,0.00015985965728759766,esm2_t6_8M_UR50D
XP_073810733,XP_056316506,0.00015985965728759766,esm2_t6_8M_UR50D
XP_073793585,XP_056303596,0.06064099073410034,esm2_t6_8M_UR50D
XP_073793586,XP_056303596,0.06064099073410034,esm2_t6_8M_UR50D
XP_073798580,XP_056307637,0.0004277229309082031,esm2_t6_8M_UR50D
XP_699360,XP_056316506,0.00013512372970581055,esm2_t6_8M_UR50D
XP_073805226,XP_056320055,0.0018451809883117676,esm2_t6_8M_UR50D
XP_073805227,XP_056320055,0.0018451809883117676,esm2_t6_8M_UR50D
XP_073810733,XP_056316507,0.00011974573135375977,esm2_t6_8M_UR50D
XP_073810732,XP_056316507,0.00011974573135375977,esm2_t6_8M_UR50D
XP_009291892,XP_056318446,0.06029790639877319,esm2_t6_8M_UR50D
XP_073810733,XP_056316505,0.00015985965728759766,esm2_t6_8M_UR50D
XP_073810732,XP_056316505,0.00015985965728759766,esm2_t6_8M_UR50D
XP_073810735,XP_056316506,0.00035005807876586914,esm2_t6_8M_UR50D
NP_001231965,XP_056311339,0.060198068618774414,esm2_t6_8M_UR50D
XP_073786073,XP_056318446,0.06009548902511597,esm2_t6_8M_UR50D
XP_699360,XP_056316507,0.00012260675430297852,esm2_t6_8M_UR50D
XP_699360,XP_056316505,0.00013512372970581055,esm2_t6_8M_UR50D
XP_073810735,XP_056316507,0.0003012418746948242,esm2_t6_8M_UR50D
XP_073810735,XP_056316505,0.00035005807876586914,esm2_t6_8M_UR50D
XP_073798577,XP_056307637,0.0005040764808654785,esm2_t6_8M_UR50D
XP_073810732,XP_056316508,0.00016164779663085938,esm2_t6_8M_UR50D
XP_073810733,XP_056316508,0.00016164779663085938,esm2_t6_8M_UR50D
XP_699360,XP_056316508,0.00016492605209350586,esm2_t6_8M_UR50D
XP_021323468,XP_056318446,0.059311091899871826,esm2_t6_8M_UR50D
XP_073810735,XP_056316508,0.00011157989501953125,esm2_t6_8M_UR50D
XP_073798574,XP_056307637,0.0006497502326965332,esm2_t6_8M_UR50D
XP_073798575,XP_056307637,0.0006497502326965332,esm2_t6_8M_UR50D
XP_073798576,XP_056307637,0.0005765557289123535,esm2_t6_8M_UR50D
XP_073800142,XP_056304567,0.058627426624298096,esm2_t6_8M_UR50D
XP_073809698,XP_056315393,6.639957427978516e-05,esm2_t6_8M_UR50D
XP_073794113,XP_056304690,7.826089859008789e-05,esm2_t6_8M_UR50D
XP_073794114,XP_056304690,7.826089859008789e-05,esm2_t6_8M_UR50D
XP_073801180,XP_056308798,0.05710709095001221,esm2_t6_8M_UR50D
XP_073799227,XP_056309604,4.363059997558594e-05,esm2_t6_8M_UR50D
XP_683046,XP_056315393,1.806020736694336e-05,esm2_t6_8M_UR50D
NP_001106975,XP_056325918,0.056628406047821045,esm2_t6_8M_UR50D
NP_571137,XP_056320468,0.05652135610580444,esm2_t6_8M_UR50D
XP_073809698,XP_056315392,0.0003293156623840332,esm2_t6_8M_UR50D
XP_073808616,XP_056315332,0.00047135353088378906,esm2_t6_8M_UR50D
XP_073808615,XP_056315332,0.00047135353088378906,esm2_t6_8M_UR50D
XP_073808612,XP_056315332,8.255243301391602e-05,esm2_t6_8M_UR50D
XP_073808613,XP_056315332,8.255243301391602e-05,esm2_t6_8M_UR50D
XP_073797283,XP_056306637,7.802248001098633e-05,esm2_t6_8M_UR50D
XP_073805358,XP_056310791,0.05616337060928345,esm2_t6_8M_UR50D
XP_021333282,XP_056310791,0.05616337060928345,esm2_t6_8M_UR50D
XP_021337120,XP_056330047,0.004635989665985107,esm2_t6_8M_UR50D
XP_073792929,XP_056304182,3.5703182220458984e-05,esm2_t6_8M_UR50D
XP_073808615,XP_056315333,8.356571197509766e-05,esm2_t6_8M_UR50D
XP_073808613,XP_056315333,0.00027817487716674805,esm2_t6_8M_UR50D
XP_073808612,XP_056315333,0.00027817487716674805,esm2_t6_8M_UR50D
XP_073808616,XP_056315333,8.356571197509766e-05,esm2_t6_8M_UR50D
XP_073800856,XP_056309873,0.00014144182205200195,esm2_t6_8M_UR50D
XP_073794186,XP_056305837,0.010418176651000977,esm2_t6_8M_UR50D
XP_073794190,XP_056305837,0.01044696569442749,esm2_t6_8M_UR50D
XP_073794185,XP_056305837,0.010418176651000977,esm2_t6_8M_UR50D
XP_073794184,XP_056305837,0.010418176651000977,esm2_t6_8M_UR50D
XP_073794187,XP_056305837,0.010418176651000977,esm2_t6_8M_UR50D
XP_073794182,XP_056305837,0.010418176651000977,esm2_t6_8M_UR50D
XP_073794189,XP_056305837,0.01044696569442749,esm2_t6_8M_UR50D
XP_073794188,XP_056305837,0.01044696569442749,esm2_t6_8M_UR50D
XP_073793322,XP_056303267,0.026041686534881592,esm2_t6_8M_UR50D
XP_073799227,XP_056309603,5.9723854064941406e-05,esm2_t6_8M_UR50D
XP_073808611,XP_056315332,0.000470578670501709,esm2_t6_8M_UR50D
XP_073808610,XP_056315332,0.000470578670501709,esm2_t6_8M_UR50D
XP_073808614,XP_056315332,0.0004634261131286621,esm2_t6_8M_UR50D
XP_073808609,XP_056315332,0.000470578670501709,esm2_t6_8M_UR50D
XP_073808619,XP_056315335,0.0001334547996520996,esm2_t6_8M_UR50D
XP_073808621,XP_056315335,9.447336196899414e-05,esm2_t6_8M_UR50D
XP_073808620,XP_056315335,9.447336196899414e-05,esm2_t6_8M_UR50D
XP_073808618,XP_056315335,0.00016057491302490234,esm2_t6_8M_UR50D
XP_073808617,XP_056315335,0.00016057491302490234,esm2_t6_8M_UR50D
XP_073790391,XP_056302871,0.0006014108657836914,esm2_t6_8M_UR50D
XP_073790405,XP_056302871,0.0006014108657836914,esm2_t6_8M_UR50D
XP_073790392,XP_056302871,0.0006014108657836914,esm2_t6_8M_UR50D
XP_073790406,XP_056302871,0.0006014108657836914,esm2_t6_8M_UR50D
XP_073808619,XP_056315334,0.00026983022689819336,esm2_t6_8M_UR50D
XP_073808614,XP_056315333,0.00015926361083984375,esm2_t6_8M_UR50D
XP_073808618,XP_056315334,8.96453857421875e-05,esm2_t6_8M_UR50D
XP_073808621,XP_056315334,0.00023424625396728516,esm2_t6_8M_UR50D
XP_073808620,XP_056315334,0.00023424625396728516,esm2_t6_8M_UR50D
XP_073808617,XP_056315334,8.96453857421875e-05,esm2_t6_8M_UR50D
XP_695742,XP_056317280,9.775161743164062e-05,esm2_t6_8M_UR50D
XP_073790647,XP_056301754,0.00041478872299194336,esm2_t6_8M_UR50D
XP_073790637,XP_056301754,0.00013846158981323242,esm2_t6_8M_UR50D
XP_073790646,XP_056301754,0.00041478872299194336,esm2_t6_8M_UR50D
XP_073790638,XP_056301749,0.0006134510040283203,esm2_t6_8M_UR50D
XP_073790637,XP_056301749,0.0002452731132507324,esm2_t6_8M_UR50D
XP_073790639,XP_056301749,0.0006134510040283203,esm2_t6_8M_UR50D
XP_701288,XP_056326301,0.0002678036689758301,esm2_t6_8M_UR50D
NP_001289712,XP_056308417,0.052742063999176025,esm2_t6_8M_UR50D
XP_073790649,XP_056301759,0.0002452731132507324,esm2_t6_8M_UR50D
XP_073790659,XP_056301759,0.0006134510040283203,esm2_t6_8M_UR50D
XP_073790653,XP_056301759,0.0006134510040283203,esm2_t6_8M_UR50D
XP_073790658,XP_056301759,0.0006134510040283203,esm2_t6_8M_UR50D
XP_073790652,XP_056301759,0.0006134510040283203,esm2_t6_8M_UR50D
XP_073790641,XP_056301759,0.00021773576736450195,esm2_t6_8M_UR50D
XP_073790645,XP_056301759,0.0003255605697631836,esm2_t6_8M_UR50D
XP_073790640,XP_056301759,0.00021773576736450195,esm2_t6_8M_UR50D
XP_073790648,XP_056301759,0.0002452731132507324,esm2_t6_8M_UR50D
XP_073790652,XP_056301757,0.0006134510040283203,esm2_t6_8M_UR50D
XP_073790653,XP_056301757,0.0006134510040283203,esm2_t6_8M_UR50D
XP_073790648,XP_056301757,0.0002452731132507324,esm2_t6_8M_UR50D
XP_073790641,XP_056301757,0.00021773576736450195,esm2_t6_8M_UR50D
XP_073790640,XP_056301757,0.00021773576736450195,esm2_t6_8M_UR50D
XP_073790649,XP_056301757,0.0002452731132507324,esm2_t6_8M_UR50D
XP_073790645,XP_056301757,0.0003255605697631836,esm2_t6_8M_UR50D
XP_073790639,XP_056301752,0.00039821863174438477,esm2_t6_8M_UR50D
XP_073790639,XP_056301751,0.00039821863174438477,esm2_t6_8M_UR50D
XP_073790637,XP_056301752,0.00015217065811157227,esm2_t6_8M_UR50D
XP_073790638,XP_056301752,0.00039821863174438477,esm2_t6_8M_UR50D
XP_073790638,XP_056301751,0.00039821863174438477,esm2_t6_8M_UR50D
XP_073790638,XP_056301753,0.00039821863174438477,esm2_t6_8M_UR50D
XP_073790637,XP_056301753,0.00015217065811157227,esm2_t6_8M_UR50D
XP_073790637,XP_056301751,0.00015217065811157227,esm2_t6_8M_UR50D
XP_073790639,XP_056301753,0.00039821863174438477,esm2_t6_8M_UR50D
XP_073807487,XP_056315670,0.00027996301651000977,esm2_t6_8M_UR50D
XP_073807483,XP_056315670,0.0002726316452026367,esm2_t6_8M_UR50D
XP_073807494,XP_056315670,0.00027996301651000977,esm2_t6_8M_UR50D
XP_073799247,XP_056307248,0.019162297248840332,esm2_t6_8M_UR50D
XP_073790637,XP_056301750,0.0002861618995666504,esm2_t6_8M_UR50D
XP_073790642,XP_056301750,0.0006176233291625977,esm2_t6_8M_UR50D
XP_073790639,XP_056301750,0.0006206631660461426,esm2_t6_8M_UR50D
XP_073790638,XP_056301750,0.0006206631660461426,esm2_t6_8M_UR50D
XP_073790644,XP_056301750,0.0006176233291625977,esm2_t6_8M_UR50D
XP_073807487,XP_056315654,0.00027996301651000977,esm2_t6_8M_UR50D
XP_073807483,XP_056315654,0.0002726316452026367,esm2_t6_8M_UR50D
XP_073807494,XP_056315654,0.00027996301651000977,esm2_t6_8M_UR50D
XP_073790650,XP_056301755,0.0005022287368774414,esm2_t6_8M_UR50D
XP_073790651,XP_056301755,0.0005022287368774414,esm2_t6_8M_UR50D
XP_073787710,XP_056304658,0.05155247449874878,esm2_t6_8M_UR50D
NP_001093546,XP_056336232,0.05134981870651245,esm2_t6_8M_UR50D
XP_073807487,XP_056315679,0.00027996301651000977,esm2_t6_8M_UR50D
XP_073807483,XP_056315679,0.0002726316452026367,esm2_t6_8M_UR50D
XP_073807494,XP_056315679,0.00027996301651000977,esm2_t6_8M_UR50D
NP_957123,XP_056305557,0.051286160945892334,esm2_t6_8M_UR50D
XP_073807494,XP_056315663,0.0002639889717102051,esm2_t6_8M_UR50D
XP_073807487,XP_056315663,0.0002639889717102051,esm2_t6_8M_UR50D
XP_073807483,XP_056315663,0.00025707483291625977,esm2_t6_8M_UR50D
XP_073807487,XP_056315645,0.00027996301651000977,esm2_t6_8M_UR50D
XP_073807483,XP_056315645,0.0002726316452026367,esm2_t6_8M_UR50D
XP_073807494,XP_056315645,0.00027996301651000977,esm2_t6_8M_UR50D
XP_073807562,XP_056314404,0.0003006458282470703,esm2_t6_8M_UR50D
XP_021333865,XP_056310884,0.0510861873626709,esm2_t6_8M_UR50D
XP_073790638,XP_056301756,8.910894393920898e-05,esm2_t6_8M_UR50D
XP_073790642,XP_056301756,0.00018233060836791992,esm2_t6_8M_UR50D
XP_073790651,XP_056301756,0.0002580881118774414,esm2_t6_8M_UR50D
XP_073790644,XP_056301756,0.00018233060836791992,esm2_t6_8M_UR50D
XP_073790647,XP_056301756,0.00020420551300048828,esm2_t6_8M_UR50D
XP_073790650,XP_056301756,0.0002580881118774414,esm2_t6_8M_UR50D
XP_073790639,XP_056301756,8.910894393920898e-05,esm2_t6_8M_UR50D
XP_073790646,XP_056301756,0.00020420551300048828,esm2_t6_8M_UR50D
XP_073807561,XP_056314404,0.00031447410583496094,esm2_t6_8M_UR50D
XP_073807560,XP_056314404,0.0003654360771179199,esm2_t6_8M_UR50D
XP_073807559,XP_056314404,0.000341951847076416,esm2_t6_8M_UR50D
XP_073807562,XP_056314408,0.00029075145721435547,esm2_t6_8M_UR50D
XP_073807563,XP_056314404,0.00040161609649658203,esm2_t6_8M_UR50D
XP_073795509,XP_056305554,0.05094045400619507,esm2_t6_8M_UR50D
XP_073807561,XP_056314408,0.00030666589736938477,esm2_t6_8M_UR50D
XP_073807563,XP_056314408,0.0003813505172729492,esm2_t6_8M_UR50D
XP_073807560,XP_056314408,0.0003585219383239746,esm2_t6_8M_UR50D
XP_073807562,XP_056314407,0.0002738833427429199,esm2_t6_8M_UR50D
XP_073807559,XP_056314408,0.0003342628479003906,esm2_t6_8M_UR50D
XP_073807561,XP_056314407,0.0002936124801635742,esm2_t6_8M_UR50D
XP_701288,XP_056326300,0.0002678036689758301,esm2_t6_8M_UR50D
XP_073807560,XP_056314407,0.00034612417221069336,esm2_t6_8M_UR50D
XP_073807563,XP_056314407,0.00035893917083740234,esm2_t6_8M_UR50D
XP_073807559,XP_056314407,0.0003241300582885742,esm2_t6_8M_UR50D
XP_073790668,XP_056301761,0.00022286176681518555,esm2_t6_8M_UR50D
XP_073790667,XP_056301761,0.0002580881118774414,esm2_t6_8M_UR50D
XP_073790641,XP_056301761,0.00025904178619384766,esm2_t6_8M_UR50D
XP_073790663,XP_056301761,0.00018233060836791992,esm2_t6_8M_UR50D
XP_073790649,XP_056301761,0.00022643804550170898,esm2_t6_8M_UR50D
XP_073790659,XP_056301761,8.910894393920898e-05,esm2_t6_8M_UR50D
XP_073790656,XP_056301761,0.00018233060836791992,esm2_t6_8M_UR50D
XP_073790648,XP_056301761,0.00022643804550170898,esm2_t6_8M_UR50D
XP_073790640,XP_056301761,0.00025904178619384766,esm2_t6_8M_UR50D
XP_073790657,XP_056301761,0.00018233060836791992,esm2_t6_8M_UR50D
XP_073790653,XP_056301761,8.910894393920898e-05,esm2_t6_8M_UR50D
XP_073790658,XP_056301761,8.910894393920898e-05,esm2_t6_8M_UR50D
XP_073790664,XP_056301761,0.00018233060836791992,esm2_t6_8M_UR50D
XP_073790652,XP_056301761,8.910894393920898e-05,esm2_t6_8M_UR50D
XP_073790669,XP_056301761,0.00022286176681518555,esm2_t6_8M_UR50D
XP_073790662,XP_056301761,0.00020420551300048828,esm2_t6_8M_UR50D
XP_073790661,XP_056301761,0.00020420551300048828,esm2_t6_8M_UR50D
XP_073790666,XP_056301761,0.0002580881118774414,esm2_t6_8M_UR50D
XP_009294635,XP_056304550,0.05051696300506592,esm2_t6_8M_UR50D
NP_001315310,XP_056320467,0.050479888916015625,esm2_t6_8M_UR50D
XP_073807483,XP_056315685,0.00025707483291625977,esm2_t6_8M_UR50D
XP_073807494,XP_056315685,0.0002639889717102051,esm2_t6_8M_UR50D
XP_073807487,XP_056315685,0.0002639889717102051,esm2_t6_8M_UR50D
XP_073807562,XP_056314410,0.0002796053886413574,esm2_t6_8M_UR50D
XP_073790657,XP_056301758,0.0006176233291625977,esm2_t6_8M_UR50D
XP_073790648,XP_056301758,0.0002861618995666504,esm2_t6_8M_UR50D
XP_073790640,XP_056301758,0.0003765225410461426,esm2_t6_8M_UR50D
XP_073790645,XP_056301758,0.0002319812774658203,esm2_t6_8M_UR50D
XP_073790649,XP_056301758,0.0002861618995666504,esm2_t6_8M_UR50D
XP_073790656,XP_056301758,0.0006176233291625977,esm2_t6_8M_UR50D
XP_073790641,XP_056301758,0.0003765225410461426,esm2_t6_8M_UR50D
XP_073807561,XP_056314410,0.0002980232238769531,esm2_t6_8M_UR50D
XP_073807563,XP_056314410,0.0003934502601623535,esm2_t6_8M_UR50D
XP_073807560,XP_056314410,0.00035113096237182617,esm2_t6_8M_UR50D
XP_073807559,XP_056314410,0.0003298521041870117,esm2_t6_8M_UR50D
XP_073807562,XP_056314405,0.0002614259719848633,esm2_t6_8M_UR50D
XP_073807561,XP_056314405,0.0002734661102294922,esm2_t6_8M_UR50D
XP_073807560,XP_056314405,0.00033676624298095703,esm2_t6_8M_UR50D
XP_073807563,XP_056314405,0.0003516077995300293,esm2_t6_8M_UR50D
XP_073807559,XP_056314405,0.0003141164779663086,esm2_t6_8M_UR50D
NP_001002097,XP_056324134,0.04749494791030884,esm2_t6_8M_UR50D
NP_001006080,XP_056305553,0.04716026782989502,esm2_t6_8M_UR50D
XP_073791874,XP_056302791,0.04659920930862427,esm2_t6_8M_UR50D
XP_073798491,XP_056328370,0.015831470489501953,esm2_t6_8M_UR50D
XP_073791840,XP_056319202,0.04621380567550659,esm2_t6_8M_UR50D
XP_690503,XP_056312321,0.04605203866958618,esm2_t6_8M_UR50D
XP_073810957,XP_056316683,0.04546862840652466,esm2_t6_8M_UR50D
XP_073810956,XP_056316683,0.04546862840652466,esm2_t6_8M_UR50D
XP_073810955,XP_056316683,0.04546862840652466,esm2_t6_8M_UR50D
XP_073810958,XP_056316683,0.04546862840652466,esm2_t6_8M_UR50D
NP_001315125,XP_056321353,0.04505878686904907,esm2_t6_8M_UR50D
XP_073810957,XP_056316684,0.04504120349884033,esm2_t6_8M_UR50D
XP_073810956,XP_056316684,0.04504120349884033,esm2_t6_8M_UR50D
XP_073810955,XP_056316684,0.04504120349884033,esm2_t6_8M_UR50D
XP_073810958,XP_056316684,0.04504120349884033,esm2_t6_8M_UR50D
XP_073793333,XP_056312323,0.04460322856903076,esm2_t6_8M_UR50D
XP_073793334,XP_056312323,0.04460322856903076,esm2_t6_8M_UR50D
XP_073810953,XP_056316684,0.04443627595901489,esm2_t6_8M_UR50D
XP_073810954,XP_056316684,0.04443627595901489,esm2_t6_8M_UR50D
XP_073810951,XP_056316684,0.04443627595901489,esm2_t6_8M_UR50D
XP_073810952,XP_056316684,0.04443627595901489,esm2_t6_8M_UR50D
XP_021334993,XP_056323129,0.0438724160194397,esm2_t6_8M_UR50D
NP_001017616,XP_056318181,0.04385298490524292,esm2_t6_8M_UR50D
XP_073801025,XP_056309952,0.00019812583923339844,esm2_t6_8M_UR50D
XP_073801019,XP_056309952,0.0002072453498840332,esm2_t6_8M_UR50D
XP_073801020,XP_056309952,0.0002072453498840332,esm2_t6_8M_UR50D
XP_073801024,XP_056309952,0.0002072453498840332,esm2_t6_8M_UR50D
XP_073801023,XP_056309952,0.00021827220916748047,esm2_t6_8M_UR50D
XP_073801021,XP_056309952,0.0002034306526184082,esm2_t6_8M_UR50D
XP_073801022,XP_056309952,0.0002034306526184082,esm2_t6_8M_UR50D
XP_073801018,XP_056309952,0.00021827220916748047,esm2_t6_8M_UR50D
XP_073801025,XP_056309951,0.00019812583923339844,esm2_t6_8M_UR50D
XP_073801019,XP_056309951,0.0002072453498840332,esm2_t6_8M_UR50D
XP_073801020,XP_056309951,0.0002072453498840332,esm2_t6_8M_UR50D
XP_073801024,XP_056309951,0.0002072453498840332,esm2_t6_8M_UR50D
XP_073802123,XP_056312665,2.676248550415039e-05,esm2_t6_8M_UR50D
XP_073802123,XP_056312664,2.676248550415039e-05,esm2_t6_8M_UR50D
XP_073801400,XP_056308705,0.008764028549194336,esm2_t6_8M_UR50D
XP_021326380,XP_056307596,0.026791512966156006,esm2_t6_8M_UR50D
XP_073801020,XP_056309949,0.0002072453498840332,esm2_t6_8M_UR50D
XP_073801019,XP_056309949,0.0002072453498840332,esm2_t6_8M_UR50D
XP_073801024,XP_056309949,0.0002072453498840332,esm2_t6_8M_UR50D
XP_073801021,XP_056309951,0.0002034306526184082,esm2_t6_8M_UR50D
XP_073801018,XP_056309951,0.00021827220916748047,esm2_t6_8M_UR50D
XP_073801022,XP_056309951,0.0002034306526184082,esm2_t6_8M_UR50D
XP_073801023,XP_056309951,0.00021827220916748047,esm2_t6_8M_UR50D
NP_705949,XP_056309172,0.04118204116821289,esm2_t6_8M_UR50D
XP_073801023,XP_056309949,0.00021827220916748047,esm2_t6_8M_UR50D
XP_073801018,XP_056309949,0.00021827220916748047,esm2_t6_8M_UR50D
XP_073801021,XP_056309949,0.0002034306526184082,esm2_t6_8M_UR50D
XP_073801022,XP_056309949,0.0002034306526184082,esm2_t6_8M_UR50D
XP_009290388,XP_056332070,0.014921247959136963,esm2_t6_8M_UR50D
XP_073807572,XP_056314409,0.0003960728645324707,esm2_t6_8M_UR50D
XP_073807573,XP_056314409,0.00042748451232910156,esm2_t6_8M_UR50D
XP_073797233,XP_056307190,0.0004436373710632324,esm2_t6_8M_UR50D
XP_073797235,XP_056307190,0.0004436373710632324,esm2_t6_8M_UR50D
XP_073797234,XP_056307191,0.0004436373710632324,esm2_t6_8M_UR50D
XP_073797233,XP_056307191,0.0004436373710632324,esm2_t6_8M_UR50D
XP_073797235,XP_056307191,0.0004436373710632324,esm2_t6_8M_UR50D
XP_073797234,XP_056307190,0.0004436373710632324,esm2_t6_8M_UR50D
XP_073797233,XP_056307189,0.0004436373710632324,esm2_t6_8M_UR50D
XP_073797234,XP_056307189,0.0004436373710632324,esm2_t6_8M_UR50D
XP_073797234,XP_056307188,0.0004436373710632324,esm2_t6_8M_UR50D
XP_073797233,XP_056307188,0.0004436373710632324,esm2_t6_8M_UR50D
XP_073801020,XP_056309950,0.0002154707908630371,esm2_t6_8M_UR50D
XP_073801019,XP_056309950,0.0002154707908630371,esm2_t6_8M_UR50D
XP_073801023,XP_056309950,0.0002688765525817871,esm2_t6_8M_UR50D
XP_073801018,XP_056309950,0.0002688765525817871,esm2_t6_8M_UR50D
XP_073801021,XP_056309950,0.00024706125259399414,esm2_t6_8M_UR50D
XP_073801022,XP_056309950,0.00024706125259399414,esm2_t6_8M_UR50D
NP_001038839,XP_056307445,0.04205882549285889,esm2_t6_8M_UR50D
XP_073797233,XP_056307187,0.0004583597183227539,esm2_t6_8M_UR50D
XP_073797235,XP_056307187,0.0004583597183227539,esm2_t6_8M_UR50D
XP_073797234,XP_056307187,0.0004583597183227539,esm2_t6_8M_UR50D
XP_009304943,XP_056326200,0.04195451736450195,esm2_t6_8M_UR50D
NP_001002488,XP_056326200,0.04195451736450195,esm2_t6_8M_UR50D
XP_009290387,XP_056332070,0.014921247959136963,esm2_t6_8M_UR50D
XP_009290386,XP_056332070,0.014921247959136963,esm2_t6_8M_UR50D
XP_073805415,XP_056310878,0.06108897924423218,esm2_t6_8M_UR50D
XP_009290389,XP_056332070,0.014921247959136963,esm2_t6_8M_UR50D
NP_001180454,XP_056327216,0.04157739877700806,esm2_t6_8M_UR50D
NP_001341481,XP_056327216,0.041577279567718506,esm2_t6_8M_UR50D
NP_001341482,XP_056327216,0.041577279567718506,esm2_t6_8M_UR50D
XP_017211153,XP_056310457,0.04155087471008301,esm2_t6_8M_UR50D
XP_009290390,XP_056332070,0.01457434892654419,esm2_t6_8M_UR50D
XP_021325206,XP_056303950,0.04142141342163086,esm2_t6_8M_UR50D
XP_009289566,XP_056328805,0.04131704568862915,esm2_t6_8M_UR50D
XP_021324081,XP_056326066,0.041293203830718994,esm2_t6_8M_UR50D
XP_005174189,XP_056305557,0.04125732183456421,esm2_t6_8M_UR50D
XP_005163889,XP_056309172,0.04118204116821289,esm2_t6_8M_UR50D
XP_073807571,XP_056314409,0.00043582916259765625,esm2_t6_8M_UR50D
XP_073795138,XP_056304639,0.0007429122924804688,esm2_t6_8M_UR50D
XP_003201260,XP_056305573,0.04002875089645386,esm2_t6_8M_UR50D
XP_073807569,XP_056314409,0.0005605220794677734,esm2_t6_8M_UR50D
XP_073807568,XP_056314409,0.00043714046478271484,esm2_t6_8M_UR50D
XP_073801594,XP_056323202,0.03965824842453003,esm2_t6_8M_UR50D
XP_003201035,XP_056304483,0.039621829986572266,esm2_t6_8M_UR50D
NP_001017855,XP_056308570,0.039617061614990234,esm2_t6_8M_UR50D
XP_073795139,XP_056304639,0.0007146596908569336,esm2_t6_8M_UR50D
XP_021332406,XP_056314895,0.03938513994216919,esm2_t6_8M_UR50D
XP_073808008,XP_056314895,0.03938525915145874,esm2_t6_8M_UR50D
XP_073808007,XP_056314895,0.03938513994216919,esm2_t6_8M_UR50D
XP_073808006,XP_056314895,0.03938513994216919,esm2_t6_8M_UR50D
XP_017207531,XP_056318446,0.03938138484954834,esm2_t6_8M_UR50D
XP_073800556,XP_056309444,0.0001392960548400879,esm2_t6_8M_UR50D
XP_073800552,XP_056309444,0.0001392960548400879,esm2_t6_8M_UR50D
XP_021331590,XP_056320346,0.03932923078536987,esm2_t6_8M_UR50D
XP_003198028,XP_056326066,0.039319753646850586,esm2_t6_8M_UR50D
XP_073796608,XP_056306873,0.00045984983444213867,esm2_t6_8M_UR50D
XP_073800552,XP_056309441,0.0001266002655029297,esm2_t6_8M_UR50D
XP_073800556,XP_056309441,0.0001266002655029297,esm2_t6_8M_UR50D
XP_005164293,XP_056308793,0.039254188537597656,esm2_t6_8M_UR50D
NP_001410430,XP_056323202,0.027336061000823975,esm2_t6_8M_UR50D
XP_073800554,XP_056309444,0.00013053417205810547,esm2_t6_8M_UR50D
XP_003198201,XP_056308793,0.039103925228118896,esm2_t6_8M_UR50D
XP_073800554,XP_056309441,0.00012230873107910156,esm2_t6_8M_UR50D
XP_073800555,XP_056309444,0.00014841556549072266,esm2_t6_8M_UR50D
XP_073800555,XP_056309441,0.00013530254364013672,esm2_t6_8M_UR50D
XP_073801039,XP_056310218,0.028210580348968506,esm2_t6_8M_UR50D
XP_073805416,XP_056320177,0.053446948528289795,esm2_t6_8M_UR50D
XP_073805416,XP_056320178,0.053446948528289795,esm2_t6_8M_UR50D
XP_073805417,XP_056320177,0.052670836448669434,esm2_t6_8M_UR50D
XP_073805417,XP_056320178,0.052670836448669434,esm2_t6_8M_UR50D
NP_001410430,XP_056323228,0.026066601276397705,esm2_t6_8M_UR50D
NP_571006,XP_056308605,0.03796273469924927,esm2_t6_8M_UR50D
NP_001123874,XP_056336287,0.03788769245147705,esm2_t6_8M_UR50D
XP_073805849,XP_056313411,0.000277101993560791,esm2_t6_8M_UR50D
XP_073805849,XP_056313412,0.000277101993560791,esm2_t6_8M_UR50D
XP_073805850,XP_056313411,0.000277101993560791,esm2_t6_8M_UR50D
XP_073805850,XP_056313412,0.000277101993560791,esm2_t6_8M_UR50D
XP_073802946,XP_056312241,0.03754168748855591,esm2_t6_8M_UR50D
NP_001314986,XP_056319180,0.03748804330825806,esm2_t6_8M_UR50D
NP_001076546,XP_056336610,0.037472546100616455,esm2_t6_8M_UR50D
XP_073795141,XP_056304639,0.00043213367462158203,esm2_t6_8M_UR50D
XP_073795137,XP_056304639,0.0006308555603027344,esm2_t6_8M_UR50D
XP_073795135,XP_056304639,0.00043213367462158203,esm2_t6_8M_UR50D
XP_073795140,XP_056304639,0.00043213367462158203,esm2_t6_8M_UR50D
XP_021325441,XP_056305557,0.03734952211380005,esm2_t6_8M_UR50D
XP_073804167,XP_056311151,0.015234053134918213,esm2_t6_8M_UR50D
XP_073804166,XP_056311151,0.01507037878036499,esm2_t6_8M_UR50D
XP_073799823,XP_056308976,0.037237465381622314,esm2_t6_8M_UR50D
XP_073802856,XP_056310457,0.037140071392059326,esm2_t6_8M_UR50D
XP_073791713,XP_056324308,0.02628946304321289,esm2_t6_8M_UR50D
XP_073809661,XP_056315378,0.0001112818717956543,esm2_t6_8M_UR50D
XP_005166970,XP_056319180,0.03637409210205078,esm2_t6_8M_UR50D
XP_073807459,XP_056314161,0.007311224937438965,esm2_t6_8M_UR50D
NP_001003450,XP_056304486,0.03575652837753296,esm2_t6_8M_UR50D
XP_073800563,XP_056309445,0.00015968084335327148,esm2_t6_8M_UR50D
XP_073800563,XP_056309442,0.0001697540283203125,esm2_t6_8M_UR50D
XP_686084,XP_056309651,0.00013011693954467773,esm2_t6_8M_UR50D
XP_073800559,XP_056309445,0.0001372694969177246,esm2_t6_8M_UR50D
XP_073800562,XP_056309445,0.0001372694969177246,esm2_t6_8M_UR50D
NP_001154960,XP_056323459,0.03544437885284424,esm2_t6_8M_UR50D
XP_073800559,XP_056309442,0.00014322996139526367,esm2_t6_8M_UR50D
XP_073800562,XP_056309442,0.00014322996139526367,esm2_t6_8M_UR50D
XP_073793320,XP_056304483,0.03532552719116211,esm2_t6_8M_UR50D
XP_073800560,XP_056309445,0.00016057491302490234,esm2_t6_8M_UR50D
XP_073800560,XP_056309442,0.00016635656356811523,esm2_t6_8M_UR50D
XP_073809660,XP_056315377,0.0001087188720703125,esm2_t6_8M_UR50D
XP_073800561,XP_056309445,0.00011938810348510742,esm2_t6_8M_UR50D
XP_073800561,XP_056309442,0.0001240372657775879,esm2_t6_8M_UR50D
XP_686084,XP_056309650,0.00012183189392089844,esm2_t6_8M_UR50D
NP_001093576,XP_056317123,0.03500866889953613,esm2_t6_8M_UR50D
NP_001116765,XP_056320841,0.034911513328552246,esm2_t6_8M_UR50D
XP_073792146,XP_056302869,0.0015326738357543945,esm2_t6_8M_UR50D
XP_073800564,XP_056309445,0.00019437074661254883,esm2_t6_8M_UR50D
XP_073800564,XP_056309442,0.0001971125602722168,esm2_t6_8M_UR50D
XP_073800565,XP_056309445,0.00021469593048095703,esm2_t6_8M_UR50D
XP_073807459,XP_056314160,0.006463587284088135,esm2_t6_8M_UR50D
XP_073800565,XP_056309442,0.00022029876708984375,esm2_t6_8M_UR50D
XP_073807459,XP_056314159,0.006493806838989258,esm2_t6_8M_UR50D
XP_073788353,XP_056308426,0.034072697162628174,esm2_t6_8M_UR50D
XP_073803071,XP_056312367,0.03391677141189575,esm2_t6_8M_UR50D
XP_017211320,XP_056311164,0.03389477729797363,esm2_t6_8M_UR50D
XP_021334574,XP_056320841,0.03388810157775879,esm2_t6_8M_UR50D
NP_001092713,XP_056320841,0.03388810157775879,esm2_t6_8M_UR50D
XP_021324375,XP_056301538,0.03383547067642212,esm2_t6_8M_UR50D
XP_073792222,XP_056309181,0.0338018536567688,esm2_t6_8M_UR50D
NP_958454,XP_056309181,0.0338018536567688,esm2_t6_8M_UR50D
XP_073797048,XP_056332513,0.00037610530853271484,esm2_t6_8M_UR50D
XP_021332017,XP_056314884,0.03342026472091675,esm2_t6_8M_UR50D
XP_693710,XP_056316917,0.03332829475402832,esm2_t6_8M_UR50D
XP_684360,XP_056306627,9.995698928833008e-05,esm2_t6_8M_UR50D
XP_073806063,XP_056314200,0.00012665987014770508,esm2_t6_8M_UR50D
XP_073806064,XP_056314200,0.00012993812561035156,esm2_t6_8M_UR50D
XP_073806062,XP_056314200,0.00012993812561035156,esm2_t6_8M_UR50D
XP_073806066,XP_056314200,0.00012135505676269531,esm2_t6_8M_UR50D
XP_073801386,XP_056305422,0.026694536209106445,esm2_t6_8M_UR50D
XP_073808005,XP_056314895,0.03938513994216919,esm2_t6_8M_UR50D
XP_073806067,XP_056314200,0.00011533498764038086,esm2_t6_8M_UR50D
XP_073806065,XP_056314200,0.00011533498764038086,esm2_t6_8M_UR50D
XP_691552,XP_056313573,0.0003749728202819824,esm2_t6_8M_UR50D
XP_073791875,XP_056302791,0.03285890817642212,esm2_t6_8M_UR50D
XP_697383,XP_056326227,0.00010079145431518555,esm2_t6_8M_UR50D
XP_697383,XP_056326225,0.00010079145431518555,esm2_t6_8M_UR50D
XP_697383,XP_056326228,0.00010079145431518555,esm2_t6_8M_UR50D
XP_697383,XP_056326226,0.00010079145431518555,esm2_t6_8M_UR50D
XP_073792805,XP_056304322,0.0002353191375732422,esm2_t6_8M_UR50D
NP_001314903,XP_056302348,0.032350361347198486,esm2_t6_8M_UR50D
NP_001314903,XP_056302340,0.03235030174255371,esm2_t6_8M_UR50D
XP_073803088,XP_056311996,0.0002643465995788574,esm2_t6_8M_UR50D
XP_073803087,XP_056311996,0.00023305416107177734,esm2_t6_8M_UR50D
XP_073786515,XP_056308712,0.03212845325469971,esm2_t6_8M_UR50D
XP_073786516,XP_056308712,0.03212845325469971,esm2_t6_8M_UR50D
XP_073806060,XP_056314200,0.00019752979278564453,esm2_t6_8M_UR50D
XP_073806058,XP_056314200,0.00019752979278564453,esm2_t6_8M_UR50D
NP_001314904,XP_056302348,0.03196924924850464,esm2_t6_8M_UR50D
NP_001314904,XP_056302340,0.03196918964385986,esm2_t6_8M_UR50D
XP_002664631,XP_056329443,0.031948089599609375,esm2_t6_8M_UR50D
NP_001410531,XP_056323473,0.027571439743041992,esm2_t6_8M_UR50D
XP_073806057,XP_056314200,0.00021511316299438477,esm2_t6_8M_UR50D
XP_073806059,XP_056314200,0.00021249055862426758,esm2_t6_8M_UR50D
NP_001410321,XP_056336199,0.031464338302612305,esm2_t6_8M_UR50D
XP_073801181,XP_056308798,0.03178679943084717,esm2_t6_8M_UR50D
XP_001346027,XP_056334499,0.03163272142410278,esm2_t6_8M_UR50D
XP_017208504,XP_056302791,0.03154689073562622,esm2_t6_8M_UR50D
XP_073800580,XP_056309443,0.0001277327537536621,esm2_t6_8M_UR50D
XP_073800582,XP_056309443,0.0001277327537536621,esm2_t6_8M_UR50D
XP_073800568,XP_056309443,0.00034350156784057617,esm2_t6_8M_UR50D
XP_073800581,XP_056309443,0.00013488531112670898,esm2_t6_8M_UR50D
XP_073800569,XP_056309443,0.00033205747604370117,esm2_t6_8M_UR50D
NP_957131,XP_056310967,0.03133469820022583,esm2_t6_8M_UR50D
XP_073789692,XP_056301564,0.03124856948852539,esm2_t6_8M_UR50D
NP_001007782,XP_056310302,0.031232476234436035,esm2_t6_8M_UR50D
NP_001019577,XP_056302917,0.03122919797897339,esm2_t6_8M_UR50D
XP_073807485,XP_056314154,0.03119528293609619,esm2_t6_8M_UR50D
XP_073799830,XP_056308982,0.030883848667144775,esm2_t6_8M_UR50D
XP_009290494,XP_056331874,0.030868947505950928,esm2_t6_8M_UR50D
XP_073805857,XP_056313839,9.60230827331543e-05,esm2_t6_8M_UR50D
XP_073803020,XP_056312027,0.012342870235443115,esm2_t6_8M_UR50D
XP_073795778,XP_056306060,0.00024646520614624023,esm2_t6_8M_UR50D
XP_073800583,XP_056309443,0.00023281574249267578,esm2_t6_8M_UR50D
XP_073797237,XP_056307192,0.0002193450927734375,esm2_t6_8M_UR50D
XP_073797238,XP_056307192,0.0002193450927734375,esm2_t6_8M_UR50D
XP_073797236,XP_056307192,0.0003854036331176758,esm2_t6_8M_UR50D
XP_073800584,XP_056309443,0.00025725364685058594,esm2_t6_8M_UR50D
XP_073803020,XP_056312028,0.012285947799682617,esm2_t6_8M_UR50D
NP_001002489,XP_056312772,0.03056788444519043,esm2_t6_8M_UR50D
XP_073803072,XP_056312367,0.030562102794647217,esm2_t6_8M_UR50D
XP_005174182,XP_056304687,0.030533313751220703,esm2_t6_8M_UR50D
XP_073787226,XP_056336199,0.030530869960784912,esm2_t6_8M_UR50D
XP_021331600,XP_056319499,0.03052574396133423,esm2_t6_8M_UR50D
XP_073800585,XP_056309443,0.0002676844596862793,esm2_t6_8M_UR50D
NP_001311383,XP_056319189,0.030435800552368164,esm2_t6_8M_UR50D
XP_073803083,XP_056311991,0.00025016069412231445,esm2_t6_8M_UR50D
XP_073803082,XP_056311991,0.000277101993560791,esm2_t6_8M_UR50D
NP_001410321,XP_056336037,0.030140340328216553,esm2_t6_8M_UR50D
XP_073803082,XP_056311990,0.0002643465995788574,esm2_t6_8M_UR50D
XP_073803087,XP_056311995,0.00023305416107177734,esm2_t6_8M_UR50D
XP_073803088,XP_056311995,0.0002643465995788574,esm2_t6_8M_UR50D
XP_009296341,XP_056307312,0.030208587646484375,esm2_t6_8M_UR50D
XP_073793861,XP_056303965,0.03005772829055786,esm2_t6_8M_UR50D
XP_005157765,XP_056329215,0.030023515224456787,esm2_t6_8M_UR50D
NP_001014345,XP_056307951,0.029970645904541016,esm2_t6_8M_UR50D
XP_009292731,XP_056335481,0.02995133399963379,esm2_t6_8M_UR50D
XP_689347,XP_056336532,0.0002582669258117676,esm2_t6_8M_UR50D
XP_073798839,XP_056307688,0.029915153980255127,esm2_t6_8M_UR50D
XP_017206934,XP_056332098,0.02984720468521118,esm2_t6_8M_UR50D
XP_689347,XP_056336533,0.0002435445785522461,esm2_t6_8M_UR50D
XP_689347,XP_056336534,0.0002516508102416992,esm2_t6_8M_UR50D
XP_073809052,XP_056316716,0.0020105838775634766,esm2_t6_8M_UR50D
NP_001128154,XP_056317109,0.02953428030014038,esm2_t6_8M_UR50D
XP_021331600,XP_056319507,0.029514610767364502,esm2_t6_8M_UR50D
XP_073802828,XP_056311089,0.029486000537872314,esm2_t6_8M_UR50D
XP_073802827,XP_056311089,0.029486000537872314,esm2_t6_8M_UR50D
XP_073787226,XP_056336037,0.029397189617156982,esm2_t6_8M_UR50D
XP_073803082,XP_056311988,0.0002643465995788574,esm2_t6_8M_UR50D
XP_073803046,XP_056312366,0.029372572898864746,esm2_t6_8M_UR50D
XP_073803047,XP_056312366,0.029372572898864746,esm2_t6_8M_UR50D
XP_073793862,XP_056303965,0.02935349941253662,esm2_t6_8M_UR50D
XP_017206874,XP_056332098,0.029352962970733643,esm2_t6_8M_UR50D
XP_073803082,XP_056311989,0.00023615360260009766,esm2_t6_8M_UR50D
XP_073803083,XP_056311989,0.0003870725631713867,esm2_t6_8M_UR50D
XP_073791235,XP_056302469,0.004222393035888672,esm2_t6_8M_UR50D
XP_073805400,XP_056319545,0.029149770736694336,esm2_t6_8M_UR50D
XP_021330987,XP_056310982,0.029125571250915527,esm2_t6_8M_UR50D
NP_001315083,XP_056304407,0.029108762741088867,esm2_t6_8M_UR50D
XP_692550,XP_056320752,0.0012450218200683594,esm2_t6_8M_UR50D
XP_073791235,XP_056302463,0.004085242748260498,esm2_t6_8M_UR50D
XP_073796065,XP_056309857,0.00033849477767944336,esm2_t6_8M_UR50D
NP_956172,XP_056328252,0.004927515983581543,esm2_t6_8M_UR50D
XP_073791235,XP_056302462,0.004056215286254883,esm2_t6_8M_UR50D
NP_956888,XP_056316873,0.028608620166778564,esm2_t6_8M_UR50D
XP_021323772,XP_056325664,0.05918264389038086,esm2_t6_8M_UR50D
XP_073793319,XP_056304123,0.028509199619293213,esm2_t6_8M_UR50D
XP_021334455,XP_056320774,0.028380215167999268,esm2_t6_8M_UR50D
XP_073801620,XP_056325931,0.028364181518554688,esm2_t6_8M_UR50D
NP_001352989,XP_056331989,0.022180914878845215,esm2_t6_8M_UR50D
XP_073803084,XP_056311994,0.00019437074661254883,esm2_t6_8M_UR50D
XP_073807124,XP_056313092,0.027802705764770508,esm2_t6_8M_UR50D
NP_001093643,XP_056307377,0.027699708938598633,esm2_t6_8M_UR50D
NP_001410239,XP_056307377,0.027699708938598633,esm2_t6_8M_UR50D
XP_002666951,XP_056307377,0.027699708938598633,esm2_t6_8M_UR50D
NP_001020342,XP_056307377,0.027699708938598633,esm2_t6_8M_UR50D
XP_691943,XP_056307377,0.027699708938598633,esm2_t6_8M_UR50D
XP_017209710,XP_056307377,0.027699708938598633,esm2_t6_8M_UR50D
XP_073807406,XP_056312779,0.027656257152557373,esm2_t6_8M_UR50D
XP_073793157,XP_056304456,0.027585208415985107,esm2_t6_8M_UR50D
XP_073796832,XP_056306238,0.020806849002838135,esm2_t6_8M_UR50D
XP_073796833,XP_056306238,0.01986902952194214,esm2_t6_8M_UR50D
NP_001018640,XP_056322262,0.027697443962097168,esm2_t6_8M_UR50D
XP_073800209,XP_056304484,0.026736140251159668,esm2_t6_8M_UR50D
XP_001345427,XP_056303267,0.027432799339294434,esm2_t6_8M_UR50D
XP_073790041,XP_056337348,0.0019484758377075195,esm2_t6_8M_UR50D
XP_073790038,XP_056337348,0.0020322203636169434,esm2_t6_8M_UR50D
XP_073790034,XP_056337348,0.0020486116409301758,esm2_t6_8M_UR50D
XP_073805858,XP_056313840,9.441375732421875e-05,esm2_t6_8M_UR50D
NP_898897,XP_056322464,0.02738797664642334,esm2_t6_8M_UR50D
NP_001243658,XP_056320274,0.0273781418800354,esm2_t6_8M_UR50D
XP_073801060,XP_056308793,0.039254188537597656,esm2_t6_8M_UR50D
NP_001116717,XP_056320500,0.0019459724426269531,esm2_t6_8M_UR50D
XP_005157778,XP_056329350,0.05370056629180908,esm2_t6_8M_UR50D
XP_005157778,XP_056329349,0.05370056629180908,esm2_t6_8M_UR50D
XP_073801059,XP_056308793,0.039103806018829346,esm2_t6_8M_UR50D
NP_001348325,XP_056307102,0.027108848094940186,esm2_t6_8M_UR50D
NP_571934,XP_056309492,0.02701699733734131,esm2_t6_8M_UR50D
XP_073794673,XP_056304967,0.000764310359954834,esm2_t6_8M_UR50D
XP_073794674,XP_056304967,0.00036203861236572266,esm2_t6_8M_UR50D
XP_073794670,XP_056304967,0.00022399425506591797,esm2_t6_8M_UR50D
XP_073790045,XP_056337348,0.0018461942672729492,esm2_t6_8M_UR50D
XP_073790056,XP_056337348,0.0018596649169921875,esm2_t6_8M_UR50D
XP_073790033,XP_056337348,0.002083420753479004,esm2_t6_8M_UR50D
XP_073790032,XP_056337348,0.0020679831504821777,esm2_t6_8M_UR50D
XP_021325094,XP_056303395,0.026826143264770508,esm2_t6_8M_UR50D
NP_001314959,XP_056325901,0.02628922462463379,esm2_t6_8M_UR50D
XP_001344904,XP_056307312,0.02672421932220459,esm2_t6_8M_UR50D
NP_001104686,XP_056307377,0.02670598030090332,esm2_t6_8M_UR50D
XP_073799539,XP_056307377,0.02670598030090332,esm2_t6_8M_UR50D
NP_001373716,XP_056307377,0.02670598030090332,esm2_t6_8M_UR50D
XP_073793863,XP_056303965,0.026694178581237793,esm2_t6_8M_UR50D
XP_073800915,XP_056324795,0.026604056358337402,esm2_t6_8M_UR50D
XP_073794672,XP_056304967,0.0007188916206359863,esm2_t6_8M_UR50D
XP_685629,XP_056322866,0.0006125569343566895,esm2_t6_8M_UR50D
XP_685629,XP_056322865,0.0006125569343566895,esm2_t6_8M_UR50D
NP_001003838,XP_056325517,0.026345014572143555,esm2_t6_8M_UR50D
XP_017207692,XP_056335069,0.02633845806121826,esm2_t6_8M_UR50D
XP_073794671,XP_056304967,0.0003355741500854492,esm2_t6_8M_UR50D
XP_073794675,XP_056304967,0.00028121471405029297,esm2_t6_8M_UR50D
NP_001188469,XP_056312043,0.02631300687789917,esm2_t6_8M_UR50D
XP_073791236,XP_056302470,0.004245460033416748,esm2_t6_8M_UR50D
XP_698274,XP_056330240,0.02620142698287964,esm2_t6_8M_UR50D
XP_073791237,XP_056302467,0.004171788692474365,esm2_t6_8M_UR50D
XP_073801446,XP_056315227,0.00019800662994384766,esm2_t6_8M_UR50D
XP_073801445,XP_056315227,0.00019800662994384766,esm2_t6_8M_UR50D
XP_073791236,XP_056302466,0.004109978675842285,esm2_t6_8M_UR50D
XP_073803160,XP_056311882,7.62939453125e-05,esm2_t6_8M_UR50D
XP_073790044,XP_056337348,0.0019110441207885742,esm2_t6_8M_UR50D
XP_073793335,XP_056312324,0.02593928575515747,esm2_t6_8M_UR50D
XP_021336061,XP_056324914,0.025906682014465332,esm2_t6_8M_UR50D
NP_001025428,XP_056334391,0.0259016752243042,esm2_t6_8M_UR50D
XP_003201784,XP_056303255,0.02579796314239502,esm2_t6_8M_UR50D
XP_073790049,XP_056337348,0.001959085464477539,esm2_t6_8M_UR50D
XP_073790042,XP_056337348,0.0018720626831054688,esm2_t6_8M_UR50D
XP_073790053,XP_056337348,0.002036750316619873,esm2_t6_8M_UR50D
XP_073793864,XP_056303965,0.025771915912628174,esm2_t6_8M_UR50D
XP_073809051,XP_056302348,0.025740087032318115,esm2_t6_8M_UR50D
XP_073809051,XP_056302340,0.02574002742767334,esm2_t6_8M_UR50D
XP_073800532,XP_056309420,9.071826934814453e-05,esm2_t6_8M_UR50D
XP_073800544,XP_056309420,0.00010567903518676758,esm2_t6_8M_UR50D
XP_073791236,XP_056302465,0.003995001316070557,esm2_t6_8M_UR50D
XP_073800527,XP_056309420,0.00012552738189697266,esm2_t6_8M_UR50D
XP_073800546,XP_056309420,0.0001175999641418457,esm2_t6_8M_UR50D
XP_073800534,XP_056309421,8.416175842285156e-05,esm2_t6_8M_UR50D
XP_073800532,XP_056309421,9.292364120483398e-05,esm2_t6_8M_UR50D
XP_073800544,XP_056309421,0.0001080632209777832,esm2_t6_8M_UR50D
XP_073807835,XP_056313154,0.025607824325561523,esm2_t6_8M_UR50D
XP_073800546,XP_056309421,0.0001221299171447754,esm2_t6_8M_UR50D
XP_073800527,XP_056309421,0.0001258254051208496,esm2_t6_8M_UR50D
XP_073800530,XP_056309420,0.00012224912643432617,esm2_t6_8M_UR50D
XP_073800530,XP_056309421,0.00012373924255371094,esm2_t6_8M_UR50D
XP_073800528,XP_056309420,0.00010645389556884766,esm2_t6_8M_UR50D
XP_073800538,XP_056309420,0.00010544061660766602,esm2_t6_8M_UR50D
XP_073800528,XP_056309421,0.00010395050048828125,esm2_t6_8M_UR50D
XP_073800538,XP_056309421,0.00010323524475097656,esm2_t6_8M_UR50D
XP_001341514,XP_056320310,0.025460004806518555,esm2_t6_8M_UR50D
XP_073800545,XP_056309420,0.00010663270950317383,esm2_t6_8M_UR50D
XP_073800535,XP_056309420,8.702278137207031e-05,esm2_t6_8M_UR50D
XP_073800533,XP_056309420,9.626150131225586e-05,esm2_t6_8M_UR50D
XP_073800539,XP_056309420,0.00010091066360473633,esm2_t6_8M_UR50D
XP_073800529,XP_056309420,0.00010412931442260742,esm2_t6_8M_UR50D
XP_073800533,XP_056309421,0.00010579824447631836,esm2_t6_8M_UR50D
XP_073800545,XP_056309421,0.00011551380157470703,esm2_t6_8M_UR50D
XP_073800539,XP_056309421,0.00010436773300170898,esm2_t6_8M_UR50D
XP_073800529,XP_056309421,0.00010794401168823242,esm2_t6_8M_UR50D
NP_001373176,XP_056329707,0.02538532018661499,esm2_t6_8M_UR50D
NP_001028283,XP_056335943,0.025376200675964355,esm2_t6_8M_UR50D
XP_073800532,XP_056309419,0.00010001659393310547,esm2_t6_8M_UR50D
XP_073800544,XP_056309419,0.00010561943054199219,esm2_t6_8M_UR50D
XP_017214041,XP_056324913,0.025346696376800537,esm2_t6_8M_UR50D
XP_073800546,XP_056309419,0.00011301040649414062,esm2_t6_8M_UR50D
XP_073800527,XP_056309419,0.0001442432403564453,esm2_t6_8M_UR50D
XP_073790065,XP_056337348,0.001696467399597168,esm2_t6_8M_UR50D
XP_073800537,XP_056309420,0.0001016855239868164,esm2_t6_8M_UR50D
XP_017214042,XP_056324913,0.025268852710723877,esm2_t6_8M_UR50D
NP_001036210,XP_056332399,0.0001952648162841797,esm2_t6_8M_UR50D
XP_073800537,XP_056309421,9.97781753540039e-05,esm2_t6_8M_UR50D
XP_073800538,XP_056309419,0.00011491775512695312,esm2_t6_8M_UR50D
XP_073800528,XP_056309419,0.00010865926742553711,esm2_t6_8M_UR50D
XP_073790057,XP_056337348,0.0016776323318481445,esm2_t6_8M_UR50D
XP_073798553,XP_056308035,0.025187253952026367,esm2_t6_8M_UR50D
XP_073800533,XP_056309419,0.00011092424392700195,esm2_t6_8M_UR50D
XP_073800545,XP_056309419,0.00011032819747924805,esm2_t6_8M_UR50D
NP_001269112,XP_056335294,0.02515709400177002,esm2_t6_8M_UR50D
XP_073800539,XP_056309419,0.00011295080184936523,esm2_t6_8M_UR50D
XP_073800529,XP_056309419,0.0001087188720703125,esm2_t6_8M_UR50D
NP_001352989,XP_056331987,0.020140767097473145,esm2_t6_8M_UR50D
XP_009290275,XP_056330005,0.025095582008361816,esm2_t6_8M_UR50D
XP_073790037,XP_056337348,0.001902759075164795,esm2_t6_8M_UR50D
XP_073790067,XP_056337348,0.0017670989036560059,esm2_t6_8M_UR50D
XP_073800537,XP_056309419,0.00010347366333007812,esm2_t6_8M_UR50D
XP_073790061,XP_056337348,0.0017682313919067383,esm2_t6_8M_UR50D
XP_003201373,XP_056306748,0.024849772453308105,esm2_t6_8M_UR50D
XP_073796269,XP_056307145,0.0006780624389648438,esm2_t6_8M_UR50D
XP_073803160,XP_056311883,0.0001608133316040039,esm2_t6_8M_UR50D
XP_073807836,XP_056313154,0.02472388744354248,esm2_t6_8M_UR50D
NP_001129450,XP_056331885,0.024639248847961426,esm2_t6_8M_UR50D
XP_073809568,XP_056315277,0.024527311325073242,esm2_t6_8M_UR50D
XP_073809569,XP_056315277,0.024527311325073242,esm2_t6_8M_UR50D
XP_017208962,XP_056304123,0.024479806423187256,esm2_t6_8M_UR50D
NP_001003597,XP_056336027,0.02446138858795166,esm2_t6_8M_UR50D
XP_073810471,XP_056316205,0.00012677907943725586,esm2_t6_8M_UR50D
XP_073810472,XP_056316205,0.0001399517059326172,esm2_t6_8M_UR50D
XP_073810473,XP_056316205,0.00015163421630859375,esm2_t6_8M_UR50D
XP_003200133,XP_056329913,0.024454474449157715,esm2_t6_8M_UR50D
XP_003200133,XP_056329911,0.02445453405380249,esm2_t6_8M_UR50D
XP_003200133,XP_056329912,0.024454474449157715,esm2_t6_8M_UR50D
XP_003200133,XP_056329909,0.02445453405380249,esm2_t6_8M_UR50D
XP_003200133,XP_056329910,0.02445453405380249,esm2_t6_8M_UR50D
XP_073793733,XP_056304085,0.02444016933441162,esm2_t6_8M_UR50D
XP_691343,XP_056304085,0.02444016933441162,esm2_t6_8M_UR50D
XP_021336550,XP_056327113,0.024438440799713135,esm2_t6_8M_UR50D
XP_073799800,XP_056304841,0.01055985689163208,esm2_t6_8M_UR50D
XP_073803092,XP_056311997,0.00024211406707763672,esm2_t6_8M_UR50D
XP_073803091,XP_056311997,0.0002136826515197754,esm2_t6_8M_UR50D
XP_073800544,XP_056309426,0.00013512372970581055,esm2_t6_8M_UR50D
XP_073800534,XP_056309426,0.00018090009689331055,esm2_t6_8M_UR50D
XP_073800532,XP_056309424,0.00017207860946655273,esm2_t6_8M_UR50D
XP_073800536,XP_056309426,0.00018227100372314453,esm2_t6_8M_UR50D
XP_073800546,XP_056309426,0.00014477968215942383,esm2_t6_8M_UR50D
XP_073796267,XP_056307145,0.0007505416870117188,esm2_t6_8M_UR50D
XP_073800545,XP_056309424,0.0001519918441772461,esm2_t6_8M_UR50D
XP_073800544,XP_056309425,0.00011461973190307617,esm2_t6_8M_UR50D
XP_073800537,XP_056309427,0.00016897916793823242,esm2_t6_8M_UR50D
XP_073800533,XP_056309425,0.00021249055862426758,esm2_t6_8M_UR50D
XP_073789721,XP_056337050,0.00018352270126342773,esm2_t6_8M_UR50D
XP_073810745,XP_056316721,0.0003581047058105469,esm2_t6_8M_UR50D
XP_073790883,XP_056302086,0.0010883808135986328,esm2_t6_8M_UR50D
XP_073800326,XP_056309206,0.005222797393798828,esm2_t6_8M_UR50D
XP_073800329,XP_056309206,0.00505375862121582,esm2_t6_8M_UR50D
XP_073789724,XP_056337053,7.253885269165039e-05,esm2_t6_8M_UR50D
XP_073805721,XP_056317134,0.01984584331512451,esm2_t6_8M_UR50D
XP_021322429,XP_056331304,0.019087791442871094,esm2_t6_8M_UR50D
XP_073808289,XP_056312759,0.02068042755126953,esm2_t6_8M_UR50D
XP_073798900,XP_056309897,0.0004437565803527832,esm2_t6_8M_UR50D
NP_001035342,XP_056311056,0.017669856548309326,esm2_t6_8M_UR50D
XP_073807829,XP_056313153,0.017274200916290283,esm2_t6_8M_UR50D
NP_001373251,XP_056330160,0.016878485679626465,esm2_t6_8M_UR50D
NP_001070057,XP_056309623,0.01657736301422119,esm2_t6_8M_UR50D
XP_073791828,XP_056302854,0.00019419193267822266,esm2_t6_8M_UR50D
XP_073793656,XP_056303299,8.040666580200195e-05,esm2_t6_8M_UR50D
XP_021323890,XP_056335160,0.015301346778869629,esm2_t6_8M_UR50D
NP_999957,XP_056321317,0.014980614185333252,esm2_t6_8M_UR50D
XP_073799502,XP_056307416,0.00027358531951904297,esm2_t6_8M_UR50D
XP_073805402,XP_056319545,0.014837443828582764,esm2_t6_8M_UR50D
XP_003200581,XP_056336192,0.006015956401824951,esm2_t6_8M_UR50D
XP_073807802,XP_056314860,0.00027948617935180664,esm2_t6_8M_UR50D
NP_571437,XP_056326982,0.014462649822235107,esm2_t6_8M_UR50D
XP_073787799,XP_056335160,0.014327824115753174,esm2_t6_8M_UR50D
XP_073788261,XP_056302513,0.014301061630249023,esm2_t6_8M_UR50D
XP_073789571,XP_056337188,0.0004729032516479492,esm2_t6_8M_UR50D
XP_073789565,XP_056337191,0.00034737586975097656,esm2_t6_8M_UR50D
XP_009305696,XP_056327427,0.010893285274505615,esm2_t6_8M_UR50D
XP_073803615,XP_056321892,0.013433992862701416,esm2_t6_8M_UR50D
XP_073793321,XP_056304489,0.013366281986236572,esm2_t6_8M_UR50D
XP_073807514,XP_056306474,0.013211309909820557,esm2_t6_8M_UR50D
NP_001313294,XP_056315003,0.012988388538360596,esm2_t6_8M_UR50D
NP_001315015,XP_056327037,0.01277381181716919,esm2_t6_8M_UR50D
XP_073791108,XP_056305496,0.0037964582443237305,esm2_t6_8M_UR50D
XP_073803558,XP_056336236,0.01229393482208252,esm2_t6_8M_UR50D
XP_073808240,XP_056307180,0.01226431131362915,esm2_t6_8M_UR50D
XP_073807519,XP_056306479,0.01222085952758789,esm2_t6_8M_UR50D
NP_001373658,XP_056323540,0.011922180652618408,esm2_t6_8M_UR50D
XP_073794028,XP_056304977,0.011690616607666016,esm2_t6_8M_UR50D
XP_073801994,XP_056312281,0.00024116039276123047,esm2_t6_8M_UR50D
XP_695417,XP_056333973,0.00017917156219482422,esm2_t6_8M_UR50D
XP_073810522,XP_056316328,0.000507652759552002,esm2_t6_8M_UR50D
XP_073810520,XP_056316327,0.000507652759552002,esm2_t6_8M_UR50D
XP_073810521,XP_056316328,0.000507652759552002,esm2_t6_8M_UR50D
XP_073810517,XP_056316327,0.000507652759552002,esm2_t6_8M_UR50D
XP_073810519,XP_056316327,0.000555574893951416,esm2_t6_8M_UR50D
XP_073810516,XP_056316328,0.000555574893951416,esm2_t6_8M_UR50D
XP_073804887,XP_056329786,0.011156678199768066,esm2_t6_8M_UR50D
XP_698802,XP_056335677,0.011133849620819092,esm2_t6_8M_UR50D
XP_005164954,XP_056311575,0.011089622974395752,esm2_t6_8M_UR50D
XP_073797016,XP_056306184,0.011077165603637695,esm2_t6_8M_UR50D
NP_001093617,XP_056335290,0.011016547679901123,esm2_t6_8M_UR50D
XP_073810807,XP_056316573,0.00039839744567871094,esm2_t6_8M_UR50D
XP_073797361,XP_056306442,0.010884344577789307,esm2_t6_8M_UR50D
XP_073796582,XP_056306245,0.0007271766662597656,esm2_t6_8M_UR50D
NP_956249,XP_056312377,0.010746002197265625,esm2_t6_8M_UR50D
NP_001070181,XP_056325478,0.007464706897735596,esm2_t6_8M_UR50D
XP_073810406,XP_056316024,0.0001372694969177246,esm2_t6_8M_UR50D
XP_073791601,XP_056334027,0.010549485683441162,esm2_t6_8M_UR50D
XP_073798360,XP_056308420,0.0011758208274841309,esm2_t6_8M_UR50D
NP_001019395,XP_056315002,0.010029494762420654,esm2_t6_8M_UR50D
XP_021322751,XP_056331113,0.009959936141967773,esm2_t6_8M_UR50D
XP_073790691,XP_056302392,0.0012687444686889648,esm2_t6_8M_UR50D
XP_073790689,XP_056302392,0.0012687444686889648,esm2_t6_8M_UR50D
XP_073807277,XP_056312974,0.009826123714447021,esm2_t6_8M_UR50D
XP_073790690,XP_056302394,0.0013151168823242188,esm2_t6_8M_UR50D
NP_001035015,XP_056312749,0.009813785552978516,esm2_t6_8M_UR50D
XP_073810343,XP_056315987,0.0006098747253417969,esm2_t6_8M_UR50D
XP_073790691,XP_056302395,0.001250147819519043,esm2_t6_8M_UR50D
XP_073790718,XP_056302397,0.001397550106048584,esm2_t6_8M_UR50D
XP_009299521,XP_056313396,0.009698987007141113,esm2_t6_8M_UR50D
XP_073810177,XP_056315788,0.00045055150985717773,esm2_t6_8M_UR50D
XP_073810174,XP_056315815,0.0012257099151611328,esm2_t6_8M_UR50D
XP_073793946,XP_056303355,0.006023228168487549,esm2_t6_8M_UR50D
XP_073800203,XP_056302540,0.009266316890716553,esm2_t6_8M_UR50D
NP_001373367,XP_056330740,0.00926285982131958,esm2_t6_8M_UR50D
XP_001340683,XP_056324979,0.00922548770904541,esm2_t6_8M_UR50D
XP_073797208,XP_056306136,0.00015228986740112305,esm2_t6_8M_UR50D
NP_998412,XP_056312331,0.009190857410430908,esm2_t6_8M_UR50D
XP_073787941,XP_056301675,0.009182155132293701,esm2_t6_8M_UR50D
XP_073803139,XP_056311943,0.00023537874221801758,esm2_t6_8M_UR50D
XP_073803139,XP_056311942,0.00023537874221801758,esm2_t6_8M_UR50D
NP_956197,XP_056334122,0.008997917175292969,esm2_t6_8M_UR50D
XP_073793136,XP_056304191,0.008952677249908447,esm2_t6_8M_UR50D
XP_073810403,XP_056316036,0.00014209747314453125,esm2_t6_8M_UR50D
XP_005165852,XP_056314959,0.008818387985229492,esm2_t6_8M_UR50D
XP_068068946,XP_056327581,0.008818209171295166,esm2_t6_8M_UR50D
XP_699547,XP_056316513,0.008752107620239258,esm2_t6_8M_UR50D
XP_073802558,XP_056311918,0.0005467534065246582,esm2_t6_8M_UR50D
XP_073786300,XP_056334517,0.008657872676849365,esm2_t6_8M_UR50D
XP_073810940,XP_056337726,0.008568108081817627,esm2_t6_8M_UR50D
XP_073801125,XP_056312531,0.002012789249420166,esm2_t6_8M_UR50D
XP_073799400,XP_056307238,0.0007607936859130859,esm2_t6_8M_UR50D
XP_073799402,XP_056307238,0.0007607936859130859,esm2_t6_8M_UR50D
XP_073790845,XP_056302738,0.0015395879745483398,esm2_t6_8M_UR50D
XP_073789428,XP_056337275,0.0005318522453308105,esm2_t6_8M_UR50D
XP_005162224,XP_056306039,0.008174300193786621,esm2_t6_8M_UR50D
XP_073798579,XP_056312587,7.051229476928711e-05,esm2_t6_8M_UR50D
XP_073785677,XP_056333974,0.008058786392211914,esm2_t6_8M_UR50D
XP_073800724,XP_056309735,0.003201782703399658,esm2_t6_8M_UR50D
XP_073800723,XP_056309735,0.0030495524406433105,esm2_t6_8M_UR50D
NP_001307020,XP_056317059,0.007911622524261475,esm2_t6_8M_UR50D
XP_073800498,XP_056309397,0.0076364874839782715,esm2_t6_8M_UR50D
XP_001340167,XP_056321240,0.007576286792755127,esm2_t6_8M_UR50D
NP_001373668,XP_056315814,0.007563591003417969,esm2_t6_8M_UR50D
XP_073802910,XP_056312230,0.0005486011505126953,esm2_t6_8M_UR50D
XP_009303928,XP_056322463,0.007456958293914795,esm2_t6_8M_UR50D
NP_001188470,XP_056312045,0.007364749908447266,esm2_t6_8M_UR50D
XP_073797508,XP_056306382,0.0073223114013671875,esm2_t6_8M_UR50D
NP_001037796,XP_056334029,0.007312595844268799,esm2_t6_8M_UR50D
XP_073793857,XP_056303208,0.0005992650985717773,esm2_t6_8M_UR50D
XP_073810352,XP_056315986,0.0005062222480773926,esm2_t6_8M_UR50D
XP_021325529,XP_056305061,0.007253408432006836,esm2_t6_8M_UR50D
XP_073791239,XP_056302463,0.0001258254051208496,esm2_t6_8M_UR50D
XP_021333799,XP_056318536,0.007238924503326416,esm2_t6_8M_UR50D
XP_073797011,XP_056306975,0.0007225275039672852,esm2_t6_8M_UR50D
XP_073800499,XP_056309397,0.0070983171463012695,esm2_t6_8M_UR50D
XP_073807654,XP_056313132,0.007067859172821045,esm2_t6_8M_UR50D
XP_005170030,XP_056308600,0.007026791572570801,esm2_t6_8M_UR50D
XP_073807832,XP_056313153,0.0069863200187683105,esm2_t6_8M_UR50D
XP_073800937,XP_056309998,0.0007229447364807129,esm2_t6_8M_UR50D
NP_001018660,XP_056327709,0.006935179233551025,esm2_t6_8M_UR50D
XP_073800945,XP_056309999,0.0006069540977478027,esm2_t6_8M_UR50D
XP_073800950,XP_056309999,0.0006069540977478027,esm2_t6_8M_UR50D
XP_005168169,XP_056318525,0.006697237491607666,esm2_t6_8M_UR50D
NP_001170934,XP_056325987,0.0066204071044921875,esm2_t6_8M_UR50D
NP_001034921,XP_056329998,0.006586313247680664,esm2_t6_8M_UR50D
XP_073792531,XP_056304225,0.006574690341949463,esm2_t6_8M_UR50D
XP_073792533,XP_056304225,0.006574690341949463,esm2_t6_8M_UR50D
NP_001070044,XP_056305077,0.006557822227478027,esm2_t6_8M_UR50D
NP_958493,XP_056303546,0.006536304950714111,esm2_t6_8M_UR50D
XP_073805306,XP_056320679,0.00651860237121582,esm2_t6_8M_UR50D
XP_073810855,XP_056315162,0.006512761116027832,esm2_t6_8M_UR50D
XP_005172702,XP_056322533,0.006500959396362305,esm2_t6_8M_UR50D
XP_073808242,XP_056337726,0.0064890384674072266,esm2_t6_8M_UR50D
NP_001077014,XP_056312592,0.006470620632171631,esm2_t6_8M_UR50D
NP_001116318,XP_056313938,0.006434917449951172,esm2_t6_8M_UR50D
XP_005172702,XP_056322534,0.006361603736877441,esm2_t6_8M_UR50D
XP_073807738,XP_056328853,0.006334662437438965,esm2_t6_8M_UR50D
XP_073807738,XP_056328466,0.006334662437438965,esm2_t6_8M_UR50D
XP_073810774,XP_056336521,0.0062659382820129395,esm2_t6_8M_UR50D
NP_991215,XP_056312317,0.006256520748138428,esm2_t6_8M_UR50D
NP_001107957,XP_056304289,0.006193399429321289,esm2_t6_8M_UR50D
XP_021336076,XP_056325313,0.004678785800933838,esm2_t6_8M_UR50D
NP_001314733,XP_056326686,0.006160259246826172,esm2_t6_8M_UR50D
XP_073801514,XP_056329786,0.006154179573059082,esm2_t6_8M_UR50D
XP_073789981,XP_056329786,0.006154119968414307,esm2_t6_8M_UR50D
XP_021333468,XP_056318780,0.006119191646575928,esm2_t6_8M_UR50D
XP_073807360,XP_056312960,0.006103098392486572,esm2_t6_8M_UR50D
XP_073807361,XP_056312960,0.006103098392486572,esm2_t6_8M_UR50D
XP_073808232,XP_056329786,0.006084799766540527,esm2_t6_8M_UR50D
XP_073802930,XP_056312375,0.006064951419830322,esm2_t6_8M_UR50D
NP_957040,XP_056334317,0.006048440933227539,esm2_t6_8M_UR50D
XP_009303641,XP_056322533,0.0060427188873291016,esm2_t6_8M_UR50D
XP_009290813,XP_056331007,0.006019771099090576,esm2_t6_8M_UR50D
NP_001182175,XP_056305098,0.005996406078338623,esm2_t6_8M_UR50D
XP_073792526,XP_056304225,0.005984663963317871,esm2_t6_8M_UR50D
XP_073801286,XP_056310245,0.00589442253112793,esm2_t6_8M_UR50D
XP_021328778,XP_056332963,0.005861222743988037,esm2_t6_8M_UR50D
XP_697139,XP_056327437,0.008163928985595703,esm2_t6_8M_UR50D
XP_073785494,XP_056336222,0.005844175815582275,esm2_t6_8M_UR50D
XP_073791245,XP_056302470,0.000133514404296875,esm2_t6_8M_UR50D
NP_001373212,XP_056301524,0.00579524040222168,esm2_t6_8M_UR50D
NP_001017591,XP_056311516,0.005745351314544678,esm2_t6_8M_UR50D
NP_001410627,XP_056328632,0.005688726902008057,esm2_t6_8M_UR50D
NP_998126,XP_056313020,0.005648672580718994,esm2_t6_8M_UR50D
NP_001018518,XP_056322916,0.005566239356994629,esm2_t6_8M_UR50D
XP_073788447,XP_056337500,0.005564570426940918,esm2_t6_8M_UR50D
XP_073802594,XP_056311685,0.0004348158836364746,esm2_t6_8M_UR50D
XP_073802591,XP_056311685,0.0003851652145385742,esm2_t6_8M_UR50D
NP_001017731,XP_056308240,0.005526065826416016,esm2_t6_8M_UR50D
XP_073800976,XP_056310003,0.0008142590522766113,esm2_t6_8M_UR50D
XP_073808232,XP_056319372,0.005425572395324707,esm2_t6_8M_UR50D
XP_073801490,XP_056310573,0.005356907844543457,esm2_t6_8M_UR50D
XP_073793589,XP_056332166,0.005346775054931641,esm2_t6_8M_UR50D
XP_073808222,XP_056332166,0.005346775054931641,esm2_t6_8M_UR50D
XP_073791533,XP_056329778,0.0053005218505859375,esm2_t6_8M_UR50D
XP_073796967,XP_056329778,0.005300462245941162,esm2_t6_8M_UR50D
XP_073810778,XP_056329778,0.005300641059875488,esm2_t6_8M_UR50D
XP_073791532,XP_056329778,0.0053005218505859375,esm2_t6_8M_UR50D
XP_073807797,XP_056316855,0.005289852619171143,esm2_t6_8M_UR50D
XP_073810933,XP_056311484,0.005290031433105469,esm2_t6_8M_UR50D
XP_073800379,XP_056322201,0.005289971828460693,esm2_t6_8M_UR50D
XP_073800280,XP_056302209,0.005289971828460693,esm2_t6_8M_UR50D
XP_073808231,XP_056328853,0.005290031433105469,esm2_t6_8M_UR50D
XP_073800281,XP_056325655,0.005290031433105469,esm2_t6_8M_UR50D
XP_073810932,XP_056333343,0.005290031433105469,esm2_t6_8M_UR50D
XP_073807798,XP_056325547,0.005289852619171143,esm2_t6_8M_UR50D
XP_073793593,XP_056313241,0.005289852619171143,esm2_t6_8M_UR50D
XP_073793593,XP_056328466,0.005289852619171143,esm2_t6_8M_UR50D
XP_073793592,XP_056322201,0.005290031433105469,esm2_t6_8M_UR50D
XP_073793593,XP_056311466,0.005289852619171143,esm2_t6_8M_UR50D
XP_073810781,XP_056313241,0.005290031433105469,esm2_t6_8M_UR50D
XP_073793592,XP_056313241,0.005289971828460693,esm2_t6_8M_UR50D
XP_073807799,XP_056313241,0.005289852619171143,esm2_t6_8M_UR50D
XP_073810781,XP_056311484,0.005290031433105469,esm2_t6_8M_UR50D
XP_073810931,XP_056318306,0.005290031433105469,esm2_t6_8M_UR50D
XP_073810932,XP_056316855,0.005290031433105469,esm2_t6_8M_UR50D
XP_073800379,XP_056313242,0.005289852619171143,esm2_t6_8M_UR50D
XP_073800281,XP_056311466,0.005290031433105469,esm2_t6_8M_UR50D
XP_073810931,XP_056306804,0.005290031433105469,esm2_t6_8M_UR50D
XP_073800379,XP_056306804,0.005289852619171143,esm2_t6_8M_UR50D
XP_073810931,XP_056313242,0.005290031433105469,esm2_t6_8M_UR50D
XP_017208769,XP_056303289,0.005221664905548096,esm2_t6_8M_UR50D
XP_073810936,XP_056318230,0.005221068859100342,esm2_t6_8M_UR50D
XP_073804891,XP_056318230,0.005221068859100342,esm2_t6_8M_UR50D
XP_073791936,XP_056303050,0.00027745962142944336,esm2_t6_8M_UR50D
XP_073793934,XP_056303356,0.0033258795738220215,esm2_t6_8M_UR50D
XP_073793556,XP_056329778,0.005134463310241699,esm2_t6_8M_UR50D
XP_073793557,XP_056329778,0.005134463310241699,esm2_t6_8M_UR50D
XP_073794101,XP_056305843,0.00043952465057373047,esm2_t6_8M_UR50D
NP_001124266,XP_056337580,0.0051163434982299805,esm2_t6_8M_UR50D
XP_073793345,XP_056304495,0.0050868988037109375,esm2_t6_8M_UR50D
NP_001004013,XP_056328543,0.004936933517456055,esm2_t6_8M_UR50D
NP_571189,XP_056306788,0.004928946495056152,esm2_t6_8M_UR50D
XP_021325127,XP_056303292,0.004730105400085449,esm2_t6_8M_UR50D
XP_073800376,XP_056319124,0.0047158002853393555,esm2_t6_8M_UR50D
XP_073810926,XP_056319124,0.0047158002853393555,esm2_t6_8M_UR50D
XP_073804886,XP_056319125,0.0047158002853393555,esm2_t6_8M_UR50D
XP_073796967,XP_056319125,0.0047158002853393555,esm2_t6_8M_UR50D
XP_073806902,XP_056312777,0.004666626453399658,esm2_t6_8M_UR50D
XP_005171457,XP_056325366,0.00457686185836792,esm2_t6_8M_UR50D
NP_001018608,XP_056333637,0.004552066326141357,esm2_t6_8M_UR50D
NP_001159589,XP_056324544,0.00453639030456543,esm2_t6_8M_UR50D
NP_001074056,XP_056314969,0.004506051540374756,esm2_t6_8M_UR50D
NP_001070752,XP_056337338,0.004493534564971924,esm2_t6_8M_UR50D
NP_739570,XP_056320281,0.004475712776184082,esm2_t6_8M_UR50D
NP_001096119,XP_056332106,0.004471421241760254,esm2_t6_8M_UR50D
XP_073791873,XP_056301905,0.0026674866676330566,esm2_t6_8M_UR50D
XP_002661886,XP_056310981,0.004450440406799316,esm2_t6_8M_UR50D
NP_001017775,XP_056331050,0.004397451877593994,esm2_t6_8M_UR50D
NP_878288,XP_056328384,0.004388213157653809,esm2_t6_8M_UR50D
NP_998424,XP_056306199,0.004360556602478027,esm2_t6_8M_UR50D
XP_684581,XP_056323856,0.008309006690979004,esm2_t6_8M_UR50D
XP_073790481,XP_056301942,0.0002281665802001953,esm2_t6_8M_UR50D
XP_073808971,XP_056313138,0.0043111443519592285,esm2_t6_8M_UR50D
XP_073790492,XP_056301946,0.0003559589385986328,esm2_t6_8M_UR50D
NP_571817,XP_056302527,0.004250288009643555,esm2_t6_8M_UR50D
XP_073809669,XP_056315357,0.0032979249954223633,esm2_t6_8M_UR50D
XP_002664303,XP_056328806,0.004225313663482666,esm2_t6_8M_UR50D
XP_073791439,XP_056302886,0.004190325736999512,esm2_t6_8M_UR50D
XP_009299425,XP_056313238,0.004173636436462402,esm2_t6_8M_UR50D
XP_073808725,XP_056316678,0.004140257835388184,esm2_t6_8M_UR50D
XP_073792771,XP_056304547,0.004120290279388428,esm2_t6_8M_UR50D
XP_003201130,XP_056303259,0.0041179656982421875,esm2_t6_8M_UR50D
NP_861431,XP_056325388,0.004107952117919922,esm2_t6_8M_UR50D
NP_001017783,XP_056310579,0.004077434539794922,esm2_t6_8M_UR50D
XP_073807411,XP_056308771,0.00407332181930542,esm2_t6_8M_UR50D
NP_001296971,XP_056337470,0.004063069820404053,esm2_t6_8M_UR50D
NP_001295578,XP_056317584,0.004045426845550537,esm2_t6_8M_UR50D
NP_001003729,XP_056333200,0.004007935523986816,esm2_t6_8M_UR50D
XP_003199543,XP_056323771,0.004004418849945068,esm2_t6_8M_UR50D
XP_073789900,XP_056336860,0.003991544246673584,esm2_t6_8M_UR50D
XP_001332231,XP_056315343,0.003988504409790039,esm2_t6_8M_UR50D
XP_001923170,XP_056326350,0.003988027572631836,esm2_t6_8M_UR50D
XP_009298792,XP_056325231,0.003977596759796143,esm2_t6_8M_UR50D
XP_073810923,XP_056336644,0.003977477550506592,esm2_t6_8M_UR50D
XP_073800375,XP_056336644,0.003977477550506592,esm2_t6_8M_UR50D
XP_073800374,XP_056336644,0.003977477550506592,esm2_t6_8M_UR50D
XP_073800375,XP_056336643,0.003977477550506592,esm2_t6_8M_UR50D
XP_073806366,XP_056313057,0.0039730072021484375,esm2_t6_8M_UR50D
NP_001124070,XP_056336738,0.0039705634117126465,esm2_t6_8M_UR50D
NP_001410451,XP_056327827,0.00434798002243042,esm2_t6_8M_UR50D
XP_017213978,XP_056325565,0.003949999809265137,esm2_t6_8M_UR50D
NP_001353719,XP_056324289,0.003936469554901123,esm2_t6_8M_UR50D
XP_073790133,XP_056336906,0.0009585022926330566,esm2_t6_8M_UR50D
XP_073798268,XP_056307555,0.0038596391677856445,esm2_t6_8M_UR50D
NP_001166107,XP_056326298,0.003859579563140869,esm2_t6_8M_UR50D
NP_001289971,XP_056308415,0.003854215145111084,esm2_t6_8M_UR50D
XP_009302848,XP_056320893,0.0038469433784484863,esm2_t6_8M_UR50D
NP_001106972,XP_056313072,0.00383836030960083,esm2_t6_8M_UR50D
XP_073791919,XP_056302503,0.00042945146560668945,esm2_t6_8M_UR50D
XP_073791918,XP_056302501,0.00042945146560668945,esm2_t6_8M_UR50D
XP_073791917,XP_056302502,0.00042945146560668945,esm2_t6_8M_UR50D
XP_073793957,XP_056303361,0.0028454065322875977,esm2_t6_8M_UR50D
XP_073803519,XP_056311382,0.002820432186126709,esm2_t6_8M_UR50D
XP_021322842,XP_056333637,0.003747224807739258,esm2_t6_8M_UR50D
XP_073803277,XP_056311009,0.003725886344909668,esm2_t6_8M_UR50D
XP_698724,XP_056335689,0.003692448139190674,esm2_t6_8M_UR50D
XP_021335365,XP_056323909,0.0036517977714538574,esm2_t6_8M_UR50D
XP_001332088,XP_056321430,0.0036441683769226074,esm2_t6_8M_UR50D
XP_073804383,XP_056310834,0.0036953091621398926,esm2_t6_8M_UR50D
XP_021323920,XP_056335524,0.003568291664123535,esm2_t6_8M_UR50D
XP_073799710,XP_056309544,0.002686440944671631,esm2_t6_8M_UR50D
NP_001116416,XP_056314732,0.00354844331741333,esm2_t6_8M_UR50D
XP_005160930,XP_056301476,0.0035329461097717285,esm2_t6_8M_UR50D
NP_001373283,XP_056301959,0.0035319924354553223,esm2_t6_8M_UR50D
NP_001153304,XP_056321086,0.0035172700881958008,esm2_t6_8M_UR50D
NP_001373519,XP_056328625,0.003460109233856201,esm2_t6_8M_UR50D
XP_005161421,XP_056302108,0.0034249424934387207,esm2_t6_8M_UR50D
XP_073800344,XP_056309206,0.0005145668983459473,esm2_t6_8M_UR50D
NP_571339,XP_056303610,0.003411233425140381,esm2_t6_8M_UR50D
XP_021335848,XP_056326084,0.003404080867767334,esm2_t6_8M_UR50D
XP_073804987,XP_056311227,0.0033831000328063965,esm2_t6_8M_UR50D
XP_073792897,XP_056330376,0.0033592581748962402,esm2_t6_8M_UR50D
XP_073792529,XP_056304224,0.0033585429191589355,esm2_t6_8M_UR50D
XP_073798237,XP_056307542,0.00013560056686401367,esm2_t6_8M_UR50D
XP_073795225,XP_056305840,0.00328981876373291,esm2_t6_8M_UR50D
XP_005161090,XP_056302958,0.003278374671936035,esm2_t6_8M_UR50D
XP_690395,XP_056336694,2.6106834411621094e-05,esm2_t6_8M_UR50D
XP_073797945,XP_056307223,0.0032030344009399414,esm2_t6_8M_UR50D
XP_073788072,XP_056336190,0.0031839609146118164,esm2_t6_8M_UR50D
NP_001070218,XP_056332159,0.0031769275665283203,esm2_t6_8M_UR50D
NP_001014373,XP_056313616,0.002436995506286621,esm2_t6_8M_UR50D
NP_001019618,XP_056329798,0.003155529499053955,esm2_t6_8M_UR50D
XP_017207394,XP_056334133,0.003120720386505127,esm2_t6_8M_UR50D
NP_001013299,XP_056323143,0.003117799758911133,esm2_t6_8M_UR50D
XP_695071,XP_056332365,0.0004184842109680176,esm2_t6_8M_UR50D
XP_009302934,XP_056320817,0.003113269805908203,esm2_t6_8M_UR50D
XP_073804655,XP_056325318,0.003066718578338623,esm2_t6_8M_UR50D
NP_001353685,XP_056314655,0.0030645132064819336,esm2_t6_8M_UR50D
NP_001070718,XP_056329681,0.003058016300201416,esm2_t6_8M_UR50D
NP_001005577,XP_056318590,0.003043234348297119,esm2_t6_8M_UR50D
XP_073800017,XP_056305861,0.003042459487915039,esm2_t6_8M_UR50D
XP_021328358,XP_056305820,0.003025650978088379,esm2_t6_8M_UR50D
XP_073807639,XP_056313135,0.0030126571655273438,esm2_t6_8M_UR50D
XP_073795102,XP_056304657,0.0001621842384338379,esm2_t6_8M_UR50D
XP_073804119,XP_056310856,0.0029675960540771484,esm2_t6_8M_UR50D
XP_009302401,XP_056319239,0.0029654502868652344,esm2_t6_8M_UR50D
XP_073794796,XP_056308778,0.0029611587524414062,esm2_t6_8M_UR50D
XP_009294897,XP_056305410,0.0029494762420654297,esm2_t6_8M_UR50D
XP_073789812,XP_056336613,0.0029485225677490234,esm2_t6_8M_UR50D
XP_073789807,XP_056336613,0.0029485225677490234,esm2_t6_8M_UR50D
NP_938161,XP_056308536,0.003010869026184082,esm2_t6_8M_UR50D
XP_005174015,XP_056303273,0.002942383289337158,esm2_t6_8M_UR50D
XP_003197979,XP_056335703,0.0029404163360595703,esm2_t6_8M_UR50D
XP_005166176,XP_056316333,0.00048226118087768555,esm2_t6_8M_UR50D
XP_073794443,XP_056310361,0.002702951431274414,esm2_t6_8M_UR50D
XP_001337969,XP_056333860,0.002890288829803467,esm2_t6_8M_UR50D
XP_073792711,XP_056303372,0.0002873539924621582,esm2_t6_8M_UR50D
XP_001341328,XP_056325773,0.002865016460418701,esm2_t6_8M_UR50D
XP_017210951,XP_056310461,0.0028611421585083008,esm2_t6_8M_UR50D
XP_001334616,XP_056306058,0.002860546112060547,esm2_t6_8M_UR50D
NP_001257524,XP_056317323,0.002848207950592041,esm2_t6_8M_UR50D
XP_005160412,XP_056301277,0.003590226173400879,esm2_t6_8M_UR50D
XP_073804431,XP_056310441,0.002824544906616211,esm2_t6_8M_UR50D
XP_005156356,XP_056325189,0.002804398536682129,esm2_t6_8M_UR50D
XP_073789977,XP_056336822,0.0027805566787719727,esm2_t6_8M_UR50D
NP_001070801,XP_056325565,0.0027658939361572266,esm2_t6_8M_UR50D
NP_001002753,XP_056309721,0.003195345401763916,esm2_t6_8M_UR50D
XP_002663081,XP_056332453,0.0027461647987365723,esm2_t6_8M_UR50D
XP_073791227,XP_056303002,0.002739429473876953,esm2_t6_8M_UR50D
XP_073800702,XP_056309671,0.0027390122413635254,esm2_t6_8M_UR50D
NP_957029,XP_056337727,0.002727806568145752,esm2_t6_8M_UR50D
XP_003200380,XP_056333328,0.002720057964324951,esm2_t6_8M_UR50D
XP_021323091,XP_056332362,0.0027164816856384277,esm2_t6_8M_UR50D
XP_005155999,XP_056324060,0.0026928186416625977,esm2_t6_8M_UR50D
NP_001129725,XP_056311479,0.002685546875,esm2_t6_8M_UR50D
XP_003198902,XP_056316830,0.002657175064086914,esm2_t6_8M_UR50D
XP_017206694,XP_056330082,0.002653837203979492,esm2_t6_8M_UR50D
XP_073795601,XP_056305036,0.00264817476272583,esm2_t6_8M_UR50D
XP_003200754,XP_056337651,0.002640664577484131,esm2_t6_8M_UR50D
XP_005166296,XP_056315000,0.002615630626678467,esm2_t6_8M_UR50D
NP_001188466,XP_056311462,0.002583920955657959,esm2_t6_8M_UR50D
NP_001188466,XP_056311463,0.002583920955657959,esm2_t6_8M_UR50D
XP_021326004,XP_056306113,0.00257796049118042,esm2_t6_8M_UR50D
XP_073796460,XP_056306225,0.002567470073699951,esm2_t6_8M_UR50D
XP_073796458,XP_056306225,0.002567470073699951,esm2_t6_8M_UR50D
XP_021329042,XP_056301501,0.0025638937950134277,esm2_t6_8M_UR50D
XP_001346279,XP_056304292,0.002559483051300049,esm2_t6_8M_UR50D
NP_001311424,XP_056337634,9.632110595703125e-05,esm2_t6_8M_UR50D
NP_001098585,XP_056325386,0.0025368928909301758,esm2_t6_8M_UR50D
XP_021324551,XP_056302964,0.002526223659515381,esm2_t6_8M_UR50D
XP_688797,XP_056302371,0.002523183822631836,esm2_t6_8M_UR50D
XP_073795576,XP_056304953,0.0006164312362670898,esm2_t6_8M_UR50D
NP_001025291,XP_056301331,0.0025099515914916992,esm2_t6_8M_UR50D
NP_001038631,XP_056315475,0.0033896565437316895,esm2_t6_8M_UR50D
XP_073803571,XP_056312301,0.002496957778930664,esm2_t6_8M_UR50D
NP_001186941,XP_056329042,0.002483189105987549,esm2_t6_8M_UR50D
XP_690155,XP_056323885,0.0024773478507995605,esm2_t6_8M_UR50D
XP_017207906,XP_056335925,0.0024724602699279785,esm2_t6_8M_UR50D
XP_073787851,XP_056335925,0.0024724602699279785,esm2_t6_8M_UR50D
NP_001036815,XP_056326425,0.0024635791778564453,esm2_t6_8M_UR50D
NP_001314977,XP_056328910,0.0029575228691101074,esm2_t6_8M_UR50D
XP_005162677,XP_056306604,0.0024393796920776367,esm2_t6_8M_UR50D
XP_001344844,XP_056324880,0.0024385452270507812,esm2_t6_8M_UR50D
XP_073799129,XP_056308180,0.00013309717178344727,esm2_t6_8M_UR50D
NP_991185,XP_056326362,0.0024243593215942383,esm2_t6_8M_UR50D
XP_073809809,XP_056314952,0.0024236440658569336,esm2_t6_8M_UR50D
XP_021330084,XP_056334389,0.002413451671600342,esm2_t6_8M_UR50D
XP_017211916,XP_056316021,0.0024001598358154297,esm2_t6_8M_UR50D
NP_001346857,XP_056311477,0.0023965835571289062,esm2_t6_8M_UR50D
XP_073787326,XP_056336008,0.0023874640464782715,esm2_t6_8M_UR50D
XP_073787331,XP_056336008,0.0023874640464782715,esm2_t6_8M_UR50D
XP_073798009,XP_056307954,0.002313375473022461,esm2_t6_8M_UR50D
XP_073795575,XP_056304953,0.0005598068237304688,esm2_t6_8M_UR50D
XP_684629,XP_056315473,0.0023704171180725098,esm2_t6_8M_UR50D
NP_001124063,XP_056302958,0.002501547336578369,esm2_t6_8M_UR50D
NP_001164537,XP_056314804,0.002804577350616455,esm2_t6_8M_UR50D
XP_073789739,XP_056337280,0.00015205144882202148,esm2_t6_8M_UR50D
XP_073789747,XP_056337280,0.00015205144882202148,esm2_t6_8M_UR50D
XP_005155966,XP_056323885,0.002344369888305664,esm2_t6_8M_UR50D
NP_001038722,XP_056337096,0.0023428797721862793,esm2_t6_8M_UR50D
XP_073810282,XP_056315190,0.0023341774940490723,esm2_t6_8M_UR50D
NP_001003838,XP_056325518,0.0023336410522460938,esm2_t6_8M_UR50D
NP_001373473,XP_056305858,0.0023291707038879395,esm2_t6_8M_UR50D
XP_073809805,XP_056314953,0.0023276805877685547,esm2_t6_8M_UR50D
XP_001923752,XP_056328740,0.0023131370544433594,esm2_t6_8M_UR50D
XP_021333237,XP_056318724,0.0023103952407836914,esm2_t6_8M_UR50D
XP_005159833,XP_056336107,0.0022999048233032227,esm2_t6_8M_UR50D
NP_001038238,XP_056337267,0.0022956132888793945,esm2_t6_8M_UR50D
NP_001292542,XP_056306807,0.002286553382873535,esm2_t6_8M_UR50D
XP_073809810,XP_056314955,0.002277970314025879,esm2_t6_8M_UR50D
NP_001003526,XP_056309985,0.0022702813148498535,esm2_t6_8M_UR50D
XP_005160524,XP_056337202,0.0022593140602111816,esm2_t6_8M_UR50D
NP_001107088,XP_056330390,0.00225675106048584,esm2_t6_8M_UR50D
NP_001003572,XP_056325054,0.002255856990814209,esm2_t6_8M_UR50D
NP_999983,XP_056334545,0.0022458434104919434,esm2_t6_8M_UR50D
XP_001335854,XP_056310183,0.0022360682487487793,esm2_t6_8M_UR50D
NP_001108355,XP_056312042,0.002232193946838379,esm2_t6_8M_UR50D
XP_009290149,XP_056330068,0.002222299575805664,esm2_t6_8M_UR50D
XP_073790448,XP_056302164,0.00040012598037719727,esm2_t6_8M_UR50D
XP_021334632,XP_056321337,0.00220489501953125,esm2_t6_8M_UR50D
XP_073791697,XP_056301689,0.0021951794624328613,esm2_t6_8M_UR50D
NP_001093523,XP_056313129,0.0016237497329711914,esm2_t6_8M_UR50D
NP_001124145,XP_056310694,0.002191603183746338,esm2_t6_8M_UR50D
XP_009297676,XP_056309414,0.0021899938583374023,esm2_t6_8M_UR50D
NP_001074137,XP_056324182,0.002177894115447998,esm2_t6_8M_UR50D
XP_001342303,XP_056322443,0.0021739602088928223,esm2_t6_8M_UR50D
NP_001138281,XP_056328268,0.0020720958709716797,esm2_t6_8M_UR50D
XP_001340218,XP_056307068,0.0021663904190063477,esm2_t6_8M_UR50D
NP_001076331,XP_056313390,0.0014937520027160645,esm2_t6_8M_UR50D
XP_073785676,XP_056336631,0.002143561840057373,esm2_t6_8M_UR50D
NP_001017843,XP_056319218,0.002143561840057373,esm2_t6_8M_UR50D
NP_001373261,XP_056324685,0.002573251724243164,esm2_t6_8M_UR50D
NP_001002108,XP_056331268,0.002132892608642578,esm2_t6_8M_UR50D
NP_001025415,XP_056324323,0.0021257996559143066,esm2_t6_8M_UR50D
XP_073790449,XP_056302165,0.0004941821098327637,esm2_t6_8M_UR50D
NP_001154873,XP_056324495,0.0014789700508117676,esm2_t6_8M_UR50D
XP_005165901,XP_056315629,0.002086937427520752,esm2_t6_8M_UR50D
NP_001007436,XP_056306795,0.002085268497467041,esm2_t6_8M_UR50D
XP_073787208,XP_056335448,0.00208437442779541,esm2_t6_8M_UR50D
NP_001104662,XP_056325314,0.0020839571952819824,esm2_t6_8M_UR50D
NP_001073144,XP_056337109,0.0020775198936462402,esm2_t6_8M_UR50D
XP_073809974,XP_056315469,0.0020766258239746094,esm2_t6_8M_UR50D
XP_021327030,XP_056308841,0.0020755529403686523,esm2_t6_8M_UR50D
XP_073785667,XP_056336631,0.002066671848297119,esm2_t6_8M_UR50D
XP_073787400,XP_056335356,0.0020635128021240234,esm2_t6_8M_UR50D
XP_009290393,XP_056331224,0.002049088478088379,esm2_t6_8M_UR50D
XP_021332139,XP_056312881,0.002047121524810791,esm2_t6_8M_UR50D
XP_073803131,XP_056311083,0.002042412757873535,esm2_t6_8M_UR50D
XP_003197745,XP_056312726,0.002034425735473633,esm2_t6_8M_UR50D
XP_021334186,XP_056320539,0.0020331144332885742,esm2_t6_8M_UR50D
XP_073799133,XP_056308185,0.00010102987289428711,esm2_t6_8M_UR50D
XP_001921439,XP_056326629,0.0020186305046081543,esm2_t6_8M_UR50D
XP_021334748,XP_056321753,0.0024852752685546875,esm2_t6_8M_UR50D
XP_073786480,XP_056336302,0.0020138025283813477,esm2_t6_8M_UR50D
XP_073801703,XP_056312042,0.0020114779472351074,esm2_t6_8M_UR50D
XP_073801523,XP_056312017,0.002001464366912842,esm2_t6_8M_UR50D
XP_009293954,XP_056303183,0.0019995570182800293,esm2_t6_8M_UR50D
NP_001348442,XP_056318274,0.0016187429428100586,esm2_t6_8M_UR50D
NP_956683,XP_056323167,0.0019843578338623047,esm2_t6_8M_UR50D
XP_021324189,XP_056337431,0.001980125904083252,esm2_t6_8M_UR50D
NP_001159810,XP_056327208,0.001965641975402832,esm2_t6_8M_UR50D
XP_005172727,XP_056322672,0.0019598007202148438,esm2_t6_8M_UR50D
XP_073798913,XP_056307400,0.00014704465866088867,esm2_t6_8M_UR50D
XP_073798914,XP_056307399,0.00014698505401611328,esm2_t6_8M_UR50D
NP_001096044,XP_056324448,0.0019477009773254395,esm2_t6_8M_UR50D
NP_001038799,XP_056316974,0.0019431114196777344,esm2_t6_8M_UR50D
NP_001139258,XP_056319869,0.0019352436065673828,esm2_t6_8M_UR50D
NP_001073448,XP_056321274,0.0019286274909973145,esm2_t6_8M_UR50D
XP_021322168,XP_056330029,0.0019276142120361328,esm2_t6_8M_UR50D
XP_005156015,XP_056324806,0.0019211769104003906,esm2_t6_8M_UR50D
NP_001306061,XP_056330585,0.001606762409210205,esm2_t6_8M_UR50D
XP_073790323,XP_056302574,0.001916646957397461,esm2_t6_8M_UR50D
NP_001314862,XP_056333615,0.0021309256553649902,esm2_t6_8M_UR50D
XP_002666883,XP_056307847,0.0019107460975646973,esm2_t6_8M_UR50D
XP_005163456,XP_056332501,0.001904308795928955,esm2_t6_8M_UR50D
XP_005173133,XP_056328329,0.001900792121887207,esm2_t6_8M_UR50D
XP_073796428,XP_056307094,0.0005189180374145508,esm2_t6_8M_UR50D
NP_001258768,XP_056314589,0.001878976821899414,esm2_t6_8M_UR50D
XP_073798007,XP_056307954,0.0018750429153442383,esm2_t6_8M_UR50D
XP_073808704,XP_056316152,0.001858353614807129,esm2_t6_8M_UR50D
NP_001243177,XP_056325477,0.0018377304077148438,esm2_t6_8M_UR50D
XP_698063,XP_056311426,0.0005481243133544922,esm2_t6_8M_UR50D
NP_001191237,XP_056313196,0.0018350481986999512,esm2_t6_8M_UR50D
NP_001003769,XP_056337386,0.001825869083404541,esm2_t6_8M_UR50D
XP_073787401,XP_056335356,0.001825571060180664,esm2_t6_8M_UR50D
NP_957297,XP_056333370,0.0016785264015197754,esm2_t6_8M_UR50D
NP_001076408,XP_056321053,0.0018242597579956055,esm2_t6_8M_UR50D
NP_001277347,XP_056324614,0.0018237829208374023,esm2_t6_8M_UR50D
NP_775362,XP_056309194,0.0018213391304016113,esm2_t6_8M_UR50D
NP_001074456,XP_056320562,0.001800239086151123,esm2_t6_8M_UR50D
NP_001035475,XP_056302892,0.0017935633659362793,esm2_t6_8M_UR50D
NP_001003738,XP_056308281,0.0017920732498168945,esm2_t6_8M_UR50D
XP_005171071,XP_056324023,0.0017871856689453125,esm2_t6_8M_UR50D
NP_001071198,XP_056319493,0.0017867684364318848,esm2_t6_8M_UR50D
NP_001313518,XP_056314570,0.0017841458320617676,esm2_t6_8M_UR50D
XP_073807189,XP_056314570,0.0017841458320617676,esm2_t6_8M_UR50D
NP_001373462,XP_056306525,0.0017843842506408691,esm2_t6_8M_UR50D
XP_073796947,XP_056310350,0.0017797350883483887,esm2_t6_8M_UR50D
NP_001073284,XP_056324900,0.0017709136009216309,esm2_t6_8M_UR50D
XP_073805739,XP_056314794,0.0017675161361694336,esm2_t6_8M_UR50D
NP_001076554,XP_056336608,0.001757502555847168,esm2_t6_8M_UR50D
XP_073805458,XP_056307509,0.0017500519752502441,esm2_t6_8M_UR50D
NP_001082800,XP_056308309,0.001745462417602539,esm2_t6_8M_UR50D
NP_001313303,XP_056329514,0.001709282398223877,esm2_t6_8M_UR50D
XP_073800388,XP_056309289,0.0012874007225036621,esm2_t6_8M_UR50D
XP_073800390,XP_056309290,0.0012874007225036621,esm2_t6_8M_UR50D
XP_005163543,XP_056333378,0.0017320513725280762,esm2_t6_8M_UR50D
NP_001245157,XP_056332368,0.001867830753326416,esm2_t6_8M_UR50D
NP_001006033,XP_056309041,0.0017254948616027832,esm2_t6_8M_UR50D
XP_021324253,XP_056337348,0.0017227530479431152,esm2_t6_8M_UR50D
NP_998474,XP_056319789,0.0017198920249938965,esm2_t6_8M_UR50D
NP_001239390,XP_056331938,0.0017195343971252441,esm2_t6_8M_UR50D
XP_073786328,XP_056334434,0.001714944839477539,esm2_t6_8M_UR50D
XP_073800591,XP_056306919,0.0017141103744506836,esm2_t6_8M_UR50D
XP_009304583,XP_056324303,0.0017140507698059082,esm2_t6_8M_UR50D
XP_001339876,XP_056335941,0.0017085671424865723,esm2_t6_8M_UR50D
XP_005157021,XP_056326232,0.0017072558403015137,esm2_t6_8M_UR50D
NP_001014359,XP_056333708,0.0017052888870239258,esm2_t6_8M_UR50D
XP_002660769,XP_056328995,0.0017008781433105469,esm2_t6_8M_UR50D
NP_001314830,XP_056333710,0.0016962289810180664,esm2_t6_8M_UR50D
XP_073786718,XP_056337467,0.0016931891441345215,esm2_t6_8M_UR50D
XP_003199150,XP_056320454,0.0016841888427734375,esm2_t6_8M_UR50D
NP_001108161,XP_056312994,0.001683950424194336,esm2_t6_8M_UR50D
NP_001003545,XP_056325492,0.0016784071922302246,esm2_t6_8M_UR50D
XP_073802092,XP_056312102,0.0006502866744995117,esm2_t6_8M_UR50D
XP_073799471,XP_056310021,0.0011056065559387207,esm2_t6_8M_UR50D
XP_073792392,XP_056303548,0.0008663535118103027,esm2_t6_8M_UR50D
XP_005165821,XP_056315560,0.0016480684280395508,esm2_t6_8M_UR50D
NP_001155221,XP_056308380,0.0016463994979858398,esm2_t6_8M_UR50D
XP_073794695,XP_056304737,0.0016454458236694336,esm2_t6_8M_UR50D
NP_001091718,XP_056302344,0.0015795230865478516,esm2_t6_8M_UR50D
NP_001189413,XP_056332657,0.0012511610984802246,esm2_t6_8M_UR50D
XP_005167077,XP_056319563,0.0016374588012695312,esm2_t6_8M_UR50D
XP_073792908,XP_056303329,0.0016337037086486816,esm2_t6_8M_UR50D
NP_001070845,XP_056320740,0.0016336441040039062,esm2_t6_8M_UR50D
XP_001920282,XP_056306028,0.0016298890113830566,esm2_t6_8M_UR50D
XP_002667428,XP_056324199,0.001627802848815918,esm2_t6_8M_UR50D
NP_001008653,XP_056322984,0.0016270875930786133,esm2_t6_8M_UR50D
XP_073787365,XP_056335140,0.0018188953399658203,esm2_t6_8M_UR50D
XP_073806843,XP_056314466,0.0007674694061279297,esm2_t6_8M_UR50D
NP_956910,XP_056330541,0.001616060733795166,esm2_t6_8M_UR50D
XP_073807508,XP_056313011,0.0016153454780578613,esm2_t6_8M_UR50D
XP_073793719,XP_056303599,0.0016129612922668457,esm2_t6_8M_UR50D
NP_956467,XP_056311667,0.0016127228736877441,esm2_t6_8M_UR50D
XP_073794273,XP_056305238,0.001031041145324707,esm2_t6_8M_UR50D
XP_073797191,XP_056307205,0.0016074776649475098,esm2_t6_8M_UR50D
XP_073808192,XP_056312752,0.0005127787590026855,esm2_t6_8M_UR50D
NP_001082841,XP_056308244,0.0016006231307983398,esm2_t6_8M_UR50D
NP_938169,XP_056318702,0.0015570521354675293,esm2_t6_8M_UR50D
NP_001166240,XP_056324440,0.0015916228294372559,esm2_t6_8M_UR50D
XP_005166123,XP_056316272,0.0015913844108581543,esm2_t6_8M_UR50D
XP_005169066,XP_056318836,0.001590728759765625,esm2_t6_8M_UR50D
XP_005163903,XP_056309200,0.0015870928764343262,esm2_t6_8M_UR50D
XP_005161262,XP_056303159,0.0015691518783569336,esm2_t6_8M_UR50D
XP_073792374,XP_056303503,0.0015662312507629395,esm2_t6_8M_UR50D
XP_005158206,XP_056330868,0.0015538930892944336,esm2_t6_8M_UR50D
NP_001122221,XP_056316382,0.001547098159790039,esm2_t6_8M_UR50D
XP_009289358,XP_056328784,0.0015467405319213867,esm2_t6_8M_UR50D
XP_002665864,XP_056337625,0.0015354156494140625,esm2_t6_8M_UR50D
NP_001076508,XP_056336733,0.0015345215797424316,esm2_t6_8M_UR50D
NP_001121712,XP_056320459,0.0015341639518737793,esm2_t6_8M_UR50D
XP_002667440,XP_056304957,0.0015267729759216309,esm2_t6_8M_UR50D
XP_073809576,XP_056315263,0.0015234947204589844,esm2_t6_8M_UR50D
XP_073799692,XP_056309457,0.0015209317207336426,esm2_t6_8M_UR50D
XP_005173451,XP_056330002,0.0015202760696411133,esm2_t6_8M_UR50D
XP_002661302,XP_056310316,0.0015117526054382324,esm2_t6_8M_UR50D
XP_001922019,XP_056308027,0.0015102624893188477,esm2_t6_8M_UR50D
NP_001129949,XP_056319250,0.0015085935592651367,esm2_t6_8M_UR50D
XP_073804343,XP_056310429,0.001315474510192871,esm2_t6_8M_UR50D
NP_001012372,XP_056334220,0.001507580280303955,esm2_t6_8M_UR50D
NP_001418075,XP_056337746,0.0015066266059875488,esm2_t6_8M_UR50D
NP_998267,XP_056318802,0.0015037059783935547,esm2_t6_8M_UR50D
NP_001025433,XP_056329776,0.0015034675598144531,esm2_t6_8M_UR50D
NP_001006091,XP_056333616,0.0015007853507995605,esm2_t6_8M_UR50D
NP_001410660,XP_056303027,0.0014990568161010742,esm2_t6_8M_UR50D
NP_571231,XP_056304791,0.001498579978942871,esm2_t6_8M_UR50D
NP_001077337,XP_056320892,0.0014892220497131348,esm2_t6_8M_UR50D
NP_001315274,XP_056313013,0.0014873743057250977,esm2_t6_8M_UR50D
XP_009303552,XP_056322276,0.001483917236328125,esm2_t6_8M_UR50D
XP_005163555,XP_056333772,0.0014803409576416016,esm2_t6_8M_UR50D
XP_073805573,XP_056303348,0.001476883888244629,esm2_t6_8M_UR50D
NP_001076419,XP_056334355,0.0014766454696655273,esm2_t6_8M_UR50D
XP_073791556,XP_056302477,0.0014719963073730469,esm2_t6_8M_UR50D
XP_073808944,XP_056316124,0.0014632940292358398,esm2_t6_8M_UR50D
NP_001007290,XP_056327087,0.0014626383781433105,esm2_t6_8M_UR50D
XP_073797702,XP_056306691,0.001459956169128418,esm2_t6_8M_UR50D
NP_001025308,XP_056334874,0.0014500617980957031,esm2_t6_8M_UR50D
XP_021336400,XP_056326604,0.0014450550079345703,esm2_t6_8M_UR50D
NP_001188278,XP_056323378,0.0014432072639465332,esm2_t6_8M_UR50D
XP_005166511,XP_056317964,0.0014405250549316406,esm2_t6_8M_UR50D
XP_005166511,XP_056317965,0.0014405250549316406,esm2_t6_8M_UR50D
XP_073794112,XP_056305461,0.0014385581016540527,esm2_t6_8M_UR50D
XP_009302026,XP_056320057,0.001437366008758545,esm2_t6_8M_UR50D
NP_001243652,XP_056321522,0.0013970136642456055,esm2_t6_8M_UR50D
NP_001129443,XP_056307193,0.0014241337776184082,esm2_t6_8M_UR50D
XP_005155457,XP_056312530,0.0014238357543945312,esm2_t6_8M_UR50D
XP_073797700,XP_056306690,0.0014227628707885742,esm2_t6_8M_UR50D
XP_017208134,XP_056336618,0.00020587444305419922,esm2_t6_8M_UR50D
NP_001410928,XP_056328709,0.0014208555221557617,esm2_t6_8M_UR50D
XP_073809598,XP_056315310,0.0014189481735229492,esm2_t6_8M_UR50D
XP_009305674,XP_056326499,0.0014154314994812012,esm2_t6_8M_UR50D
XP_073788329,XP_056326044,0.0014150142669677734,esm2_t6_8M_UR50D
NP_001103947,XP_056333541,0.0014032721519470215,esm2_t6_8M_UR50D
XP_073788148,XP_056337428,0.0013997554779052734,esm2_t6_8M_UR50D
XP_073788146,XP_056337428,0.0013997554779052734,esm2_t6_8M_UR50D
XP_005172140,XP_056315372,0.0013935565948486328,esm2_t6_8M_UR50D
XP_073789384,XP_056337600,0.001392960548400879,esm2_t6_8M_UR50D
XP_005163268,XP_056308001,0.0013926029205322266,esm2_t6_8M_UR50D
XP_073794328,XP_056305940,0.001385033130645752,esm2_t6_8M_UR50D
XP_073799389,XP_056308317,0.0013769865036010742,esm2_t6_8M_UR50D
XP_073809674,XP_056315374,0.0013735294342041016,esm2_t6_8M_UR50D
XP_009296400,XP_056308318,0.001367032527923584,esm2_t6_8M_UR50D
NP_001094417,XP_056313075,0.0013055205345153809,esm2_t6_8M_UR50D
XP_005160228,XP_056312215,0.0013644695281982422,esm2_t6_8M_UR50D
NP_001334810,XP_056327261,0.001358330249786377,esm2_t6_8M_UR50D
NP_001132934,XP_056335792,0.001350700855255127,esm2_t6_8M_UR50D
XP_021323377,XP_056334145,0.0013472437858581543,esm2_t6_8M_UR50D
NP_963874,XP_056311236,0.001345992088317871,esm2_t6_8M_UR50D
XP_009296338,XP_056307317,0.001345813274383545,esm2_t6_8M_UR50D
XP_009293482,XP_056302396,0.0013453364372253418,esm2_t6_8M_UR50D
XP_005164438,XP_056310135,0.0013419389724731445,esm2_t6_8M_UR50D
NP_957431,XP_056330677,0.0013417601585388184,esm2_t6_8M_UR50D
XP_017213593,XP_056323320,0.0013393163681030273,esm2_t6_8M_UR50D
XP_005155912,XP_056323633,0.0013306140899658203,esm2_t6_8M_UR50D
NP_001373647,XP_056312863,0.0013393759727478027,esm2_t6_8M_UR50D
XP_073798240,XP_056307325,0.0013273954391479492,esm2_t6_8M_UR50D
XP_021335468,XP_056324314,0.0013232827186584473,esm2_t6_8M_UR50D
XP_073786743,XP_056301248,0.0013229846954345703,esm2_t6_8M_UR50D
NP_956923,XP_056331353,0.0013143420219421387,esm2_t6_8M_UR50D
NP_001074161,XP_056318353,0.0013039708137512207,esm2_t6_8M_UR50D
NP_956219,XP_056334832,0.0012993216514587402,esm2_t6_8M_UR50D
XP_073795722,XP_056304794,0.0003483295440673828,esm2_t6_8M_UR50D
XP_073786839,XP_056336484,0.0012905597686767578,esm2_t6_8M_UR50D
XP_073796214,XP_056306326,0.0012862682342529297,esm2_t6_8M_UR50D
XP_003199702,XP_056324938,0.0012806057929992676,esm2_t6_8M_UR50D
XP_001338050,XP_056305898,0.0012806057929992676,esm2_t6_8M_UR50D
NP_001300637,XP_056320215,0.001280367374420166,esm2_t6_8M_UR50D
XP_073804867,XP_056313625,0.001278221607208252,esm2_t6_8M_UR50D
NP_001289407,XP_056303158,0.0012737512588500977,esm2_t6_8M_UR50D
NP_001373225,XP_056329373,0.0012691617012023926,esm2_t6_8M_UR50D
NP_001315525,XP_056312101,0.0012689828872680664,esm2_t6_8M_UR50D
XP_073792768,XP_056304029,0.001262366771697998,esm2_t6_8M_UR50D
NP_001038706,XP_056334260,0.0012601017951965332,esm2_t6_8M_UR50D
XP_073807992,XP_056313266,0.0006270408630371094,esm2_t6_8M_UR50D
XP_073785462,XP_056336487,0.001257777214050293,esm2_t6_8M_UR50D
XP_021332043,XP_056312785,0.0012558698654174805,esm2_t6_8M_UR50D
NP_001006060,XP_056329486,0.0012545585632324219,esm2_t6_8M_UR50D
NP_001093466,XP_056313827,0.0012513995170593262,esm2_t6_8M_UR50D
XP_005157135,XP_056313902,0.0012475848197937012,esm2_t6_8M_UR50D
NP_001373590,XP_056308222,0.001247406005859375,esm2_t6_8M_UR50D
XP_005158182,XP_056308495,0.001246809959411621,esm2_t6_8M_UR50D
XP_073801950,XP_056311221,0.0012440681457519531,esm2_t6_8M_UR50D
XP_073810189,XP_056315791,0.001243293285369873,esm2_t6_8M_UR50D
XP_073801617,XP_056312276,0.0012432336807250977,esm2_t6_8M_UR50D
NP_997940,XP_056334702,0.0012400150299072266,esm2_t6_8M_UR50D
NP_835232,XP_056315789,0.0012401938438415527,esm2_t6_8M_UR50D
XP_005167308,XP_056319147,0.0012377500534057617,esm2_t6_8M_UR50D
XP_005169360,XP_056324136,0.00123673677444458,esm2_t6_8M_UR50D
XP_073787877,XP_056336488,0.0012354254722595215,esm2_t6_8M_UR50D
XP_005168400,XP_056316893,0.0003669857978820801,esm2_t6_8M_UR50D
XP_002662532,XP_056316117,0.0012341141700744629,esm2_t6_8M_UR50D
XP_073799686,XP_056309568,0.00035965442657470703,esm2_t6_8M_UR50D
NP_956801,XP_056321352,0.001224517822265625,esm2_t6_8M_UR50D
NP_001003753,XP_056314391,0.0012236833572387695,esm2_t6_8M_UR50D
NP_955956,XP_056312683,0.001053154468536377,esm2_t6_8M_UR50D
NP_001038834,XP_056329695,0.0012211203575134277,esm2_t6_8M_UR50D
XP_009302544,XP_056319082,0.0012183189392089844,esm2_t6_8M_UR50D
XP_073810181,XP_056315799,0.001216888427734375,esm2_t6_8M_UR50D
XP_073788151,XP_056337428,0.001214146614074707,esm2_t6_8M_UR50D
XP_009291413,XP_056333364,0.0012112259864807129,esm2_t6_8M_UR50D
NP_001373182,XP_056329177,0.0012109875679016113,esm2_t6_8M_UR50D
XP_009295472,XP_056306326,0.0012090206146240234,esm2_t6_8M_UR50D
XP_689494,XP_056310018,0.0012069344520568848,esm2_t6_8M_UR50D
XP_073805283,XP_056313179,0.0012055635452270508,esm2_t6_8M_UR50D
NP_001038732,XP_056315098,0.0012015700340270996,esm2_t6_8M_UR50D
NP_001315077,XP_056321495,0.0011985301971435547,esm2_t6_8M_UR50D
NP_001074100,XP_056301359,0.0011968016624450684,esm2_t6_8M_UR50D
XP_009293386,XP_056302871,0.0006014108657836914,esm2_t6_8M_UR50D
XP_073798688,XP_056308228,0.001194298267364502,esm2_t6_8M_UR50D
XP_073789117,XP_056336924,0.0011927485466003418,esm2_t6_8M_UR50D
NP_001155959,XP_056336924,0.0011928677558898926,esm2_t6_8M_UR50D
NP_001002343,XP_056335464,0.0011779069900512695,esm2_t6_8M_UR50D
XP_017213911,XP_056325430,0.0011762380599975586,esm2_t6_8M_UR50D
XP_073800483,XP_056309394,0.0011745095252990723,esm2_t6_8M_UR50D
NP_001313647,XP_056318929,0.0016314387321472168,esm2_t6_8M_UR50D
XP_001344126,XP_056328376,0.0011704564094543457,esm2_t6_8M_UR50D
XP_073788171,XP_056337428,0.0011681914329528809,esm2_t6_8M_UR50D
XP_073788170,XP_056337428,0.0011681914329528809,esm2_t6_8M_UR50D
NP_001002122,XP_056315994,0.0011670589447021484,esm2_t6_8M_UR50D
XP_696773,XP_056336548,0.0011587738990783691,esm2_t6_8M_UR50D
XP_073800369,XP_056309239,0.0011535882949829102,esm2_t6_8M_UR50D
XP_697468,XP_056323589,0.0011535286903381348,esm2_t6_8M_UR50D
XP_005163269,XP_056308253,0.001152634620666504,esm2_t6_8M_UR50D
XP_009301640,XP_056317883,0.0011520981788635254,esm2_t6_8M_UR50D
NP_001107062,XP_056320886,0.001151740550994873,esm2_t6_8M_UR50D
XP_005165179,XP_056313637,0.0011515617370605469,esm2_t6_8M_UR50D
XP_073805462,XP_056306530,0.0011491775512695312,esm2_t6_8M_UR50D
NP_001252536,XP_056307291,0.0011491775512695312,esm2_t6_8M_UR50D
NP_001017763,XP_056308297,0.001042187213897705,esm2_t6_8M_UR50D
NP_001025446,XP_056337612,0.001138150691986084,esm2_t6_8M_UR50D
XP_073808186,XP_056313563,0.0011362433433532715,esm2_t6_8M_UR50D
NP_001070739,XP_056314093,0.00112992525100708,esm2_t6_8M_UR50D
NP_001035011,XP_056328561,0.0011282563209533691,esm2_t6_8M_UR50D
NP_001036213,XP_056303695,0.0011268258094787598,esm2_t6_8M_UR50D
XP_021328841,XP_056309113,0.0011271238327026367,esm2_t6_8M_UR50D
NP_998083,XP_056319357,0.0011249780654907227,esm2_t6_8M_UR50D
NP_001017776,XP_056302667,0.0011219978332519531,esm2_t6_8M_UR50D
XP_073799678,XP_056309292,0.0011187195777893066,esm2_t6_8M_UR50D
XP_005173217,XP_056328348,0.0011179447174072266,esm2_t6_8M_UR50D
XP_005160202,XP_056312428,0.0011168122291564941,esm2_t6_8M_UR50D
XP_073785397,XP_056334011,0.0011156201362609863,esm2_t6_8M_UR50D
NP_001373205,XP_056328704,0.0011144280433654785,esm2_t6_8M_UR50D
NP_001017786,XP_056310186,0.0011134743690490723,esm2_t6_8M_UR50D
XP_021326136,XP_056307403,0.0011118054389953613,esm2_t6_8M_UR50D
XP_073808513,XP_056315644,0.0011097192764282227,esm2_t6_8M_UR50D
XP_005172154,XP_056316419,0.001108705997467041,esm2_t6_8M_UR50D
NP_001096668,XP_056335095,0.0011057853698730469,esm2_t6_8M_UR50D
NP_001313648,XP_056318936,0.0017616748809814453,esm2_t6_8M_UR50D
XP_683309,XP_056309383,0.001104891300201416,esm2_t6_8M_UR50D
NP_001103871,XP_056315859,0.0011023879051208496,esm2_t6_8M_UR50D
NP_001373248,XP_056322274,0.001094222068786621,esm2_t6_8M_UR50D
XP_693491,XP_056301249,0.0010914802551269531,esm2_t6_8M_UR50D
XP_009302520,XP_056319228,0.0010901093482971191,esm2_t6_8M_UR50D
XP_073794349,XP_056305507,0.0010898709297180176,esm2_t6_8M_UR50D
NP_001318129,XP_056305119,0.0010887384414672852,esm2_t6_8M_UR50D
XP_021332887,XP_056316174,0.0010886788368225098,esm2_t6_8M_UR50D
XP_009290791,XP_056330845,0.001080155372619629,esm2_t6_8M_UR50D
NP_001005988,XP_056316273,0.0010793209075927734,esm2_t6_8M_UR50D
NP_001005988,XP_056316274,0.0010793209075927734,esm2_t6_8M_UR50D
XP_005170607,XP_056304082,0.0010775923728942871,esm2_t6_8M_UR50D
XP_009291852,XP_056334951,0.001076042652130127,esm2_t6_8M_UR50D
XP_021326091,XP_056309213,0.0010746121406555176,esm2_t6_8M_UR50D
XP_073796503,XP_056306722,0.0010739564895629883,esm2_t6_8M_UR50D
XP_073796504,XP_056306721,0.0010739564895629883,esm2_t6_8M_UR50D
NP_957075,XP_056318995,0.001073598861694336,esm2_t6_8M_UR50D
NP_001091730,XP_056313902,0.0012475848197937012,esm2_t6_8M_UR50D
NP_571139,XP_056304916,0.0010693073272705078,esm2_t6_8M_UR50D
XP_005161976,XP_056304917,0.001069188117980957,esm2_t6_8M_UR50D
XP_009289277,XP_056328560,0.0010684728622436523,esm2_t6_8M_UR50D
NP_956369,XP_056309126,0.0010681748390197754,esm2_t6_8M_UR50D
NP_001315622,XP_056318837,0.0010609626770019531,esm2_t6_8M_UR50D
NP_957145,XP_056315297,0.0010526776313781738,esm2_t6_8M_UR50D
NP_001018462,XP_056302703,0.0010518431663513184,esm2_t6_8M_UR50D
XP_021334793,XP_056323581,0.0010447502136230469,esm2_t6_8M_UR50D
XP_017209063,XP_056306012,0.0010433793067932129,esm2_t6_8M_UR50D
XP_017212638,XP_056318426,0.0010431408882141113,esm2_t6_8M_UR50D
NP_001313511,XP_056315059,0.0010381340980529785,esm2_t6_8M_UR50D
NP_001002218,XP_056309139,0.0010366439819335938,esm2_t6_8M_UR50D
NP_001006006,XP_056326028,0.0010347962379455566,esm2_t6_8M_UR50D
XP_005157914,XP_056331053,0.0010339021682739258,esm2_t6_8M_UR50D
NP_001009918,XP_056306401,0.0010329484939575195,esm2_t6_8M_UR50D
XP_073808166,XP_056313484,0.0006226301193237305,esm2_t6_8M_UR50D
XP_073786341,XP_056333998,0.0010316967964172363,esm2_t6_8M_UR50D
NP_957082,XP_056312819,0.0010309219360351562,esm2_t6_8M_UR50D
XP_005159014,XP_056332670,0.001030266284942627,esm2_t6_8M_UR50D
XP_021322044,XP_056330463,0.0010268092155456543,esm2_t6_8M_UR50D
XP_005155462,XP_056322293,0.0010254383087158203,esm2_t6_8M_UR50D
NP_001002430,XP_056329927,0.0010218024253845215,esm2_t6_8M_UR50D
XP_073785574,XP_056334845,8.577108383178711e-05,esm2_t6_8M_UR50D
XP_001333235,XP_056336210,0.0010141730308532715,esm2_t6_8M_UR50D
XP_009296422,XP_056323017,0.001011967658996582,esm2_t6_8M_UR50D
NP_957061,XP_056329597,0.0010104179382324219,esm2_t6_8M_UR50D
XP_073797019,XP_056306835,0.0010079145431518555,esm2_t6_8M_UR50D
NP_001265531,XP_056337693,0.001008152961730957,esm2_t6_8M_UR50D
NP_001013287,XP_056316758,0.0010069012641906738,esm2_t6_8M_UR50D
XP_021327596,XP_056317483,0.0010067224502563477,esm2_t6_8M_UR50D
XP_005162247,XP_056304857,0.00021725893020629883,esm2_t6_8M_UR50D
XP_073791602,XP_056324992,0.0010030269622802734,esm2_t6_8M_UR50D
XP_073806043,XP_056313638,0.000999748706817627,esm2_t6_8M_UR50D
XP_073806043,XP_056313640,0.000999748706817627,esm2_t6_8M_UR50D
NP_001038357,XP_056335909,0.0009990930557250977,esm2_t6_8M_UR50D
XP_005173239,XP_056328263,0.002089381217956543,esm2_t6_8M_UR50D
XP_017208065,XP_056328120,0.0009986162185668945,esm2_t6_8M_UR50D
XP_009298154,XP_056310362,0.000998079776763916,esm2_t6_8M_UR50D
XP_009302825,XP_056320940,0.00010263919830322266,esm2_t6_8M_UR50D
XP_073786287,XP_056334802,0.0009952783584594727,esm2_t6_8M_UR50D
XP_021327347,XP_056314158,0.0009902715682983398,esm2_t6_8M_UR50D
XP_073791216,XP_056302414,0.0009886622428894043,esm2_t6_8M_UR50D
XP_073788354,XP_056301575,0.0009879469871520996,esm2_t6_8M_UR50D
XP_073785221,XP_056333872,0.0009870529174804688,esm2_t6_8M_UR50D
NP_001007315,XP_056332185,0.0009865164756774902,esm2_t6_8M_UR50D
XP_073798610,XP_056308288,0.00045818090438842773,esm2_t6_8M_UR50D
XP_073809510,XP_056315610,0.0009851455688476562,esm2_t6_8M_UR50D
XP_009294522,XP_056304205,0.0009853243827819824,esm2_t6_8M_UR50D
XP_003200424,XP_056332814,0.0009840130805969238,esm2_t6_8M_UR50D
XP_005168471,XP_056329368,0.0009788274765014648,esm2_t6_8M_UR50D
NP_998304,XP_056312697,0.000977158546447754,esm2_t6_8M_UR50D
NP_001014323,XP_056308250,0.0009763240814208984,esm2_t6_8M_UR50D
XP_073808927,XP_056313249,0.0009748935699462891,esm2_t6_8M_UR50D
XP_005160189,XP_056312467,0.0009745359420776367,esm2_t6_8M_UR50D
NP_001373560,XP_056306673,0.0009718537330627441,esm2_t6_8M_UR50D
NP_998248,XP_056314587,0.0009707212448120117,esm2_t6_8M_UR50D
NP_001315523,XP_056323750,0.0009696483612060547,esm2_t6_8M_UR50D
XP_073785661,XP_056334559,0.000967860221862793,esm2_t6_8M_UR50D
XP_073809358,XP_056316337,0.0009621977806091309,esm2_t6_8M_UR50D
XP_073809367,XP_056316337,0.0009621977806091309,esm2_t6_8M_UR50D
XP_005166119,XP_056316337,0.0009621381759643555,esm2_t6_8M_UR50D
XP_073809391,XP_056316338,0.0009621381759643555,esm2_t6_8M_UR50D
XP_073809379,XP_056316338,0.0009621381759643555,esm2_t6_8M_UR50D
XP_073809355,XP_056316337,0.0009621977806091309,esm2_t6_8M_UR50D
XP_073786524,XP_056336246,0.0009577274322509766,esm2_t6_8M_UR50D
XP_073786524,XP_056336245,0.0009577274322509766,esm2_t6_8M_UR50D
XP_073786524,XP_056336244,0.0009577274322509766,esm2_t6_8M_UR50D
XP_009305755,XP_056327080,0.0009576082229614258,esm2_t6_8M_UR50D
NP_001005592,XP_056319280,0.0007155537605285645,esm2_t6_8M_UR50D
NP_001070800,XP_056318840,0.0009549260139465332,esm2_t6_8M_UR50D
XP_009295491,XP_056306345,0.0009537339210510254,esm2_t6_8M_UR50D
XP_021328883,XP_056332918,0.0009526610374450684,esm2_t6_8M_UR50D
XP_001332484,XP_056307781,0.0009508728981018066,esm2_t6_8M_UR50D
XP_073786428,XP_056334019,0.0009475350379943848,esm2_t6_8M_UR50D
XP_005173827,XP_056335938,0.0009475350379943848,esm2_t6_8M_UR50D
XP_073809525,XP_056315131,0.0009462833404541016,esm2_t6_8M_UR50D
XP_073809525,XP_056315132,0.0009462833404541016,esm2_t6_8M_UR50D
NP_997784,XP_056334795,0.0009459257125854492,esm2_t6_8M_UR50D
NP_001070809,XP_056324086,0.0009443759918212891,esm2_t6_8M_UR50D
XP_005164005,XP_056309502,0.0009443759918212891,esm2_t6_8M_UR50D
XP_005164005,XP_056309503,0.0009443759918212891,esm2_t6_8M_UR50D
NP_001155959,XP_056336925,0.000942528247833252,esm2_t6_8M_UR50D
XP_009293301,XP_056336925,0.000942528247833252,esm2_t6_8M_UR50D
XP_005165978,XP_056315935,0.0009415745735168457,esm2_t6_8M_UR50D
NP_001108048,XP_056303849,0.0009403824806213379,esm2_t6_8M_UR50D
NP_001104657,XP_056327080,0.0009398460388183594,esm2_t6_8M_UR50D
XP_073793080,XP_056303314,0.000639498233795166,esm2_t6_8M_UR50D
XP_021323777,XP_056335206,0.0001291036605834961,esm2_t6_8M_UR50D
NP_001410864,XP_056324733,0.0009329915046691895,esm2_t6_8M_UR50D
NP_998461,XP_056310263,0.0009322166442871094,esm2_t6_8M_UR50D
XP_005164822,XP_056311047,0.0009295940399169922,esm2_t6_8M_UR50D
XP_001337612,XP_056329432,0.0009284019470214844,esm2_t6_8M_UR50D
XP_009303464,XP_056322126,0.0009276866912841797,esm2_t6_8M_UR50D
NP_999902,XP_056324655,0.0009275674819946289,esm2_t6_8M_UR50D
NP_001018504,XP_056307271,0.0009238123893737793,esm2_t6_8M_UR50D
NP_956596,XP_056337303,0.0009192824363708496,esm2_t6_8M_UR50D
NP_997905,XP_056335617,0.0009175539016723633,esm2_t6_8M_UR50D
NP_001002684,XP_056303111,0.0009462237358093262,esm2_t6_8M_UR50D
XP_073807894,XP_056313187,0.0009117722511291504,esm2_t6_8M_UR50D
NP_001013318,XP_056318703,0.0009101033210754395,esm2_t6_8M_UR50D
NP_001243709,XP_056332469,0.0009096860885620117,esm2_t6_8M_UR50D
XP_021333890,XP_056319394,0.0009083747863769531,esm2_t6_8M_UR50D
NP_001373169,XP_056303060,0.0014646649360656738,esm2_t6_8M_UR50D
XP_073790877,XP_056302939,0.0009077787399291992,esm2_t6_8M_UR50D
XP_073806134,XP_056314262,0.0009079575538635254,esm2_t6_8M_UR50D
NP_001275592,XP_056302153,0.0009032487869262695,esm2_t6_8M_UR50D
XP_021335796,XP_056324966,0.0009027719497680664,esm2_t6_8M_UR50D
NP_957434,XP_056323778,0.0009021759033203125,esm2_t6_8M_UR50D
XP_005165223,XP_056313725,0.0009006261825561523,esm2_t6_8M_UR50D
NP_001002592,XP_056322963,0.0008972287178039551,esm2_t6_8M_UR50D
XP_021330990,XP_056311385,0.0008958578109741211,esm2_t6_8M_UR50D
NP_001035185,XP_056335084,0.000891268253326416,esm2_t6_8M_UR50D
NP_001304693,XP_056301305,0.0008897781372070312,esm2_t6_8M_UR50D
XP_009304516,XP_056323673,0.0008884668350219727,esm2_t6_8M_UR50D
XP_685049,XP_056304696,0.0006815791130065918,esm2_t6_8M_UR50D
NP_956095,XP_056307993,0.0008834004402160645,esm2_t6_8M_UR50D
NP_001348443,XP_056318317,0.0007970333099365234,esm2_t6_8M_UR50D
NP_998445,XP_056314754,0.0008777379989624023,esm2_t6_8M_UR50D
XP_005167328,XP_056319159,0.0008757114410400391,esm2_t6_8M_UR50D
XP_073796694,XP_056306150,0.0005300641059875488,esm2_t6_8M_UR50D
NP_991274,XP_056303705,0.0008742809295654297,esm2_t6_8M_UR50D
XP_005170948,XP_056315463,0.0008716583251953125,esm2_t6_8M_UR50D
XP_003200756,XP_056301471,0.0008711814880371094,esm2_t6_8M_UR50D
XP_017208279,XP_056301910,0.0013293623924255371,esm2_t6_8M_UR50D
NP_001122292,XP_056327283,0.000871121883392334,esm2_t6_8M_UR50D
NP_001108040,XP_056324018,0.0009025335311889648,esm2_t6_8M_UR50D
NP_956669,XP_056315807,0.0008689165115356445,esm2_t6_8M_UR50D
XP_689465,XP_056303309,0.0008682608604431152,esm2_t6_8M_UR50D
NP_571108,XP_056312823,0.000636756420135498,esm2_t6_8M_UR50D
XP_073787288,XP_056336498,0.0008611083030700684,esm2_t6_8M_UR50D
XP_005158581,XP_056332950,0.0008599162101745605,esm2_t6_8M_UR50D
XP_009292113,XP_056308632,0.000859379768371582,esm2_t6_8M_UR50D
XP_009295234,XP_056304828,0.0008577704429626465,esm2_t6_8M_UR50D
XP_073787871,XP_056301943,0.0008571743965148926,esm2_t6_8M_UR50D
NP_001103597,XP_056305785,0.0008654594421386719,esm2_t6_8M_UR50D
XP_073809201,XP_056315563,0.0008493661880493164,esm2_t6_8M_UR50D
XP_073790728,XP_056302703,0.0008470416069030762,esm2_t6_8M_UR50D
XP_073808082,XP_056312816,0.0008441805839538574,esm2_t6_8M_UR50D
XP_021328768,XP_056332350,0.000844120979309082,esm2_t6_8M_UR50D
XP_073790762,XP_056302983,0.0008436441421508789,esm2_t6_8M_UR50D
XP_073790761,XP_056302982,0.0008436441421508789,esm2_t6_8M_UR50D
NP_001333080,XP_056311537,0.000843048095703125,esm2_t6_8M_UR50D
NP_001025142,XP_056332290,0.0008420944213867188,esm2_t6_8M_UR50D
NP_001074083,XP_056316572,0.0008422136306762695,esm2_t6_8M_UR50D
NP_956085,XP_056306904,0.0008419156074523926,esm2_t6_8M_UR50D
XP_073800481,XP_056309389,0.000841975212097168,esm2_t6_8M_UR50D
XP_017214016,XP_056325246,0.0008410215377807617,esm2_t6_8M_UR50D
XP_021322905,XP_056332746,0.000840306282043457,esm2_t6_8M_UR50D
NP_001012312,XP_056302319,0.0008391737937927246,esm2_t6_8M_UR50D
XP_073785016,XP_056334504,0.0008387565612792969,esm2_t6_8M_UR50D
NP_991148,XP_056313822,0.000838160514831543,esm2_t6_8M_UR50D
XP_009301762,XP_056318926,0.0008365511894226074,esm2_t6_8M_UR50D
XP_073796695,XP_056306150,0.0005244016647338867,esm2_t6_8M_UR50D
XP_021332547,XP_056312892,0.000835120677947998,esm2_t6_8M_UR50D
NP_001116722,XP_056316007,0.0008338093757629395,esm2_t6_8M_UR50D
NP_956732,XP_056336837,0.0006394386291503906,esm2_t6_8M_UR50D
XP_692939,XP_056325147,0.0006771683692932129,esm2_t6_8M_UR50D
XP_009304046,XP_056323833,0.0008301138877868652,esm2_t6_8M_UR50D
XP_002660750,XP_056328721,0.0008295178413391113,esm2_t6_8M_UR50D
XP_073805396,XP_056308926,0.0008286237716674805,esm2_t6_8M_UR50D
XP_009305510,XP_056326827,0.0008269548416137695,esm2_t6_8M_UR50D
XP_017209214,XP_056305669,0.0008232593536376953,esm2_t6_8M_UR50D
XP_021329266,XP_056305228,0.0008205771446228027,esm2_t6_8M_UR50D
XP_005166542,XP_056318000,0.0008183121681213379,esm2_t6_8M_UR50D
XP_005172311,XP_056318786,0.0008176565170288086,esm2_t6_8M_UR50D
XP_005162523,XP_056319131,0.000816047191619873,esm2_t6_8M_UR50D
XP_005156580,XP_056327118,0.0008146762847900391,esm2_t6_8M_UR50D
NP_001038288,XP_056336368,0.0008128881454467773,esm2_t6_8M_UR50D
XP_699919,XP_056319548,0.0008127689361572266,esm2_t6_8M_UR50D
XP_073796273,XP_056315218,0.0008099079132080078,esm2_t6_8M_UR50D
XP_009300272,XP_056314768,0.0008085966110229492,esm2_t6_8M_UR50D
NP_957500,XP_056326541,0.0008058547973632812,esm2_t6_8M_UR50D
XP_073794535,XP_056306012,0.0008022785186767578,esm2_t6_8M_UR50D
NP_001004580,XP_056336010,0.0008014440536499023,esm2_t6_8M_UR50D
XP_021326390,XP_056309655,0.0008001327514648438,esm2_t6_8M_UR50D
NP_001073486,XP_056317384,0.0007789731025695801,esm2_t6_8M_UR50D
NP_001070769,XP_056305085,0.0007957220077514648,esm2_t6_8M_UR50D
XP_017207509,XP_056334003,0.007695257663726807,esm2_t6_8M_UR50D
XP_073787024,XP_056335898,0.0007944107055664062,esm2_t6_8M_UR50D
NP_001038822,XP_056326802,0.0007942914962768555,esm2_t6_8M_UR50D
XP_073806755,XP_056313565,0.0007917881011962891,esm2_t6_8M_UR50D
NP_001070053,XP_056318289,0.0007916688919067383,esm2_t6_8M_UR50D
XP_005171500,XP_056324211,0.000791013240814209,esm2_t6_8M_UR50D
XP_073805215,XP_056317862,0.0007880926132202148,esm2_t6_8M_UR50D
XP_073797888,XP_056307762,0.0007851123809814453,esm2_t6_8M_UR50D
NP_001417870,XP_056304952,0.000727236270904541,esm2_t6_8M_UR50D
NP_001417870,XP_056304951,0.000727236270904541,esm2_t6_8M_UR50D
XP_073808782,XP_056315620,0.0007826685905456543,esm2_t6_8M_UR50D
XP_073808778,XP_056315620,0.0007826685905456543,esm2_t6_8M_UR50D
XP_005167220,XP_056319408,0.0007808804512023926,esm2_t6_8M_UR50D
XP_021326390,XP_056309654,0.0007792115211486816,esm2_t6_8M_UR50D
NP_001107071,XP_056325494,0.0007764101028442383,esm2_t6_8M_UR50D
NP_001020663,XP_056337464,0.0007738471031188965,esm2_t6_8M_UR50D
XP_021332756,XP_056314996,0.0007732510566711426,esm2_t6_8M_UR50D
NP_001373526,XP_056305849,0.0007691383361816406,esm2_t6_8M_UR50D
XP_073809027,XP_056316531,0.0007672309875488281,esm2_t6_8M_UR50D
XP_005173186,XP_056328276,0.0007668733596801758,esm2_t6_8M_UR50D
NP_571667,XP_056329961,0.0007634162902832031,esm2_t6_8M_UR50D
XP_073801716,XP_056311218,0.0007636547088623047,esm2_t6_8M_UR50D
NP_001001838,XP_056306884,0.000751793384552002,esm2_t6_8M_UR50D
XP_009292403,XP_056336215,0.0007613897323608398,esm2_t6_8M_UR50D
NP_001025246,XP_056309654,0.0007959604263305664,esm2_t6_8M_UR50D
XP_021323655,XP_056336432,0.0007542967796325684,esm2_t6_8M_UR50D
XP_073801853,XP_056312286,0.0007514357566833496,esm2_t6_8M_UR50D
NP_571201,XP_056320643,0.0007483363151550293,esm2_t6_8M_UR50D
NP_001352516,XP_056314739,0.0007477402687072754,esm2_t6_8M_UR50D
XP_021334491,XP_056332103,0.0007475614547729492,esm2_t6_8M_UR50D
XP_073809680,XP_056315372,0.0007461905479431152,esm2_t6_8M_UR50D
XP_021325872,XP_056306246,0.0007457137107849121,esm2_t6_8M_UR50D
XP_021333706,XP_056318333,0.0007423162460327148,esm2_t6_8M_UR50D
XP_073807896,XP_056313177,0.0007418990135192871,esm2_t6_8M_UR50D
XP_073806727,XP_056313990,0.0007413625717163086,esm2_t6_8M_UR50D
XP_073806730,XP_056313989,0.0007413029670715332,esm2_t6_8M_UR50D
XP_073806728,XP_056313990,0.0007413625717163086,esm2_t6_8M_UR50D
XP_002667042,XP_056308827,0.0007398724555969238,esm2_t6_8M_UR50D
XP_005164012,XP_056309513,0.0007392168045043945,esm2_t6_8M_UR50D
XP_068069081,XP_056326508,0.0007393956184387207,esm2_t6_8M_UR50D
XP_017210021,XP_056309878,0.0007390379905700684,esm2_t6_8M_UR50D
NP_998193,XP_056309357,0.00032579898834228516,esm2_t6_8M_UR50D
XP_005171209,XP_056327465,0.0007376670837402344,esm2_t6_8M_UR50D
NP_001038525,XP_056335830,0.0007358193397521973,esm2_t6_8M_UR50D
XP_073798835,XP_056307712,0.0007339715957641602,esm2_t6_8M_UR50D
XP_073797505,XP_056306678,0.0007330179214477539,esm2_t6_8M_UR50D
NP_001003988,XP_056331651,0.0009160637855529785,esm2_t6_8M_UR50D
XP_073808682,XP_056315355,0.0007312297821044922,esm2_t6_8M_UR50D
XP_073796483,XP_056306770,0.0007264018058776855,esm2_t6_8M_UR50D
NP_001124143,XP_056301393,0.000725865364074707,esm2_t6_8M_UR50D
XP_073793089,XP_056303314,0.00047969818115234375,esm2_t6_8M_UR50D
XP_073793078,XP_056303314,0.0005870461463928223,esm2_t6_8M_UR50D
XP_073793083,XP_056303314,0.00038379430770874023,esm2_t6_8M_UR50D
NP_001018145,XP_056309109,0.0006253719329833984,esm2_t6_8M_UR50D
NP_001002358,XP_056335513,0.0007203221321105957,esm2_t6_8M_UR50D
NP_001002617,XP_056311742,0.0007187128067016602,esm2_t6_8M_UR50D
XP_073797828,XP_056307943,0.00015163421630859375,esm2_t6_8M_UR50D
XP_021325399,XP_056305029,0.000716865062713623,esm2_t6_8M_UR50D
NP_001074134,XP_056332953,0.0007163882255554199,esm2_t6_8M_UR50D
NP_956726,XP_056305758,0.000716090202331543,esm2_t6_8M_UR50D
NP_001107919,XP_056321239,0.0007158517837524414,esm2_t6_8M_UR50D
NP_001018165,XP_056313385,0.0007117390632629395,esm2_t6_8M_UR50D
XP_021323796,XP_056335998,0.000713050365447998,esm2_t6_8M_UR50D
XP_073801982,XP_056311541,0.0007127523422241211,esm2_t6_8M_UR50D
XP_073801492,XP_056311486,0.000712275505065918,esm2_t6_8M_UR50D
XP_005158638,XP_056332444,0.0007122159004211426,esm2_t6_8M_UR50D
NP_001038816,XP_056323078,0.0007103085517883301,esm2_t6_8M_UR50D
XP_021330924,XP_056311631,0.0007097721099853516,esm2_t6_8M_UR50D
XP_005159745,XP_056335598,0.0007050633430480957,esm2_t6_8M_UR50D
NP_001002712,XP_056326363,0.0007039308547973633,esm2_t6_8M_UR50D
XP_003198149,XP_056309315,0.000700831413269043,esm2_t6_8M_UR50D
NP_957262,XP_056309046,0.0006999373435974121,esm2_t6_8M_UR50D
XP_073788901,XP_056337040,0.0006988644599914551,esm2_t6_8M_UR50D
NP_001099066,XP_056315035,0.0006984472274780273,esm2_t6_8M_UR50D
NP_001002435,XP_056319108,0.0006974935531616211,esm2_t6_8M_UR50D
XP_073801614,XP_056311342,0.0006976723670959473,esm2_t6_8M_UR50D
NP_991151,XP_056323519,0.0006963014602661133,esm2_t6_8M_UR50D
NP_932335,XP_056321906,0.0006959438323974609,esm2_t6_8M_UR50D
XP_005158499,XP_056330735,0.0006952881813049316,esm2_t6_8M_UR50D
XP_005169484,XP_056325573,0.0006939172744750977,esm2_t6_8M_UR50D
XP_073788980,XP_056337417,0.0006933808326721191,esm2_t6_8M_UR50D
NP_998538,XP_056312435,0.0006903409957885742,esm2_t6_8M_UR50D
XP_073801484,XP_056312658,0.0006902217864990234,esm2_t6_8M_UR50D
XP_073793724,XP_056304174,0.0006894469261169434,esm2_t6_8M_UR50D
XP_694757,XP_056333214,0.000689089298248291,esm2_t6_8M_UR50D
NP_998318,XP_056304976,0.0006883144378662109,esm2_t6_8M_UR50D
XP_073799689,XP_056309849,0.0006881356239318848,esm2_t6_8M_UR50D
NP_001073502,XP_056312859,0.0006873011589050293,esm2_t6_8M_UR50D
XP_073789157,XP_056301265,0.000686943531036377,esm2_t6_8M_UR50D
XP_005157361,XP_056327882,0.0006865859031677246,esm2_t6_8M_UR50D
XP_073789167,XP_056301265,0.000686943531036377,esm2_t6_8M_UR50D
NP_001410760,XP_056317860,0.0006858110427856445,esm2_t6_8M_UR50D
XP_073795554,XP_056305438,0.0006854534149169922,esm2_t6_8M_UR50D
NP_001411420,XP_056330287,0.0006850361824035645,esm2_t6_8M_UR50D
NP_001082792,XP_056324103,0.0006844997406005859,esm2_t6_8M_UR50D
NP_001124067,XP_056336857,0.0006839632987976074,esm2_t6_8M_UR50D
XP_688031,XP_056337173,0.0006833076477050781,esm2_t6_8M_UR50D
XP_021334932,XP_056322210,0.0006831884384155273,esm2_t6_8M_UR50D
NP_001315623,XP_056313215,0.000682830810546875,esm2_t6_8M_UR50D
NP_991258,XP_056329424,0.0006820559501647949,esm2_t6_8M_UR50D
NP_001107081,XP_056320385,0.0006809234619140625,esm2_t6_8M_UR50D
XP_073794629,XP_056305726,0.000677943229675293,esm2_t6_8M_UR50D
XP_005159177,XP_056334671,0.0006739497184753418,esm2_t6_8M_UR50D
XP_001342267,XP_056334682,0.0006731152534484863,esm2_t6_8M_UR50D
NP_001137390,XP_056316546,0.0006170272827148438,esm2_t6_8M_UR50D
XP_073795522,XP_056304920,0.000671088695526123,esm2_t6_8M_UR50D
XP_017214324,XP_056326799,0.0006698966026306152,esm2_t6_8M_UR50D
XP_005159810,XP_056335055,0.0006684660911560059,esm2_t6_8M_UR50D
XP_690320,XP_056334640,0.0006682872772216797,esm2_t6_8M_UR50D
XP_005167828,XP_056321398,0.0006670951843261719,esm2_t6_8M_UR50D
NP_001313321,XP_056304148,0.0006799101829528809,esm2_t6_8M_UR50D
XP_005156008,XP_056324368,0.0006642937660217285,esm2_t6_8M_UR50D
XP_005162451,XP_056305567,0.00066375732421875,esm2_t6_8M_UR50D
NP_999980,XP_056335117,0.0006633400917053223,esm2_t6_8M_UR50D
XP_005158123,XP_056331976,0.0006627440452575684,esm2_t6_8M_UR50D
NP_001082887,XP_056323491,0.0006620883941650391,esm2_t6_8M_UR50D
XP_707353,XP_056332442,9.185075759887695e-05,esm2_t6_8M_UR50D
NP_001314865,XP_056333601,0.0006597638130187988,esm2_t6_8M_UR50D
XP_073792677,XP_056303996,0.0006592273712158203,esm2_t6_8M_UR50D
XP_073801266,XP_056318082,0.00023412704467773438,esm2_t6_8M_UR50D
XP_005164223,XP_056309998,0.0006579756736755371,esm2_t6_8M_UR50D
NP_001018495,XP_056337496,0.0006552338600158691,esm2_t6_8M_UR50D
XP_005160101,XP_056312659,0.0006542801856994629,esm2_t6_8M_UR50D
XP_005160100,XP_056312663,0.0006542801856994629,esm2_t6_8M_UR50D
XP_073801544,XP_056312660,0.0006542801856994629,esm2_t6_8M_UR50D
XP_005160101,XP_056312660,0.0006542801856994629,esm2_t6_8M_UR50D
XP_021323778,XP_056335206,0.00013583898544311523,esm2_t6_8M_UR50D
NP_001314688,XP_056320055,0.0009327530860900879,esm2_t6_8M_UR50D
XP_005171651,XP_056309314,0.0006520748138427734,esm2_t6_8M_UR50D
XP_692102,XP_056330333,0.0006519556045532227,esm2_t6_8M_UR50D
XP_017207523,XP_056334035,0.0006514787673950195,esm2_t6_8M_UR50D
NP_001007452,XP_056327504,0.0006508827209472656,esm2_t6_8M_UR50D
XP_001919896,XP_056325680,0.0006502866744995117,esm2_t6_8M_UR50D
NP_956853,XP_056322047,0.0006505250930786133,esm2_t6_8M_UR50D
XP_073797459,XP_056306385,0.0004545450210571289,esm2_t6_8M_UR50D
XP_009303363,XP_056322888,0.0006499886512756348,esm2_t6_8M_UR50D
XP_073809315,XP_056315345,0.0006487369537353516,esm2_t6_8M_UR50D
NP_001245153,XP_056325359,0.0006470084190368652,esm2_t6_8M_UR50D
XP_001340709,XP_056303516,0.0006455779075622559,esm2_t6_8M_UR50D
NP_001315484,XP_056320052,0.0006452798843383789,esm2_t6_8M_UR50D
XP_005169569,XP_056327141,0.0006431937217712402,esm2_t6_8M_UR50D
XP_021336696,XP_056327852,0.0006428956985473633,esm2_t6_8M_UR50D
XP_005169468,XP_056324101,0.0006421208381652832,esm2_t6_8M_UR50D
XP_073785592,XP_056334851,3.421306610107422e-05,esm2_t6_8M_UR50D
XP_005155626,XP_056322953,0.0006401538848876953,esm2_t6_8M_UR50D
NP_001002703,XP_056313400,0.0006399154663085938,esm2_t6_8M_UR50D
XP_005170009,XP_056334563,0.000639796257019043,esm2_t6_8M_UR50D
XP_073806015,XP_056313341,0.000638425350189209,esm2_t6_8M_UR50D
NP_001032892,XP_056306521,0.0006385445594787598,esm2_t6_8M_UR50D
NP_001093454,XP_056323406,0.000638127326965332,esm2_t6_8M_UR50D
XP_009300512,XP_056315641,0.0006380081176757812,esm2_t6_8M_UR50D
XP_001919144,XP_056314254,0.0006937980651855469,esm2_t6_8M_UR50D
NP_001002476,XP_056305983,0.0006362199783325195,esm2_t6_8M_UR50D
XP_073794532,XP_056306009,0.0006331205368041992,esm2_t6_8M_UR50D
NP_001020351,XP_056317819,0.000807642936706543,esm2_t6_8M_UR50D
XP_073801588,XP_056312659,0.0006315112113952637,esm2_t6_8M_UR50D
XP_001921072,XP_056318046,0.0011833906173706055,esm2_t6_8M_UR50D
XP_009304311,XP_056324174,0.0006290078163146973,esm2_t6_8M_UR50D
XP_017211729,XP_056313525,0.0006286501884460449,esm2_t6_8M_UR50D
NP_001018871,XP_056322233,0.0007612705230712891,esm2_t6_8M_UR50D
NP_001032201,XP_056322648,0.0006275177001953125,esm2_t6_8M_UR50D
XP_009296056,XP_056307728,0.0006268024444580078,esm2_t6_8M_UR50D
NP_001077334,XP_056337545,0.0006803274154663086,esm2_t6_8M_UR50D
XP_021336036,XP_056324891,0.0006243586540222168,esm2_t6_8M_UR50D
XP_005158608,XP_056332431,0.0006239414215087891,esm2_t6_8M_UR50D
XP_073802574,XP_056311921,0.0005576014518737793,esm2_t6_8M_UR50D
NP_001242932,XP_056332335,0.0006234049797058105,esm2_t6_8M_UR50D
NP_001025312,XP_056311748,0.000620424747467041,esm2_t6_8M_UR50D
XP_683261,XP_056325820,0.0006185770034790039,esm2_t6_8M_UR50D
XP_021327608,XP_056317503,0.0005458593368530273,esm2_t6_8M_UR50D
NP_001121859,XP_056316725,0.0006170272827148438,esm2_t6_8M_UR50D
XP_001336283,XP_056304953,0.0006164312362670898,esm2_t6_8M_UR50D
XP_021327557,XP_056317166,0.0006160736083984375,esm2_t6_8M_UR50D
XP_017207446,XP_056334844,8.577108383178711e-05,esm2_t6_8M_UR50D
NP_998181,XP_056306527,0.0006148219108581543,esm2_t6_8M_UR50D
NP_957120,XP_056308709,0.0006138086318969727,esm2_t6_8M_UR50D
XP_005159264,XP_056334420,0.0006133317947387695,esm2_t6_8M_UR50D
XP_005170233,XP_056301295,0.0006131529808044434,esm2_t6_8M_UR50D
XP_001341616,XP_056305319,0.0006123781204223633,esm2_t6_8M_UR50D
XP_005167050,XP_056319638,0.000612795352935791,esm2_t6_8M_UR50D
XP_696266,XP_056331943,0.0006122589111328125,esm2_t6_8M_UR50D
NP_001315314,XP_056312534,0.0006119608879089355,esm2_t6_8M_UR50D
XP_005159824,XP_056335444,0.000611424446105957,esm2_t6_8M_UR50D
XP_021336036,XP_056324889,0.0006108880043029785,esm2_t6_8M_UR50D
NP_001340792,XP_056331842,0.0006095170974731445,esm2_t6_8M_UR50D
NP_001157369,XP_056306137,0.0006082057952880859,esm2_t6_8M_UR50D
NP_001138287,XP_056334681,0.0006066560745239258,esm2_t6_8M_UR50D
XP_021330694,XP_056312657,0.0006060600280761719,esm2_t6_8M_UR50D
XP_005160148,XP_056312560,0.0006031394004821777,esm2_t6_8M_UR50D
XP_009304973,XP_056325024,0.00027447938919067383,esm2_t6_8M_UR50D
NP_001006018,XP_056335020,0.0005998015403747559,esm2_t6_8M_UR50D
XP_005171244,XP_056327630,0.0005993843078613281,esm2_t6_8M_UR50D
NP_001091651,XP_056325699,0.0005972981452941895,esm2_t6_8M_UR50D
NP_001093507,XP_056313339,0.000595390796661377,esm2_t6_8M_UR50D
XP_017208482,XP_056303118,0.000873267650604248,esm2_t6_8M_UR50D
XP_009297712,XP_056309491,0.0005924701690673828,esm2_t6_8M_UR50D
XP_005156878,XP_056326244,0.0005914568901062012,esm2_t6_8M_UR50D
XP_073801300,XP_056310378,0.0005276203155517578,esm2_t6_8M_UR50D
NP_001154983,XP_056314454,0.0005894899368286133,esm2_t6_8M_UR50D
XP_073786980,XP_056335257,0.0002504587173461914,esm2_t6_8M_UR50D
XP_021334005,XP_056334691,0.0005884766578674316,esm2_t6_8M_UR50D
NP_001076324,XP_056328924,0.0005874037742614746,esm2_t6_8M_UR50D
XP_005159573,XP_056335906,0.0005864500999450684,esm2_t6_8M_UR50D
XP_689880,XP_056326837,0.0005862116813659668,esm2_t6_8M_UR50D
XP_009302707,XP_056320650,0.0005832314491271973,esm2_t6_8M_UR50D
NP_001121710,XP_056331601,0.0005827546119689941,esm2_t6_8M_UR50D
NP_001422880,XP_056318256,0.0005820393562316895,esm2_t6_8M_UR50D
NP_571230,XP_056330760,0.0005819201469421387,esm2_t6_8M_UR50D
XP_073805687,XP_056314065,0.0005817413330078125,esm2_t6_8M_UR50D
XP_073807070,XP_056314462,0.0005803108215332031,esm2_t6_8M_UR50D
NP_001041532,XP_056314462,0.0005803704261779785,esm2_t6_8M_UR50D
XP_009303367,XP_056322892,0.000580132007598877,esm2_t6_8M_UR50D
NP_001103413,XP_056334382,0.000580132007598877,esm2_t6_8M_UR50D
XP_073798545,XP_056307845,0.0005798935890197754,esm2_t6_8M_UR50D
XP_073796097,XP_056306399,0.0005753636360168457,esm2_t6_8M_UR50D
XP_073792899,XP_056303759,0.0005731582641601562,esm2_t6_8M_UR50D
NP_001071032,XP_056304913,0.0006472468376159668,esm2_t6_8M_UR50D
XP_073796933,XP_056306532,0.0005718469619750977,esm2_t6_8M_UR50D
NP_001352362,XP_056319923,0.0005718469619750977,esm2_t6_8M_UR50D
NP_001002863,XP_056325421,0.0005713701248168945,esm2_t6_8M_UR50D
NP_956114,XP_056326284,0.0005680322647094727,esm2_t6_8M_UR50D
NP_001002354,XP_056336954,0.0005672574043273926,esm2_t6_8M_UR50D
NP_001003559,XP_056335618,0.0005666017532348633,esm2_t6_8M_UR50D
XP_005158216,XP_056330821,0.0005657672882080078,esm2_t6_8M_UR50D
XP_021326189,XP_056308258,0.0005655884742736816,esm2_t6_8M_UR50D
XP_073785585,XP_056334849,8.577108383178711e-05,esm2_t6_8M_UR50D
XP_005156576,XP_056326750,0.0005640983581542969,esm2_t6_8M_UR50D
NP_001189455,XP_056336364,0.0005625486373901367,esm2_t6_8M_UR50D
NP_997919,XP_056325682,0.0005625486373901367,esm2_t6_8M_UR50D
NP_001032313,XP_056311766,0.0005618929862976074,esm2_t6_8M_UR50D
NP_001076402,XP_056326548,0.0005616545677185059,esm2_t6_8M_UR50D
NP_957370,XP_056314706,0.000559389591217041,esm2_t6_8M_UR50D
XP_073795664,XP_056304748,0.0005077719688415527,esm2_t6_8M_UR50D
XP_017214027,XP_056324835,0.0005576014518737793,esm2_t6_8M_UR50D
NP_001035400,XP_056323593,0.0005571246147155762,esm2_t6_8M_UR50D
XP_005166175,XP_056316327,0.000555574893951416,esm2_t6_8M_UR50D
XP_073802106,XP_056311962,0.0005540847778320312,esm2_t6_8M_UR50D
NP_001230108,XP_056308689,0.0005540251731872559,esm2_t6_8M_UR50D
XP_073795624,XP_056305413,0.000552833080291748,esm2_t6_8M_UR50D
NP_001077312,XP_056324656,0.0005487203598022461,esm2_t6_8M_UR50D
NP_001003869,XP_056326842,0.0005456209182739258,esm2_t6_8M_UR50D
NP_571885,XP_056315715,0.0005453228950500488,esm2_t6_8M_UR50D
XP_021326900,XP_056313240,0.0005435943603515625,esm2_t6_8M_UR50D
XP_005156871,XP_056326756,0.0005422830581665039,esm2_t6_8M_UR50D
NP_001139043,XP_056326959,0.00054168701171875,esm2_t6_8M_UR50D
XP_686699,XP_056320721,0.0005415081977844238,esm2_t6_8M_UR50D
XP_017209571,XP_056307756,0.0005397796630859375,esm2_t6_8M_UR50D
XP_073798876,XP_056307695,0.0005391836166381836,esm2_t6_8M_UR50D
XP_021327362,XP_056313034,0.0005381107330322266,esm2_t6_8M_UR50D
XP_021322895,XP_056332607,0.0005370378494262695,esm2_t6_8M_UR50D
NP_001004549,XP_056322623,0.0005360841751098633,esm2_t6_8M_UR50D
XP_073786282,XP_056334760,0.0005360841751098633,esm2_t6_8M_UR50D
NP_001152786,XP_056317527,0.0005573630332946777,esm2_t6_8M_UR50D
XP_005157788,XP_056329667,0.0005355477333068848,esm2_t6_8M_UR50D
XP_073802790,XP_056311774,0.000533759593963623,esm2_t6_8M_UR50D
XP_073802789,XP_056311773,0.0005338191986083984,esm2_t6_8M_UR50D
NP_957367,XP_056313899,0.0005326271057128906,esm2_t6_8M_UR50D
XP_073801301,XP_056310378,0.0005196332931518555,esm2_t6_8M_UR50D
NP_001313637,XP_056323343,0.0011133551597595215,esm2_t6_8M_UR50D
NP_001077325,XP_056320492,0.0005244612693786621,esm2_t6_8M_UR50D
NP_001007183,XP_056321781,0.0005238652229309082,esm2_t6_8M_UR50D
NP_001139055,XP_056326516,0.0005226731300354004,esm2_t6_8M_UR50D
XP_017209396,XP_056306149,0.0005220174789428711,esm2_t6_8M_UR50D
XP_005159677,XP_056336032,0.0005197525024414062,esm2_t6_8M_UR50D
XP_073785353,XP_056334903,0.0005199313163757324,esm2_t6_8M_UR50D
NP_001177735,XP_056302442,0.0006093382835388184,esm2_t6_8M_UR50D
NP_001119905,XP_056321101,0.0005193352699279785,esm2_t6_8M_UR50D
NP_001074138,XP_056323955,0.00040644407272338867,esm2_t6_8M_UR50D
XP_009298015,XP_056310199,0.0005179047584533691,esm2_t6_8M_UR50D
NP_001071261,XP_056309997,0.0005170702934265137,esm2_t6_8M_UR50D
XP_009299408,XP_056312789,0.000514686107635498,esm2_t6_8M_UR50D
NP_999936,XP_056318175,0.0005148649215698242,esm2_t6_8M_UR50D
XP_021334645,XP_056321386,0.0005145072937011719,esm2_t6_8M_UR50D
NP_001159805,XP_056306115,0.0005145668983459473,esm2_t6_8M_UR50D
XP_073786739,XP_056335626,0.0005141496658325195,esm2_t6_8M_UR50D
NP_001074162,XP_056302142,0.0005131363868713379,esm2_t6_8M_UR50D
NP_001007416,XP_056328971,0.000420987606048584,esm2_t6_8M_UR50D
NP_998290,XP_056316139,0.0005117654800415039,esm2_t6_8M_UR50D
XP_009296395,XP_056329610,0.00036281347274780273,esm2_t6_8M_UR50D
XP_021330747,XP_056311127,0.0005105137825012207,esm2_t6_8M_UR50D
XP_009300150,XP_056314578,0.0005106329917907715,esm2_t6_8M_UR50D
XP_021326183,XP_056307555,0.0005090832710266113,esm2_t6_8M_UR50D
NP_955965,XP_056334798,0.0005090236663818359,esm2_t6_8M_UR50D
XP_073804994,XP_056319650,0.0005069971084594727,esm2_t6_8M_UR50D
NP_571678,XP_056319613,0.0005069971084594727,esm2_t6_8M_UR50D
NP_001108195,XP_056322158,0.0005058050155639648,esm2_t6_8M_UR50D
NP_001307335,XP_056309839,0.0005052089691162109,esm2_t6_8M_UR50D
XP_009295317,XP_056305834,0.0005046725273132324,esm2_t6_8M_UR50D
NP_956858,XP_056302355,0.0005038976669311523,esm2_t6_8M_UR50D
XP_005155714,XP_056324503,0.0005021095275878906,esm2_t6_8M_UR50D
XP_073798863,XP_056307690,0.0005007386207580566,esm2_t6_8M_UR50D
XP_073794750,XP_056305989,0.0005000829696655273,esm2_t6_8M_UR50D
NP_956747,XP_056326662,0.0003846883773803711,esm2_t6_8M_UR50D
XP_021329454,XP_056306192,0.0004974603652954102,esm2_t6_8M_UR50D
NP_001417993,XP_056327316,0.000496983528137207,esm2_t6_8M_UR50D
XP_073799567,XP_056308741,0.0004962682723999023,esm2_t6_8M_UR50D
NP_001231707,XP_056312722,0.0004960894584655762,esm2_t6_8M_UR50D
XP_005158588,XP_056333525,0.0004957318305969238,esm2_t6_8M_UR50D
NP_001074457,XP_056327852,0.0004941821098327637,esm2_t6_8M_UR50D
XP_073794760,XP_056305990,0.0004939436912536621,esm2_t6_8M_UR50D
XP_005169866,XP_056332382,0.0008013248443603516,esm2_t6_8M_UR50D
XP_021333602,XP_056317799,0.0004918575286865234,esm2_t6_8M_UR50D
XP_005169081,XP_056317801,0.0004918575286865234,esm2_t6_8M_UR50D
NP_956161,XP_056309528,0.0004911422729492188,esm2_t6_8M_UR50D
NP_571055,XP_056321164,0.0004903078079223633,esm2_t6_8M_UR50D
NP_991135,XP_056310371,0.0004900693893432617,esm2_t6_8M_UR50D
XP_005172631,XP_056323402,0.0004899501800537109,esm2_t6_8M_UR50D
XP_005157191,XP_056328922,0.0004899501800537109,esm2_t6_8M_UR50D
XP_005162546,XP_056307045,0.0004895925521850586,esm2_t6_8M_UR50D
NP_001003991,XP_056322661,0.000486910343170166,esm2_t6_8M_UR50D
XP_021333121,XP_056316863,0.000486910343170166,esm2_t6_8M_UR50D
XP_005167977,XP_056321845,0.00048601627349853516,esm2_t6_8M_UR50D
NP_001313335,XP_056324398,0.0004857182502746582,esm2_t6_8M_UR50D
NP_001124239,XP_056313680,0.0004851222038269043,esm2_t6_8M_UR50D
XP_005164691,XP_056311768,0.0004849433898925781,esm2_t6_8M_UR50D
NP_001258742,XP_056315030,0.00048476457595825195,esm2_t6_8M_UR50D
XP_002660968,XP_056306948,0.00048404932022094727,esm2_t6_8M_UR50D
XP_001919340,XP_056305075,0.0004838705062866211,esm2_t6_8M_UR50D
XP_005159136,XP_056334100,0.000482022762298584,esm2_t6_8M_UR50D
NP_956185,XP_056332355,0.00038444995880126953,esm2_t6_8M_UR50D
XP_073786461,XP_056333863,0.00048083066940307617,esm2_t6_8M_UR50D
XP_005160006,XP_056314575,0.0004800558090209961,esm2_t6_8M_UR50D
XP_073792822,XP_056303263,0.0004799365997314453,esm2_t6_8M_UR50D
NP_001070764,XP_056305737,0.00047707557678222656,esm2_t6_8M_UR50D
XP_021333991,XP_056319215,0.000475466251373291,esm2_t6_8M_UR50D
XP_021322525,XP_056332082,0.00023442506790161133,esm2_t6_8M_UR50D
XP_073808101,XP_056313442,0.0003713369369506836,esm2_t6_8M_UR50D
XP_005166761,XP_056320044,0.0004742741584777832,esm2_t6_8M_UR50D
XP_017209453,XP_056306592,0.0004724860191345215,esm2_t6_8M_UR50D
XP_021323679,XP_056336249,0.0004722476005554199,esm2_t6_8M_UR50D
XP_021331292,XP_056310677,0.00047141313552856445,esm2_t6_8M_UR50D
XP_003200388,XP_056332776,0.00047147274017333984,esm2_t6_8M_UR50D
XP_073790656,XP_056301762,0.00010204315185546875,esm2_t6_8M_UR50D
XP_697507,XP_056322949,0.00046902894973754883,esm2_t6_8M_UR50D
XP_009292057,XP_056334185,0.0004680752754211426,esm2_t6_8M_UR50D
XP_073808372,XP_056313905,0.00046747922897338867,esm2_t6_8M_UR50D
XP_021322907,XP_056333306,0.00046759843826293945,esm2_t6_8M_UR50D
NP_001264013,XP_056322131,0.00046747922897338867,esm2_t6_8M_UR50D
XP_005160038,XP_056313428,0.0004665255546569824,esm2_t6_8M_UR50D
XP_005157985,XP_056331267,0.00046700239181518555,esm2_t6_8M_UR50D
NP_001243552,XP_056331047,0.00046628713607788086,esm2_t6_8M_UR50D
XP_021333965,XP_056320387,0.00046628713607788086,esm2_t6_8M_UR50D
NP_001002198,XP_056326962,0.00046539306640625,esm2_t6_8M_UR50D
XP_005165615,XP_056314553,0.00046503543853759766,esm2_t6_8M_UR50D
XP_073810192,XP_056315778,0.00039207935333251953,esm2_t6_8M_UR50D
XP_021334325,XP_056321076,0.0004634857177734375,esm2_t6_8M_UR50D
XP_017208472,XP_056302841,0.0004633665084838867,esm2_t6_8M_UR50D
NP_001269415,XP_056334602,0.0003292560577392578,esm2_t6_8M_UR50D
XP_021327886,XP_056313974,0.0004609227180480957,esm2_t6_8M_UR50D
XP_009298735,XP_056311409,0.00012737512588500977,esm2_t6_8M_UR50D
NP_001002207,XP_056307049,0.00046062469482421875,esm2_t6_8M_UR50D
XP_005160608,XP_056337159,0.0004609227180480957,esm2_t6_8M_UR50D
XP_009295233,XP_056304814,0.00046050548553466797,esm2_t6_8M_UR50D
XP_073808084,XP_056313348,0.0004602670669555664,esm2_t6_8M_UR50D
NP_001095863,XP_056301635,0.00045949220657348633,esm2_t6_8M_UR50D
XP_691817,XP_056308211,0.00045859813690185547,esm2_t6_8M_UR50D
XP_073806584,XP_056314349,0.00045746564865112305,esm2_t6_8M_UR50D
XP_021324032,XP_056336863,0.00045615434646606445,esm2_t6_8M_UR50D
XP_009300877,XP_056316219,0.0004559755325317383,esm2_t6_8M_UR50D
XP_005170092,XP_056335883,0.0004553794860839844,esm2_t6_8M_UR50D
XP_073795863,XP_056305823,0.00023984909057617188,esm2_t6_8M_UR50D
NP_001410904,XP_056327927,0.0004552006721496582,esm2_t6_8M_UR50D
NP_571128,XP_056336912,0.00045478343963623047,esm2_t6_8M_UR50D
NP_001006097,XP_056311820,0.00045430660247802734,esm2_t6_8M_UR50D
XP_073801728,XP_056312003,0.00045377016067504883,esm2_t6_8M_UR50D
XP_005174340,XP_056307689,0.00045245885848999023,esm2_t6_8M_UR50D
NP_001076280,XP_056337181,0.0004515647888183594,esm2_t6_8M_UR50D
XP_002660488,XP_056315670,0.0002726316452026367,esm2_t6_8M_UR50D
NP_999977,XP_056302736,0.0005679130554199219,esm2_t6_8M_UR50D
XP_005159462,XP_056336398,0.00045013427734375,esm2_t6_8M_UR50D
XP_694459,XP_056334616,0.00044977664947509766,esm2_t6_8M_UR50D
XP_073798034,XP_056307464,0.0004496574401855469,esm2_t6_8M_UR50D
NP_775328,XP_056309743,0.00010389089584350586,esm2_t6_8M_UR50D
XP_017207366,XP_056333604,0.00044786930084228516,esm2_t6_8M_UR50D
XP_073798722,XP_056310038,0.00044655799865722656,esm2_t6_8M_UR50D
XP_001335682,XP_056309433,0.00044542551040649414,esm2_t6_8M_UR50D
XP_005169889,XP_056332606,0.0004448890686035156,esm2_t6_8M_UR50D
XP_005155878,XP_056324513,0.0004448890686035156,esm2_t6_8M_UR50D
XP_021326690,XP_056309897,0.0004437565803527832,esm2_t6_8M_UR50D
XP_002663301,XP_056320541,0.00044333934783935547,esm2_t6_8M_UR50D
XP_073807824,XP_056314854,0.0004432201385498047,esm2_t6_8M_UR50D
XP_021328422,XP_056327752,0.0004431605339050293,esm2_t6_8M_UR50D
NP_001184183,XP_056306773,0.00046330690383911133,esm2_t6_8M_UR50D
XP_073799666,XP_056309293,0.0004426240921020508,esm2_t6_8M_UR50D
XP_073792359,XP_056303836,0.00044280290603637695,esm2_t6_8M_UR50D
XP_073797374,XP_056309704,0.00044214725494384766,esm2_t6_8M_UR50D
NP_001002121,XP_056317894,0.0004412531852722168,esm2_t6_8M_UR50D
NP_001410713,XP_056307520,0.0004686117172241211,esm2_t6_8M_UR50D
XP_073790447,XP_056301890,0.0004380345344543457,esm2_t6_8M_UR50D
XP_073802134,XP_056311250,0.00043761730194091797,esm2_t6_8M_UR50D
NP_001032448,XP_056305396,0.0004372596740722656,esm2_t6_8M_UR50D
XP_021325652,XP_056304639,0.00043213367462158203,esm2_t6_8M_UR50D
XP_073806657,XP_056313418,0.0004360675811767578,esm2_t6_8M_UR50D
XP_073806660,XP_056313418,0.0004360675811767578,esm2_t6_8M_UR50D
XP_073798670,XP_056309334,0.0002956986427307129,esm2_t6_8M_UR50D
XP_002667698,XP_056303822,0.00043463706970214844,esm2_t6_8M_UR50D
XP_002667698,XP_056303821,0.00043463706970214844,esm2_t6_8M_UR50D
XP_017212723,XP_056318302,0.000597536563873291,esm2_t6_8M_UR50D
XP_005157638,XP_056330244,0.0004330873489379883,esm2_t6_8M_UR50D
XP_021333497,XP_056317420,0.00043141841888427734,esm2_t6_8M_UR50D
NP_001189424,XP_056328172,0.0004311203956604004,esm2_t6_8M_UR50D
XP_073808687,XP_056316131,0.000431060791015625,esm2_t6_8M_UR50D
XP_073797328,XP_056307115,0.00043010711669921875,esm2_t6_8M_UR50D
NP_956747,XP_056326663,0.0003371238708496094,esm2_t6_8M_UR50D
NP_001002215,XP_056311824,0.0004286766052246094,esm2_t6_8M_UR50D
XP_005169998,XP_056334885,0.00042825937271118164,esm2_t6_8M_UR50D
XP_073789086,XP_056337689,0.0004284381866455078,esm2_t6_8M_UR50D
XP_009303960,XP_056323170,0.0004278421401977539,esm2_t6_8M_UR50D
XP_002666176,XP_056304090,0.0004267692565917969,esm2_t6_8M_UR50D
NP_001157467,XP_056322057,0.0004265904426574707,esm2_t6_8M_UR50D
XP_005173263,XP_056328367,0.0004254579544067383,esm2_t6_8M_UR50D
XP_021326394,XP_056308263,0.0004248619079589844,esm2_t6_8M_UR50D
NP_991132,XP_056301348,0.00042432546615600586,esm2_t6_8M_UR50D
NP_001296364,XP_056334536,0.00042450428009033203,esm2_t6_8M_UR50D
XP_005164077,XP_056309802,0.0004239082336425781,esm2_t6_8M_UR50D
XP_073806659,XP_056313417,0.0004233121871948242,esm2_t6_8M_UR50D
XP_005158632,XP_056333441,0.00042247772216796875,esm2_t6_8M_UR50D
XP_073806286,XP_056313045,0.0004220008850097656,esm2_t6_8M_UR50D
XP_009300470,XP_056314951,0.00042128562927246094,esm2_t6_8M_UR50D
NP_001017572,XP_056313107,0.0004214644432067871,esm2_t6_8M_UR50D
XP_009302699,XP_056321152,0.00042128562927246094,esm2_t6_8M_UR50D
XP_073796175,XP_056306234,0.0005707740783691406,esm2_t6_8M_UR50D
XP_021335712,XP_056328975,0.000420987606048584,esm2_t6_8M_UR50D
XP_009302003,XP_056320108,0.00042062997817993164,esm2_t6_8M_UR50D
NP_001002087,XP_056302641,0.0004202723503112793,esm2_t6_8M_UR50D
XP_009295016,XP_056304729,0.00041985511779785156,esm2_t6_8M_UR50D
NP_001107095,XP_056319278,0.0004194974899291992,esm2_t6_8M_UR50D
NP_998603,XP_056303978,0.00041919946670532227,esm2_t6_8M_UR50D
XP_691507,XP_056324879,0.0004188418388366699,esm2_t6_8M_UR50D
NP_001265751,XP_056329328,0.00041729211807250977,esm2_t6_8M_UR50D
XP_073808928,XP_056316391,0.00018972158432006836,esm2_t6_8M_UR50D
XP_005164803,XP_056311600,0.0004165172576904297,esm2_t6_8M_UR50D
NP_001076420,XP_056333827,0.0004162788391113281,esm2_t6_8M_UR50D
XP_073791986,XP_056302723,0.0004164576530456543,esm2_t6_8M_UR50D
XP_073791982,XP_056302722,0.0004164576530456543,esm2_t6_8M_UR50D
XP_073791990,XP_056302722,0.0004164576530456543,esm2_t6_8M_UR50D
NP_001188290,XP_056317924,0.00041550397872924805,esm2_t6_8M_UR50D
XP_005164077,XP_056309800,0.000413358211517334,esm2_t6_8M_UR50D
XP_005171501,XP_056301248,0.00041353702545166016,esm2_t6_8M_UR50D
XP_003200727,XP_056336942,0.00041282176971435547,esm2_t6_8M_UR50D
XP_002666963,XP_056307889,0.0004126429557800293,esm2_t6_8M_UR50D
NP_001082836,XP_056336047,0.00041234493255615234,esm2_t6_8M_UR50D
NP_001032894,XP_056309613,0.0004114508628845215,esm2_t6_8M_UR50D
XP_073802746,XP_056312136,0.00041180849075317383,esm2_t6_8M_UR50D
NP_001006061,XP_056307415,0.0004114508628845215,esm2_t6_8M_UR50D
XP_017214478,XP_056328575,0.00041162967681884766,esm2_t6_8M_UR50D
XP_073797506,XP_056309405,0.00041091442108154297,esm2_t6_8M_UR50D
XP_021323439,XP_056323470,0.0004107356071472168,esm2_t6_8M_UR50D
NP_957020,XP_056337216,0.00041025876998901367,esm2_t6_8M_UR50D
NP_001038217,XP_056317997,0.0004093647003173828,esm2_t6_8M_UR50D
NP_001083009,XP_056320755,0.0004101991653442383,esm2_t6_8M_UR50D
XP_021336032,XP_056326125,0.0004094839096069336,esm2_t6_8M_UR50D
XP_005172456,XP_056318483,0.00040912628173828125,esm2_t6_8M_UR50D
NP_001373497,XP_056307389,0.00040912628173828125,esm2_t6_8M_UR50D
XP_694888,XP_056309338,0.0004290342330932617,esm2_t6_8M_UR50D
XP_009304978,XP_056325249,0.00040900707244873047,esm2_t6_8M_UR50D
NP_001020707,XP_056332065,0.0004062056541442871,esm2_t6_8M_UR50D
XP_005160577,XP_056337748,0.00040465593338012695,esm2_t6_8M_UR50D
NP_001124269,XP_056303046,0.00040352344512939453,esm2_t6_8M_UR50D
XP_017212769,XP_056319610,0.00040346384048461914,esm2_t6_8M_UR50D
XP_073802021,XP_056311816,0.0004032254219055176,esm2_t6_8M_UR50D
NP_001313410,XP_056314230,0.0005652308464050293,esm2_t6_8M_UR50D
NP_878276,XP_056331548,0.00039970874786376953,esm2_t6_8M_UR50D
XP_073801093,XP_056314555,0.0003998279571533203,esm2_t6_8M_UR50D
XP_073806156,XP_056314704,0.00039947032928466797,esm2_t6_8M_UR50D
XP_073805498,XP_056317571,0.000399172306060791,esm2_t6_8M_UR50D
XP_073790614,XP_056302205,0.000398099422454834,esm2_t6_8M_UR50D
NP_001007350,XP_056313492,0.0003975033760070801,esm2_t6_8M_UR50D
NP_001410783,XP_056302659,0.000399172306060791,esm2_t6_8M_UR50D
XP_021329052,XP_056337694,0.0003948211669921875,esm2_t6_8M_UR50D
XP_005168705,XP_056314716,0.00039392709732055664,esm2_t6_8M_UR50D
NP_956418,XP_056335536,0.00039255619049072266,esm2_t6_8M_UR50D
NP_001352231,XP_056324709,0.00027060508728027344,esm2_t6_8M_UR50D
XP_073797384,XP_056309704,0.00039184093475341797,esm2_t6_8M_UR50D
NP_571516,XP_056301798,0.0001404881477355957,esm2_t6_8M_UR50D
XP_021336482,XP_056326575,0.00038951635360717773,esm2_t6_8M_UR50D
XP_017211855,XP_056314597,0.0003892183303833008,esm2_t6_8M_UR50D
XP_073794131,XP_056305015,0.00032889842987060547,esm2_t6_8M_UR50D
XP_692833,XP_056301257,0.0003871917724609375,esm2_t6_8M_UR50D
XP_073809589,XP_056315295,0.0003865957260131836,esm2_t6_8M_UR50D
NP_001077287,XP_056314752,0.0003864765167236328,esm2_t6_8M_UR50D
NP_001315423,XP_056322834,0.0003864765167236328,esm2_t6_8M_UR50D
NP_001333132,XP_056324264,0.0003858208656311035,esm2_t6_8M_UR50D
NP_001076392,XP_056311059,0.0003857612609863281,esm2_t6_8M_UR50D
NP_001091654,XP_056336635,0.00038439035415649414,esm2_t6_8M_UR50D
XP_073809710,XP_056315453,0.0003821253776550293,esm2_t6_8M_UR50D
XP_073809712,XP_056315451,0.0003820657730102539,esm2_t6_8M_UR50D
XP_073809711,XP_056315452,0.0003820657730102539,esm2_t6_8M_UR50D
XP_005156286,XP_056325343,0.0003815889358520508,esm2_t6_8M_UR50D
XP_001339880,XP_056302845,0.00038051605224609375,esm2_t6_8M_UR50D
XP_009295229,XP_056304941,0.0001780390739440918,esm2_t6_8M_UR50D
NP_001093508,XP_056314124,0.0003808140754699707,esm2_t6_8M_UR50D
NP_001002633,XP_056312600,0.0003789663314819336,esm2_t6_8M_UR50D
XP_021330878,XP_056316748,0.00037676095962524414,esm2_t6_8M_UR50D
XP_073809590,XP_056315295,0.0003752708435058594,esm2_t6_8M_UR50D
NP_001103936,XP_056304955,0.00037360191345214844,esm2_t6_8M_UR50D
XP_009306038,XP_056328849,0.0003737211227416992,esm2_t6_8M_UR50D
XP_001923418,XP_056314972,0.0003731250762939453,esm2_t6_8M_UR50D
NP_571185,XP_056332595,0.00037223100662231445,esm2_t6_8M_UR50D
XP_073784980,XP_056334945,0.0003725886344909668,esm2_t6_8M_UR50D
XP_073802427,XP_056311620,0.000372469425201416,esm2_t6_8M_UR50D
XP_073802424,XP_056311620,0.000372469425201416,esm2_t6_8M_UR50D
XP_005167533,XP_056321172,0.0003719925880432129,esm2_t6_8M_UR50D
XP_021329649,XP_056309697,0.00014847517013549805,esm2_t6_8M_UR50D
XP_005160218,XP_056312409,0.00037026405334472656,esm2_t6_8M_UR50D
XP_073796866,XP_056306125,7.56382942199707e-05,esm2_t6_8M_UR50D
XP_073791719,XP_056302573,0.0003688931465148926,esm2_t6_8M_UR50D
XP_009297824,XP_056309620,0.0003687739372253418,esm2_t6_8M_UR50D
XP_005163206,XP_056307458,0.0003681778907775879,esm2_t6_8M_UR50D
XP_005158510,XP_056330596,0.00036722421646118164,esm2_t6_8M_UR50D
XP_021336201,XP_056326446,0.0003668665885925293,esm2_t6_8M_UR50D
NP_956142,XP_056334055,0.00036710500717163086,esm2_t6_8M_UR50D
XP_073809708,XP_056315452,0.0003662705421447754,esm2_t6_8M_UR50D
XP_017206869,XP_056329618,0.0003128647804260254,esm2_t6_8M_UR50D
NP_001002422,XP_056318790,0.00036579370498657227,esm2_t6_8M_UR50D
NP_571136,XP_056333912,0.0003650784492492676,esm2_t6_8M_UR50D
XP_073793741,XP_056304061,0.0001596212387084961,esm2_t6_8M_UR50D
XP_002666454,XP_056305979,0.0023711323738098145,esm2_t6_8M_UR50D
XP_005166244,XP_056315822,0.00036466121673583984,esm2_t6_8M_UR50D
XP_005167791,XP_056321482,0.0003643631935119629,esm2_t6_8M_UR50D
NP_001006093,XP_056305835,0.00036388635635375977,esm2_t6_8M_UR50D
XP_021328763,XP_056332681,0.00036340951919555664,esm2_t6_8M_UR50D
NP_001303874,XP_056336544,0.0003629922866821289,esm2_t6_8M_UR50D
XP_009300033,XP_056314363,0.00036269426345825195,esm2_t6_8M_UR50D
XP_009300033,XP_056314362,0.00036269426345825195,esm2_t6_8M_UR50D
XP_005164126,XP_056309653,0.00036221742630004883,esm2_t6_8M_UR50D
XP_005165345,XP_056314101,0.00035941600799560547,esm2_t6_8M_UR50D
NP_001092712,XP_056310197,0.00035822391510009766,esm2_t6_8M_UR50D
XP_073790074,XP_056301609,0.00025963783264160156,esm2_t6_8M_UR50D
NP_001373731,XP_056322583,0.0004247426986694336,esm2_t6_8M_UR50D
XP_005165556,XP_056314423,0.0003567934036254883,esm2_t6_8M_UR50D
XP_073802603,XP_056312157,0.000611424446105957,esm2_t6_8M_UR50D
XP_073808474,XP_056312494,0.0003555417060852051,esm2_t6_8M_UR50D
NP_001029346,XP_056305959,0.00021153688430786133,esm2_t6_8M_UR50D
XP_073807077,XP_056313836,0.0003535151481628418,esm2_t6_8M_UR50D
XP_005169649,XP_056328446,0.0003517270088195801,esm2_t6_8M_UR50D
XP_073799424,XP_056307625,0.00016415119171142578,esm2_t6_8M_UR50D
XP_005159829,XP_056336200,0.00035059452056884766,esm2_t6_8M_UR50D
XP_073799539,XP_056308325,0.0003503561019897461,esm2_t6_8M_UR50D
NP_001373716,XP_056308326,0.0003503561019897461,esm2_t6_8M_UR50D
XP_073794152,XP_056305019,0.0003502368927001953,esm2_t6_8M_UR50D
XP_073794151,XP_056305019,0.0003502368927001953,esm2_t6_8M_UR50D
NP_001025339,XP_056336653,0.0003437995910644531,esm2_t6_8M_UR50D
XP_073809035,XP_056316509,0.0003497004508972168,esm2_t6_8M_UR50D
NP_956316,XP_056315425,0.00034874677658081055,esm2_t6_8M_UR50D
XP_005174019,XP_056303512,0.00034886598587036133,esm2_t6_8M_UR50D
XP_017207761,XP_056335531,0.00034815073013305664,esm2_t6_8M_UR50D
NP_957004,XP_056314262,0.00034809112548828125,esm2_t6_8M_UR50D
NP_957004,XP_056314263,0.00034809112548828125,esm2_t6_8M_UR50D
NP_001002167,XP_056335813,0.0003459453582763672,esm2_t6_8M_UR50D
XP_021323173,XP_056333413,0.0003457069396972656,esm2_t6_8M_UR50D
NP_956526,XP_056330824,0.00034558773040771484,esm2_t6_8M_UR50D
XP_021322669,XP_056330996,0.0003457069396972656,esm2_t6_8M_UR50D
XP_073786928,XP_056335880,0.00034546852111816406,esm2_t6_8M_UR50D
XP_001919035,XP_056333417,0.00034546852111816406,esm2_t6_8M_UR50D
NP_001018426,XP_056334379,0.00034427642822265625,esm2_t6_8M_UR50D
NP_001025233,XP_056337382,0.00037556886672973633,esm2_t6_8M_UR50D
NP_001018874,XP_056323550,0.00034224987030029297,esm2_t6_8M_UR50D
XP_009300642,XP_056315803,0.0003414154052734375,esm2_t6_8M_UR50D
NP_001020725,XP_056336785,0.00034159421920776367,esm2_t6_8M_UR50D
NP_001186664,XP_056334196,0.0003412961959838867,esm2_t6_8M_UR50D
NP_001303598,XP_056307553,0.000340878963470459,esm2_t6_8M_UR50D
NP_001313279,XP_056324353,0.0002599358558654785,esm2_t6_8M_UR50D
XP_005160914,XP_056301508,0.0003400444984436035,esm2_t6_8M_UR50D
NP_001092700,XP_056336059,0.00033777952194213867,esm2_t6_8M_UR50D
XP_009294068,XP_056303347,0.0003368854522705078,esm2_t6_8M_UR50D
NP_001314829,XP_056332774,0.0003362298011779785,esm2_t6_8M_UR50D
NP_998105,XP_056328134,0.00033599138259887695,esm2_t6_8M_UR50D
XP_005173309,XP_056328134,0.00033599138259887695,esm2_t6_8M_UR50D
XP_073809567,XP_056312717,0.00033468008041381836,esm2_t6_8M_UR50D
XP_005161742,XP_056303645,0.0003343820571899414,esm2_t6_8M_UR50D
NP_001012505,XP_056325459,0.00033414363861083984,esm2_t6_8M_UR50D
XP_009292801,XP_056336642,0.0003339052200317383,esm2_t6_8M_UR50D
XP_009293518,XP_056301944,0.0003331899642944336,esm2_t6_8M_UR50D
NP_001002538,XP_056321826,0.00033295154571533203,esm2_t6_8M_UR50D
NP_001124080,XP_056334482,0.00033289194107055664,esm2_t6_8M_UR50D
NP_001309362,XP_056306417,0.00033283233642578125,esm2_t6_8M_UR50D
XP_009303840,XP_056323189,0.0003319978713989258,esm2_t6_8M_UR50D
NP_001352553,XP_056312836,0.0004584789276123047,esm2_t6_8M_UR50D
XP_073788685,XP_056337713,0.00033152103424072266,esm2_t6_8M_UR50D
NP_956014,XP_056306488,0.00033104419708251953,esm2_t6_8M_UR50D
XP_021332842,XP_056316030,0.00027638673782348633,esm2_t6_8M_UR50D
XP_073806710,XP_056313545,0.0003299713134765625,esm2_t6_8M_UR50D
XP_021323595,XP_056334205,0.00032907724380493164,esm2_t6_8M_UR50D
NP_001091648,XP_056336412,0.00032895803451538086,esm2_t6_8M_UR50D
XP_021324464,XP_056301941,0.00032848119735717773,esm2_t6_8M_UR50D
XP_073809589,XP_056315293,0.00032788515090942383,esm2_t6_8M_UR50D
NP_571007,XP_056314099,0.00032776594161987305,esm2_t6_8M_UR50D
NP_001007323,XP_056311653,0.0003269314765930176,esm2_t6_8M_UR50D
XP_005168788,XP_056315688,0.0003266334533691406,esm2_t6_8M_UR50D
XP_017213941,XP_056325460,0.00032639503479003906,esm2_t6_8M_UR50D
NP_571063,XP_056333843,0.0003254413604736328,esm2_t6_8M_UR50D
XP_009305420,XP_056326484,0.0003250241279602051,esm2_t6_8M_UR50D
XP_005166482,XP_056318859,0.0003250241279602051,esm2_t6_8M_UR50D
XP_005171364,XP_056334347,0.0003253817558288574,esm2_t6_8M_UR50D
XP_001333925,XP_056324099,0.0003249645233154297,esm2_t6_8M_UR50D
NP_001003541,XP_056305171,0.0003243088722229004,esm2_t6_8M_UR50D
NP_991269,XP_056308647,0.0003235340118408203,esm2_t6_8M_UR50D
XP_005162002,XP_056304854,0.0003235340118408203,esm2_t6_8M_UR50D
XP_017211592,XP_056314350,0.000322878360748291,esm2_t6_8M_UR50D
XP_009294937,XP_056304851,0.00032263994216918945,esm2_t6_8M_UR50D
XP_005164311,XP_056310232,0.0003218650817871094,esm2_t6_8M_UR50D
XP_073807229,XP_056314365,0.00031948089599609375,esm2_t6_8M_UR50D
XP_017208322,XP_056302320,0.0003192424774169922,esm2_t6_8M_UR50D
NP_001305057,XP_056335995,0.0007887482643127441,esm2_t6_8M_UR50D
XP_021323509,XP_056334372,0.00035196542739868164,esm2_t6_8M_UR50D
NP_001116712,XP_056318222,0.00031834840774536133,esm2_t6_8M_UR50D
XP_001345419,XP_056322142,0.00031703710556030273,esm2_t6_8M_UR50D
XP_005162959,XP_056307191,0.0004354715347290039,esm2_t6_8M_UR50D
XP_009293516,XP_056301941,0.00031703710556030273,esm2_t6_8M_UR50D
XP_005162172,XP_056305806,0.00031697750091552734,esm2_t6_8M_UR50D
XP_005171853,XP_056313873,0.00031578540802001953,esm2_t6_8M_UR50D
XP_009298848,XP_056324698,0.000314176082611084,esm2_t6_8M_UR50D
XP_005158335,XP_056330993,0.0003135204315185547,esm2_t6_8M_UR50D
XP_073786690,XP_056336004,0.0003129243850708008,esm2_t6_8M_UR50D
NP_001116766,XP_056320553,0.0003123283386230469,esm2_t6_8M_UR50D
XP_021325835,XP_056307051,0.00031191110610961914,esm2_t6_8M_UR50D
NP_001313319,XP_056329861,0.0003116130828857422,esm2_t6_8M_UR50D
XP_009298565,XP_056311632,0.0003116130828857422,esm2_t6_8M_UR50D
NP_922918,XP_056314547,0.0003107786178588867,esm2_t6_8M_UR50D
NP_957330,XP_056327268,0.00030994415283203125,esm2_t6_8M_UR50D
XP_005163449,XP_056332003,0.00030988454818725586,esm2_t6_8M_UR50D
XP_021322123,XP_056329212,0.00019252300262451172,esm2_t6_8M_UR50D
XP_005157015,XP_056327151,0.0003078579902648926,esm2_t6_8M_UR50D
NP_001018459,XP_056305150,0.0003083348274230957,esm2_t6_8M_UR50D
XP_009298559,XP_056311756,0.0003072023391723633,esm2_t6_8M_UR50D
XP_073799312,XP_056310077,0.00018274784088134766,esm2_t6_8M_UR50D
XP_073792773,XP_056303339,0.00010025501251220703,esm2_t6_8M_UR50D
XP_073807750,XP_056314782,0.00043135881423950195,esm2_t6_8M_UR50D
XP_073807754,XP_056314783,0.00043135881423950195,esm2_t6_8M_UR50D
XP_009295890,XP_056307082,0.0003052353858947754,esm2_t6_8M_UR50D
NP_956970,XP_056329264,0.00030535459518432617,esm2_t6_8M_UR50D
XP_009305257,XP_056325138,0.00030535459518432617,esm2_t6_8M_UR50D
NP_571051,XP_056325319,0.00030535459518432617,esm2_t6_8M_UR50D
XP_005163110,XP_056307852,0.00030481815338134766,esm2_t6_8M_UR50D
NP_001035072,XP_056309880,0.00030350685119628906,esm2_t6_8M_UR50D
NP_001035474,XP_056331058,0.0004552006721496582,esm2_t6_8M_UR50D
XP_009293550,XP_056303046,0.005451858043670654,esm2_t6_8M_UR50D
NP_001288285,XP_056331731,0.0003033280372619629,esm2_t6_8M_UR50D
XP_073809718,XP_056315455,0.0003024935722351074,esm2_t6_8M_UR50D
XP_005162893,XP_056306181,0.00030171871185302734,esm2_t6_8M_UR50D
XP_005156414,XP_056324940,0.0003012418746948242,esm2_t6_8M_UR50D
NP_001038884,XP_056325124,0.000301361083984375,esm2_t6_8M_UR50D
XP_073809713,XP_056315455,0.0003006458282470703,esm2_t6_8M_UR50D
XP_002666175,XP_056303346,0.0003008842468261719,esm2_t6_8M_UR50D
NP_001025332,XP_056337362,0.00033229589462280273,esm2_t6_8M_UR50D
NP_001002746,XP_056314637,0.0003002285957336426,esm2_t6_8M_UR50D
XP_009301715,XP_056318084,0.00029969215393066406,esm2_t6_8M_UR50D
XP_699295,XP_056333653,0.0002993941307067871,esm2_t6_8M_UR50D
XP_073795525,XP_056304721,0.00028574466705322266,esm2_t6_8M_UR50D
NP_001333081,XP_056328812,0.0002988576889038086,esm2_t6_8M_UR50D
NP_878299,XP_056323225,0.00029838085174560547,esm2_t6_8M_UR50D
XP_005159168,XP_056334197,0.00029796361923217773,esm2_t6_8M_UR50D
NP_998122,XP_056328161,0.0002970099449157715,esm2_t6_8M_UR50D
XP_073797393,XP_056309705,0.00029665231704711914,esm2_t6_8M_UR50D
XP_073797430,XP_056309705,0.00029665231704711914,esm2_t6_8M_UR50D
XP_009299941,XP_056314215,0.00029593706130981445,esm2_t6_8M_UR50D
NP_001032776,XP_056303837,0.0002949833869934082,esm2_t6_8M_UR50D
NP_001019576,XP_056321893,0.00029468536376953125,esm2_t6_8M_UR50D
NP_001373634,XP_056320018,0.0002944469451904297,esm2_t6_8M_UR50D
NP_001013589,XP_056330569,0.0002942085266113281,esm2_t6_8M_UR50D
XP_005171853,XP_056313869,0.0002943277359008789,esm2_t6_8M_UR50D
XP_021334623,XP_056321269,0.00029349327087402344,esm2_t6_8M_UR50D
XP_005170746,XP_056308352,0.00029277801513671875,esm2_t6_8M_UR50D
XP_073796890,XP_056306128,0.000292360782623291,esm2_t6_8M_UR50D
XP_009296480,XP_056307416,0.0002918839454650879,esm2_t6_8M_UR50D
XP_005165354,XP_056314078,0.00029164552688598633,esm2_t6_8M_UR50D
NP_998687,XP_056314077,0.00029152631759643555,esm2_t6_8M_UR50D
XP_073788778,XP_056336759,0.00014740228652954102,esm2_t6_8M_UR50D
NP_001018174,XP_056327447,0.0002913475036621094,esm2_t6_8M_UR50D
XP_021322873,XP_056333488,0.00029098987579345703,esm2_t6_8M_UR50D
NP_001417804,XP_056322676,0.0002911686897277832,esm2_t6_8M_UR50D
XP_009304364,XP_056323705,0.00029081106185913086,esm2_t6_8M_UR50D
XP_073797934,XP_056307912,0.00029009580612182617,esm2_t6_8M_UR50D
XP_005170524,XP_056303370,0.0002894401550292969,esm2_t6_8M_UR50D
NP_571692,XP_056319738,0.00028830766677856445,esm2_t6_8M_UR50D
XP_009304049,XP_056324715,0.00028830766677856445,esm2_t6_8M_UR50D
XP_685212,XP_056328385,0.0002881288528442383,esm2_t6_8M_UR50D
XP_073803043,XP_056312067,0.00028640031814575195,esm2_t6_8M_UR50D
XP_009291105,XP_056332644,0.00028568506240844727,esm2_t6_8M_UR50D
XP_073793053,XP_056310321,0.00028520822525024414,esm2_t6_8M_UR50D
XP_009294796,XP_056304574,0.00028514862060546875,esm2_t6_8M_UR50D
XP_005157976,XP_056331922,0.00028312206268310547,esm2_t6_8M_UR50D
XP_701004,XP_056313726,0.00023859739303588867,esm2_t6_8M_UR50D
XP_687246,XP_056331653,0.0002828240394592285,esm2_t6_8M_UR50D
XP_005163095,XP_056307323,0.0005229711532592773,esm2_t6_8M_UR50D
XP_009296758,XP_056329888,0.00028210878372192383,esm2_t6_8M_UR50D
XP_009299938,XP_056314211,0.0002817511558532715,esm2_t6_8M_UR50D
NP_956820,XP_056321390,0.00028133392333984375,esm2_t6_8M_UR50D
XP_002660941,XP_056336538,0.0002809762954711914,esm2_t6_8M_UR50D
NP_571909,XP_056320688,0.00028073787689208984,esm2_t6_8M_UR50D
XP_017207000,XP_056331387,0.00028079748153686523,esm2_t6_8M_UR50D
XP_009294043,XP_056303214,0.00027996301651000977,esm2_t6_8M_UR50D
XP_073806927,XP_056312809,0.0002802610397338867,esm2_t6_8M_UR50D
XP_005170122,XP_056335137,0.00027930736541748047,esm2_t6_8M_UR50D
XP_017208903,XP_056303299,0.000322878360748291,esm2_t6_8M_UR50D
XP_005167631,XP_056321973,0.00027817487716674805,esm2_t6_8M_UR50D
NP_001315147,XP_056302038,0.00027745962142944336,esm2_t6_8M_UR50D
XP_686465,XP_056309974,0.00027626752853393555,esm2_t6_8M_UR50D
NP_001037812,XP_056334635,0.00027632713317871094,esm2_t6_8M_UR50D
NP_001296328,XP_056318993,0.00027614831924438477,esm2_t6_8M_UR50D
XP_073785568,XP_056334847,8.577108383178711e-05,esm2_t6_8M_UR50D
NP_996983,XP_056318902,0.00027573108673095703,esm2_t6_8M_UR50D
NP_001013310,XP_056333557,0.00027567148208618164,esm2_t6_8M_UR50D
NP_001002563,XP_056332847,0.0002752542495727539,esm2_t6_8M_UR50D
NP_001373597,XP_056307381,0.0002752542495727539,esm2_t6_8M_UR50D
NP_001373597,XP_056308330,0.0002752542495727539,esm2_t6_8M_UR50D
XP_017209580,XP_056307915,0.00027441978454589844,esm2_t6_8M_UR50D
XP_005156569,XP_056326878,0.00027430057525634766,esm2_t6_8M_UR50D
NP_001410745,XP_056316899,0.00027382373809814453,esm2_t6_8M_UR50D
XP_073799483,XP_056316896,0.00027382373809814453,esm2_t6_8M_UR50D
XP_005171231,XP_056328870,0.0002732276916503906,esm2_t6_8M_UR50D
NP_957128,XP_056325629,0.00027292966842651367,esm2_t6_8M_UR50D
XP_073808198,XP_056313592,0.0034443140029907227,esm2_t6_8M_UR50D
NP_571808,XP_056327888,0.00027179718017578125,esm2_t6_8M_UR50D
XP_002666892,XP_056307406,0.00027102231979370117,esm2_t6_8M_UR50D
XP_073810615,XP_056316374,0.00027066469192504883,esm2_t6_8M_UR50D
NP_001185672,XP_056324153,0.00027066469192504883,esm2_t6_8M_UR50D
NP_001073638,XP_056315399,0.0002511143684387207,esm2_t6_8M_UR50D
NP_001299827,XP_056315438,0.00027000904083251953,esm2_t6_8M_UR50D
XP_073807645,XP_056314598,0.0002697110176086426,esm2_t6_8M_UR50D
XP_017211857,XP_056314596,0.0002697110176086426,esm2_t6_8M_UR50D
NP_001352192,XP_056307959,0.00026917457580566406,esm2_t6_8M_UR50D
XP_005160305,XP_056312692,0.0002694129943847656,esm2_t6_8M_UR50D
NP_001017750,XP_056327161,0.0002690553665161133,esm2_t6_8M_UR50D
XP_017208125,XP_056336697,0.0002690553665161133,esm2_t6_8M_UR50D
XP_073790618,XP_056302766,0.00026875734329223633,esm2_t6_8M_UR50D
XP_009293168,XP_056337535,0.0002682805061340332,esm2_t6_8M_UR50D
XP_073806873,XP_056313900,0.0002677440643310547,esm2_t6_8M_UR50D
XP_005172157,XP_056316429,0.00026738643646240234,esm2_t6_8M_UR50D
XP_009294606,XP_056304113,0.0002665519714355469,esm2_t6_8M_UR50D
NP_001002401,XP_056335233,0.00026482343673706055,esm2_t6_8M_UR50D
XP_005173357,XP_056328462,0.0002645254135131836,esm2_t6_8M_UR50D
XP_021328692,XP_056330702,0.00024259090423583984,esm2_t6_8M_UR50D
XP_073805890,XP_056313692,0.0002633333206176758,esm2_t6_8M_UR50D
XP_021334284,XP_056321971,0.0002627372741699219,esm2_t6_8M_UR50D
NP_001093492,XP_056335674,0.0002624988555908203,esm2_t6_8M_UR50D
XP_073805827,XP_056312860,0.0002624988555908203,esm2_t6_8M_UR50D
XP_073805887,XP_056313688,0.00026112794876098633,esm2_t6_8M_UR50D
XP_005167303,XP_056319238,0.0002605319023132324,esm2_t6_8M_UR50D
XP_009299939,XP_056314210,0.00025975704193115234,esm2_t6_8M_UR50D
NP_001038838,XP_056302028,0.00025904178619384766,esm2_t6_8M_UR50D
XP_009303436,XP_056322725,0.0002589225769042969,esm2_t6_8M_UR50D
NP_001373597,XP_056316896,0.0002588629722595215,esm2_t6_8M_UR50D
XP_002664717,XP_056329503,0.00025904178619384766,esm2_t6_8M_UR50D
XP_005158389,XP_056330882,0.0002582073211669922,esm2_t6_8M_UR50D
NP_957369,XP_056321297,0.00025713443756103516,esm2_t6_8M_UR50D
XP_021332842,XP_056316031,0.00020056962966918945,esm2_t6_8M_UR50D
XP_073793726,XP_056304174,0.00025647878646850586,esm2_t6_8M_UR50D
XP_073805888,XP_056313688,0.0002560615539550781,esm2_t6_8M_UR50D
NP_001157866,XP_056331565,0.0002957582473754883,esm2_t6_8M_UR50D
XP_021324693,XP_056303050,0.00025582313537597656,esm2_t6_8M_UR50D
NP_001002443,XP_056323616,0.00025534629821777344,esm2_t6_8M_UR50D
XP_073785570,XP_056334849,8.577108383178711e-05,esm2_t6_8M_UR50D
XP_073795049,XP_056305191,0.0001812577247619629,esm2_t6_8M_UR50D
XP_073797104,XP_056307153,0.00025385618209838867,esm2_t6_8M_UR50D
XP_001919229,XP_056317106,0.00025385618209838867,esm2_t6_8M_UR50D
XP_005167910,XP_056321591,0.00025385618209838867,esm2_t6_8M_UR50D
XP_005163199,XP_056307441,0.00025343894958496094,esm2_t6_8M_UR50D
NP_001186667,XP_056306565,0.00025218725204467773,esm2_t6_8M_UR50D
XP_009301419,XP_056317302,0.0002478957176208496,esm2_t6_8M_UR50D
NP_001006046,XP_056326542,0.0002472400665283203,esm2_t6_8M_UR50D
XP_073792069,XP_056302183,0.00024700164794921875,esm2_t6_8M_UR50D
XP_073789793,XP_056301361,0.0002467036247253418,esm2_t6_8M_UR50D
XP_017206847,XP_056332291,0.000246584415435791,esm2_t6_8M_UR50D
XP_021332107,XP_056313480,0.0005854368209838867,esm2_t6_8M_UR50D
NP_001018484,XP_056328284,0.0002461671829223633,esm2_t6_8M_UR50D
NP_001373572,XP_056309712,0.0002454519271850586,esm2_t6_8M_UR50D
XP_009304679,XP_056325078,0.0002452731132507324,esm2_t6_8M_UR50D
NP_998310,XP_056319168,0.0002448558807373047,esm2_t6_8M_UR50D
XP_690143,XP_056321285,0.00011616945266723633,esm2_t6_8M_UR50D
XP_021330679,XP_056311645,0.0002422332763671875,esm2_t6_8M_UR50D
NP_991181,XP_056331880,0.00024235248565673828,esm2_t6_8M_UR50D
NP_001259009,XP_056304079,0.00024193525314331055,esm2_t6_8M_UR50D
XP_021333530,XP_056317519,0.00024044513702392578,esm2_t6_8M_UR50D
XP_005174422,XP_056307495,0.00023996829986572266,esm2_t6_8M_UR50D
XP_073788782,XP_056336764,0.0002713799476623535,esm2_t6_8M_UR50D
NP_998665,XP_056319460,0.0002390146255493164,esm2_t6_8M_UR50D
NP_956081,XP_056334440,0.0002391338348388672,esm2_t6_8M_UR50D
XP_005163912,XP_056309310,0.00023859739303588867,esm2_t6_8M_UR50D
XP_073792404,XP_056309311,0.00023859739303588867,esm2_t6_8M_UR50D
XP_073792411,XP_056309312,0.00023859739303588867,esm2_t6_8M_UR50D
NP_571337,XP_056308164,0.00023853778839111328,esm2_t6_8M_UR50D
XP_073786749,XP_056335452,0.00023871660232543945,esm2_t6_8M_UR50D
XP_021324055,XP_056337747,0.00023823976516723633,esm2_t6_8M_UR50D
XP_002660860,XP_056330777,0.00023788213729858398,esm2_t6_8M_UR50D
XP_009292938,XP_056336870,0.00023746490478515625,esm2_t6_8M_UR50D
XP_005163278,XP_056308337,0.00023669004440307617,esm2_t6_8M_UR50D
XP_009302274,XP_056319589,0.00023651123046875,esm2_t6_8M_UR50D
XP_073809281,XP_056312751,0.00023621320724487305,esm2_t6_8M_UR50D
NP_955924,XP_056302715,0.0001201629638671875,esm2_t6_8M_UR50D
NP_001186030,XP_056305920,0.0002357959747314453,esm2_t6_8M_UR50D
NP_001122233,XP_056326889,0.0002351999282836914,esm2_t6_8M_UR50D
XP_073808308,XP_056312760,0.0017639398574829102,esm2_t6_8M_UR50D
NP_001001944,XP_056337407,0.0002346038818359375,esm2_t6_8M_UR50D
XP_005163529,XP_056333826,0.00023448467254638672,esm2_t6_8M_UR50D
XP_009289844,XP_056328973,0.00023412704467773438,esm2_t6_8M_UR50D
XP_001920772,XP_056307479,0.0001322627067565918,esm2_t6_8M_UR50D
XP_005165946,XP_056316036,0.00038683414459228516,esm2_t6_8M_UR50D
XP_005167440,XP_056319327,0.00023376941680908203,esm2_t6_8M_UR50D
XP_686522,XP_056315499,0.00023347139358520508,esm2_t6_8M_UR50D
NP_997893,XP_056314649,0.00023305416107177734,esm2_t6_8M_UR50D
NP_001009916,XP_056305931,0.00023317337036132812,esm2_t6_8M_UR50D
XP_017210771,XP_056311906,0.00023305416107177734,esm2_t6_8M_UR50D
NP_001003558,XP_056315411,0.00023233890533447266,esm2_t6_8M_UR50D
XP_009293049,XP_056301321,7.271766662597656e-05,esm2_t6_8M_UR50D
XP_005158270,XP_056331445,0.00023186206817626953,esm2_t6_8M_UR50D
XP_005158696,XP_056333504,0.00023126602172851562,esm2_t6_8M_UR50D
XP_697248,XP_056301645,0.00023049116134643555,esm2_t6_8M_UR50D
XP_009305424,XP_056327185,0.0002295374870300293,esm2_t6_8M_UR50D
XP_001922486,XP_056307506,0.00022906064987182617,esm2_t6_8M_UR50D
XP_009301421,XP_056317307,0.00022941827774047852,esm2_t6_8M_UR50D
XP_009290348,XP_056331159,0.0002288222312927246,esm2_t6_8M_UR50D
XP_017211644,XP_056314220,0.00022876262664794922,esm2_t6_8M_UR50D
XP_009290439,XP_056330848,0.0002289414405822754,esm2_t6_8M_UR50D
NP_001007454,XP_056317574,0.00022852420806884766,esm2_t6_8M_UR50D
NP_001038283,XP_056337593,0.00022846460342407227,esm2_t6_8M_UR50D
XP_005158406,XP_056331175,0.00022804737091064453,esm2_t6_8M_UR50D
NP_956688,XP_056313582,0.00022745132446289062,esm2_t6_8M_UR50D
XP_699069,XP_056335411,0.00022715330123901367,esm2_t6_8M_UR50D
NP_001017738,XP_056328580,0.00022649765014648438,esm2_t6_8M_UR50D
NP_957219,XP_056306119,0.00022614002227783203,esm2_t6_8M_UR50D
XP_073807099,XP_056313405,0.0002250075340270996,esm2_t6_8M_UR50D
NP_955863,XP_056333639,0.00022530555725097656,esm2_t6_8M_UR50D
XP_021333509,XP_056317489,0.00010275840759277344,esm2_t6_8M_UR50D
NP_998046,XP_056329963,0.00022476911544799805,esm2_t6_8M_UR50D
NP_957406,XP_056309602,0.00022429227828979492,esm2_t6_8M_UR50D
NP_001082799,XP_056323229,0.00021982192993164062,esm2_t6_8M_UR50D
XP_009294593,XP_056303203,0.0002238750457763672,esm2_t6_8M_UR50D
XP_021323602,XP_056334744,0.00022357702255249023,esm2_t6_8M_UR50D
XP_021334299,XP_056321722,0.00022363662719726562,esm2_t6_8M_UR50D
XP_073801321,XP_056315774,0.0002072453498840332,esm2_t6_8M_UR50D
NP_001038624,XP_056335506,0.00022298097610473633,esm2_t6_8M_UR50D
XP_009289324,XP_056328792,0.00022268295288085938,esm2_t6_8M_UR50D
XP_073797848,XP_056307418,0.00022280216217041016,esm2_t6_8M_UR50D
XP_021326885,XP_056314497,0.00022220611572265625,esm2_t6_8M_UR50D
NP_001232892,XP_056316901,0.00022107362747192383,esm2_t6_8M_UR50D
NP_998576,XP_056326236,0.0002206563949584961,esm2_t6_8M_UR50D
NP_001116722,XP_056316015,0.0002206563949584961,esm2_t6_8M_UR50D
XP_073795974,XP_056304761,0.00022041797637939453,esm2_t6_8M_UR50D
NP_001002726,XP_056333394,0.00021839141845703125,esm2_t6_8M_UR50D
XP_021323643,XP_056336438,0.00021767616271972656,esm2_t6_8M_UR50D
XP_073796354,XP_056307006,0.0002167820930480957,esm2_t6_8M_UR50D
XP_073805435,XP_056318838,0.00021630525588989258,esm2_t6_8M_UR50D
XP_009302008,XP_056320106,0.0002162456512451172,esm2_t6_8M_UR50D
NP_001333153,XP_056330879,0.00021576881408691406,esm2_t6_8M_UR50D
XP_017213029,XP_056319078,0.0002161264419555664,esm2_t6_8M_UR50D
XP_021331668,XP_056305491,0.00021517276763916016,esm2_t6_8M_UR50D
NP_001005952,XP_056324718,0.0002149343490600586,esm2_t6_8M_UR50D
NP_571048,XP_056329489,0.0002841353416442871,esm2_t6_8M_UR50D
XP_009301954,XP_056316898,0.00021469593048095703,esm2_t6_8M_UR50D
XP_073787309,XP_056335192,0.00021415948867797852,esm2_t6_8M_UR50D
XP_021334311,XP_056337440,0.0002135634422302246,esm2_t6_8M_UR50D
XP_021326256,XP_056308215,0.00021344423294067383,esm2_t6_8M_UR50D
XP_073787339,XP_056335957,0.00021314620971679688,esm2_t6_8M_UR50D
XP_005159582,XP_056335960,0.00021314620971679688,esm2_t6_8M_UR50D
XP_073787339,XP_056335958,0.00021314620971679688,esm2_t6_8M_UR50D
XP_017207957,XP_056337376,0.00021284818649291992,esm2_t6_8M_UR50D
NP_001004007,XP_056337376,0.00021284818649291992,esm2_t6_8M_UR50D
XP_021324704,XP_056302122,0.0002123713493347168,esm2_t6_8M_UR50D
NP_001289171,XP_056337738,0.00021201372146606445,esm2_t6_8M_UR50D
NP_997870,XP_056331656,0.00021135807037353516,esm2_t6_8M_UR50D
XP_005164167,XP_056309858,0.0002111196517944336,esm2_t6_8M_UR50D
NP_570989,XP_056329758,0.00019478797912597656,esm2_t6_8M_UR50D
NP_001074095,XP_056313820,0.00020939111709594727,esm2_t6_8M_UR50D
NP_571359,XP_056333602,0.00020885467529296875,esm2_t6_8M_UR50D
NP_571959,XP_056319456,0.00012093782424926758,esm2_t6_8M_UR50D
XP_005169787,XP_056329162,0.00020742416381835938,esm2_t6_8M_UR50D
XP_021335822,XP_056325411,0.00013637542724609375,esm2_t6_8M_UR50D
XP_005166450,XP_056317456,0.00020641088485717773,esm2_t6_8M_UR50D
NP_958466,XP_056326616,0.00020623207092285156,esm2_t6_8M_UR50D
NP_001002496,XP_056314478,0.00020581483840942383,esm2_t6_8M_UR50D
XP_009292948,XP_056336763,0.00010192394256591797,esm2_t6_8M_UR50D
XP_021334181,XP_056320583,0.00041109323501586914,esm2_t6_8M_UR50D
XP_073810894,XP_056316660,0.00017184019088745117,esm2_t6_8M_UR50D
NP_956804,XP_056305200,0.0002046823501586914,esm2_t6_8M_UR50D
XP_005163797,XP_056309133,0.00020390748977661133,esm2_t6_8M_UR50D
XP_021330936,XP_056311580,0.00020396709442138672,esm2_t6_8M_UR50D
NP_571856,XP_056316180,0.00020354986190795898,esm2_t6_8M_UR50D
NP_958482,XP_056309180,0.00020366907119750977,esm2_t6_8M_UR50D
XP_009304999,XP_056325409,0.0002034902572631836,esm2_t6_8M_UR50D
XP_073798405,XP_056307355,0.00020295381546020508,esm2_t6_8M_UR50D
NP_001014326,XP_056302597,0.0002015829086303711,esm2_t6_8M_UR50D
NP_001103940,XP_056315988,0.00020116567611694336,esm2_t6_8M_UR50D
NP_001073421,XP_056327747,0.00022286176681518555,esm2_t6_8M_UR50D
NP_001243593,XP_056307288,0.00020039081573486328,esm2_t6_8M_UR50D
XP_021330744,XP_056311549,0.00019991397857666016,esm2_t6_8M_UR50D
XP_073788213,XP_056337742,0.0001996159553527832,esm2_t6_8M_UR50D
XP_009297645,XP_056309317,0.0001990199089050293,esm2_t6_8M_UR50D
NP_001107092,XP_056319881,0.00019919872283935547,esm2_t6_8M_UR50D
XP_021335251,XP_056324371,0.0002009272575378418,esm2_t6_8M_UR50D
XP_021324268,XP_056328352,0.0001983046531677246,esm2_t6_8M_UR50D
XP_021332762,XP_056315738,0.0001984238624572754,esm2_t6_8M_UR50D
XP_021325852,XP_056306231,0.00019818544387817383,esm2_t6_8M_UR50D
XP_021333062,XP_056318273,0.00019788742065429688,esm2_t6_8M_UR50D
NP_571308,XP_056324633,0.0001971125602722168,esm2_t6_8M_UR50D
XP_009305769,XP_056326920,0.00019633769989013672,esm2_t6_8M_UR50D
XP_005159410,XP_056336219,0.00019615888595581055,esm2_t6_8M_UR50D
NP_998404,XP_056324346,0.0001957416534423828,esm2_t6_8M_UR50D
XP_005161463,XP_056302211,0.00019401311874389648,esm2_t6_8M_UR50D
XP_691871,XP_056301814,0.00019365549087524414,esm2_t6_8M_UR50D
XP_017213450,XP_056333308,0.00019341707229614258,esm2_t6_8M_UR50D
XP_005170633,XP_056305332,0.00019288063049316406,esm2_t6_8M_UR50D
XP_073791731,XP_056301744,0.0001919865608215332,esm2_t6_8M_UR50D
XP_021322820,XP_056333394,0.00019210577011108398,esm2_t6_8M_UR50D
XP_009292082,XP_056333939,0.00019168853759765625,esm2_t6_8M_UR50D
XP_009300452,XP_056315516,0.00019150972366333008,esm2_t6_8M_UR50D
XP_685746,XP_056305656,0.00019121170043945312,esm2_t6_8M_UR50D
XP_021323593,XP_056333774,0.00019127130508422852,esm2_t6_8M_UR50D
XP_021334493,XP_056320647,0.00019115209579467773,esm2_t6_8M_UR50D
XP_003200233,XP_056331736,0.00019091367721557617,esm2_t6_8M_UR50D
XP_009292307,XP_056335196,0.00019061565399169922,esm2_t6_8M_UR50D
XP_009296842,XP_056332889,0.00018996000289916992,esm2_t6_8M_UR50D
XP_021333247,XP_056317774,0.00018966197967529297,esm2_t6_8M_UR50D
NP_958445,XP_056329281,0.00018924474716186523,esm2_t6_8M_UR50D
NP_775357,XP_056331184,0.00018739700317382812,esm2_t6_8M_UR50D
NP_001076500,XP_056315575,7.599592208862305e-05,esm2_t6_8M_UR50D
XP_017206474,XP_056330044,0.00018656253814697266,esm2_t6_8M_UR50D
NP_001122045,XP_056330526,0.000186920166015625,esm2_t6_8M_UR50D
XP_001921766,XP_056305744,0.000186920166015625,esm2_t6_8M_UR50D
NP_998525,XP_056335666,0.00018614530563354492,esm2_t6_8M_UR50D
XP_009292082,XP_056333937,0.0001856684684753418,esm2_t6_8M_UR50D
XP_073786189,XP_056334332,0.0001850724220275879,esm2_t6_8M_UR50D
NP_001032316,XP_056322811,0.00018513202667236328,esm2_t6_8M_UR50D
XP_009290987,XP_056302852,0.00019419193267822266,esm2_t6_8M_UR50D
XP_005156890,XP_056326676,0.00018328428268432617,esm2_t6_8M_UR50D
XP_005169361,XP_056324768,0.0001831650733947754,esm2_t6_8M_UR50D
XP_002665057,XP_056331590,0.0001830458641052246,esm2_t6_8M_UR50D
XP_021335841,XP_056325121,0.00018298625946044922,esm2_t6_8M_UR50D
XP_005165243,XP_056313494,0.00018215179443359375,esm2_t6_8M_UR50D
XP_021336126,XP_056326070,0.00018209218978881836,esm2_t6_8M_UR50D
XP_005155582,XP_056323077,0.0001819133758544922,esm2_t6_8M_UR50D
NP_956829,XP_056321271,0.00018143653869628906,esm2_t6_8M_UR50D
NP_956464,XP_056336820,0.00017207860946655273,esm2_t6_8M_UR50D
XP_005169279,XP_056322500,0.00018149614334106445,esm2_t6_8M_UR50D
NP_956447,XP_056315656,0.0001811385154724121,esm2_t6_8M_UR50D
XP_009294228,XP_056303217,0.0001804828643798828,esm2_t6_8M_UR50D
NP_705938,XP_056305454,0.00018066167831420898,esm2_t6_8M_UR50D
XP_003201233,XP_056305198,0.00017911195755004883,esm2_t6_8M_UR50D
NP_001185701,XP_056315744,0.00017976760864257812,esm2_t6_8M_UR50D
XP_009298264,XP_056312032,0.00017940998077392578,esm2_t6_8M_UR50D
XP_005162427,XP_056305574,0.00017905235290527344,esm2_t6_8M_UR50D
XP_002667227,XP_056327889,0.00017911195755004883,esm2_t6_8M_UR50D
NP_001070217,XP_056316914,0.00017839670181274414,esm2_t6_8M_UR50D
NP_998185,XP_056311704,0.0001779794692993164,esm2_t6_8M_UR50D
XP_005164788,XP_056311704,0.00017774105072021484,esm2_t6_8M_UR50D
XP_073797874,XP_056307426,0.00017786026000976562,esm2_t6_8M_UR50D
XP_009300420,XP_056315392,0.00017762184143066406,esm2_t6_8M_UR50D
NP_001030160,XP_056312585,0.00017696619033813477,esm2_t6_8M_UR50D
XP_073798248,XP_056308217,0.0001767277717590332,esm2_t6_8M_UR50D
NP_001032179,XP_056324212,0.00017690658569335938,esm2_t6_8M_UR50D
XP_005169335,XP_056324646,0.00017696619033813477,esm2_t6_8M_UR50D
NP_997832,XP_056302061,0.00020599365234375,esm2_t6_8M_UR50D
XP_073806557,XP_056314394,0.00017529726028442383,esm2_t6_8M_UR50D
NP_001315481,XP_056310552,0.00017535686492919922,esm2_t6_8M_UR50D
NP_001074085,XP_056314611,0.00011432170867919922,esm2_t6_8M_UR50D
XP_682848,XP_056315120,0.0001742243766784668,esm2_t6_8M_UR50D
XP_005159907,XP_056304425,0.00017327070236206055,esm2_t6_8M_UR50D
XP_073794731,XP_056309336,0.00017273426055908203,esm2_t6_8M_UR50D
XP_005162716,XP_056306497,0.00014901161193847656,esm2_t6_8M_UR50D
XP_073785117,XP_056334038,0.00017184019088745117,esm2_t6_8M_UR50D
XP_009290638,XP_056331554,0.00017148256301879883,esm2_t6_8M_UR50D
XP_009301685,XP_056317974,0.0001710057258605957,esm2_t6_8M_UR50D
NP_001002459,XP_056317761,0.00017076730728149414,esm2_t6_8M_UR50D
NP_001025275,XP_056326784,0.00017023086547851562,esm2_t6_8M_UR50D
XP_073810682,XP_056316423,0.00016963481903076172,esm2_t6_8M_UR50D
NP_001004571,XP_056332543,0.00016993284225463867,esm2_t6_8M_UR50D
XP_005166451,XP_056317459,0.0001690387725830078,esm2_t6_8M_UR50D
NP_001037813,XP_056332876,0.00016868114471435547,esm2_t6_8M_UR50D
NP_571836,XP_056315568,0.00016885995864868164,esm2_t6_8M_UR50D
XP_021336334,XP_056326736,0.00016748905181884766,esm2_t6_8M_UR50D
XP_005158154,XP_056330827,0.00016731023788452148,esm2_t6_8M_UR50D
XP_073791346,XP_056302306,0.00016695261001586914,esm2_t6_8M_UR50D
XP_073791342,XP_056302306,0.00016695261001586914,esm2_t6_8M_UR50D
XP_009293789,XP_056302749,0.00016546249389648438,esm2_t6_8M_UR50D
NP_001315012,XP_056319133,0.00016480684280395508,esm2_t6_8M_UR50D
XP_009292419,XP_056335381,0.0001647472381591797,esm2_t6_8M_UR50D
XP_017208544,XP_056302684,0.00016450881958007812,esm2_t6_8M_UR50D
XP_073809475,XP_056315665,0.00016921758651733398,esm2_t6_8M_UR50D
XP_005162270,XP_056304656,0.0001627206802368164,esm2_t6_8M_UR50D
XP_009297689,XP_056309427,9.739398956298828e-05,esm2_t6_8M_UR50D
XP_009297687,XP_056309426,0.0001843571662902832,esm2_t6_8M_UR50D
XP_009296216,XP_056307877,0.00016123056411743164,esm2_t6_8M_UR50D
NP_001153139,XP_056336770,0.0002499818801879883,esm2_t6_8M_UR50D
NP_001121885,XP_056313371,0.0001214146614074707,esm2_t6_8M_UR50D
NP_001004600,XP_056328038,0.00016039609909057617,esm2_t6_8M_UR50D
XP_005173707,XP_056333942,0.00016003847122192383,esm2_t6_8M_UR50D
XP_073810627,XP_056316417,0.0001602768898010254,esm2_t6_8M_UR50D
NP_001013519,XP_056326426,0.00015980005264282227,esm2_t6_8M_UR50D
XP_005169383,XP_056324535,0.0001590251922607422,esm2_t6_8M_UR50D
XP_021329873,XP_056322837,0.0001583099365234375,esm2_t6_8M_UR50D
XP_005167088,XP_056319547,0.00015819072723388672,esm2_t6_8M_UR50D
XP_009300257,XP_056314738,0.00011801719665527344,esm2_t6_8M_UR50D
XP_073810887,XP_056316654,0.00016516447067260742,esm2_t6_8M_UR50D
XP_021336991,XP_056330345,0.00015747547149658203,esm2_t6_8M_UR50D
NP_571574,XP_056311100,0.00015723705291748047,esm2_t6_8M_UR50D
XP_009290217,XP_056329908,0.00015687942504882812,esm2_t6_8M_UR50D
XP_009293757,XP_056302439,0.00014495849609375,esm2_t6_8M_UR50D
NP_001417788,XP_056334113,0.00015652179718017578,esm2_t6_8M_UR50D
XP_009304425,XP_056324765,0.00015628337860107422,esm2_t6_8M_UR50D
XP_073808541,XP_056316691,0.0001558065414428711,esm2_t6_8M_UR50D
XP_021325744,XP_056305899,0.00015592575073242188,esm2_t6_8M_UR50D
XP_017211970,XP_056316604,0.00015532970428466797,esm2_t6_8M_UR50D
NP_001018471,XP_056331312,0.0001544952392578125,esm2_t6_8M_UR50D
NP_001182336,XP_056317976,0.00015425682067871094,esm2_t6_8M_UR50D
NP_001018580,XP_056306503,0.00015360116958618164,esm2_t6_8M_UR50D
NP_001315096,XP_056332311,0.00015395879745483398,esm2_t6_8M_UR50D
XP_017213206,XP_056321041,0.00015288591384887695,esm2_t6_8M_UR50D
NP_001039014,XP_056330517,0.0004202723503112793,esm2_t6_8M_UR50D
XP_005163374,XP_056330435,0.00015288591384887695,esm2_t6_8M_UR50D
XP_073785784,XP_056333775,0.00015246868133544922,esm2_t6_8M_UR50D
XP_009290329,XP_056331211,0.00015240907669067383,esm2_t6_8M_UR50D
XP_021323777,XP_056335204,0.00011515617370605469,esm2_t6_8M_UR50D
XP_073796039,XP_056307012,0.00015091896057128906,esm2_t6_8M_UR50D
XP_009299745,XP_056301440,0.00014978647232055664,esm2_t6_8M_UR50D
XP_005156856,XP_056326492,0.00014984607696533203,esm2_t6_8M_UR50D
XP_691455,XP_056325528,0.00014990568161010742,esm2_t6_8M_UR50D
NP_001003883,XP_056324579,0.00015842914581298828,esm2_t6_8M_UR50D
XP_073794634,XP_056309571,0.00014954805374145508,esm2_t6_8M_UR50D
NP_001352121,XP_056323658,0.00028651952743530273,esm2_t6_8M_UR50D
XP_009302165,XP_056319772,0.00014835596084594727,esm2_t6_8M_UR50D
NP_001313379,XP_056324106,0.00014853477478027344,esm2_t6_8M_UR50D
XP_005163656,XP_056332930,0.00014781951904296875,esm2_t6_8M_UR50D
XP_009296909,XP_056334385,0.00014775991439819336,esm2_t6_8M_UR50D
NP_919343,XP_056304910,0.00014740228652954102,esm2_t6_8M_UR50D
XP_005162390,XP_056305691,0.00014710426330566406,esm2_t6_8M_UR50D
XP_009296078,XP_056307399,0.00014698505401611328,esm2_t6_8M_UR50D
NP_001092228,XP_056322105,0.00014674663543701172,esm2_t6_8M_UR50D
XP_699475,XP_056314614,0.00013077259063720703,esm2_t6_8M_UR50D
XP_003199781,XP_056326690,0.00022208690643310547,esm2_t6_8M_UR50D
NP_001272463,XP_056303792,0.00014603137969970703,esm2_t6_8M_UR50D
XP_073792656,XP_056303713,0.0001462101936340332,esm2_t6_8M_UR50D
NP_001104751,XP_056310080,0.0001862049102783203,esm2_t6_8M_UR50D
XP_005159295,XP_056333820,0.00014591217041015625,esm2_t6_8M_UR50D
XP_005157523,XP_056329226,0.00014531612396240234,esm2_t6_8M_UR50D
XP_009299925,XP_056314179,0.00014537572860717773,esm2_t6_8M_UR50D
NP_001038323,XP_056335106,0.00014507770538330078,esm2_t6_8M_UR50D
XP_017213324,XP_056321574,0.00014495849609375,esm2_t6_8M_UR50D
XP_021332546,XP_056316135,0.00014495849609375,esm2_t6_8M_UR50D
XP_073803145,XP_056311947,0.0001563429832458496,esm2_t6_8M_UR50D
XP_009302264,XP_056319465,0.00014477968215942383,esm2_t6_8M_UR50D
XP_009294225,XP_056304401,0.00014346837997436523,esm2_t6_8M_UR50D
XP_005171035,XP_056312607,0.00014317035675048828,esm2_t6_8M_UR50D
XP_005171035,XP_056312609,0.00014317035675048828,esm2_t6_8M_UR50D
XP_009292116,XP_056312610,0.00014317035675048828,esm2_t6_8M_UR50D
XP_005171034,XP_056312608,0.00014334917068481445,esm2_t6_8M_UR50D
NP_001018394,XP_056332087,0.00014334917068481445,esm2_t6_8M_UR50D
XP_073797492,XP_056306760,0.0001429915428161621,esm2_t6_8M_UR50D
XP_073797492,XP_056306761,0.0001429915428161621,esm2_t6_8M_UR50D
XP_073797486,XP_056306760,0.0001429915428161621,esm2_t6_8M_UR50D
NP_001012508,XP_056331067,0.0001429915428161621,esm2_t6_8M_UR50D
XP_073802899,XP_056311136,0.00014227628707885742,esm2_t6_8M_UR50D
XP_009304297,XP_056324747,0.0001423358917236328,esm2_t6_8M_UR50D
XP_017208637,XP_056303708,0.00014197826385498047,esm2_t6_8M_UR50D
XP_021333867,XP_056319674,0.0001417994499206543,esm2_t6_8M_UR50D
NP_001352582,XP_056318258,0.00014066696166992188,esm2_t6_8M_UR50D
XP_005157636,XP_056329224,0.0001404881477355957,esm2_t6_8M_UR50D
XP_073809292,XP_056316357,0.0001399517059326172,esm2_t6_8M_UR50D
XP_073809299,XP_056316353,0.00013959407806396484,esm2_t6_8M_UR50D
XP_073809300,XP_056316352,0.00013959407806396484,esm2_t6_8M_UR50D
XP_003197866,XP_056328399,0.00013935565948486328,esm2_t6_8M_UR50D
XP_073810553,XP_056327040,0.00013899803161621094,esm2_t6_8M_UR50D
XP_073792666,XP_056303715,0.00013887882232666016,esm2_t6_8M_UR50D
NP_001123295,XP_056315700,0.0001385211944580078,esm2_t6_8M_UR50D
XP_005165053,XP_056312033,0.00013816356658935547,esm2_t6_8M_UR50D
XP_009304202,XP_056324285,0.00013756752014160156,esm2_t6_8M_UR50D
NP_001071018,XP_056327533,0.00013625621795654297,esm2_t6_8M_UR50D
XP_001343041,XP_056302900,0.00013637542724609375,esm2_t6_8M_UR50D
NP_958455,XP_056309794,0.0001360774040222168,esm2_t6_8M_UR50D
NP_001070932,XP_056331522,0.00013583898544311523,esm2_t6_8M_UR50D
XP_073809219,XP_056316196,0.0001354813575744629,esm2_t6_8M_UR50D
XP_009293684,XP_056303149,0.00013554096221923828,esm2_t6_8M_UR50D
XP_009295656,XP_056307017,0.00013560056686401367,esm2_t6_8M_UR50D
NP_955934,XP_056307832,0.00013494491577148438,esm2_t6_8M_UR50D
XP_073809057,XP_056312921,0.0001347064971923828,esm2_t6_8M_UR50D
NP_001013585,XP_056318986,0.0001347064971923828,esm2_t6_8M_UR50D
NP_001092892,XP_056308200,0.0001309514045715332,esm2_t6_8M_UR50D
XP_021333082,XP_056318878,0.0001335740089416504,esm2_t6_8M_UR50D
NP_001013554,XP_056334357,0.000133514404296875,esm2_t6_8M_UR50D
NP_001002446,XP_056330432,0.00013315677642822266,esm2_t6_8M_UR50D
NP_001038364,XP_056337656,0.00013303756713867188,esm2_t6_8M_UR50D
XP_001344260,XP_056327483,0.0001327991485595703,esm2_t6_8M_UR50D
XP_005157080,XP_056326304,6.99758529663086e-05,esm2_t6_8M_UR50D
XP_009301396,XP_056317199,0.00013244152069091797,esm2_t6_8M_UR50D
XP_073788786,XP_056336770,5.8710575103759766e-05,esm2_t6_8M_UR50D
XP_017208299,XP_056301970,0.00013142824172973633,esm2_t6_8M_UR50D
XP_009289755,XP_056315189,0.00013107061386108398,esm2_t6_8M_UR50D
NP_955963,XP_056328843,0.00013065338134765625,esm2_t6_8M_UR50D
XP_005164123,XP_056309651,0.00014209747314453125,esm2_t6_8M_UR50D
XP_005159647,XP_056336383,0.00013017654418945312,esm2_t6_8M_UR50D
XP_021324370,XP_056337051,0.00012952089309692383,esm2_t6_8M_UR50D
NP_998551,XP_056320095,0.00012952089309692383,esm2_t6_8M_UR50D
XP_005167978,XP_056321832,0.0001291036605834961,esm2_t6_8M_UR50D
XP_009295591,XP_056328146,0.0001291036605834961,esm2_t6_8M_UR50D
NP_001002409,XP_056308087,0.00012832880020141602,esm2_t6_8M_UR50D
XP_009306021,XP_056327765,0.00012826919555664062,esm2_t6_8M_UR50D
XP_009293761,XP_056303071,0.00012803077697753906,esm2_t6_8M_UR50D
NP_001268926,XP_056323600,0.00012749433517456055,esm2_t6_8M_UR50D
NP_956636,XP_056334240,0.00012755393981933594,esm2_t6_8M_UR50D
XP_017212286,XP_056317653,0.00012695789337158203,esm2_t6_8M_UR50D
NP_001410360,XP_056327649,0.0001220703125,esm2_t6_8M_UR50D
XP_005166925,XP_056319889,0.00012606382369995117,esm2_t6_8M_UR50D
XP_009292988,XP_056337571,0.00012612342834472656,esm2_t6_8M_UR50D
NP_001289172,XP_056319120,0.000125885009765625,esm2_t6_8M_UR50D
NP_001349358,XP_056312865,0.00012511014938354492,esm2_t6_8M_UR50D
XP_005173283,XP_056328097,0.00012481212615966797,esm2_t6_8M_UR50D
XP_073808559,XP_056316440,0.00012481212615966797,esm2_t6_8M_UR50D
XP_073808558,XP_056316440,0.00012481212615966797,esm2_t6_8M_UR50D
XP_073808558,XP_056316441,0.00012481212615966797,esm2_t6_8M_UR50D
NP_001314745,XP_056320567,0.00012445449829101562,esm2_t6_8M_UR50D
XP_009303014,XP_056321444,0.0001245737075805664,esm2_t6_8M_UR50D
XP_005162385,XP_056305005,0.00012320280075073242,esm2_t6_8M_UR50D
XP_005165942,XP_056316016,0.0001232624053955078,esm2_t6_8M_UR50D
NP_001002426,XP_056304622,0.00012290477752685547,esm2_t6_8M_UR50D
XP_017212968,XP_056336335,0.00012218952178955078,esm2_t6_8M_UR50D
NP_001108158,XP_056316571,6.73532485961914e-05,esm2_t6_8M_UR50D
XP_021334253,XP_056321492,0.0001220703125,esm2_t6_8M_UR50D
XP_005159195,XP_056333785,0.0001221299171447754,esm2_t6_8M_UR50D
XP_005163024,XP_056308086,0.00012171268463134766,esm2_t6_8M_UR50D
XP_005173283,XP_056328096,0.00012153387069702148,esm2_t6_8M_UR50D
XP_009305382,XP_056326347,0.00012135505676269531,esm2_t6_8M_UR50D
NP_001017549,XP_056321446,0.00012123584747314453,esm2_t6_8M_UR50D
XP_073790947,XP_056302628,0.0001208186149597168,esm2_t6_8M_UR50D
XP_700015,XP_056309882,0.00012028217315673828,esm2_t6_8M_UR50D
XP_021326214,XP_056307499,0.00011968612670898438,esm2_t6_8M_UR50D
XP_073787985,XP_056336392,0.0001189112663269043,esm2_t6_8M_UR50D
XP_021329519,XP_056308187,0.00011831521987915039,esm2_t6_8M_UR50D
NP_001038499,XP_056335269,0.00011819601058959961,esm2_t6_8M_UR50D
NP_571158,XP_056302526,0.00011771917343139648,esm2_t6_8M_UR50D
XP_017212964,XP_056336318,0.00011771917343139648,esm2_t6_8M_UR50D
XP_073790372,XP_056301900,0.00011724233627319336,esm2_t6_8M_UR50D
XP_017212772,XP_056319669,0.00011718273162841797,esm2_t6_8M_UR50D
NP_999874,XP_056337615,0.00011742115020751953,esm2_t6_8M_UR50D
XP_073797194,XP_056306208,0.00011682510375976562,esm2_t6_8M_UR50D
XP_021330770,XP_056311687,0.00011640787124633789,esm2_t6_8M_UR50D
XP_688089,XP_056303058,0.00011652708053588867,esm2_t6_8M_UR50D
XP_073802051,XP_056312236,0.00011646747589111328,esm2_t6_8M_UR50D
XP_073802047,XP_056312236,0.00011646747589111328,esm2_t6_8M_UR50D
XP_005158753,XP_056332646,0.00011616945266723633,esm2_t6_8M_UR50D
XP_009304466,XP_056323949,0.00011563301086425781,esm2_t6_8M_UR50D
XP_009295324,XP_056305466,0.00011563301086425781,esm2_t6_8M_UR50D
NP_001124329,XP_056321492,0.00011467933654785156,esm2_t6_8M_UR50D
NP_957237,XP_056335149,0.00011473894119262695,esm2_t6_8M_UR50D
XP_005167932,XP_056321803,0.00011336803436279297,esm2_t6_8M_UR50D
NP_001268922,XP_056317533,0.0001131296157836914,esm2_t6_8M_UR50D
NP_001315282,XP_056304865,0.00011271238327026367,esm2_t6_8M_UR50D
NP_001007314,XP_056324917,0.00011295080184936523,esm2_t6_8M_UR50D
XP_021324360,XP_056337057,0.00011241436004638672,esm2_t6_8M_UR50D
XP_073810071,XP_056315709,0.00012928247451782227,esm2_t6_8M_UR50D
XP_073799880,XP_056312633,0.0001112818717956543,esm2_t6_8M_UR50D
NP_001014818,XP_056328295,0.000110626220703125,esm2_t6_8M_UR50D
XP_005156579,XP_056326290,0.00011050701141357422,esm2_t6_8M_UR50D
NP_956701,XP_056307737,0.00010985136032104492,esm2_t6_8M_UR50D
XP_005166947,XP_056319884,0.00010925531387329102,esm2_t6_8M_UR50D
XP_073788784,XP_056336764,4.57763671875e-05,esm2_t6_8M_UR50D
XP_009298659,XP_056311445,0.0001093745231628418,esm2_t6_8M_UR50D
XP_021335341,XP_056323962,0.00010883808135986328,esm2_t6_8M_UR50D
NP_001082974,XP_056333084,0.00010848045349121094,esm2_t6_8M_UR50D
XP_009291236,XP_056332770,0.00010830163955688477,esm2_t6_8M_UR50D
XP_005168535,XP_056309143,0.00010758638381958008,esm2_t6_8M_UR50D
NP_001071075,XP_056328231,0.00010770559310913086,esm2_t6_8M_UR50D
XP_073785167,XP_056334922,0.00010657310485839844,esm2_t6_8M_UR50D
XP_021324356,XP_056337050,0.00010669231414794922,esm2_t6_8M_UR50D
XP_073792659,XP_056309736,0.00010651350021362305,esm2_t6_8M_UR50D
XP_021322301,XP_056331565,3.55839729309082e-05,esm2_t6_8M_UR50D
XP_021337031,XP_056330309,0.00010645389556884766,esm2_t6_8M_UR50D
XP_021324357,XP_056337051,0.00010561943054199219,esm2_t6_8M_UR50D
XP_073789301,XP_056336746,0.00010538101196289062,esm2_t6_8M_UR50D
XP_005164250,XP_056309904,0.00010508298873901367,esm2_t6_8M_UR50D
NP_957007,XP_056321505,0.00010508298873901367,esm2_t6_8M_UR50D
XP_009302535,XP_056319096,0.00010401010513305664,esm2_t6_8M_UR50D
XP_005164173,XP_056309983,0.000102996826171875,esm2_t6_8M_UR50D
NP_001116327,XP_056307486,0.00010305643081665039,esm2_t6_8M_UR50D
XP_073810080,XP_056315711,0.00027114152908325195,esm2_t6_8M_UR50D
XP_073788498,XP_056336882,0.00010210275650024414,esm2_t6_8M_UR50D
XP_005160627,XP_056336883,0.00010210275650024414,esm2_t6_8M_UR50D
NP_001077045,XP_056329208,0.0001017451286315918,esm2_t6_8M_UR50D
NP_998628,XP_056325223,0.00010156631469726562,esm2_t6_8M_UR50D
XP_073808384,XP_056313955,0.00010186433792114258,esm2_t6_8M_UR50D
XP_684264,XP_056313955,0.00010186433792114258,esm2_t6_8M_UR50D
NP_571222,XP_056331185,0.00010138750076293945,esm2_t6_8M_UR50D
XP_073801040,XP_056310215,0.00010150671005249023,esm2_t6_8M_UR50D
NP_001116764,XP_056320024,0.00010120868682861328,esm2_t6_8M_UR50D
XP_693394,XP_056309245,0.00010037422180175781,esm2_t6_8M_UR50D
XP_021329517,XP_056308184,0.00010007619857788086,esm2_t6_8M_UR50D
NP_001038410,XP_056319906,9.942054748535156e-05,esm2_t6_8M_UR50D
NP_998521,XP_056332263,9.948015213012695e-05,esm2_t6_8M_UR50D
XP_073787546,XP_056335384,9.888410568237305e-05,esm2_t6_8M_UR50D
XP_005173247,XP_056328607,9.85264778137207e-05,esm2_t6_8M_UR50D
XP_073794842,XP_056305483,9.840726852416992e-05,esm2_t6_8M_UR50D
XP_073788309,XP_056337632,9.739398956298828e-05,esm2_t6_8M_UR50D
XP_021326924,XP_056331728,9.691715240478516e-05,esm2_t6_8M_UR50D
NP_957275,XP_056327761,9.679794311523438e-05,esm2_t6_8M_UR50D
XP_073802989,XP_056312153,9.649991989135742e-05,esm2_t6_8M_UR50D
XP_073810074,XP_056315711,0.00012445449829101562,esm2_t6_8M_UR50D
XP_697365,XP_056317467,9.554624557495117e-05,esm2_t6_8M_UR50D
XP_005174261,XP_056306886,9.518861770629883e-05,esm2_t6_8M_UR50D
NP_957168,XP_056325170,9.554624557495117e-05,esm2_t6_8M_UR50D
XP_005173170,XP_056327757,9.47117805480957e-05,esm2_t6_8M_UR50D
XP_009292473,XP_056335152,9.524822235107422e-05,esm2_t6_8M_UR50D
NP_001025346,XP_056327055,9.459257125854492e-05,esm2_t6_8M_UR50D
XP_017208249,XP_056302718,9.459257125854492e-05,esm2_t6_8M_UR50D
XP_005171317,XP_056334571,9.351968765258789e-05,esm2_t6_8M_UR50D
NP_001002333,XP_056328487,9.274482727050781e-05,esm2_t6_8M_UR50D
NP_001121818,XP_056319496,9.232759475708008e-05,esm2_t6_8M_UR50D
XP_698473,XP_056329412,9.238719940185547e-05,esm2_t6_8M_UR50D
XP_005157530,XP_056329651,9.226799011230469e-05,esm2_t6_8M_UR50D
XP_073805961,XP_056314680,9.196996688842773e-05,esm2_t6_8M_UR50D
NP_001002330,XP_056309356,9.173154830932617e-05,esm2_t6_8M_UR50D
XP_005172094,XP_056314844,9.143352508544922e-05,esm2_t6_8M_UR50D
XP_005172094,XP_056314843,9.143352508544922e-05,esm2_t6_8M_UR50D
XP_009293034,XP_056336993,9.09566879272461e-05,esm2_t6_8M_UR50D
XP_009292987,XP_056337571,9.059906005859375e-05,esm2_t6_8M_UR50D
XP_021331027,XP_056318845,9.053945541381836e-05,esm2_t6_8M_UR50D
NP_001038407,XP_056337301,9.053945541381836e-05,esm2_t6_8M_UR50D
NP_001103954,XP_056303033,8.994340896606445e-05,esm2_t6_8M_UR50D
NP_957166,XP_056326056,8.952617645263672e-05,esm2_t6_8M_UR50D
XP_005160594,XP_056336764,0.0001679062843322754,esm2_t6_8M_UR50D
XP_005167171,XP_056319571,8.845329284667969e-05,esm2_t6_8M_UR50D
XP_073810415,XP_056316041,0.00011444091796875,esm2_t6_8M_UR50D
NP_001038254,XP_056314088,8.7738037109375e-05,esm2_t6_8M_UR50D
XP_021333146,XP_056317016,8.738040924072266e-05,esm2_t6_8M_UR50D
XP_073794773,XP_056305370,8.71419906616211e-05,esm2_t6_8M_UR50D
NP_001032750,XP_056304106,8.83936882019043e-05,esm2_t6_8M_UR50D
XP_009298429,XP_056311806,8.64863395690918e-05,esm2_t6_8M_UR50D
XP_009295153,XP_056305226,8.64267349243164e-05,esm2_t6_8M_UR50D
XP_009298423,XP_056311803,8.577108383178711e-05,esm2_t6_8M_UR50D
XP_001337205,XP_056317926,8.606910705566406e-05,esm2_t6_8M_UR50D
XP_073787244,XP_056335520,8.565187454223633e-05,esm2_t6_8M_UR50D
XP_073788724,XP_056337163,8.45789909362793e-05,esm2_t6_8M_UR50D
NP_958447,XP_056302276,8.481740951538086e-05,esm2_t6_8M_UR50D
XP_009297657,XP_056309342,8.505582809448242e-05,esm2_t6_8M_UR50D
XP_073809342,XP_056315308,8.416175842285156e-05,esm2_t6_8M_UR50D
XP_009292908,XP_056336795,8.410215377807617e-05,esm2_t6_8M_UR50D
XP_009301752,XP_056318910,8.314847946166992e-05,esm2_t6_8M_UR50D
XP_073801015,XP_056309964,0.0007655024528503418,esm2_t6_8M_UR50D
NP_001313429,XP_056332138,8.225440979003906e-05,esm2_t6_8M_UR50D
NP_956213,XP_056314609,8.189678192138672e-05,esm2_t6_8M_UR50D
XP_073794468,XP_056304996,8.177757263183594e-05,esm2_t6_8M_UR50D
XP_017208906,XP_056303301,6.4849853515625e-05,esm2_t6_8M_UR50D
NP_957154,XP_056330492,8.022785186767578e-05,esm2_t6_8M_UR50D
XP_073805959,XP_056314681,8.028745651245117e-05,esm2_t6_8M_UR50D
XP_005167521,XP_056320739,7.95125961303711e-05,esm2_t6_8M_UR50D
XP_001333273,XP_056332795,7.927417755126953e-05,esm2_t6_8M_UR50D
XP_005174158,XP_056305071,7.927417755126953e-05,esm2_t6_8M_UR50D
XP_073788744,XP_056337168,7.742643356323242e-05,esm2_t6_8M_UR50D
XP_021334979,XP_056322151,7.742643356323242e-05,esm2_t6_8M_UR50D
XP_021329522,XP_056308190,7.700920104980469e-05,esm2_t6_8M_UR50D
XP_005163107,XP_056307671,7.653236389160156e-05,esm2_t6_8M_UR50D
XP_009301359,XP_056317129,7.69495964050293e-05,esm2_t6_8M_UR50D
XP_005173151,XP_056328636,7.587671279907227e-05,esm2_t6_8M_UR50D
XP_017213227,XP_056320660,7.557868957519531e-05,esm2_t6_8M_UR50D
XP_073791585,XP_056309731,7.474422454833984e-05,esm2_t6_8M_UR50D
XP_021334178,XP_056319006,7.474422454833984e-05,esm2_t6_8M_UR50D
XP_005166503,XP_056317950,7.337331771850586e-05,esm2_t6_8M_UR50D
XP_021330286,XP_056316198,7.355213165283203e-05,esm2_t6_8M_UR50D
NP_957203,XP_056314199,7.2479248046875e-05,esm2_t6_8M_UR50D
NP_998655,XP_056327724,7.224082946777344e-05,esm2_t6_8M_UR50D
XP_696967,XP_056309788,7.2479248046875e-05,esm2_t6_8M_UR50D
XP_005166651,XP_056318282,7.18832015991211e-05,esm2_t6_8M_UR50D
NP_001076307,XP_056301969,7.140636444091797e-05,esm2_t6_8M_UR50D
XP_009297857,XP_056309733,7.140636444091797e-05,esm2_t6_8M_UR50D
XP_005170542,XP_056303223,7.039308547973633e-05,esm2_t6_8M_UR50D
XP_009295103,XP_056304907,7.021427154541016e-05,esm2_t6_8M_UR50D
XP_009305639,XP_056326576,7.009506225585938e-05,esm2_t6_8M_UR50D
XP_017210541,XP_056311640,6.967782974243164e-05,esm2_t6_8M_UR50D
NP_571039,XP_056318807,6.967782974243164e-05,esm2_t6_8M_UR50D
NP_001073170,XP_056314565,6.902217864990234e-05,esm2_t6_8M_UR50D
XP_005161646,XP_056303220,6.830692291259766e-05,esm2_t6_8M_UR50D
XP_005162281,XP_056304788,6.80088996887207e-05,esm2_t6_8M_UR50D
XP_009293036,XP_056336989,6.777048110961914e-05,esm2_t6_8M_UR50D
NP_001038179,XP_056335710,6.74128532409668e-05,esm2_t6_8M_UR50D
NP_001002562,XP_056302112,6.777048110961914e-05,esm2_t6_8M_UR50D
XP_073803244,XP_056316571,6.73532485961914e-05,esm2_t6_8M_UR50D
XP_073803244,XP_056316580,6.73532485961914e-05,esm2_t6_8M_UR50D
XP_073803243,XP_056316571,6.73532485961914e-05,esm2_t6_8M_UR50D
NP_997760,XP_056336204,6.693601608276367e-05,esm2_t6_8M_UR50D
XP_001337404,XP_056317981,6.639957427978516e-05,esm2_t6_8M_UR50D
XP_005160097,XP_056312655,6.645917892456055e-05,esm2_t6_8M_UR50D
NP_571056,XP_056334500,6.562471389770508e-05,esm2_t6_8M_UR50D
NP_955896,XP_056318641,6.598234176635742e-05,esm2_t6_8M_UR50D
XP_073786291,XP_056334802,6.598234176635742e-05,esm2_t6_8M_UR50D
XP_021323530,XP_056335920,6.502866744995117e-05,esm2_t6_8M_UR50D
XP_021324141,XP_056301516,6.42538070678711e-05,esm2_t6_8M_UR50D
NP_778258,XP_056333812,6.41942024230957e-05,esm2_t6_8M_UR50D
XP_002665395,XP_056334762,6.41942024230957e-05,esm2_t6_8M_UR50D
XP_005171029,XP_056312603,6.270408630371094e-05,esm2_t6_8M_UR50D
XP_001345114,XP_056302607,6.085634231567383e-05,esm2_t6_8M_UR50D
XP_021334426,XP_056335361,6.073713302612305e-05,esm2_t6_8M_UR50D
NP_955891,XP_056337088,5.990266799926758e-05,esm2_t6_8M_UR50D
XP_005165827,XP_056315540,5.8650970458984375e-05,esm2_t6_8M_UR50D
NP_001074171,XP_056337555,5.793571472167969e-05,esm2_t6_8M_UR50D
XP_009293035,XP_056336992,5.751848220825195e-05,esm2_t6_8M_UR50D
XP_021332861,XP_056316101,0.007996439933776855,esm2_t6_8M_UR50D
NP_001007435,XP_056309678,5.638599395751953e-05,esm2_t6_8M_UR50D
XP_005165191,XP_056313681,5.650520324707031e-05,esm2_t6_8M_UR50D
NP_001122238,XP_056314113,5.632638931274414e-05,esm2_t6_8M_UR50D
XP_073786633,XP_056335702,5.59687614440918e-05,esm2_t6_8M_UR50D
XP_073786632,XP_056335702,5.59687614440918e-05,esm2_t6_8M_UR50D
XP_005165205,XP_056313487,5.608797073364258e-05,esm2_t6_8M_UR50D
XP_009295647,XP_056306777,5.5909156799316406e-05,esm2_t6_8M_UR50D
NP_001001889,XP_056335154,5.5789947509765625e-05,esm2_t6_8M_UR50D
XP_009292375,XP_056336017,5.5730342864990234e-05,esm2_t6_8M_UR50D
XP_073799416,XP_056307619,0.0001258254051208496,esm2_t6_8M_UR50D
NP_001018370,XP_056332144,5.459785461425781e-05,esm2_t6_8M_UR50D
XP_073786625,XP_056335701,5.4836273193359375e-05,esm2_t6_8M_UR50D
XP_005163348,XP_056329700,5.40614128112793e-05,esm2_t6_8M_UR50D
XP_009298079,XP_056309082,5.364418029785156e-05,esm2_t6_8M_UR50D
XP_005157853,XP_056330318,5.328655242919922e-05,esm2_t6_8M_UR50D
XP_073809257,XP_056316340,5.245208740234375e-05,esm2_t6_8M_UR50D
XP_073809248,XP_056316340,5.245208740234375e-05,esm2_t6_8M_UR50D
XP_005172350,XP_056317331,4.935264587402344e-05,esm2_t6_8M_UR50D
XP_073805957,XP_056314680,5.167722702026367e-05,esm2_t6_8M_UR50D
NP_001296760,XP_056333905,5.2094459533691406e-05,esm2_t6_8M_UR50D
XP_009304936,XP_056317320,5.1856040954589844e-05,esm2_t6_8M_UR50D
NP_001116750,XP_056334431,5.173683166503906e-05,esm2_t6_8M_UR50D
NP_001191083,XP_056302560,5.0127506256103516e-05,esm2_t6_8M_UR50D
XP_005170755,XP_056307491,4.9948692321777344e-05,esm2_t6_8M_UR50D
XP_073794088,XP_056304845,4.965066909790039e-05,esm2_t6_8M_UR50D
XP_021323665,XP_056335695,4.941225051879883e-05,esm2_t6_8M_UR50D
NP_001292496,XP_056332767,4.9054622650146484e-05,esm2_t6_8M_UR50D
XP_021324037,XP_056337085,4.774332046508789e-05,esm2_t6_8M_UR50D
XP_005173299,XP_056327629,4.64320182800293e-05,esm2_t6_8M_UR50D
XP_073785725,XP_056333915,4.494190216064453e-05,esm2_t6_8M_UR50D
XP_073802654,XP_056311689,4.410743713378906e-05,esm2_t6_8M_UR50D
XP_021324672,XP_056309269,4.297494888305664e-05,esm2_t6_8M_UR50D
XP_009302369,XP_056319257,4.2557716369628906e-05,esm2_t6_8M_UR50D
NP_991119,XP_056323359,4.017353057861328e-05,esm2_t6_8M_UR50D
XP_073791603,XP_056321118,4.011392593383789e-05,esm2_t6_8M_UR50D
NP_938152,XP_056309298,4.017353057861328e-05,esm2_t6_8M_UR50D
XP_001333587,XP_056333313,3.832578659057617e-05,esm2_t6_8M_UR50D
NP_001296394,XP_056312462,4.5418739318847656e-05,esm2_t6_8M_UR50D
XP_073785378,XP_056334730,3.981590270996094e-05,esm2_t6_8M_UR50D
NP_998088,XP_056317014,3.713369369506836e-05,esm2_t6_8M_UR50D
XP_073797834,XP_056309615,3.6776065826416016e-05,esm2_t6_8M_UR50D
XP_073797832,XP_056309615,3.6776065826416016e-05,esm2_t6_8M_UR50D
XP_073797882,XP_056309617,3.6776065826416016e-05,esm2_t6_8M_UR50D
XP_073802030,XP_056311561,3.594160079956055e-05,esm2_t6_8M_UR50D
XP_021324481,XP_056302117,3.4749507904052734e-05,esm2_t6_8M_UR50D
XP_009295532,XP_056306204,3.4809112548828125e-05,esm2_t6_8M_UR50D
XP_005168948,XP_056317600,3.4809112548828125e-05,esm2_t6_8M_UR50D
XP_021329438,XP_056307173,3.4809112548828125e-05,esm2_t6_8M_UR50D
XP_005164162,XP_056309853,3.3974647521972656e-05,esm2_t6_8M_UR50D
XP_073798816,XP_056307698,3.427267074584961e-05,esm2_t6_8M_UR50D
XP_073798394,XP_056307791,3.3855438232421875e-05,esm2_t6_8M_UR50D
XP_686077,XP_056305672,3.2901763916015625e-05,esm2_t6_8M_UR50D
XP_073802457,XP_056319378,3.361701965332031e-05,esm2_t6_8M_UR50D
XP_073793421,XP_056309227,3.2901763916015625e-05,esm2_t6_8M_UR50D
XP_021326032,XP_056306492,3.260374069213867e-05,esm2_t6_8M_UR50D
XP_073802348,XP_056319350,3.0338764190673828e-05,esm2_t6_8M_UR50D
XP_017209404,XP_056306491,2.9921531677246094e-05,esm2_t6_8M_UR50D
NP_998664,XP_056312497,3.0219554901123047e-05,esm2_t6_8M_UR50D
XP_009299818,XP_056313939,2.9861927032470703e-05,esm2_t6_8M_UR50D
XP_021324176,XP_056301255,2.9802322387695312e-05,esm2_t6_8M_UR50D
XP_009295738,XP_056306125,2.950429916381836e-05,esm2_t6_8M_UR50D
XP_009301473,XP_056317642,2.9146671295166016e-05,esm2_t6_8M_UR50D
NP_956021,XP_056337474,2.8908252716064453e-05,esm2_t6_8M_UR50D
NP_571446,XP_056313661,2.9087066650390625e-05,esm2_t6_8M_UR50D
NP_001070794,XP_056302270,2.8252601623535156e-05,esm2_t6_8M_UR50D
XP_005160955,XP_056301492,2.8252601623535156e-05,esm2_t6_8M_UR50D
XP_005162836,XP_056306464,2.7477741241455078e-05,esm2_t6_8M_UR50D
NP_001417783,XP_056332556,2.753734588623047e-05,esm2_t6_8M_UR50D
XP_005159285,XP_056334726,2.8133392333984375e-05,esm2_t6_8M_UR50D
XP_009290696,XP_056330606,2.664327621459961e-05,esm2_t6_8M_UR50D
XP_021332671,XP_056315487,2.5570392608642578e-05,esm2_t6_8M_UR50D
NP_001165056,XP_056321634,4.011392593383789e-05,esm2_t6_8M_UR50D
NP_956841,XP_056322388,2.4318695068359375e-05,esm2_t6_8M_UR50D
XP_009300481,XP_056315550,2.4080276489257812e-05,esm2_t6_8M_UR50D
XP_073788438,XP_056336736,2.282857894897461e-05,esm2_t6_8M_UR50D
XP_005166906,XP_056319973,2.2590160369873047e-05,esm2_t6_8M_UR50D
XP_005157040,XP_056327056,2.199411392211914e-05,esm2_t6_8M_UR50D
NP_001154956,XP_056312856,2.1696090698242188e-05,esm2_t6_8M_UR50D
XP_005166474,XP_056317927,2.1338462829589844e-05,esm2_t6_8M_UR50D
XP_073799045,XP_056307413,2.0623207092285156e-05,esm2_t6_8M_UR50D
XP_017208907,XP_056303306,2.1398067474365234e-05,esm2_t6_8M_UR50D
NP_853634,XP_056309276,1.996755599975586e-05,esm2_t6_8M_UR50D
XP_073789399,XP_056337080,1.704692840576172e-05,esm2_t6_8M_UR50D
XP_009302835,XP_056320947,2.4020671844482422e-05,esm2_t6_8M_UR50D
XP_021326164,XP_056309855,1.5676021575927734e-05,esm2_t6_8M_UR50D
XP_073798173,XP_056308177,1.5676021575927734e-05,esm2_t6_8M_UR50D
XP_009305177,XP_056324946,1.531839370727539e-05,esm2_t6_8M_UR50D
NP_001018326,XP_056332652,1.4901161193847656e-05,esm2_t6_8M_UR50D
XP_003197917,XP_056332951,1.3709068298339844e-05,esm2_t6_8M_UR50D
XP_005162485,XP_056323166,1.3649463653564453e-05,esm2_t6_8M_UR50D
XP_009301701,XP_056318014,1.2695789337158203e-05,esm2_t6_8M_UR50D
XP_009302831,XP_056320943,2.396106719970703e-05,esm2_t6_8M_UR50D
XP_073800460,XP_056309351,1.2159347534179688e-05,esm2_t6_8M_UR50D
XP_001921020,XP_056309351,1.2159347534179688e-05,esm2_t6_8M_UR50D
XP_021332522,XP_056316113,1.150369644165039e-05,esm2_t6_8M_UR50D
XP_009301470,XP_056317632,1.0311603546142578e-05,esm2_t6_8M_UR50D
NP_001019600,XP_056323966,1.049041748046875e-05,esm2_t6_8M_UR50D
XP_073806684,XP_056313419,9.59634780883789e-06,esm2_t6_8M_UR50D
XP_009295129,XP_056327170,8.940696716308594e-06,esm2_t6_8M_UR50D
NP_001300770,XP_056314296,3.3974647521972656e-06,esm2_t6_8M_UR50D
XP_005163697,XP_056302037,3.337860107421875e-06,esm2_t6_8M_UR50D
XP_005169340,XP_056324030,2.682209014892578e-06,esm2_t6_8M_UR50D
XP_005170056,XP_056336158,0.0,esm2_t6_8M_UR50D
XP_005159024,XP_056333181,-1.1920928955078125e-07,esm2_t6_8M_UR50D
NP_001003494,XP_056331685,5.960464477539063e-08,esm2_t6_8M_UR50D
XP_005173695,XP_056334480,5.960464477539063e-08,esm2_t6_8M_UR50D
NP_001006087,XP_056325989,-1.1920928955078125e-07,esm2_t6_8M_UR50D
NP_001034926,XP_056325599,0.00034809112548828125,esm2_t6_8M_UR50D
NP_001038787,XP_056308208,0.0,esm2_t6_8M_UR50D
XP_021332966,XP_056316465,5.960464477539063e-08,esm2_t6_8M_UR50D
XP_073794851,XP_056305798,5.960464477539063e-08,esm2_t6_8M_UR50D
XP_073798357,XP_056318060,0.0,esm2_t6_8M_UR50D
NP_001002519,XP_056313007,0.0,esm2_t6_8M_UR50D
NP_998516,XP_056329407,0.0,esm2_t6_8M_UR50D
NP_001373648,XP_056318483,5.960464477539063e-08,esm2_t6_8M_UR50D
NP_956376,XP_056337219,0.0,esm2_t6_8M_UR50D
NP_957191,XP_056312188,-1.1920928955078125e-07,esm2_t6_8M_UR50D
NP_001032320,XP_056304066,1.1920928955078125e-07,esm2_t6_8M_UR50D
XP_017208628,XP_056304067,0.0,esm2_t6_8M_UR50D
XP_009296449,XP_056307639,1.1920928955078125e-07,esm2_t6_8M_UR50D
XP_009292978,XP_056301423,5.960464477539063e-08,esm2_t6_8M_UR50D
NP_001019591,XP_056303061,0.0,esm2_t6_8M_UR50D
XP_073795877,XP_056305951,5.960464477539063e-08,esm2_t6_8M_UR50D
NP_001071211,XP_056307497,5.960464477539063e-08,esm2_t6_8M_UR50D
NP_001373678,XP_056316899,-1.1920928955078125e-07,esm2_t6_8M_UR50D
NP_001307335,XP_056324910,5.960464477539063e-08,esm2_t6_8M_UR50D
NP_956239,XP_056319045,5.960464477539063e-08,esm2_t6_8M_UR50D
XP_073796658,XP_056306415,0.0,esm2_t6_8M_UR50D
XP_021333835,XP_056319525,0.0,esm2_t6_8M_UR50D
XP_005162697,XP_056307004,0.0,esm2_t6_8M_UR50D
NP_001373579,XP_056318488,0.0,esm2_t6_8M_UR50D
NP_001410239,XP_056316894,5.960464477539063e-08,esm2_t6_8M_UR50D
XP_005160093,XP_056312651,0.0,esm2_t6_8M_UR50D
XP_073799540,XP_056312889,0.0,esm2_t6_8M_UR50D
XP_073799484,XP_056316909,0.0,esm2_t6_8M_UR50D
NP_001373579,XP_056318492,0.0,esm2_t6_8M_UR50D
XP_017209642,XP_056316909,0.0,esm2_t6_8M_UR50D
NP_001099176,XP_056308344,0.0,esm2_t6_8M_UR50D
NP_001083038,XP_056308342,0.0,esm2_t6_8M_UR50D
NP_001373604,XP_056316916,0.0,esm2_t6_8M_UR50D
NP_001107268,XP_056332702,-1.1920928955078125e-07,esm2_t6_8M_UR50D
XP_073792592,XP_056304068,1.1920928955078125e-07,esm2_t6_8M_UR50D
NP_001013489,XP_056328513,0.0,esm2_t6_8M_UR50D
XP_073799484,XP_056316911,0.0,esm2_t6_8M_UR50D
XP_009301164,XP_056318491,0.0,esm2_t6_8M_UR50D
XP_005164636,XP_056311938,-1.1920928955078125e-07,esm2_t6_8M_UR50D
NP_001083038,XP_056316912,0.0,esm2_t6_8M_UR50D
NP_001093643,XP_056316892,5.960464477539063e-08,esm2_t6_8M_UR50D
NP_956840,XP_056329506,5.960464477539063e-08,esm2_t6_8M_UR50D
XP_002662243,XP_056316916,0.0,esm2_t6_8M_UR50D
XP_002666964,XP_056316912,0.0,esm2_t6_8M_UR50D
XP_073786745,XP_056335510,-1.1920928955078125e-07,esm2_t6_8M_UR50D
XP_009301181,XP_056318489,0.0,esm2_t6_8M_UR50D
XP_021334846,XP_056323087,0.0,esm2_t6_8M_UR50D
XP_073794656,XP_056304797,-1.1920928955078125e-07,esm2_t6_8M_UR50D
XP_688359,XP_056318100,5.960464477539063e-08,esm2_t6_8M_UR50D
NP_001025171,XP_056329507,-1.1920928955078125e-07,esm2_t6_8M_UR50D
NP_997774,XP_056320548,-1.1920928955078125e-07,esm2_t6_8M_UR50D
NP_999868,XP_056301706,0.0,esm2_t6_8M_UR50D
NP_997859,XP_056311844,1.1920928955078125e-07,esm2_t6_8M_UR50D
NP_571338,XP_056335427,0.0,esm2_t6_8M_UR50D
NP_001002152,XP_056319472,0.0,esm2_t6_8M_UR50D
XP_009291805,XP_056333801,-1.1920928955078125e-07,esm2_t6_8M_UR50D
NP_571291,XP_056330354,0.0,esm2_t6_8M_UR50D
NP_998200,XP_056309447,5.960464477539063e-08,esm2_t6_8M_UR50D
NP_998643,XP_056313486,0.0,esm2_t6_8M_UR50D
XP_073808506,XP_056315114,5.960464477539063e-08,esm2_t6_8M_UR50D
NP_001002079,XP_056318796,0.0,esm2_t6_8M_UR50D
XP_073805830,XP_056313995,0.0,esm2_t6_8M_UR50D
NP_956228,XP_056314574,-1.1920928955078125e-07,esm2_t6_8M_UR50D
XP_005170626,XP_056305859,-1.1920928955078125e-07,esm2_t6_8M_UR50D
XP_001339262,XP_056328028,0.0,esm2_t6_8M_UR50D
XP_073801676,XP_056311498,1.1920928955078125e-07,esm2_t6_8M_UR50D
NP_001315436,XP_056306361,-1.1920928955078125e-07,esm2_t6_8M_UR50D
NP_001159626,XP_056327787,5.960464477539063e-08,esm2_t6_8M_UR50D
NP_957424,XP_056309301,0.0,esm2_t6_8M_UR50D
XP_021334608,XP_056331599,0.0,esm2_t6_8M_UR50D
NP_001004672,XP_056318823,0.0,esm2_t6_8M_UR50D
XP_073788666,XP_056337621,0.0,esm2_t6_8M_UR50D
NP_001373300,XP_056316902,0.0,esm2_t6_8M_UR50D
NP_001002708,XP_056315045,0.0,esm2_t6_8M_UR50D
NP_001003755,XP_056307633,-1.1920928955078125e-07,esm2_t6_8M_UR50D
XP_683865,XP_056309606,5.960464477539063e-08,esm2_t6_8M_UR50D
XP_003201047,XP_056303927,0.0,esm2_t6_8M_UR50D
XP_009304940,XP_056317371,0.0,esm2_t6_8M_UR50D
XP_005167867,XP_056321585,0.0,esm2_t6_8M_UR50D
XP_021335874,XP_056336651,0.0,esm2_t6_8M_UR50D
NP_955842,XP_056323158,0.0,esm2_t6_8M_UR50D
NP_997745,XP_056304103,0.0,esm2_t6_8M_UR50D
XP_017207140,XP_056333340,0.0,esm2_t6_8M_UR50D
XP_017209293,XP_056306361,0.0,esm2_t6_8M_UR50D
NP_991120,XP_056331593,-1.1920928955078125e-07,esm2_t6_8M_UR50D
NP_001417902,XP_056317398,0.0,esm2_t6_8M_UR50D
XP_009292216,XP_056336065,0.0,esm2_t6_8M_UR50D
NP_001002061,XP_056309531,0.0,esm2_t6_8M_UR50D
NP_001002397,XP_056334337,-1.1920928955078125e-07,esm2_t6_8M_UR50D
NP_001007399,XP_056333477,0.0,esm2_t6_8M_UR50D
NP_956796,XP_056315389,-1.1920928955078125e-07,esm2_t6_8M_UR50D
NP_001070182,XP_056301898,0.0,esm2_t6_8M_UR50D
NP_942113,XP_056331228,5.960464477539063e-08,esm2_t6_8M_UR50D
XP_009289352,XP_056327699,-1.1920928955078125e-07,esm2_t6_8M_UR50D
XP_689050,XP_056329641,-1.1920928955078125e-07,esm2_t6_8M_UR50D
NP_001009898,XP_056313311,0.0,esm2_t6_8M_UR50D
NP_001013481,XP_056316907,5.960464477539063e-08,esm2_t6_8M_UR50D
XP_005158227,XP_056331482,5.960464477539063e-08,esm2_t6_8M_UR50D
NP_001015058,XP_056325466,0.0,esm2_t6_8M_UR50D
XP_002663478,XP_056321954,-1.1920928955078125e-07,esm2_t6_8M_UR50D
NP_001037783,XP_056327271,5.960464477539063e-08,esm2_t6_8M_UR50D
NP_571255,XP_056314443,0.0,esm2_t6_8M_UR50D
NP_991254,XP_056319402,0.0,esm2_t6_8M_UR50D
XP_009303285,XP_056321953,-1.1920928955078125e-07,esm2_t6_8M_UR50D
XP_005159468,XP_056335580,0.0,esm2_t6_8M_UR50D
XP_009296895,XP_056333596,-1.1920928955078125e-07,esm2_t6_8M_UR50D
XP_005156465,XP_056324948,0.0,esm2_t6_8M_UR50D
NP_998415,XP_056326033,-1.1920928955078125e-07,esm2_t6_8M_UR50D
NP_998142,XP_056308914,0.0,esm2_t6_8M_UR50D
XP_005163564,XP_056333580,-1.1920928955078125e-07,esm2_t6_8M_UR50D
XP_002666990,XP_056316907,5.960464477539063e-08,esm2_t6_8M_UR50D
XP_005163563,XP_056333580,-1.1920928955078125e-07,esm2_t6_8M_UR50D
XP_073794291,XP_056329234,0.0,esm2_t6_8M_UR50D
XP_005174365,XP_056308236,-1.1920928955078125e-07,esm2_t6_8M_UR50D
NP_956297,XP_056308304,0.0,esm2_t6_8M_UR50D
NP_001289715,XP_056302564,1.1920928955078125e-07,esm2_t6_8M_UR50D
XP_691726,XP_056331575,-1.1920928955078125e-07,esm2_t6_8M_UR50D
