zebrafish_id,aescallii_id,esm2_cosine_distance,model
XP_073800755,XP_056308722,0.1927938461303711,esm2_t30_150M_UR50D
XP_073802884,XP_056312358,0.029881834983825684,esm2_t30_150M_UR50D
XP_073799587,XP_056316887,0.17678523063659668,esm2_t30_150M_UR50D
XP_005162934,XP_056306558,0.15291893482208252,esm2_t30_150M_UR50D
NP_001020468,XP_056306558,0.15326392650604248,esm2_t30_150M_UR50D
XP_073796138,XP_056306558,0.15326392650604248,esm2_t30_150M_UR50D
XP_073805509,XP_056317440,0.00022423267364501953,esm2_t30_150M_UR50D
XP_073805507,XP_056317440,9.66191291809082e-05,esm2_t30_150M_UR50D
XP_073805506,XP_056317440,0.00017726421356201172,esm2_t30_150M_UR50D
NP_001098605,XP_056321319,0.12045961618423462,esm2_t30_150M_UR50D
XP_005162934,XP_056307122,0.07765066623687744,esm2_t30_150M_UR50D
NP_001020468,XP_056307122,0.07775628566741943,esm2_t30_150M_UR50D
XP_073796138,XP_056307122,0.07775628566741943,esm2_t30_150M_UR50D
NP_001077333,XP_056322046,0.09323137998580933,esm2_t30_150M_UR50D
XP_073795535,XP_056305543,0.13762575387954712,esm2_t30_150M_UR50D
XP_073789377,XP_056336569,0.00017547607421875,esm2_t30_150M_UR50D
XP_073789379,XP_056336569,0.0003019571304321289,esm2_t30_150M_UR50D
XP_073789378,XP_056336569,0.00020456314086914062,esm2_t30_150M_UR50D
XP_073789376,XP_056336569,0.0003852248191833496,esm2_t30_150M_UR50D
XP_073789375,XP_056336569,0.0003852248191833496,esm2_t30_150M_UR50D
XP_073799314,XP_056307366,0.08998030424118042,esm2_t30_150M_UR50D
XP_073810441,XP_056316142,2.968311309814453e-05,esm2_t30_150M_UR50D
NP_001035388,XP_056302862,0.025146901607513428,esm2_t30_150M_UR50D
XP_073806762,XP_056314267,0.00011181831359863281,esm2_t30_150M_UR50D
XP_073806743,XP_056309459,0.07987844944000244,esm2_t30_150M_UR50D
XP_073806762,XP_056314268,5.2869319915771484e-05,esm2_t30_150M_UR50D
XP_073794610,XP_056304885,4.38690185546875e-05,esm2_t30_150M_UR50D
XP_073794611,XP_056304885,5.036592483520508e-05,esm2_t30_150M_UR50D
XP_073794604,XP_056304885,5.036592483520508e-05,esm2_t30_150M_UR50D
XP_073794605,XP_056304885,4.38690185546875e-05,esm2_t30_150M_UR50D
XP_073794608,XP_056304885,5.036592483520508e-05,esm2_t30_150M_UR50D
XP_073794606,XP_056304885,4.38690185546875e-05,esm2_t30_150M_UR50D
XP_073794609,XP_056304885,5.036592483520508e-05,esm2_t30_150M_UR50D
XP_073794603,XP_056304885,5.036592483520508e-05,esm2_t30_150M_UR50D
XP_073801131,XP_056310103,0.12110990285873413,esm2_t30_150M_UR50D
XP_073801132,XP_056310103,0.07331424951553345,esm2_t30_150M_UR50D
XP_073794615,XP_056304882,7.933378219604492e-05,esm2_t30_150M_UR50D
XP_073794618,XP_056304882,7.849931716918945e-05,esm2_t30_150M_UR50D
XP_073794616,XP_056304882,7.849931716918945e-05,esm2_t30_150M_UR50D
XP_073794613,XP_056304882,7.933378219604492e-05,esm2_t30_150M_UR50D
XP_073794614,XP_056304882,7.849931716918945e-05,esm2_t30_150M_UR50D
XP_073794597,XP_056304882,7.849931716918945e-05,esm2_t30_150M_UR50D
XP_073794596,XP_056304882,7.933378219604492e-05,esm2_t30_150M_UR50D
XP_073794598,XP_056304882,7.933378219604492e-05,esm2_t30_150M_UR50D
XP_073794602,XP_056304882,7.849931716918945e-05,esm2_t30_150M_UR50D
XP_073794612,XP_056304882,7.849931716918945e-05,esm2_t30_150M_UR50D
XP_073794600,XP_056304882,7.849931716918945e-05,esm2_t30_150M_UR50D
XP_073794601,XP_056304882,7.933378219604492e-05,esm2_t30_150M_UR50D
XP_073794599,XP_056304882,7.933378219604492e-05,esm2_t30_150M_UR50D
XP_073794593,XP_056304882,7.933378219604492e-05,esm2_t30_150M_UR50D
XP_073794594,XP_056304882,7.933378219604492e-05,esm2_t30_150M_UR50D
XP_073794595,XP_056304882,7.933378219604492e-05,esm2_t30_150M_UR50D
XP_073794617,XP_056304884,7.933378219604492e-05,esm2_t30_150M_UR50D
XP_073794602,XP_056304884,7.849931716918945e-05,esm2_t30_150M_UR50D
XP_073794612,XP_056304884,7.849931716918945e-05,esm2_t30_150M_UR50D
XP_073794616,XP_056304884,7.849931716918945e-05,esm2_t30_150M_UR50D
XP_073794594,XP_056304884,7.933378219604492e-05,esm2_t30_150M_UR50D
XP_073794615,XP_056304884,7.933378219604492e-05,esm2_t30_150M_UR50D
XP_073794618,XP_056304884,7.849931716918945e-05,esm2_t30_150M_UR50D
XP_073794614,XP_056304884,7.849931716918945e-05,esm2_t30_150M_UR50D
XP_073794598,XP_056304884,7.933378219604492e-05,esm2_t30_150M_UR50D
XP_073794599,XP_056304884,7.933378219604492e-05,esm2_t30_150M_UR50D
XP_073794595,XP_056304884,7.933378219604492e-05,esm2_t30_150M_UR50D
XP_073794613,XP_056304884,7.933378219604492e-05,esm2_t30_150M_UR50D
XP_073794600,XP_056304884,7.849931716918945e-05,esm2_t30_150M_UR50D
XP_073794596,XP_056304884,7.933378219604492e-05,esm2_t30_150M_UR50D
XP_073794601,XP_056304884,7.933378219604492e-05,esm2_t30_150M_UR50D
XP_073794597,XP_056304884,7.849931716918945e-05,esm2_t30_150M_UR50D
XP_073794593,XP_056304884,7.933378219604492e-05,esm2_t30_150M_UR50D
XP_073794616,XP_056304883,7.849931716918945e-05,esm2_t30_150M_UR50D
XP_073794615,XP_056304883,7.933378219604492e-05,esm2_t30_150M_UR50D
XP_073794614,XP_056304883,7.849931716918945e-05,esm2_t30_150M_UR50D
XP_073794617,XP_056304883,7.933378219604492e-05,esm2_t30_150M_UR50D
XP_073794598,XP_056304883,7.933378219604492e-05,esm2_t30_150M_UR50D
XP_073794593,XP_056304883,7.933378219604492e-05,esm2_t30_150M_UR50D
XP_073794602,XP_056304883,7.849931716918945e-05,esm2_t30_150M_UR50D
XP_073794597,XP_056304883,7.849931716918945e-05,esm2_t30_150M_UR50D
XP_073794599,XP_056304883,7.933378219604492e-05,esm2_t30_150M_UR50D
XP_073794596,XP_056304883,7.933378219604492e-05,esm2_t30_150M_UR50D
XP_073794594,XP_056304883,7.933378219604492e-05,esm2_t30_150M_UR50D
XP_073794600,XP_056304883,7.849931716918945e-05,esm2_t30_150M_UR50D
XP_073794601,XP_056304883,7.933378219604492e-05,esm2_t30_150M_UR50D
XP_073794612,XP_056304883,7.849931716918945e-05,esm2_t30_150M_UR50D
XP_073794595,XP_056304883,7.933378219604492e-05,esm2_t30_150M_UR50D
XP_073794613,XP_056304883,7.933378219604492e-05,esm2_t30_150M_UR50D
XP_073801132,XP_056310102,0.06353026628494263,esm2_t30_150M_UR50D
XP_073801131,XP_056310102,0.09762823581695557,esm2_t30_150M_UR50D
XP_073794594,XP_056304881,7.933378219604492e-05,esm2_t30_150M_UR50D
XP_073794597,XP_056304880,7.849931716918945e-05,esm2_t30_150M_UR50D
XP_073794602,XP_056304880,7.849931716918945e-05,esm2_t30_150M_UR50D
XP_073794612,XP_056304881,7.849931716918945e-05,esm2_t30_150M_UR50D
XP_073794593,XP_056304881,7.933378219604492e-05,esm2_t30_150M_UR50D
XP_073794614,XP_056304881,7.849931716918945e-05,esm2_t30_150M_UR50D
XP_073794614,XP_056304880,7.849931716918945e-05,esm2_t30_150M_UR50D
XP_073794616,XP_056304880,7.849931716918945e-05,esm2_t30_150M_UR50D
XP_073794617,XP_056304880,7.933378219604492e-05,esm2_t30_150M_UR50D
XP_073794617,XP_056304881,7.933378219604492e-05,esm2_t30_150M_UR50D
XP_073794615,XP_056304880,7.933378219604492e-05,esm2_t30_150M_UR50D
XP_073794616,XP_056304881,7.849931716918945e-05,esm2_t30_150M_UR50D
XP_073794601,XP_056304881,7.933378219604492e-05,esm2_t30_150M_UR50D
XP_073794598,XP_056304880,7.933378219604492e-05,esm2_t30_150M_UR50D
XP_073794596,XP_056304881,7.933378219604492e-05,esm2_t30_150M_UR50D
XP_073794601,XP_056304880,7.933378219604492e-05,esm2_t30_150M_UR50D
XP_073794602,XP_056304881,7.849931716918945e-05,esm2_t30_150M_UR50D
XP_073794598,XP_056304881,7.933378219604492e-05,esm2_t30_150M_UR50D
XP_073794597,XP_056304881,7.849931716918945e-05,esm2_t30_150M_UR50D
XP_073794599,XP_056304880,7.933378219604492e-05,esm2_t30_150M_UR50D
XP_073794596,XP_056304880,7.933378219604492e-05,esm2_t30_150M_UR50D
XP_073794600,XP_056304881,7.849931716918945e-05,esm2_t30_150M_UR50D
XP_073794600,XP_056304880,7.849931716918945e-05,esm2_t30_150M_UR50D
XP_073794593,XP_056304880,7.933378219604492e-05,esm2_t30_150M_UR50D
XP_073794599,XP_056304881,7.933378219604492e-05,esm2_t30_150M_UR50D
XP_073794594,XP_056304880,7.933378219604492e-05,esm2_t30_150M_UR50D
XP_073794595,XP_056304880,7.933378219604492e-05,esm2_t30_150M_UR50D
XP_073794595,XP_056304881,7.933378219604492e-05,esm2_t30_150M_UR50D
XP_073794613,XP_056304880,7.933378219604492e-05,esm2_t30_150M_UR50D
XP_073794615,XP_056304881,7.933378219604492e-05,esm2_t30_150M_UR50D
XP_073794612,XP_056304880,7.849931716918945e-05,esm2_t30_150M_UR50D
XP_073794613,XP_056304881,7.933378219604492e-05,esm2_t30_150M_UR50D
XP_073794615,XP_056304886,7.933378219604492e-05,esm2_t30_150M_UR50D
XP_073794614,XP_056304886,7.849931716918945e-05,esm2_t30_150M_UR50D
XP_073794618,XP_056304886,7.849931716918945e-05,esm2_t30_150M_UR50D
XP_073794616,XP_056304886,7.849931716918945e-05,esm2_t30_150M_UR50D
XP_073794602,XP_056304886,7.849931716918945e-05,esm2_t30_150M_UR50D
XP_073794593,XP_056304886,7.933378219604492e-05,esm2_t30_150M_UR50D
XP_073794613,XP_056304886,7.933378219604492e-05,esm2_t30_150M_UR50D
XP_073794599,XP_056304886,7.933378219604492e-05,esm2_t30_150M_UR50D
XP_073794595,XP_056304886,7.933378219604492e-05,esm2_t30_150M_UR50D
XP_073794598,XP_056304886,7.933378219604492e-05,esm2_t30_150M_UR50D
XP_073794617,XP_056304886,7.933378219604492e-05,esm2_t30_150M_UR50D
XP_073794612,XP_056304886,7.849931716918945e-05,esm2_t30_150M_UR50D
XP_073794594,XP_056304886,7.933378219604492e-05,esm2_t30_150M_UR50D
XP_073794601,XP_056304886,7.933378219604492e-05,esm2_t30_150M_UR50D
XP_073794600,XP_056304886,7.849931716918945e-05,esm2_t30_150M_UR50D
XP_073794596,XP_056304886,7.933378219604492e-05,esm2_t30_150M_UR50D
XP_073794597,XP_056304886,7.849931716918945e-05,esm2_t30_150M_UR50D
XP_073795758,XP_056304665,0.0005546808242797852,esm2_t30_150M_UR50D
XP_073803197,XP_056311848,0.0006344914436340332,esm2_t30_150M_UR50D
XP_073804780,XP_056310948,0.0838397741317749,esm2_t30_150M_UR50D
XP_005172209,XP_056318564,0.05163264274597168,esm2_t30_150M_UR50D
XP_005161694,XP_056303766,0.04802817106246948,esm2_t30_150M_UR50D
NP_001170806,XP_056313328,0.023067235946655273,esm2_t30_150M_UR50D
NP_001107111,XP_056308382,0.017272472381591797,esm2_t30_150M_UR50D
XP_699087,XP_056307214,0.019531607627868652,esm2_t30_150M_UR50D
XP_073803335,XP_056311413,6.914138793945312e-05,esm2_t30_150M_UR50D
XP_073803336,XP_056311413,6.914138793945312e-05,esm2_t30_150M_UR50D
XP_073803337,XP_056311413,6.914138793945312e-05,esm2_t30_150M_UR50D
XP_073803335,XP_056311412,6.914138793945312e-05,esm2_t30_150M_UR50D
XP_073803336,XP_056311412,6.914138793945312e-05,esm2_t30_150M_UR50D
XP_073803337,XP_056311412,6.914138793945312e-05,esm2_t30_150M_UR50D
XP_073792923,XP_056303811,0.00028961896896362305,esm2_t30_150M_UR50D
XP_073792923,XP_056303810,0.00029712915420532227,esm2_t30_150M_UR50D
XP_073803337,XP_056311414,6.914138793945312e-05,esm2_t30_150M_UR50D
XP_073803336,XP_056311414,6.914138793945312e-05,esm2_t30_150M_UR50D
XP_073803335,XP_056311414,6.914138793945312e-05,esm2_t30_150M_UR50D
XP_073794998,XP_056305354,4.941225051879883e-05,esm2_t30_150M_UR50D
XP_073794997,XP_056305354,4.941225051879883e-05,esm2_t30_150M_UR50D
XP_073803334,XP_056311411,7.200241088867188e-05,esm2_t30_150M_UR50D
XP_073803334,XP_056311408,7.200241088867188e-05,esm2_t30_150M_UR50D
XP_073794997,XP_056305355,5.2809715270996094e-05,esm2_t30_150M_UR50D
XP_073794998,XP_056305355,5.2809715270996094e-05,esm2_t30_150M_UR50D
XP_073803334,XP_056311409,7.200241088867188e-05,esm2_t30_150M_UR50D
XP_697727,XP_056332436,0.0003409385681152344,esm2_t30_150M_UR50D
XP_073795180,XP_056304941,0.00010591745376586914,esm2_t30_150M_UR50D
XP_073807185,XP_056314718,3.0338764190673828e-05,esm2_t30_150M_UR50D
XP_073807186,XP_056314718,3.0338764190673828e-05,esm2_t30_150M_UR50D
XP_073795178,XP_056304941,8.720159530639648e-05,esm2_t30_150M_UR50D
XP_073795179,XP_056304941,9.09566879272461e-05,esm2_t30_150M_UR50D
XP_073795177,XP_056304941,0.00016319751739501953,esm2_t30_150M_UR50D
XP_073803334,XP_056311410,7.200241088867188e-05,esm2_t30_150M_UR50D
XP_073795177,XP_056304940,8.809566497802734e-05,esm2_t30_150M_UR50D
XP_073795178,XP_056304940,9.131431579589844e-05,esm2_t30_150M_UR50D
XP_073795179,XP_056304940,9.185075759887695e-05,esm2_t30_150M_UR50D
XP_073795178,XP_056304938,9.739398956298828e-05,esm2_t30_150M_UR50D
XP_073795178,XP_056304939,9.739398956298828e-05,esm2_t30_150M_UR50D
XP_073795177,XP_056304938,0.00010329484939575195,esm2_t30_150M_UR50D
XP_073795179,XP_056304938,0.00010079145431518555,esm2_t30_150M_UR50D
XP_073795179,XP_056304939,0.00010079145431518555,esm2_t30_150M_UR50D
XP_073795177,XP_056304939,0.00010329484939575195,esm2_t30_150M_UR50D
XP_068068931,XP_056327439,0.05266815423965454,esm2_t30_150M_UR50D
XP_005156868,XP_056327439,0.05266815423965454,esm2_t30_150M_UR50D
NP_999947,XP_056327439,0.05269193649291992,esm2_t30_150M_UR50D
NP_001108575,XP_056308382,0.018921613693237305,esm2_t30_150M_UR50D
XP_073794997,XP_056305356,4.941225051879883e-05,esm2_t30_150M_UR50D
XP_073794998,XP_056305356,4.941225051879883e-05,esm2_t30_150M_UR50D
NP_001005950,XP_056325645,0.011834323406219482,esm2_t30_150M_UR50D
NP_001035450,XP_056301966,0.010631859302520752,esm2_t30_150M_UR50D
XP_073788352,XP_056305304,0.03401392698287964,esm2_t30_150M_UR50D
XP_073794974,XP_056304857,9.334087371826172e-05,esm2_t30_150M_UR50D
XP_073794993,XP_056304857,2.9087066650390625e-05,esm2_t30_150M_UR50D
XP_073794988,XP_056304857,2.9087066650390625e-05,esm2_t30_150M_UR50D
XP_073794990,XP_056304857,2.9087066650390625e-05,esm2_t30_150M_UR50D
XP_073794995,XP_056304857,2.9087066650390625e-05,esm2_t30_150M_UR50D
XP_073794994,XP_056304857,2.9087066650390625e-05,esm2_t30_150M_UR50D
XP_073794978,XP_056304857,2.9087066650390625e-05,esm2_t30_150M_UR50D
XP_073794991,XP_056304857,2.9087066650390625e-05,esm2_t30_150M_UR50D
XP_073794987,XP_056304857,4.00543212890625e-05,esm2_t30_150M_UR50D
XP_073794983,XP_056304857,8.404254913330078e-05,esm2_t30_150M_UR50D
XP_073794984,XP_056304857,8.404254913330078e-05,esm2_t30_150M_UR50D
XP_073794968,XP_056304857,8.404254913330078e-05,esm2_t30_150M_UR50D
XP_073794996,XP_056304857,4.00543212890625e-05,esm2_t30_150M_UR50D
XP_073794992,XP_056304857,4.00543212890625e-05,esm2_t30_150M_UR50D
XP_073794986,XP_056304857,4.00543212890625e-05,esm2_t30_150M_UR50D
XP_073794976,XP_056304857,8.404254913330078e-05,esm2_t30_150M_UR50D
XP_073794989,XP_056304857,4.00543212890625e-05,esm2_t30_150M_UR50D
XP_073794981,XP_056304857,7.683038711547852e-05,esm2_t30_150M_UR50D
XP_073794964,XP_056304857,0.00011879205703735352,esm2_t30_150M_UR50D
XP_073794977,XP_056304857,7.683038711547852e-05,esm2_t30_150M_UR50D
XP_073794962,XP_056304857,0.00011879205703735352,esm2_t30_150M_UR50D
XP_073794970,XP_056304857,7.683038711547852e-05,esm2_t30_150M_UR50D
XP_073794972,XP_056304857,7.683038711547852e-05,esm2_t30_150M_UR50D
XP_073794963,XP_056304857,0.00010824203491210938,esm2_t30_150M_UR50D
XP_073794985,XP_056304857,8.219480514526367e-05,esm2_t30_150M_UR50D
XP_073797517,XP_056306431,7.814168930053711e-05,esm2_t30_150M_UR50D
XP_073797519,XP_056306431,5.811452865600586e-05,esm2_t30_150M_UR50D
XP_073794973,XP_056304857,6.693601608276367e-05,esm2_t30_150M_UR50D
XP_073794975,XP_056304857,6.693601608276367e-05,esm2_t30_150M_UR50D
XP_073794971,XP_056304857,0.0001246929168701172,esm2_t30_150M_UR50D
XP_073794967,XP_056304857,6.693601608276367e-05,esm2_t30_150M_UR50D
XP_073794979,XP_056304857,6.693601608276367e-05,esm2_t30_150M_UR50D
XP_073794965,XP_056304857,0.0001246929168701172,esm2_t30_150M_UR50D
XP_073794953,XP_056304857,0.00032979249954223633,esm2_t30_150M_UR50D
XP_073794969,XP_056304857,6.0677528381347656e-05,esm2_t30_150M_UR50D
XP_073794980,XP_056304857,6.0677528381347656e-05,esm2_t30_150M_UR50D
XP_073794966,XP_056304857,0.00011157989501953125,esm2_t30_150M_UR50D
XP_073794961,XP_056304857,0.00011157989501953125,esm2_t30_150M_UR50D
XP_073797512,XP_056306428,4.482269287109375e-05,esm2_t30_150M_UR50D
XP_073797516,XP_056306428,8.809566497802734e-05,esm2_t30_150M_UR50D
XP_073797514,XP_056306428,4.482269287109375e-05,esm2_t30_150M_UR50D
XP_073797515,XP_056306428,8.809566497802734e-05,esm2_t30_150M_UR50D
XP_073797511,XP_056306428,4.482269287109375e-05,esm2_t30_150M_UR50D
XP_073797513,XP_056306428,4.482269287109375e-05,esm2_t30_150M_UR50D
XP_073794951,XP_056304857,0.0003688335418701172,esm2_t30_150M_UR50D
XP_073794956,XP_056304857,0.0003089308738708496,esm2_t30_150M_UR50D
XP_073797513,XP_056306429,4.482269287109375e-05,esm2_t30_150M_UR50D
XP_073797511,XP_056306429,4.482269287109375e-05,esm2_t30_150M_UR50D
XP_073797512,XP_056306429,4.482269287109375e-05,esm2_t30_150M_UR50D
XP_073797514,XP_056306429,4.482269287109375e-05,esm2_t30_150M_UR50D
XP_073797515,XP_056306429,8.809566497802734e-05,esm2_t30_150M_UR50D
XP_073797516,XP_056306429,8.809566497802734e-05,esm2_t30_150M_UR50D
XP_073794958,XP_056304857,0.00036334991455078125,esm2_t30_150M_UR50D
XP_073794955,XP_056304857,0.00036334991455078125,esm2_t30_150M_UR50D
XP_073794952,XP_056304857,0.00041359663009643555,esm2_t30_150M_UR50D
XP_073794954,XP_056304857,0.00041359663009643555,esm2_t30_150M_UR50D
XP_073794957,XP_056304857,0.00036334991455078125,esm2_t30_150M_UR50D
XP_073794949,XP_056304857,0.00041359663009643555,esm2_t30_150M_UR50D
XP_073794960,XP_056304857,0.00036334991455078125,esm2_t30_150M_UR50D
XP_073797516,XP_056306433,8.809566497802734e-05,esm2_t30_150M_UR50D
XP_073797512,XP_056306433,4.482269287109375e-05,esm2_t30_150M_UR50D
XP_073797511,XP_056306433,4.482269287109375e-05,esm2_t30_150M_UR50D
XP_073797513,XP_056306433,4.482269287109375e-05,esm2_t30_150M_UR50D
XP_073797515,XP_056306433,8.809566497802734e-05,esm2_t30_150M_UR50D
XP_073797514,XP_056306433,4.482269287109375e-05,esm2_t30_150M_UR50D
XP_073794950,XP_056304857,0.00041729211807250977,esm2_t30_150M_UR50D
XP_073797512,XP_056306430,9.769201278686523e-05,esm2_t30_150M_UR50D
XP_073797514,XP_056306430,9.769201278686523e-05,esm2_t30_150M_UR50D
XP_073797513,XP_056306430,9.769201278686523e-05,esm2_t30_150M_UR50D
XP_073797516,XP_056306430,4.6372413635253906e-05,esm2_t30_150M_UR50D
XP_073797515,XP_056306430,4.6372413635253906e-05,esm2_t30_150M_UR50D
XP_073797511,XP_056306430,9.769201278686523e-05,esm2_t30_150M_UR50D
XP_073797516,XP_056306425,8.809566497802734e-05,esm2_t30_150M_UR50D
XP_073797515,XP_056306425,8.809566497802734e-05,esm2_t30_150M_UR50D
XP_073797512,XP_056306425,4.482269287109375e-05,esm2_t30_150M_UR50D
XP_073797511,XP_056306425,4.482269287109375e-05,esm2_t30_150M_UR50D
XP_073797514,XP_056306425,4.482269287109375e-05,esm2_t30_150M_UR50D
XP_073797513,XP_056306425,4.482269287109375e-05,esm2_t30_150M_UR50D
XP_073797515,XP_056306427,8.809566497802734e-05,esm2_t30_150M_UR50D
XP_073797516,XP_056306427,8.809566497802734e-05,esm2_t30_150M_UR50D
XP_073797514,XP_056306427,4.482269287109375e-05,esm2_t30_150M_UR50D
XP_073797513,XP_056306427,4.482269287109375e-05,esm2_t30_150M_UR50D
XP_073797512,XP_056306427,4.482269287109375e-05,esm2_t30_150M_UR50D
XP_073797511,XP_056306427,4.482269287109375e-05,esm2_t30_150M_UR50D
XP_073797514,XP_056306426,4.482269287109375e-05,esm2_t30_150M_UR50D
XP_073797516,XP_056306426,8.809566497802734e-05,esm2_t30_150M_UR50D
XP_073797515,XP_056306426,8.809566497802734e-05,esm2_t30_150M_UR50D
XP_073797511,XP_056306426,4.482269287109375e-05,esm2_t30_150M_UR50D
XP_073797512,XP_056306426,4.482269287109375e-05,esm2_t30_150M_UR50D
XP_073797513,XP_056306426,4.482269287109375e-05,esm2_t30_150M_UR50D
XP_073808700,XP_056315576,0.00033545494079589844,esm2_t30_150M_UR50D
XP_073808702,XP_056315576,0.00033545494079589844,esm2_t30_150M_UR50D
XP_073808701,XP_056315576,0.00033545494079589844,esm2_t30_150M_UR50D
XP_073808699,XP_056315576,0.00033545494079589844,esm2_t30_150M_UR50D
NP_001007283,XP_056302248,0.018797218799591064,esm2_t30_150M_UR50D
XP_073800243,XP_056305128,0.01970452070236206,esm2_t30_150M_UR50D
XP_073804780,XP_056310941,0.057738423347473145,esm2_t30_150M_UR50D
XP_073804780,XP_056310942,0.057738423347473145,esm2_t30_150M_UR50D
XP_073804780,XP_056310943,0.057738423347473145,esm2_t30_150M_UR50D
XP_073804780,XP_056310940,0.057738423347473145,esm2_t30_150M_UR50D
XP_073804780,XP_056310945,0.057738423347473145,esm2_t30_150M_UR50D
XP_009292899,XP_056337466,0.06226891279220581,esm2_t30_150M_UR50D
XP_073789832,XP_056336618,0.00011241436004638672,esm2_t30_150M_UR50D
XP_073789833,XP_056336618,0.00013977289199829102,esm2_t30_150M_UR50D
XP_073789830,XP_056336618,0.00013977289199829102,esm2_t30_150M_UR50D
XP_073789831,XP_056336618,7.236003875732422e-05,esm2_t30_150M_UR50D
XP_003201252,XP_056304607,0.012306451797485352,esm2_t30_150M_UR50D
NP_001038622,XP_056337466,0.062235891819000244,esm2_t30_150M_UR50D
XP_009295192,XP_056304607,0.012371480464935303,esm2_t30_150M_UR50D
XP_017206475,XP_056330047,0.004620790481567383,esm2_t30_150M_UR50D
NP_001293035,XP_056301481,0.028662383556365967,esm2_t30_150M_UR50D
XP_073806316,XP_056313146,0.0002745389938354492,esm2_t30_150M_UR50D
XP_073806299,XP_056313146,0.00024121999740600586,esm2_t30_150M_UR50D
NP_991182,XP_056306006,0.06464344263076782,esm2_t30_150M_UR50D
XP_073806310,XP_056313146,0.00028187036514282227,esm2_t30_150M_UR50D
XP_073806302,XP_056313146,0.00021833181381225586,esm2_t30_150M_UR50D
XP_073806313,XP_056313146,0.00025582313537597656,esm2_t30_150M_UR50D
XP_073806304,XP_056313146,0.00022023916244506836,esm2_t30_150M_UR50D
XP_073806329,XP_056313146,0.00031054019927978516,esm2_t30_150M_UR50D
XP_073806324,XP_056313146,0.0003140568733215332,esm2_t30_150M_UR50D
XP_073806325,XP_056313146,0.00028717517852783203,esm2_t30_150M_UR50D
XP_073797231,XP_056307207,0.00019669532775878906,esm2_t30_150M_UR50D
NP_001417763,XP_056318168,0.00020962953567504883,esm2_t30_150M_UR50D
XP_021336792,XP_056328313,0.06886672973632812,esm2_t30_150M_UR50D
XP_021336793,XP_056328313,0.06886672973632812,esm2_t30_150M_UR50D
NP_001231965,XP_056311338,0.02735304832458496,esm2_t30_150M_UR50D
XP_073794903,XP_056305469,9.006261825561523e-05,esm2_t30_150M_UR50D
XP_073805227,XP_056320045,0.0009888410568237305,esm2_t30_150M_UR50D
XP_073805226,XP_056320045,0.0009888410568237305,esm2_t30_150M_UR50D
XP_073802941,XP_056312376,0.03611624240875244,esm2_t30_150M_UR50D
XP_073805226,XP_056320063,0.0009888410568237305,esm2_t30_150M_UR50D
XP_073805227,XP_056320063,0.0009888410568237305,esm2_t30_150M_UR50D
XP_073790413,XP_056302875,0.000341951847076416,esm2_t30_150M_UR50D
XP_073790398,XP_056302875,0.000341951847076416,esm2_t30_150M_UR50D
XP_073790413,XP_056302874,0.000341951847076416,esm2_t30_150M_UR50D
XP_073790414,XP_056302874,0.000341951847076416,esm2_t30_150M_UR50D
XP_073790411,XP_056302875,0.000341951847076416,esm2_t30_150M_UR50D
XP_073790412,XP_056302874,0.000341951847076416,esm2_t30_150M_UR50D
XP_073790414,XP_056302875,0.000341951847076416,esm2_t30_150M_UR50D
XP_073790399,XP_056302874,0.000341951847076416,esm2_t30_150M_UR50D
XP_073790398,XP_056302874,0.000341951847076416,esm2_t30_150M_UR50D
XP_073790400,XP_056302875,0.000341951847076416,esm2_t30_150M_UR50D
XP_073790399,XP_056302875,0.000341951847076416,esm2_t30_150M_UR50D
XP_073790400,XP_056302874,0.000341951847076416,esm2_t30_150M_UR50D
XP_073790397,XP_056302875,0.000341951847076416,esm2_t30_150M_UR50D
XP_073790412,XP_056302875,0.000341951847076416,esm2_t30_150M_UR50D
XP_073790411,XP_056302874,0.000341951847076416,esm2_t30_150M_UR50D
XP_073790397,XP_056302874,0.000341951847076416,esm2_t30_150M_UR50D
XP_073805985,XP_056314630,0.0017725229263305664,esm2_t30_150M_UR50D
NP_001160156,XP_056308636,0.016027748584747314,esm2_t30_150M_UR50D
XP_073790390,XP_056302872,0.00034248828887939453,esm2_t30_150M_UR50D
XP_073790406,XP_056302872,0.00034248828887939453,esm2_t30_150M_UR50D
XP_073790405,XP_056302872,0.00034248828887939453,esm2_t30_150M_UR50D
XP_073790388,XP_056302872,0.00034248828887939453,esm2_t30_150M_UR50D
XP_073790391,XP_056302872,0.00034248828887939453,esm2_t30_150M_UR50D
XP_073790392,XP_056302872,0.00034248828887939453,esm2_t30_150M_UR50D
XP_073790405,XP_056302870,0.00034248828887939453,esm2_t30_150M_UR50D
XP_073790391,XP_056302870,0.00034248828887939453,esm2_t30_150M_UR50D
XP_073790392,XP_056302870,0.00034248828887939453,esm2_t30_150M_UR50D
XP_073790406,XP_056302870,0.00034248828887939453,esm2_t30_150M_UR50D
XP_073790416,XP_056302876,0.000334322452545166,esm2_t30_150M_UR50D
XP_073790384,XP_056302876,0.000334322452545166,esm2_t30_150M_UR50D
XP_073790401,XP_056302876,0.000334322452545166,esm2_t30_150M_UR50D
XP_073790402,XP_056302876,0.000334322452545166,esm2_t30_150M_UR50D
XP_073810732,XP_056316506,4.398822784423828e-05,esm2_t30_150M_UR50D
XP_073810733,XP_056316506,4.398822784423828e-05,esm2_t30_150M_UR50D
XP_073793585,XP_056303596,0.04183274507522583,esm2_t30_150M_UR50D
XP_073793586,XP_056303596,0.04183274507522583,esm2_t30_150M_UR50D
XP_073798580,XP_056307637,0.00032788515090942383,esm2_t30_150M_UR50D
XP_699360,XP_056316506,4.172325134277344e-05,esm2_t30_150M_UR50D
XP_073805226,XP_056320055,0.0009062886238098145,esm2_t30_150M_UR50D
XP_073805227,XP_056320055,0.0009062886238098145,esm2_t30_150M_UR50D
XP_073810733,XP_056316507,4.988908767700195e-05,esm2_t30_150M_UR50D
XP_073810732,XP_056316507,4.988908767700195e-05,esm2_t30_150M_UR50D
XP_009291892,XP_056318446,0.023661315441131592,esm2_t30_150M_UR50D
XP_073810733,XP_056316505,4.398822784423828e-05,esm2_t30_150M_UR50D
XP_073810732,XP_056316505,4.398822784423828e-05,esm2_t30_150M_UR50D
XP_073810735,XP_056316506,9.739398956298828e-05,esm2_t30_150M_UR50D
NP_001231965,XP_056311339,0.02684694528579712,esm2_t30_150M_UR50D
XP_073786073,XP_056318446,0.02345174551010132,esm2_t30_150M_UR50D
XP_699360,XP_056316507,5.78761100769043e-05,esm2_t30_150M_UR50D
XP_699360,XP_056316505,4.172325134277344e-05,esm2_t30_150M_UR50D
XP_073810735,XP_056316507,9.28044319152832e-05,esm2_t30_150M_UR50D
XP_073810735,XP_056316505,9.739398956298828e-05,esm2_t30_150M_UR50D
XP_073798577,XP_056307637,0.0004468560218811035,esm2_t30_150M_UR50D
XP_073810732,XP_056316508,7.408857345581055e-05,esm2_t30_150M_UR50D
XP_073810733,XP_056316508,7.408857345581055e-05,esm2_t30_150M_UR50D
XP_699360,XP_056316508,8.13603401184082e-05,esm2_t30_150M_UR50D
XP_021323468,XP_056318446,0.02289867401123047,esm2_t30_150M_UR50D
XP_073810735,XP_056316508,3.725290298461914e-05,esm2_t30_150M_UR50D
XP_073798574,XP_056307637,0.0005177855491638184,esm2_t30_150M_UR50D
XP_073798575,XP_056307637,0.0005177855491638184,esm2_t30_150M_UR50D
XP_073798576,XP_056307637,0.00045984983444213867,esm2_t30_150M_UR50D
XP_073800142,XP_056304567,0.07828176021575928,esm2_t30_150M_UR50D
XP_073809698,XP_056315393,2.855062484741211e-05,esm2_t30_150M_UR50D
XP_073794113,XP_056304690,3.892183303833008e-05,esm2_t30_150M_UR50D
XP_073794114,XP_056304690,3.892183303833008e-05,esm2_t30_150M_UR50D
XP_073801180,XP_056308798,0.01613551378250122,esm2_t30_150M_UR50D
XP_073799227,XP_056309604,3.820657730102539e-05,esm2_t30_150M_UR50D
XP_683046,XP_056315393,1.1205673217773438e-05,esm2_t30_150M_UR50D
NP_001106975,XP_056325918,0.012489020824432373,esm2_t30_150M_UR50D
NP_571137,XP_056320468,0.010079264640808105,esm2_t30_150M_UR50D
XP_073809698,XP_056315392,2.008676528930664e-05,esm2_t30_150M_UR50D
XP_073808616,XP_056315332,0.00015789270401000977,esm2_t30_150M_UR50D
XP_073808615,XP_056315332,0.00015789270401000977,esm2_t30_150M_UR50D
XP_073808612,XP_056315332,4.8995018005371094e-05,esm2_t30_150M_UR50D
XP_073808613,XP_056315332,4.8995018005371094e-05,esm2_t30_150M_UR50D
XP_073797283,XP_056306637,5.245208740234375e-05,esm2_t30_150M_UR50D
XP_073805358,XP_056310791,0.033894896507263184,esm2_t30_150M_UR50D
XP_021333282,XP_056310791,0.033894896507263184,esm2_t30_150M_UR50D
XP_021337120,XP_056330047,0.004698216915130615,esm2_t30_150M_UR50D
XP_073792929,XP_056304182,2.568960189819336e-05,esm2_t30_150M_UR50D
XP_073808615,XP_056315333,6.121397018432617e-05,esm2_t30_150M_UR50D
XP_073808613,XP_056315333,9.387731552124023e-05,esm2_t30_150M_UR50D
XP_073808612,XP_056315333,9.387731552124023e-05,esm2_t30_150M_UR50D
XP_073808616,XP_056315333,6.121397018432617e-05,esm2_t30_150M_UR50D
XP_073800856,XP_056309873,9.018182754516602e-05,esm2_t30_150M_UR50D
XP_073794186,XP_056305837,0.0044405460357666016,esm2_t30_150M_UR50D
XP_073794190,XP_056305837,0.004449784755706787,esm2_t30_150M_UR50D
XP_073794185,XP_056305837,0.0044405460357666016,esm2_t30_150M_UR50D
XP_073794184,XP_056305837,0.0044405460357666016,esm2_t30_150M_UR50D
XP_073794187,XP_056305837,0.0044405460357666016,esm2_t30_150M_UR50D
XP_073794182,XP_056305837,0.0044405460357666016,esm2_t30_150M_UR50D
XP_073794189,XP_056305837,0.004449784755706787,esm2_t30_150M_UR50D
XP_073794188,XP_056305837,0.004449784755706787,esm2_t30_150M_UR50D
XP_073793322,XP_056303267,0.009787559509277344,esm2_t30_150M_UR50D
XP_073799227,XP_056309603,5.066394805908203e-05,esm2_t30_150M_UR50D
XP_073808611,XP_056315332,6.872415542602539e-05,esm2_t30_150M_UR50D
XP_073808610,XP_056315332,6.872415542602539e-05,esm2_t30_150M_UR50D
XP_073808614,XP_056315332,0.0001526474952697754,esm2_t30_150M_UR50D
XP_073808609,XP_056315332,6.872415542602539e-05,esm2_t30_150M_UR50D
XP_073808619,XP_056315335,7.396936416625977e-05,esm2_t30_150M_UR50D
XP_073808621,XP_056315335,6.109476089477539e-05,esm2_t30_150M_UR50D
XP_073808620,XP_056315335,6.109476089477539e-05,esm2_t30_150M_UR50D
XP_073808618,XP_056315335,9.226799011230469e-05,esm2_t30_150M_UR50D
XP_073808617,XP_056315335,9.226799011230469e-05,esm2_t30_150M_UR50D
XP_073790391,XP_056302871,0.00034248828887939453,esm2_t30_150M_UR50D
XP_073790405,XP_056302871,0.00034248828887939453,esm2_t30_150M_UR50D
XP_073790392,XP_056302871,0.00034248828887939453,esm2_t30_150M_UR50D
XP_073790406,XP_056302871,0.00034248828887939453,esm2_t30_150M_UR50D
XP_073808619,XP_056315334,0.00016862154006958008,esm2_t30_150M_UR50D
XP_073808614,XP_056315333,7.635354995727539e-05,esm2_t30_150M_UR50D
XP_073808618,XP_056315334,4.982948303222656e-05,esm2_t30_150M_UR50D
XP_073808621,XP_056315334,0.00018280744552612305,esm2_t30_150M_UR50D
XP_073808620,XP_056315334,0.00018280744552612305,esm2_t30_150M_UR50D
XP_073808617,XP_056315334,4.982948303222656e-05,esm2_t30_150M_UR50D
XP_695742,XP_056317280,8.535385131835938e-05,esm2_t30_150M_UR50D
XP_073790647,XP_056301754,0.0008109211921691895,esm2_t30_150M_UR50D
XP_073790637,XP_056301754,7.724761962890625e-05,esm2_t30_150M_UR50D
XP_073790646,XP_056301754,0.0008109211921691895,esm2_t30_150M_UR50D
XP_073790638,XP_056301749,0.0003968477249145508,esm2_t30_150M_UR50D
XP_073790637,XP_056301749,0.00034695863723754883,esm2_t30_150M_UR50D
XP_073790639,XP_056301749,0.0003968477249145508,esm2_t30_150M_UR50D
XP_701288,XP_056326301,9.012222290039062e-05,esm2_t30_150M_UR50D
NP_001289712,XP_056308417,0.020831704139709473,esm2_t30_150M_UR50D
XP_073790649,XP_056301759,0.00034695863723754883,esm2_t30_150M_UR50D
XP_073790659,XP_056301759,0.0003968477249145508,esm2_t30_150M_UR50D
XP_073790653,XP_056301759,0.0003968477249145508,esm2_t30_150M_UR50D
XP_073790658,XP_056301759,0.0003968477249145508,esm2_t30_150M_UR50D
XP_073790652,XP_056301759,0.0003968477249145508,esm2_t30_150M_UR50D
XP_073790641,XP_056301759,8.952617645263672e-05,esm2_t30_150M_UR50D
XP_073790645,XP_056301759,0.00020271539688110352,esm2_t30_150M_UR50D
XP_073790640,XP_056301759,8.952617645263672e-05,esm2_t30_150M_UR50D
XP_073790648,XP_056301759,0.00034695863723754883,esm2_t30_150M_UR50D
XP_073790652,XP_056301757,0.0003968477249145508,esm2_t30_150M_UR50D
XP_073790653,XP_056301757,0.0003968477249145508,esm2_t30_150M_UR50D
XP_073790648,XP_056301757,0.00034695863723754883,esm2_t30_150M_UR50D
XP_073790641,XP_056301757,8.952617645263672e-05,esm2_t30_150M_UR50D
XP_073790640,XP_056301757,8.952617645263672e-05,esm2_t30_150M_UR50D
XP_073790649,XP_056301757,0.00034695863723754883,esm2_t30_150M_UR50D
XP_073790645,XP_056301757,0.00020271539688110352,esm2_t30_150M_UR50D
XP_073790639,XP_056301752,0.0003317594528198242,esm2_t30_150M_UR50D
XP_073790639,XP_056301751,0.0003317594528198242,esm2_t30_150M_UR50D
XP_073790637,XP_056301752,0.00030678510665893555,esm2_t30_150M_UR50D
XP_073790638,XP_056301752,0.0003317594528198242,esm2_t30_150M_UR50D
XP_073790638,XP_056301751,0.0003317594528198242,esm2_t30_150M_UR50D
XP_073790638,XP_056301753,0.0003317594528198242,esm2_t30_150M_UR50D
XP_073790637,XP_056301753,0.00030678510665893555,esm2_t30_150M_UR50D
XP_073790637,XP_056301751,0.00030678510665893555,esm2_t30_150M_UR50D
XP_073790639,XP_056301753,0.0003317594528198242,esm2_t30_150M_UR50D
XP_073807487,XP_056315670,9.912252426147461e-05,esm2_t30_150M_UR50D
XP_073807483,XP_056315670,0.00010097026824951172,esm2_t30_150M_UR50D
XP_073807494,XP_056315670,9.912252426147461e-05,esm2_t30_150M_UR50D
XP_073799247,XP_056307248,0.012134015560150146,esm2_t30_150M_UR50D
XP_073790637,XP_056301750,0.00028067827224731445,esm2_t30_150M_UR50D
XP_073790642,XP_056301750,0.00036019086837768555,esm2_t30_150M_UR50D
XP_073790639,XP_056301750,0.00033211708068847656,esm2_t30_150M_UR50D
XP_073790638,XP_056301750,0.00033211708068847656,esm2_t30_150M_UR50D
XP_073790644,XP_056301750,0.00036019086837768555,esm2_t30_150M_UR50D
XP_073807487,XP_056315654,9.912252426147461e-05,esm2_t30_150M_UR50D
XP_073807483,XP_056315654,0.00010097026824951172,esm2_t30_150M_UR50D
XP_073807494,XP_056315654,9.912252426147461e-05,esm2_t30_150M_UR50D
XP_073790650,XP_056301755,0.0005891323089599609,esm2_t30_150M_UR50D
XP_073790651,XP_056301755,0.0005891323089599609,esm2_t30_150M_UR50D
XP_073787710,XP_056304658,0.03616654872894287,esm2_t30_150M_UR50D
NP_001093546,XP_056336232,0.005811452865600586,esm2_t30_150M_UR50D
XP_073807487,XP_056315679,9.912252426147461e-05,esm2_t30_150M_UR50D
XP_073807483,XP_056315679,0.00010097026824951172,esm2_t30_150M_UR50D
XP_073807494,XP_056315679,9.912252426147461e-05,esm2_t30_150M_UR50D
NP_957123,XP_056305557,0.00858372449874878,esm2_t30_150M_UR50D
XP_073807494,XP_056315663,9.98377799987793e-05,esm2_t30_150M_UR50D
XP_073807487,XP_056315663,9.98377799987793e-05,esm2_t30_150M_UR50D
XP_073807483,XP_056315663,0.00010269880294799805,esm2_t30_150M_UR50D
XP_073807487,XP_056315645,9.912252426147461e-05,esm2_t30_150M_UR50D
XP_073807483,XP_056315645,0.00010097026824951172,esm2_t30_150M_UR50D
XP_073807494,XP_056315645,9.912252426147461e-05,esm2_t30_150M_UR50D
XP_073807562,XP_056314404,0.00017082691192626953,esm2_t30_150M_UR50D
XP_021333865,XP_056310884,0.00625765323638916,esm2_t30_150M_UR50D
XP_073790638,XP_056301756,4.398822784423828e-05,esm2_t30_150M_UR50D
XP_073790642,XP_056301756,0.00015228986740112305,esm2_t30_150M_UR50D
XP_073790651,XP_056301756,0.00026679039001464844,esm2_t30_150M_UR50D
XP_073790644,XP_056301756,0.00015228986740112305,esm2_t30_150M_UR50D
XP_073790647,XP_056301756,0.0003985762596130371,esm2_t30_150M_UR50D
XP_073790650,XP_056301756,0.00026679039001464844,esm2_t30_150M_UR50D
XP_073790639,XP_056301756,4.398822784423828e-05,esm2_t30_150M_UR50D
XP_073790646,XP_056301756,0.0003985762596130371,esm2_t30_150M_UR50D
XP_073807561,XP_056314404,0.0001881718635559082,esm2_t30_150M_UR50D
XP_073807560,XP_056314404,0.0001785755157470703,esm2_t30_150M_UR50D
XP_073807559,XP_056314404,0.0002167820930480957,esm2_t30_150M_UR50D
XP_073807562,XP_056314408,0.00017571449279785156,esm2_t30_150M_UR50D
XP_073807563,XP_056314404,0.00018173456192016602,esm2_t30_150M_UR50D
XP_073795509,XP_056305554,0.01516866683959961,esm2_t30_150M_UR50D
XP_073807561,XP_056314408,0.0001850724220275879,esm2_t30_150M_UR50D
XP_073807563,XP_056314408,0.00017446279525756836,esm2_t30_150M_UR50D
XP_073807560,XP_056314408,0.00019228458404541016,esm2_t30_150M_UR50D
XP_073807562,XP_056314407,0.00017011165618896484,esm2_t30_150M_UR50D
XP_073807559,XP_056314408,0.00021958351135253906,esm2_t30_150M_UR50D
XP_073807561,XP_056314407,0.00018143653869628906,esm2_t30_150M_UR50D
XP_701288,XP_056326300,9.012222290039062e-05,esm2_t30_150M_UR50D
XP_073807560,XP_056314407,0.00018656253814697266,esm2_t30_150M_UR50D
XP_073807563,XP_056314407,0.00016874074935913086,esm2_t30_150M_UR50D
XP_073807559,XP_056314407,0.00021517276763916016,esm2_t30_150M_UR50D
XP_073790668,XP_056301761,0.0006396174430847168,esm2_t30_150M_UR50D
XP_073790667,XP_056301761,0.00026679039001464844,esm2_t30_150M_UR50D
XP_073790641,XP_056301761,0.0002154707908630371,esm2_t30_150M_UR50D
XP_073790663,XP_056301761,0.00015228986740112305,esm2_t30_150M_UR50D
XP_073790649,XP_056301761,0.00018095970153808594,esm2_t30_150M_UR50D
XP_073790659,XP_056301761,4.398822784423828e-05,esm2_t30_150M_UR50D
XP_073790656,XP_056301761,0.00015228986740112305,esm2_t30_150M_UR50D
XP_073790648,XP_056301761,0.00018095970153808594,esm2_t30_150M_UR50D
XP_073790640,XP_056301761,0.0002154707908630371,esm2_t30_150M_UR50D
XP_073790657,XP_056301761,0.00015228986740112305,esm2_t30_150M_UR50D
XP_073790653,XP_056301761,4.398822784423828e-05,esm2_t30_150M_UR50D
XP_073790658,XP_056301761,4.398822784423828e-05,esm2_t30_150M_UR50D
XP_073790664,XP_056301761,0.00015228986740112305,esm2_t30_150M_UR50D
XP_073790652,XP_056301761,4.398822784423828e-05,esm2_t30_150M_UR50D
XP_073790669,XP_056301761,0.0006396174430847168,esm2_t30_150M_UR50D
XP_073790662,XP_056301761,0.0003985762596130371,esm2_t30_150M_UR50D
XP_073790661,XP_056301761,0.0003985762596130371,esm2_t30_150M_UR50D
XP_073790666,XP_056301761,0.00026679039001464844,esm2_t30_150M_UR50D
XP_009294635,XP_056304550,0.054190099239349365,esm2_t30_150M_UR50D
NP_001315310,XP_056320467,0.01012808084487915,esm2_t30_150M_UR50D
XP_073807483,XP_056315685,0.00010269880294799805,esm2_t30_150M_UR50D
XP_073807494,XP_056315685,9.98377799987793e-05,esm2_t30_150M_UR50D
XP_073807487,XP_056315685,9.98377799987793e-05,esm2_t30_150M_UR50D
XP_073807562,XP_056314410,0.00018990039825439453,esm2_t30_150M_UR50D
XP_073790657,XP_056301758,0.00036019086837768555,esm2_t30_150M_UR50D
XP_073790648,XP_056301758,0.00028067827224731445,esm2_t30_150M_UR50D
XP_073790640,XP_056301758,0.00010883808135986328,esm2_t30_150M_UR50D
XP_073790645,XP_056301758,0.00010418891906738281,esm2_t30_150M_UR50D
XP_073790649,XP_056301758,0.00028067827224731445,esm2_t30_150M_UR50D
XP_073790656,XP_056301758,0.00036019086837768555,esm2_t30_150M_UR50D
XP_073790641,XP_056301758,0.00010883808135986328,esm2_t30_150M_UR50D
XP_073807561,XP_056314410,0.00021022558212280273,esm2_t30_150M_UR50D
XP_073807563,XP_056314410,0.00018769502639770508,esm2_t30_150M_UR50D
XP_073807560,XP_056314410,0.0002046823501586914,esm2_t30_150M_UR50D
XP_073807559,XP_056314410,0.0002468228340148926,esm2_t30_150M_UR50D
XP_073807562,XP_056314405,0.00017946958541870117,esm2_t30_150M_UR50D
XP_073807561,XP_056314405,0.000186920166015625,esm2_t30_150M_UR50D
XP_073807560,XP_056314405,0.0001881718635559082,esm2_t30_150M_UR50D
XP_073807563,XP_056314405,0.0001838207244873047,esm2_t30_150M_UR50D
XP_073807559,XP_056314405,0.0002149343490600586,esm2_t30_150M_UR50D
NP_001002097,XP_056324134,0.023099303245544434,esm2_t30_150M_UR50D
NP_001006080,XP_056305553,0.01154184341430664,esm2_t30_150M_UR50D
XP_073791874,XP_056302791,0.0320855975151062,esm2_t30_150M_UR50D
XP_073798491,XP_056328370,0.005610644817352295,esm2_t30_150M_UR50D
XP_073791840,XP_056319202,0.016523420810699463,esm2_t30_150M_UR50D
XP_690503,XP_056312321,0.05199915170669556,esm2_t30_150M_UR50D
XP_073810957,XP_056316683,0.015365898609161377,esm2_t30_150M_UR50D
XP_073810956,XP_056316683,0.015365958213806152,esm2_t30_150M_UR50D
XP_073810955,XP_056316683,0.015365958213806152,esm2_t30_150M_UR50D
XP_073810958,XP_056316683,0.015365898609161377,esm2_t30_150M_UR50D
NP_001315125,XP_056321353,0.023732304573059082,esm2_t30_150M_UR50D
XP_073810957,XP_056316684,0.01545250415802002,esm2_t30_150M_UR50D
XP_073810956,XP_056316684,0.01545250415802002,esm2_t30_150M_UR50D
XP_073810955,XP_056316684,0.01545250415802002,esm2_t30_150M_UR50D
XP_073810958,XP_056316684,0.01545250415802002,esm2_t30_150M_UR50D
XP_073793333,XP_056312323,0.010526001453399658,esm2_t30_150M_UR50D
XP_073793334,XP_056312323,0.010526001453399658,esm2_t30_150M_UR50D
XP_073810953,XP_056316684,0.01526939868927002,esm2_t30_150M_UR50D
XP_073810954,XP_056316684,0.01526939868927002,esm2_t30_150M_UR50D
XP_073810951,XP_056316684,0.01526939868927002,esm2_t30_150M_UR50D
XP_073810952,XP_056316684,0.01526939868927002,esm2_t30_150M_UR50D
XP_021334993,XP_056323129,0.01751267910003662,esm2_t30_150M_UR50D
NP_001017616,XP_056318181,0.01927417516708374,esm2_t30_150M_UR50D
XP_073801025,XP_056309952,0.00011235475540161133,esm2_t30_150M_UR50D
XP_073801019,XP_056309952,0.00010776519775390625,esm2_t30_150M_UR50D
XP_073801020,XP_056309952,0.00010776519775390625,esm2_t30_150M_UR50D
XP_073801024,XP_056309952,0.00010776519775390625,esm2_t30_150M_UR50D
XP_073801023,XP_056309952,6.818771362304688e-05,esm2_t30_150M_UR50D
XP_073801021,XP_056309952,6.866455078125e-05,esm2_t30_150M_UR50D
XP_073801022,XP_056309952,6.866455078125e-05,esm2_t30_150M_UR50D
XP_073801018,XP_056309952,6.818771362304688e-05,esm2_t30_150M_UR50D
XP_073801025,XP_056309951,0.00011235475540161133,esm2_t30_150M_UR50D
XP_073801019,XP_056309951,0.00010776519775390625,esm2_t30_150M_UR50D
XP_073801020,XP_056309951,0.00010776519775390625,esm2_t30_150M_UR50D
XP_073801024,XP_056309951,0.00010776519775390625,esm2_t30_150M_UR50D
XP_073802123,XP_056312665,1.9550323486328125e-05,esm2_t30_150M_UR50D
XP_073802123,XP_056312664,1.9550323486328125e-05,esm2_t30_150M_UR50D
XP_073801400,XP_056308705,0.0095786452293396,esm2_t30_150M_UR50D
XP_021326380,XP_056307596,0.0067375898361206055,esm2_t30_150M_UR50D
XP_073801020,XP_056309949,0.00010776519775390625,esm2_t30_150M_UR50D
XP_073801019,XP_056309949,0.00010776519775390625,esm2_t30_150M_UR50D
XP_073801024,XP_056309949,0.00010776519775390625,esm2_t30_150M_UR50D
XP_073801021,XP_056309951,6.866455078125e-05,esm2_t30_150M_UR50D
XP_073801018,XP_056309951,6.818771362304688e-05,esm2_t30_150M_UR50D
XP_073801022,XP_056309951,6.866455078125e-05,esm2_t30_150M_UR50D
XP_073801023,XP_056309951,6.818771362304688e-05,esm2_t30_150M_UR50D
NP_705949,XP_056309172,0.06077474355697632,esm2_t30_150M_UR50D
XP_073801023,XP_056309949,6.818771362304688e-05,esm2_t30_150M_UR50D
XP_073801018,XP_056309949,6.818771362304688e-05,esm2_t30_150M_UR50D
XP_073801021,XP_056309949,6.866455078125e-05,esm2_t30_150M_UR50D
XP_073801022,XP_056309949,6.866455078125e-05,esm2_t30_150M_UR50D
XP_009290388,XP_056332070,0.0078070759773254395,esm2_t30_150M_UR50D
XP_073807572,XP_056314409,0.00018090009689331055,esm2_t30_150M_UR50D
XP_073807573,XP_056314409,0.00019180774688720703,esm2_t30_150M_UR50D
XP_073797233,XP_056307190,0.00017547607421875,esm2_t30_150M_UR50D
XP_073797235,XP_056307190,0.00017547607421875,esm2_t30_150M_UR50D
XP_073797234,XP_056307191,0.00017547607421875,esm2_t30_150M_UR50D
XP_073797233,XP_056307191,0.00017547607421875,esm2_t30_150M_UR50D
XP_073797235,XP_056307191,0.00017547607421875,esm2_t30_150M_UR50D
XP_073797234,XP_056307190,0.00017547607421875,esm2_t30_150M_UR50D
XP_073797233,XP_056307189,0.00017547607421875,esm2_t30_150M_UR50D
XP_073797234,XP_056307189,0.00017547607421875,esm2_t30_150M_UR50D
XP_073797234,XP_056307188,0.00017547607421875,esm2_t30_150M_UR50D
XP_073797233,XP_056307188,0.00017547607421875,esm2_t30_150M_UR50D
XP_073801020,XP_056309950,0.00010091066360473633,esm2_t30_150M_UR50D
XP_073801019,XP_056309950,0.00010091066360473633,esm2_t30_150M_UR50D
XP_073801023,XP_056309950,7.456541061401367e-05,esm2_t30_150M_UR50D
XP_073801018,XP_056309950,7.456541061401367e-05,esm2_t30_150M_UR50D
XP_073801021,XP_056309950,7.253885269165039e-05,esm2_t30_150M_UR50D
XP_073801022,XP_056309950,7.253885269165039e-05,esm2_t30_150M_UR50D
NP_001038839,XP_056307445,0.0008069276809692383,esm2_t30_150M_UR50D
XP_073797233,XP_056307187,0.00015085935592651367,esm2_t30_150M_UR50D
XP_073797235,XP_056307187,0.00015085935592651367,esm2_t30_150M_UR50D
XP_073797234,XP_056307187,0.00015085935592651367,esm2_t30_150M_UR50D
XP_009304943,XP_056326200,0.026429414749145508,esm2_t30_150M_UR50D
NP_001002488,XP_056326200,0.026429414749145508,esm2_t30_150M_UR50D
XP_009290387,XP_056332070,0.0078070759773254395,esm2_t30_150M_UR50D
XP_009290386,XP_056332070,0.0078070759773254395,esm2_t30_150M_UR50D
XP_073805415,XP_056310878,0.026769816875457764,esm2_t30_150M_UR50D
XP_009290389,XP_056332070,0.0078070759773254395,esm2_t30_150M_UR50D
NP_001180454,XP_056327216,0.01978623867034912,esm2_t30_150M_UR50D
NP_001341481,XP_056327216,0.01978623867034912,esm2_t30_150M_UR50D
NP_001341482,XP_056327216,0.01978623867034912,esm2_t30_150M_UR50D
XP_017211153,XP_056310457,0.021790266036987305,esm2_t30_150M_UR50D
XP_009290390,XP_056332070,0.00673907995223999,esm2_t30_150M_UR50D
XP_021325206,XP_056303950,0.01434624195098877,esm2_t30_150M_UR50D
XP_009289566,XP_056328805,0.024129807949066162,esm2_t30_150M_UR50D
XP_021324081,XP_056326066,0.02414882183074951,esm2_t30_150M_UR50D
XP_005174189,XP_056305557,0.007276654243469238,esm2_t30_150M_UR50D
XP_005163889,XP_056309172,0.06077474355697632,esm2_t30_150M_UR50D
XP_073807571,XP_056314409,0.00017011165618896484,esm2_t30_150M_UR50D
XP_073795138,XP_056304639,0.0003203749656677246,esm2_t30_150M_UR50D
XP_003201260,XP_056305573,0.022564470767974854,esm2_t30_150M_UR50D
XP_073807569,XP_056314409,0.0001526474952697754,esm2_t30_150M_UR50D
XP_073807568,XP_056314409,0.0001431107521057129,esm2_t30_150M_UR50D
XP_073801594,XP_056323202,0.042901039123535156,esm2_t30_150M_UR50D
XP_003201035,XP_056304483,0.028353989124298096,esm2_t30_150M_UR50D
NP_001017855,XP_056308570,0.013902425765991211,esm2_t30_150M_UR50D
XP_073795139,XP_056304639,0.0003135800361633301,esm2_t30_150M_UR50D
XP_021332406,XP_056314895,0.04476505517959595,esm2_t30_150M_UR50D
XP_073808008,XP_056314895,0.04476505517959595,esm2_t30_150M_UR50D
XP_073808007,XP_056314895,0.04476505517959595,esm2_t30_150M_UR50D
XP_073808006,XP_056314895,0.04476505517959595,esm2_t30_150M_UR50D
XP_017207531,XP_056318446,0.01277458667755127,esm2_t30_150M_UR50D
XP_073800556,XP_056309444,8.33272933959961e-05,esm2_t30_150M_UR50D
XP_073800552,XP_056309444,8.33272933959961e-05,esm2_t30_150M_UR50D
XP_021331590,XP_056320346,0.010383903980255127,esm2_t30_150M_UR50D
XP_003198028,XP_056326066,0.02367490530014038,esm2_t30_150M_UR50D
XP_073796608,XP_056306873,0.00012433528900146484,esm2_t30_150M_UR50D
XP_073800552,XP_056309441,9.036064147949219e-05,esm2_t30_150M_UR50D
XP_073800556,XP_056309441,9.036064147949219e-05,esm2_t30_150M_UR50D
XP_005164293,XP_056308793,0.006970584392547607,esm2_t30_150M_UR50D
NP_001410430,XP_056323202,0.034586429595947266,esm2_t30_150M_UR50D
XP_073800554,XP_056309444,7.855892181396484e-05,esm2_t30_150M_UR50D
XP_003198201,XP_056308793,0.00690537691116333,esm2_t30_150M_UR50D
XP_073800554,XP_056309441,8.463859558105469e-05,esm2_t30_150M_UR50D
XP_073800555,XP_056309444,7.700920104980469e-05,esm2_t30_150M_UR50D
XP_073800555,XP_056309441,8.255243301391602e-05,esm2_t30_150M_UR50D
XP_073801039,XP_056310218,0.029434680938720703,esm2_t30_150M_UR50D
XP_073805416,XP_056320177,0.023023784160614014,esm2_t30_150M_UR50D
XP_073805416,XP_056320178,0.023023784160614014,esm2_t30_150M_UR50D
XP_073805417,XP_056320177,0.02319091558456421,esm2_t30_150M_UR50D
XP_073805417,XP_056320178,0.02319091558456421,esm2_t30_150M_UR50D
NP_001410430,XP_056323228,0.041206419467926025,esm2_t30_150M_UR50D
NP_571006,XP_056308605,0.017219603061676025,esm2_t30_150M_UR50D
NP_001123874,XP_056336287,0.011603891849517822,esm2_t30_150M_UR50D
XP_073805849,XP_056313411,6.526708602905273e-05,esm2_t30_150M_UR50D
XP_073805849,XP_056313412,6.526708602905273e-05,esm2_t30_150M_UR50D
XP_073805850,XP_056313411,6.526708602905273e-05,esm2_t30_150M_UR50D
XP_073805850,XP_056313412,6.526708602905273e-05,esm2_t30_150M_UR50D
XP_073802946,XP_056312241,0.03125399351119995,esm2_t30_150M_UR50D
NP_001314986,XP_056319180,0.03686726093292236,esm2_t30_150M_UR50D
NP_001076546,XP_056336610,0.007590889930725098,esm2_t30_150M_UR50D
XP_073795141,XP_056304639,0.0001977682113647461,esm2_t30_150M_UR50D
XP_073795137,XP_056304639,0.0003104209899902344,esm2_t30_150M_UR50D
XP_073795135,XP_056304639,0.0001977682113647461,esm2_t30_150M_UR50D
XP_073795140,XP_056304639,0.0001977682113647461,esm2_t30_150M_UR50D
XP_021325441,XP_056305557,0.011837184429168701,esm2_t30_150M_UR50D
XP_073804167,XP_056311151,0.002439260482788086,esm2_t30_150M_UR50D
XP_073804166,XP_056311151,0.002457141876220703,esm2_t30_150M_UR50D
XP_073799823,XP_056308976,0.009017765522003174,esm2_t30_150M_UR50D
XP_073802856,XP_056310457,0.020008862018585205,esm2_t30_150M_UR50D
XP_073791713,XP_056324308,0.01717478036880493,esm2_t30_150M_UR50D
XP_073809661,XP_056315378,6.73532485961914e-05,esm2_t30_150M_UR50D
XP_005166970,XP_056319180,0.0356522798538208,esm2_t30_150M_UR50D
XP_073807459,XP_056314161,0.007577657699584961,esm2_t30_150M_UR50D
NP_001003450,XP_056304486,0.01750493049621582,esm2_t30_150M_UR50D
XP_073800563,XP_056309445,8.237361907958984e-05,esm2_t30_150M_UR50D
XP_073800563,XP_056309442,9.161233901977539e-05,esm2_t30_150M_UR50D
XP_686084,XP_056309651,8.26716423034668e-05,esm2_t30_150M_UR50D
XP_073800559,XP_056309445,8.07642936706543e-05,esm2_t30_150M_UR50D
XP_073800562,XP_056309445,8.07642936706543e-05,esm2_t30_150M_UR50D
NP_001154960,XP_056323459,0.032987117767333984,esm2_t30_150M_UR50D
XP_073800559,XP_056309442,8.90493392944336e-05,esm2_t30_150M_UR50D
XP_073800562,XP_056309442,8.90493392944336e-05,esm2_t30_150M_UR50D
XP_073793320,XP_056304483,0.036825597286224365,esm2_t30_150M_UR50D
XP_073800560,XP_056309445,8.320808410644531e-05,esm2_t30_150M_UR50D
XP_073800560,XP_056309442,9.071826934814453e-05,esm2_t30_150M_UR50D
XP_073809660,XP_056315377,6.437301635742188e-05,esm2_t30_150M_UR50D
XP_073800561,XP_056309445,8.159875869750977e-05,esm2_t30_150M_UR50D
XP_073800561,XP_056309442,8.809566497802734e-05,esm2_t30_150M_UR50D
XP_686084,XP_056309650,8.106231689453125e-05,esm2_t30_150M_UR50D
NP_001093576,XP_056317123,0.01611429452896118,esm2_t30_150M_UR50D
NP_001116765,XP_056320841,0.039775311946868896,esm2_t30_150M_UR50D
XP_073792146,XP_056302869,0.0012741684913635254,esm2_t30_150M_UR50D
XP_073800564,XP_056309445,0.00017082691192626953,esm2_t30_150M_UR50D
XP_073800564,XP_056309442,0.00018167495727539062,esm2_t30_150M_UR50D
XP_073800565,XP_056309445,0.00016540288925170898,esm2_t30_150M_UR50D
XP_073807459,XP_056314160,0.00737154483795166,esm2_t30_150M_UR50D
XP_073800565,XP_056309442,0.00017827749252319336,esm2_t30_150M_UR50D
XP_073807459,XP_056314159,0.007562756538391113,esm2_t30_150M_UR50D
XP_073788353,XP_056308426,0.02555936574935913,esm2_t30_150M_UR50D
XP_073803071,XP_056312367,0.014369189739227295,esm2_t30_150M_UR50D
XP_017211320,XP_056311164,0.013055026531219482,esm2_t30_150M_UR50D
XP_021334574,XP_056320841,0.0409696102142334,esm2_t30_150M_UR50D
NP_001092713,XP_056320841,0.0409696102142334,esm2_t30_150M_UR50D
XP_021324375,XP_056301538,0.01403951644897461,esm2_t30_150M_UR50D
XP_073792222,XP_056309181,0.011679232120513916,esm2_t30_150M_UR50D
NP_958454,XP_056309181,0.011679232120513916,esm2_t30_150M_UR50D
XP_073797048,XP_056332513,9.399652481079102e-05,esm2_t30_150M_UR50D
XP_021332017,XP_056314884,0.019040822982788086,esm2_t30_150M_UR50D
XP_693710,XP_056316917,0.026628315448760986,esm2_t30_150M_UR50D
XP_684360,XP_056306627,3.892183303833008e-05,esm2_t30_150M_UR50D
XP_073806063,XP_056314200,5.131959915161133e-05,esm2_t30_150M_UR50D
XP_073806064,XP_056314200,5.2869319915771484e-05,esm2_t30_150M_UR50D
XP_073806062,XP_056314200,5.2869319915771484e-05,esm2_t30_150M_UR50D
XP_073806066,XP_056314200,5.328655242919922e-05,esm2_t30_150M_UR50D
XP_073801386,XP_056305422,0.006220400333404541,esm2_t30_150M_UR50D
XP_073808005,XP_056314895,0.04476505517959595,esm2_t30_150M_UR50D
XP_073806067,XP_056314200,5.3763389587402344e-05,esm2_t30_150M_UR50D
XP_073806065,XP_056314200,5.3763389587402344e-05,esm2_t30_150M_UR50D
XP_691552,XP_056313573,7.49826431274414e-05,esm2_t30_150M_UR50D
XP_073791875,XP_056302791,0.02654886245727539,esm2_t30_150M_UR50D
XP_697383,XP_056326227,4.5239925384521484e-05,esm2_t30_150M_UR50D
XP_697383,XP_056326225,4.5239925384521484e-05,esm2_t30_150M_UR50D
XP_697383,XP_056326228,4.5239925384521484e-05,esm2_t30_150M_UR50D
XP_697383,XP_056326226,4.5239925384521484e-05,esm2_t30_150M_UR50D
XP_073792805,XP_056304322,5.125999450683594e-05,esm2_t30_150M_UR50D
NP_001314903,XP_056302348,0.028062283992767334,esm2_t30_150M_UR50D
NP_001314903,XP_056302340,0.028062283992767334,esm2_t30_150M_UR50D
XP_073803088,XP_056311996,9.512901306152344e-05,esm2_t30_150M_UR50D
XP_073803087,XP_056311996,9.196996688842773e-05,esm2_t30_150M_UR50D
XP_073786515,XP_056308712,0.025791943073272705,esm2_t30_150M_UR50D
XP_073786516,XP_056308712,0.025791943073272705,esm2_t30_150M_UR50D
XP_073806060,XP_056314200,0.00016742944717407227,esm2_t30_150M_UR50D
XP_073806058,XP_056314200,0.00016742944717407227,esm2_t30_150M_UR50D
NP_001314904,XP_056302348,0.02724325656890869,esm2_t30_150M_UR50D
NP_001314904,XP_056302340,0.02724325656890869,esm2_t30_150M_UR50D
XP_002664631,XP_056329443,0.06764465570449829,esm2_t30_150M_UR50D
NP_001410531,XP_056323473,0.023378312587738037,esm2_t30_150M_UR50D
XP_073806057,XP_056314200,0.00016051530838012695,esm2_t30_150M_UR50D
XP_073806059,XP_056314200,0.0001685619354248047,esm2_t30_150M_UR50D
NP_001410321,XP_056336199,0.015723884105682373,esm2_t30_150M_UR50D
XP_073801181,XP_056308798,0.008085310459136963,esm2_t30_150M_UR50D
XP_001346027,XP_056334499,0.01127922534942627,esm2_t30_150M_UR50D
XP_017208504,XP_056302791,0.025758683681488037,esm2_t30_150M_UR50D
XP_073800580,XP_056309443,8.040666580200195e-05,esm2_t30_150M_UR50D
XP_073800582,XP_056309443,8.040666580200195e-05,esm2_t30_150M_UR50D
XP_073800568,XP_056309443,0.00011581182479858398,esm2_t30_150M_UR50D
XP_073800581,XP_056309443,7.873773574829102e-05,esm2_t30_150M_UR50D
XP_073800569,XP_056309443,0.0001093149185180664,esm2_t30_150M_UR50D
NP_957131,XP_056310967,0.019884467124938965,esm2_t30_150M_UR50D
XP_073789692,XP_056301564,0.019372761249542236,esm2_t30_150M_UR50D
NP_001007782,XP_056310302,0.020469069480895996,esm2_t30_150M_UR50D
NP_001019577,XP_056302917,0.018256664276123047,esm2_t30_150M_UR50D
XP_073807485,XP_056314154,0.010641753673553467,esm2_t30_150M_UR50D
XP_073799830,XP_056308982,0.01170969009399414,esm2_t30_150M_UR50D
XP_009290494,XP_056331874,0.014166533946990967,esm2_t30_150M_UR50D
XP_073805857,XP_056313839,9.965896606445312e-05,esm2_t30_150M_UR50D
XP_073803020,XP_056312027,0.005449354648590088,esm2_t30_150M_UR50D
XP_073795778,XP_056306060,0.00027680397033691406,esm2_t30_150M_UR50D
XP_073800583,XP_056309443,0.00014650821685791016,esm2_t30_150M_UR50D
XP_073797237,XP_056307192,0.00011861324310302734,esm2_t30_150M_UR50D
XP_073797238,XP_056307192,0.00011861324310302734,esm2_t30_150M_UR50D
XP_073797236,XP_056307192,0.00018846988677978516,esm2_t30_150M_UR50D
XP_073800584,XP_056309443,0.00014835596084594727,esm2_t30_150M_UR50D
XP_073803020,XP_056312028,0.0055117011070251465,esm2_t30_150M_UR50D
NP_001002489,XP_056312772,0.021889686584472656,esm2_t30_150M_UR50D
XP_073803072,XP_056312367,0.013027846813201904,esm2_t30_150M_UR50D
XP_005174182,XP_056304687,0.011668205261230469,esm2_t30_150M_UR50D
XP_073787226,XP_056336199,0.015327394008636475,esm2_t30_150M_UR50D
XP_021331600,XP_056319499,0.008212447166442871,esm2_t30_150M_UR50D
XP_073800585,XP_056309443,0.00014126300811767578,esm2_t30_150M_UR50D
NP_001311383,XP_056319189,0.015968143939971924,esm2_t30_150M_UR50D
XP_073803083,XP_056311991,9.906291961669922e-05,esm2_t30_150M_UR50D
XP_073803082,XP_056311991,0.00014656782150268555,esm2_t30_150M_UR50D
NP_001410321,XP_056336037,0.014944612979888916,esm2_t30_150M_UR50D
XP_073803082,XP_056311990,9.512901306152344e-05,esm2_t30_150M_UR50D
XP_073803087,XP_056311995,9.196996688842773e-05,esm2_t30_150M_UR50D
XP_073803088,XP_056311995,9.512901306152344e-05,esm2_t30_150M_UR50D
XP_009296341,XP_056307312,0.009487330913543701,esm2_t30_150M_UR50D
XP_073793861,XP_056303965,0.02410578727722168,esm2_t30_150M_UR50D
XP_005157765,XP_056329215,0.027052879333496094,esm2_t30_150M_UR50D
NP_001014345,XP_056307951,0.018264293670654297,esm2_t30_150M_UR50D
XP_009292731,XP_056335481,0.016997814178466797,esm2_t30_150M_UR50D
XP_689347,XP_056336532,0.00011444091796875,esm2_t30_150M_UR50D
XP_073798839,XP_056307688,0.014431953430175781,esm2_t30_150M_UR50D
XP_017206934,XP_056332098,0.005604267120361328,esm2_t30_150M_UR50D
XP_689347,XP_056336533,0.0001258254051208496,esm2_t30_150M_UR50D
XP_689347,XP_056336534,0.00012093782424926758,esm2_t30_150M_UR50D
XP_073809052,XP_056316716,0.0010241270065307617,esm2_t30_150M_UR50D
NP_001128154,XP_056317109,0.013869106769561768,esm2_t30_150M_UR50D
XP_021331600,XP_056319507,0.008533775806427002,esm2_t30_150M_UR50D
XP_073802828,XP_056311089,0.006889760494232178,esm2_t30_150M_UR50D
XP_073802827,XP_056311089,0.006889760494232178,esm2_t30_150M_UR50D
XP_073787226,XP_056336037,0.014710187911987305,esm2_t30_150M_UR50D
XP_073803082,XP_056311988,9.512901306152344e-05,esm2_t30_150M_UR50D
XP_073803046,XP_056312366,0.018709838390350342,esm2_t30_150M_UR50D
XP_073803047,XP_056312366,0.018709838390350342,esm2_t30_150M_UR50D
XP_073793862,XP_056303965,0.024552106857299805,esm2_t30_150M_UR50D
XP_017206874,XP_056332098,0.005531430244445801,esm2_t30_150M_UR50D
XP_073803082,XP_056311989,8.755922317504883e-05,esm2_t30_150M_UR50D
XP_073803083,XP_056311989,0.000209808349609375,esm2_t30_150M_UR50D
XP_073791235,XP_056302469,0.0018720626831054688,esm2_t30_150M_UR50D
XP_073805400,XP_056319545,0.029500305652618408,esm2_t30_150M_UR50D
XP_021330987,XP_056310982,0.042618632316589355,esm2_t30_150M_UR50D
NP_001315083,XP_056304407,0.007317781448364258,esm2_t30_150M_UR50D
XP_692550,XP_056320752,0.0009522438049316406,esm2_t30_150M_UR50D
XP_073791235,XP_056302463,0.001733541488647461,esm2_t30_150M_UR50D
XP_073796065,XP_056309857,0.00016820430755615234,esm2_t30_150M_UR50D
NP_956172,XP_056328252,0.003370344638824463,esm2_t30_150M_UR50D
XP_073791235,XP_056302462,0.001710355281829834,esm2_t30_150M_UR50D
NP_956888,XP_056316873,0.0124131441116333,esm2_t30_150M_UR50D
XP_021323772,XP_056325664,0.04257845878601074,esm2_t30_150M_UR50D
XP_073793319,XP_056304123,0.011475026607513428,esm2_t30_150M_UR50D
XP_021334455,XP_056320774,0.019254326820373535,esm2_t30_150M_UR50D
XP_073801620,XP_056325931,0.033872902393341064,esm2_t30_150M_UR50D
NP_001352989,XP_056331989,0.009707152843475342,esm2_t30_150M_UR50D
XP_073803084,XP_056311994,8.744001388549805e-05,esm2_t30_150M_UR50D
XP_073807124,XP_056313092,0.0065726637840271,esm2_t30_150M_UR50D
NP_001093643,XP_056307377,0.03710097074508667,esm2_t30_150M_UR50D
NP_001410239,XP_056307377,0.03710097074508667,esm2_t30_150M_UR50D
XP_002666951,XP_056307377,0.03710097074508667,esm2_t30_150M_UR50D
NP_001020342,XP_056307377,0.03710097074508667,esm2_t30_150M_UR50D
XP_691943,XP_056307377,0.03710097074508667,esm2_t30_150M_UR50D
XP_017209710,XP_056307377,0.03710097074508667,esm2_t30_150M_UR50D
XP_073807406,XP_056312779,0.017204225063323975,esm2_t30_150M_UR50D
XP_073793157,XP_056304456,0.01114434003829956,esm2_t30_150M_UR50D
XP_073796832,XP_056306238,0.007468819618225098,esm2_t30_150M_UR50D
XP_073796833,XP_056306238,0.007817327976226807,esm2_t30_150M_UR50D
NP_001018640,XP_056322262,0.027632474899291992,esm2_t30_150M_UR50D
XP_073800209,XP_056304484,0.019295454025268555,esm2_t30_150M_UR50D
XP_001345427,XP_056303267,0.010267496109008789,esm2_t30_150M_UR50D
XP_073790041,XP_056337348,0.0007271170616149902,esm2_t30_150M_UR50D
XP_073790038,XP_056337348,0.0007389187812805176,esm2_t30_150M_UR50D
XP_073790034,XP_056337348,0.000691533088684082,esm2_t30_150M_UR50D
XP_073805858,XP_056313840,9.042024612426758e-05,esm2_t30_150M_UR50D
NP_898897,XP_056322464,0.011295139789581299,esm2_t30_150M_UR50D
NP_001243658,XP_056320274,0.014277517795562744,esm2_t30_150M_UR50D
XP_073801060,XP_056308793,0.006970584392547607,esm2_t30_150M_UR50D
NP_001116717,XP_056320500,0.001361250877380371,esm2_t30_150M_UR50D
XP_005157778,XP_056329350,0.02130293846130371,esm2_t30_150M_UR50D
XP_005157778,XP_056329349,0.02130293846130371,esm2_t30_150M_UR50D
XP_073801059,XP_056308793,0.00690537691116333,esm2_t30_150M_UR50D
NP_001348325,XP_056307102,0.010889410972595215,esm2_t30_150M_UR50D
NP_571934,XP_056309492,0.011487722396850586,esm2_t30_150M_UR50D
XP_073794673,XP_056304967,0.00019592046737670898,esm2_t30_150M_UR50D
XP_073794674,XP_056304967,0.00014162063598632812,esm2_t30_150M_UR50D
XP_073794670,XP_056304967,0.00011688470840454102,esm2_t30_150M_UR50D
XP_073790045,XP_056337348,0.0006438493728637695,esm2_t30_150M_UR50D
XP_073790056,XP_056337348,0.0007008910179138184,esm2_t30_150M_UR50D
XP_073790033,XP_056337348,0.0006614923477172852,esm2_t30_150M_UR50D
XP_073790032,XP_056337348,0.0006823539733886719,esm2_t30_150M_UR50D
XP_021325094,XP_056303395,0.017559826374053955,esm2_t30_150M_UR50D
NP_001314959,XP_056325901,0.01433718204498291,esm2_t30_150M_UR50D
XP_001344904,XP_056307312,0.00825423002243042,esm2_t30_150M_UR50D
NP_001104686,XP_056307377,0.03708857297897339,esm2_t30_150M_UR50D
XP_073799539,XP_056307377,0.03708857297897339,esm2_t30_150M_UR50D
NP_001373716,XP_056307377,0.03708857297897339,esm2_t30_150M_UR50D
XP_073793863,XP_056303965,0.023512184619903564,esm2_t30_150M_UR50D
XP_073800915,XP_056324795,0.0122452974319458,esm2_t30_150M_UR50D
XP_073794672,XP_056304967,0.00012886524200439453,esm2_t30_150M_UR50D
XP_685629,XP_056322866,0.0002740025520324707,esm2_t30_150M_UR50D
XP_685629,XP_056322865,0.0002740025520324707,esm2_t30_150M_UR50D
NP_001003838,XP_056325517,0.01934683322906494,esm2_t30_150M_UR50D
XP_017207692,XP_056335069,0.01201409101486206,esm2_t30_150M_UR50D
XP_073794671,XP_056304967,0.0001322031021118164,esm2_t30_150M_UR50D
XP_073794675,XP_056304967,0.00013256072998046875,esm2_t30_150M_UR50D
NP_001188469,XP_056312043,0.013198912143707275,esm2_t30_150M_UR50D
XP_073791236,XP_056302470,0.0020963549613952637,esm2_t30_150M_UR50D
XP_698274,XP_056330240,0.00799649953842163,esm2_t30_150M_UR50D
XP_073791237,XP_056302467,0.0019207596778869629,esm2_t30_150M_UR50D
XP_073801446,XP_056315227,0.00012439489364624023,esm2_t30_150M_UR50D
XP_073801445,XP_056315227,0.00012439489364624023,esm2_t30_150M_UR50D
XP_073791236,XP_056302466,0.0019502639770507812,esm2_t30_150M_UR50D
XP_073803160,XP_056311882,3.8623809814453125e-05,esm2_t30_150M_UR50D
XP_073790044,XP_056337348,0.0006737112998962402,esm2_t30_150M_UR50D
XP_073793335,XP_056312324,0.017600595951080322,esm2_t30_150M_UR50D
XP_021336061,XP_056324914,0.01354283094406128,esm2_t30_150M_UR50D
NP_001025428,XP_056334391,0.010177433490753174,esm2_t30_150M_UR50D
XP_003201784,XP_056303255,0.02288639545440674,esm2_t30_150M_UR50D
XP_073790049,XP_056337348,0.000843346118927002,esm2_t30_150M_UR50D
XP_073790042,XP_056337348,0.0007750988006591797,esm2_t30_150M_UR50D
XP_073790053,XP_056337348,0.0008400082588195801,esm2_t30_150M_UR50D
XP_073793864,XP_056303965,0.023563802242279053,esm2_t30_150M_UR50D
XP_073809051,XP_056302348,0.022807955741882324,esm2_t30_150M_UR50D
XP_073809051,XP_056302340,0.022807955741882324,esm2_t30_150M_UR50D
XP_073800532,XP_056309420,3.7729740142822266e-05,esm2_t30_150M_UR50D
XP_073800544,XP_056309420,7.086992263793945e-05,esm2_t30_150M_UR50D
XP_073791236,XP_056302465,0.0019339919090270996,esm2_t30_150M_UR50D
XP_073800527,XP_056309420,6.031990051269531e-05,esm2_t30_150M_UR50D
XP_073800546,XP_056309420,7.140636444091797e-05,esm2_t30_150M_UR50D
XP_073800534,XP_056309421,5.537271499633789e-05,esm2_t30_150M_UR50D
XP_073800532,XP_056309421,3.2901763916015625e-05,esm2_t30_150M_UR50D
XP_073800544,XP_056309421,7.37905502319336e-05,esm2_t30_150M_UR50D
XP_073807835,XP_056313154,0.014221131801605225,esm2_t30_150M_UR50D
XP_073800546,XP_056309421,7.516145706176758e-05,esm2_t30_150M_UR50D
XP_073800527,XP_056309421,5.441904067993164e-05,esm2_t30_150M_UR50D
XP_073800530,XP_056309420,4.76837158203125e-05,esm2_t30_150M_UR50D
XP_073800530,XP_056309421,4.1961669921875e-05,esm2_t30_150M_UR50D
XP_073800528,XP_056309420,5.078315734863281e-05,esm2_t30_150M_UR50D
XP_073800538,XP_056309420,4.011392593383789e-05,esm2_t30_150M_UR50D
XP_073800528,XP_056309421,4.32133674621582e-05,esm2_t30_150M_UR50D
XP_073800538,XP_056309421,3.725290298461914e-05,esm2_t30_150M_UR50D
XP_001341514,XP_056320310,0.0005696415901184082,esm2_t30_150M_UR50D
XP_073800545,XP_056309420,7.361173629760742e-05,esm2_t30_150M_UR50D
XP_073800535,XP_056309420,5.137920379638672e-05,esm2_t30_150M_UR50D
XP_073800533,XP_056309420,3.3020973205566406e-05,esm2_t30_150M_UR50D
XP_073800539,XP_056309420,3.7729740142822266e-05,esm2_t30_150M_UR50D
XP_073800529,XP_056309420,4.607439041137695e-05,esm2_t30_150M_UR50D
XP_073800533,XP_056309421,3.36766242980957e-05,esm2_t30_150M_UR50D
XP_073800545,XP_056309421,7.963180541992188e-05,esm2_t30_150M_UR50D
XP_073800539,XP_056309421,3.933906555175781e-05,esm2_t30_150M_UR50D
XP_073800529,XP_056309421,4.208087921142578e-05,esm2_t30_150M_UR50D
NP_001373176,XP_056329707,0.018709540367126465,esm2_t30_150M_UR50D
NP_001028283,XP_056335943,0.009404301643371582,esm2_t30_150M_UR50D
XP_073800532,XP_056309419,3.355741500854492e-05,esm2_t30_150M_UR50D
XP_073800544,XP_056309419,6.937980651855469e-05,esm2_t30_150M_UR50D
XP_017214041,XP_056324913,0.013735651969909668,esm2_t30_150M_UR50D
XP_073800546,XP_056309419,7.033348083496094e-05,esm2_t30_150M_UR50D
XP_073800527,XP_056309419,5.84721565246582e-05,esm2_t30_150M_UR50D
XP_073790065,XP_056337348,0.0008093714714050293,esm2_t30_150M_UR50D
XP_073800537,XP_056309420,4.2498111724853516e-05,esm2_t30_150M_UR50D
XP_017214042,XP_056324913,0.013573825359344482,esm2_t30_150M_UR50D
NP_001036210,XP_056332399,3.8743019104003906e-05,esm2_t30_150M_UR50D
XP_073800537,XP_056309421,4.178285598754883e-05,esm2_t30_150M_UR50D
XP_073800538,XP_056309419,3.725290298461914e-05,esm2_t30_150M_UR50D
XP_073800528,XP_056309419,4.595518112182617e-05,esm2_t30_150M_UR50D
XP_073790057,XP_056337348,0.0007693767547607422,esm2_t30_150M_UR50D
XP_073798553,XP_056308035,0.043110430240631104,esm2_t30_150M_UR50D
XP_073800533,XP_056309419,3.2007694244384766e-05,esm2_t30_150M_UR50D
XP_073800545,XP_056309419,7.230043411254883e-05,esm2_t30_150M_UR50D
NP_001269112,XP_056335294,0.025462865829467773,esm2_t30_150M_UR50D
XP_073800539,XP_056309419,3.6835670471191406e-05,esm2_t30_150M_UR50D
XP_073800529,XP_056309419,4.1484832763671875e-05,esm2_t30_150M_UR50D
NP_001352989,XP_056331987,0.010049819946289062,esm2_t30_150M_UR50D
XP_009290275,XP_056330005,0.016502559185028076,esm2_t30_150M_UR50D
XP_073790037,XP_056337348,0.000770270824432373,esm2_t30_150M_UR50D
XP_073790067,XP_056337348,0.0009535551071166992,esm2_t30_150M_UR50D
XP_073800537,XP_056309419,3.916025161743164e-05,esm2_t30_150M_UR50D
XP_073790061,XP_056337348,0.0007421374320983887,esm2_t30_150M_UR50D
XP_003201373,XP_056306748,0.016279757022857666,esm2_t30_150M_UR50D
XP_073796269,XP_056307145,0.0003725290298461914,esm2_t30_150M_UR50D
XP_073803160,XP_056311883,4.51207160949707e-05,esm2_t30_150M_UR50D
XP_073807836,XP_056313154,0.012612402439117432,esm2_t30_150M_UR50D
NP_001129450,XP_056331885,0.0014116168022155762,esm2_t30_150M_UR50D
XP_073809568,XP_056315277,0.012506723403930664,esm2_t30_150M_UR50D
XP_073809569,XP_056315277,0.012506723403930664,esm2_t30_150M_UR50D
XP_017208962,XP_056304123,0.0064675211906433105,esm2_t30_150M_UR50D
NP_001003597,XP_056336027,0.0313723087310791,esm2_t30_150M_UR50D
XP_073810471,XP_056316205,7.87973403930664e-05,esm2_t30_150M_UR50D
XP_073810472,XP_056316205,4.8279762268066406e-05,esm2_t30_150M_UR50D
XP_073810473,XP_056316205,5.048513412475586e-05,esm2_t30_150M_UR50D
XP_003200133,XP_056329913,0.009573578834533691,esm2_t30_150M_UR50D
XP_003200133,XP_056329911,0.009573578834533691,esm2_t30_150M_UR50D
XP_003200133,XP_056329912,0.009573578834533691,esm2_t30_150M_UR50D
XP_003200133,XP_056329909,0.009573578834533691,esm2_t30_150M_UR50D
XP_003200133,XP_056329910,0.009573578834533691,esm2_t30_150M_UR50D
XP_073793733,XP_056304085,0.02725929021835327,esm2_t30_150M_UR50D
XP_691343,XP_056304085,0.02725929021835327,esm2_t30_150M_UR50D
XP_021336550,XP_056327113,0.012395799160003662,esm2_t30_150M_UR50D
XP_073799800,XP_056304841,0.0034232139587402344,esm2_t30_150M_UR50D
XP_073803092,XP_056311997,9.912252426147461e-05,esm2_t30_150M_UR50D
XP_073803091,XP_056311997,9.381771087646484e-05,esm2_t30_150M_UR50D
XP_073800544,XP_056309426,5.030632019042969e-05,esm2_t30_150M_UR50D
XP_073800534,XP_056309426,7.849931716918945e-05,esm2_t30_150M_UR50D
XP_073800532,XP_056309424,6.687641143798828e-05,esm2_t30_150M_UR50D
XP_073800536,XP_056309426,8.434057235717773e-05,esm2_t30_150M_UR50D
XP_073800546,XP_056309426,5.14984130859375e-05,esm2_t30_150M_UR50D
XP_073796267,XP_056307145,0.0004042983055114746,esm2_t30_150M_UR50D
XP_073800545,XP_056309424,8.690357208251953e-05,esm2_t30_150M_UR50D
XP_073800544,XP_056309425,3.409385681152344e-05,esm2_t30_150M_UR50D
XP_073800537,XP_056309427,9.98377799987793e-05,esm2_t30_150M_UR50D
XP_073800533,XP_056309425,9.620189666748047e-05,esm2_t30_150M_UR50D
XP_073789721,XP_056337050,9.79304313659668e-05,esm2_t30_150M_UR50D
XP_073810745,XP_056316721,0.00010973215103149414,esm2_t30_150M_UR50D
XP_073790883,XP_056302086,9.512901306152344e-05,esm2_t30_150M_UR50D
XP_073800326,XP_056309206,0.0024389028549194336,esm2_t30_150M_UR50D
XP_073800329,XP_056309206,0.002482771873474121,esm2_t30_150M_UR50D
XP_073789724,XP_056337053,6.306171417236328e-05,esm2_t30_150M_UR50D
XP_073805721,XP_056317134,0.005400478839874268,esm2_t30_150M_UR50D
XP_021322429,XP_056331304,0.02022629976272583,esm2_t30_150M_UR50D
XP_073808289,XP_056312759,0.010351955890655518,esm2_t30_150M_UR50D
XP_073798900,XP_056309897,0.00017940998077392578,esm2_t30_150M_UR50D
NP_001035342,XP_056311056,0.015094161033630371,esm2_t30_150M_UR50D
XP_073807829,XP_056313153,0.009413421154022217,esm2_t30_150M_UR50D
NP_001373251,XP_056330160,0.0065427422523498535,esm2_t30_150M_UR50D
NP_001070057,XP_056309623,0.00872802734375,esm2_t30_150M_UR50D
XP_073791828,XP_056302854,0.00011801719665527344,esm2_t30_150M_UR50D
XP_073793656,XP_056303299,6.222724914550781e-05,esm2_t30_150M_UR50D
XP_021323890,XP_056335160,0.014703035354614258,esm2_t30_150M_UR50D
NP_999957,XP_056321317,0.01576322317123413,esm2_t30_150M_UR50D
XP_073799502,XP_056307416,0.00026047229766845703,esm2_t30_150M_UR50D
XP_073805402,XP_056319545,0.01670098304748535,esm2_t30_150M_UR50D
XP_003200581,XP_056336192,0.0037795305252075195,esm2_t30_150M_UR50D
XP_073807802,XP_056314860,0.00015079975128173828,esm2_t30_150M_UR50D
NP_571437,XP_056326982,0.004278242588043213,esm2_t30_150M_UR50D
XP_073787799,XP_056335160,0.015021741390228271,esm2_t30_150M_UR50D
XP_073788261,XP_056302513,0.0029152631759643555,esm2_t30_150M_UR50D
XP_073789571,XP_056337188,0.00025177001953125,esm2_t30_150M_UR50D
XP_073789565,XP_056337191,0.00022542476654052734,esm2_t30_150M_UR50D
XP_009305696,XP_056327427,0.001304328441619873,esm2_t30_150M_UR50D
XP_073803615,XP_056321892,0.009231984615325928,esm2_t30_150M_UR50D
XP_073793321,XP_056304489,0.004425644874572754,esm2_t30_150M_UR50D
XP_073807514,XP_056306474,0.008869290351867676,esm2_t30_150M_UR50D
NP_001313294,XP_056315003,0.009853720664978027,esm2_t30_150M_UR50D
NP_001315015,XP_056327037,0.006767749786376953,esm2_t30_150M_UR50D
XP_073791108,XP_056305496,0.005312681198120117,esm2_t30_150M_UR50D
XP_073803558,XP_056336236,0.007916033267974854,esm2_t30_150M_UR50D
XP_073808240,XP_056307180,0.00946265459060669,esm2_t30_150M_UR50D
XP_073807519,XP_056306479,0.00731658935546875,esm2_t30_150M_UR50D
NP_001373658,XP_056323540,0.004165053367614746,esm2_t30_150M_UR50D
XP_073794028,XP_056304977,0.0048729777336120605,esm2_t30_150M_UR50D
XP_073801994,XP_056312281,0.00011754035949707031,esm2_t30_150M_UR50D
XP_695417,XP_056333973,8.815526962280273e-05,esm2_t30_150M_UR50D
XP_073810522,XP_056316328,0.00016617774963378906,esm2_t30_150M_UR50D
XP_073810520,XP_056316327,0.00016617774963378906,esm2_t30_150M_UR50D
XP_073810521,XP_056316328,0.00016617774963378906,esm2_t30_150M_UR50D
XP_073810517,XP_056316327,0.00016617774963378906,esm2_t30_150M_UR50D
XP_073810519,XP_056316327,0.00018531084060668945,esm2_t30_150M_UR50D
XP_073810516,XP_056316328,0.00018531084060668945,esm2_t30_150M_UR50D
XP_073804887,XP_056329786,0.004486441612243652,esm2_t30_150M_UR50D
XP_698802,XP_056335677,0.00336301326751709,esm2_t30_150M_UR50D
XP_005164954,XP_056311575,0.009261727333068848,esm2_t30_150M_UR50D
XP_073797016,XP_056306184,0.0060926079750061035,esm2_t30_150M_UR50D
NP_001093617,XP_056335290,0.006181597709655762,esm2_t30_150M_UR50D
XP_073810807,XP_056316573,0.00011235475540161133,esm2_t30_150M_UR50D
XP_073797361,XP_056306442,0.002723395824432373,esm2_t30_150M_UR50D
XP_073796582,XP_056306245,0.0003928542137145996,esm2_t30_150M_UR50D
NP_956249,XP_056312377,0.007201194763183594,esm2_t30_150M_UR50D
NP_001070181,XP_056325478,0.0009542107582092285,esm2_t30_150M_UR50D
XP_073810406,XP_056316024,0.00016868114471435547,esm2_t30_150M_UR50D
XP_073791601,XP_056334027,0.008403956890106201,esm2_t30_150M_UR50D
XP_073798360,XP_056308420,0.0009920597076416016,esm2_t30_150M_UR50D
NP_001019395,XP_056315002,0.014695405960083008,esm2_t30_150M_UR50D
XP_021322751,XP_056331113,0.005695700645446777,esm2_t30_150M_UR50D
XP_073790691,XP_056302392,0.00042998790740966797,esm2_t30_150M_UR50D
XP_073790689,XP_056302392,0.00042998790740966797,esm2_t30_150M_UR50D
XP_073807277,XP_056312974,0.0098305344581604,esm2_t30_150M_UR50D
XP_073790690,XP_056302394,0.0004584193229675293,esm2_t30_150M_UR50D
NP_001035015,XP_056312749,0.005983591079711914,esm2_t30_150M_UR50D
XP_073810343,XP_056315987,0.0005282759666442871,esm2_t30_150M_UR50D
XP_073790691,XP_056302395,0.00042492151260375977,esm2_t30_150M_UR50D
XP_073790718,XP_056302397,0.0005095005035400391,esm2_t30_150M_UR50D
XP_009299521,XP_056313396,0.0074193477630615234,esm2_t30_150M_UR50D
XP_073810177,XP_056315788,0.00014162063598632812,esm2_t30_150M_UR50D
XP_073810174,XP_056315815,0.000368654727935791,esm2_t30_150M_UR50D
XP_073793946,XP_056303355,0.0031827688217163086,esm2_t30_150M_UR50D
XP_073800203,XP_056302540,0.011101007461547852,esm2_t30_150M_UR50D
NP_001373367,XP_056330740,0.0073280930519104,esm2_t30_150M_UR50D
XP_001340683,XP_056324979,0.007238209247589111,esm2_t30_150M_UR50D
XP_073797208,XP_056306136,0.00010770559310913086,esm2_t30_150M_UR50D
NP_998412,XP_056312331,0.012800395488739014,esm2_t30_150M_UR50D
XP_073787941,XP_056301675,0.007524013519287109,esm2_t30_150M_UR50D
XP_073803139,XP_056311943,0.00018388032913208008,esm2_t30_150M_UR50D
XP_073803139,XP_056311942,0.00018388032913208008,esm2_t30_150M_UR50D
NP_956197,XP_056334122,0.00802534818649292,esm2_t30_150M_UR50D
XP_073793136,XP_056304191,0.002765655517578125,esm2_t30_150M_UR50D
XP_073810403,XP_056316036,5.97834587097168e-05,esm2_t30_150M_UR50D
XP_005165852,XP_056314959,0.0031992197036743164,esm2_t30_150M_UR50D
XP_068068946,XP_056327581,0.003933906555175781,esm2_t30_150M_UR50D
XP_699547,XP_056316513,0.005399584770202637,esm2_t30_150M_UR50D
XP_073802558,XP_056311918,0.000276029109954834,esm2_t30_150M_UR50D
XP_073786300,XP_056334517,0.005988359451293945,esm2_t30_150M_UR50D
XP_073810940,XP_056337726,0.01603853702545166,esm2_t30_150M_UR50D
XP_073801125,XP_056312531,0.0011263489723205566,esm2_t30_150M_UR50D
XP_073799400,XP_056307238,0.00029391050338745117,esm2_t30_150M_UR50D
XP_073799402,XP_056307238,0.00029391050338745117,esm2_t30_150M_UR50D
XP_073790845,XP_056302738,0.0006415843963623047,esm2_t30_150M_UR50D
XP_073789428,XP_056337275,0.00023740530014038086,esm2_t30_150M_UR50D
XP_005162224,XP_056306039,0.0074558258056640625,esm2_t30_150M_UR50D
XP_073798579,XP_056312587,4.106760025024414e-05,esm2_t30_150M_UR50D
XP_073785677,XP_056333974,0.006081521511077881,esm2_t30_150M_UR50D
XP_073800724,XP_056309735,0.0015784502029418945,esm2_t30_150M_UR50D
XP_073800723,XP_056309735,0.0015600323677062988,esm2_t30_150M_UR50D
NP_001307020,XP_056317059,0.005559980869293213,esm2_t30_150M_UR50D
XP_073800498,XP_056309397,0.0022215843200683594,esm2_t30_150M_UR50D
XP_001340167,XP_056321240,0.0018921494483947754,esm2_t30_150M_UR50D
NP_001373668,XP_056315814,0.005638539791107178,esm2_t30_150M_UR50D
XP_073802910,XP_056312230,0.0003039240837097168,esm2_t30_150M_UR50D
XP_009303928,XP_056322463,0.0038657188415527344,esm2_t30_150M_UR50D
NP_001188470,XP_056312045,0.005032598972320557,esm2_t30_150M_UR50D
XP_073797508,XP_056306382,0.006370425224304199,esm2_t30_150M_UR50D
NP_001037796,XP_056334029,0.0055733323097229,esm2_t30_150M_UR50D
XP_073793857,XP_056303208,0.00020653009414672852,esm2_t30_150M_UR50D
XP_073810352,XP_056315986,0.0004177689552307129,esm2_t30_150M_UR50D
XP_021325529,XP_056305061,0.010281085968017578,esm2_t30_150M_UR50D
XP_073791239,XP_056302463,8.612871170043945e-05,esm2_t30_150M_UR50D
XP_021333799,XP_056318536,0.0022783279418945312,esm2_t30_150M_UR50D
XP_073797011,XP_056306975,0.0005590319633483887,esm2_t30_150M_UR50D
XP_073800499,XP_056309397,0.0021728873252868652,esm2_t30_150M_UR50D
XP_073807654,XP_056313132,0.004229724407196045,esm2_t30_150M_UR50D
XP_005170030,XP_056308600,0.003676891326904297,esm2_t30_150M_UR50D
XP_073807832,XP_056313153,0.004695534706115723,esm2_t30_150M_UR50D
XP_073800937,XP_056309998,0.0001696944236755371,esm2_t30_150M_UR50D
NP_001018660,XP_056327709,0.003787815570831299,esm2_t30_150M_UR50D
XP_073800945,XP_056309999,0.00018805265426635742,esm2_t30_150M_UR50D
XP_073800950,XP_056309999,0.00018805265426635742,esm2_t30_150M_UR50D
XP_005168169,XP_056318525,0.03351491689682007,esm2_t30_150M_UR50D
NP_001170934,XP_056325987,0.007068514823913574,esm2_t30_150M_UR50D
NP_001034921,XP_056329998,0.002352476119995117,esm2_t30_150M_UR50D
XP_073792531,XP_056304225,0.001914680004119873,esm2_t30_150M_UR50D
XP_073792533,XP_056304225,0.001914680004119873,esm2_t30_150M_UR50D
NP_001070044,XP_056305077,0.0019443631172180176,esm2_t30_150M_UR50D
NP_958493,XP_056303546,0.001979231834411621,esm2_t30_150M_UR50D
XP_073805306,XP_056320679,0.003169536590576172,esm2_t30_150M_UR50D
XP_073810855,XP_056315162,0.0031226277351379395,esm2_t30_150M_UR50D
XP_005172702,XP_056322533,0.007935047149658203,esm2_t30_150M_UR50D
XP_073808242,XP_056337726,0.017195701599121094,esm2_t30_150M_UR50D
NP_001077014,XP_056312592,0.003398120403289795,esm2_t30_150M_UR50D
NP_001116318,XP_056313938,0.00400465726852417,esm2_t30_150M_UR50D
XP_005172702,XP_056322534,0.00792551040649414,esm2_t30_150M_UR50D
XP_073807738,XP_056328853,0.002481818199157715,esm2_t30_150M_UR50D
XP_073807738,XP_056328466,0.0024819374084472656,esm2_t30_150M_UR50D
XP_073810774,XP_056336521,0.0038597583770751953,esm2_t30_150M_UR50D
NP_991215,XP_056312317,0.004438221454620361,esm2_t30_150M_UR50D
NP_001107957,XP_056304289,0.0040413737297058105,esm2_t30_150M_UR50D
XP_021336076,XP_056325313,0.002077817916870117,esm2_t30_150M_UR50D
NP_001314733,XP_056326686,0.001715540885925293,esm2_t30_150M_UR50D
XP_073801514,XP_056329786,0.0022339820861816406,esm2_t30_150M_UR50D
XP_073789981,XP_056329786,0.0022339820861816406,esm2_t30_150M_UR50D
XP_021333468,XP_056318780,0.0031784772872924805,esm2_t30_150M_UR50D
XP_073807360,XP_056312960,0.005422651767730713,esm2_t30_150M_UR50D
XP_073807361,XP_056312960,0.005422651767730713,esm2_t30_150M_UR50D
XP_073808232,XP_056329786,0.0020885467529296875,esm2_t30_150M_UR50D
XP_073802930,XP_056312375,0.002595663070678711,esm2_t30_150M_UR50D
NP_957040,XP_056334317,0.0031363964080810547,esm2_t30_150M_UR50D
XP_009303641,XP_056322533,0.007726013660430908,esm2_t30_150M_UR50D
XP_009290813,XP_056331007,0.005823075771331787,esm2_t30_150M_UR50D
NP_001182175,XP_056305098,0.008242368698120117,esm2_t30_150M_UR50D
XP_073792526,XP_056304225,0.00244295597076416,esm2_t30_150M_UR50D
XP_073801286,XP_056310245,0.0031020641326904297,esm2_t30_150M_UR50D
XP_021328778,XP_056332963,0.0033572912216186523,esm2_t30_150M_UR50D
XP_697139,XP_056327437,0.0039598941802978516,esm2_t30_150M_UR50D
XP_073785494,XP_056336222,0.0028746724128723145,esm2_t30_150M_UR50D
XP_073791245,XP_056302470,0.0001081228256225586,esm2_t30_150M_UR50D
NP_001373212,XP_056301524,0.002708613872528076,esm2_t30_150M_UR50D
NP_001017591,XP_056311516,0.004578649997711182,esm2_t30_150M_UR50D
NP_001410627,XP_056328632,0.005664169788360596,esm2_t30_150M_UR50D
NP_998126,XP_056313020,0.0015389323234558105,esm2_t30_150M_UR50D
NP_001018518,XP_056322916,0.0008301138877868652,esm2_t30_150M_UR50D
XP_073788447,XP_056337500,0.0012502074241638184,esm2_t30_150M_UR50D
XP_073802594,XP_056311685,0.00019502639770507812,esm2_t30_150M_UR50D
XP_073802591,XP_056311685,0.00022923946380615234,esm2_t30_150M_UR50D
NP_001017731,XP_056308240,0.0018553733825683594,esm2_t30_150M_UR50D
XP_073800976,XP_056310003,0.00018328428268432617,esm2_t30_150M_UR50D
XP_073808232,XP_056319372,0.002231419086456299,esm2_t30_150M_UR50D
XP_073801490,XP_056310573,0.0032262802124023438,esm2_t30_150M_UR50D
XP_073793589,XP_056332166,0.0042035579681396484,esm2_t30_150M_UR50D
XP_073808222,XP_056332166,0.0042035579681396484,esm2_t30_150M_UR50D
XP_073791533,XP_056329778,0.0034719109535217285,esm2_t30_150M_UR50D
XP_073796967,XP_056329778,0.0034719109535217285,esm2_t30_150M_UR50D
XP_073810778,XP_056329778,0.0034719109535217285,esm2_t30_150M_UR50D
XP_073791532,XP_056329778,0.0034719109535217285,esm2_t30_150M_UR50D
XP_073807797,XP_056316855,0.001987755298614502,esm2_t30_150M_UR50D
XP_073810933,XP_056311484,0.0019878149032592773,esm2_t30_150M_UR50D
XP_073800379,XP_056322201,0.001987755298614502,esm2_t30_150M_UR50D
XP_073800280,XP_056302209,0.001987755298614502,esm2_t30_150M_UR50D
XP_073808231,XP_056328853,0.001987755298614502,esm2_t30_150M_UR50D
XP_073800281,XP_056325655,0.0019878149032592773,esm2_t30_150M_UR50D
XP_073810932,XP_056333343,0.001987755298614502,esm2_t30_150M_UR50D
XP_073807798,XP_056325547,0.001987755298614502,esm2_t30_150M_UR50D
XP_073793593,XP_056313241,0.001987755298614502,esm2_t30_150M_UR50D
XP_073793593,XP_056328466,0.0019878149032592773,esm2_t30_150M_UR50D
XP_073793592,XP_056322201,0.001987755298614502,esm2_t30_150M_UR50D
XP_073793593,XP_056311466,0.0019878149032592773,esm2_t30_150M_UR50D
XP_073810781,XP_056313241,0.001987755298614502,esm2_t30_150M_UR50D
XP_073793592,XP_056313241,0.001987755298614502,esm2_t30_150M_UR50D
XP_073807799,XP_056313241,0.001987755298614502,esm2_t30_150M_UR50D
XP_073810781,XP_056311484,0.0019878149032592773,esm2_t30_150M_UR50D
XP_073810931,XP_056318306,0.001987755298614502,esm2_t30_150M_UR50D
XP_073810932,XP_056316855,0.001987755298614502,esm2_t30_150M_UR50D
XP_073800379,XP_056313242,0.001987755298614502,esm2_t30_150M_UR50D
XP_073800281,XP_056311466,0.0019878149032592773,esm2_t30_150M_UR50D
XP_073810931,XP_056306804,0.001987755298614502,esm2_t30_150M_UR50D
XP_073800379,XP_056306804,0.001987755298614502,esm2_t30_150M_UR50D
XP_073810931,XP_056313242,0.001987755298614502,esm2_t30_150M_UR50D
XP_017208769,XP_056303289,0.003887653350830078,esm2_t30_150M_UR50D
XP_073810936,XP_056318230,0.0029366016387939453,esm2_t30_150M_UR50D
XP_073804891,XP_056318230,0.0029366016387939453,esm2_t30_150M_UR50D
XP_073791936,XP_056303050,0.00014388561248779297,esm2_t30_150M_UR50D
XP_073793934,XP_056303356,0.0011574029922485352,esm2_t30_150M_UR50D
XP_073793556,XP_056329778,0.003314495086669922,esm2_t30_150M_UR50D
XP_073793557,XP_056329778,0.003314495086669922,esm2_t30_150M_UR50D
XP_073794101,XP_056305843,0.0003618001937866211,esm2_t30_150M_UR50D
NP_001124266,XP_056337580,0.0026628971099853516,esm2_t30_150M_UR50D
XP_073793345,XP_056304495,0.003984928131103516,esm2_t30_150M_UR50D
NP_001004013,XP_056328543,0.006515443325042725,esm2_t30_150M_UR50D
NP_571189,XP_056306788,0.0026657581329345703,esm2_t30_150M_UR50D
XP_021325127,XP_056303292,0.004659414291381836,esm2_t30_150M_UR50D
XP_073800376,XP_056319124,0.0029869675636291504,esm2_t30_150M_UR50D
XP_073810926,XP_056319124,0.0029869675636291504,esm2_t30_150M_UR50D
XP_073804886,XP_056319125,0.0029869675636291504,esm2_t30_150M_UR50D
XP_073796967,XP_056319125,0.0029869675636291504,esm2_t30_150M_UR50D
XP_073806902,XP_056312777,0.0028796792030334473,esm2_t30_150M_UR50D
XP_005171457,XP_056325366,0.001554727554321289,esm2_t30_150M_UR50D
NP_001018608,XP_056333637,0.0028778910636901855,esm2_t30_150M_UR50D
NP_001159589,XP_056324544,0.0010660886764526367,esm2_t30_150M_UR50D
NP_001074056,XP_056314969,0.0027062296867370605,esm2_t30_150M_UR50D
NP_001070752,XP_056337338,0.004226624965667725,esm2_t30_150M_UR50D
NP_739570,XP_056320281,0.0031052231788635254,esm2_t30_150M_UR50D
NP_001096119,XP_056332106,0.0018972158432006836,esm2_t30_150M_UR50D
XP_073791873,XP_056301905,0.0019193291664123535,esm2_t30_150M_UR50D
XP_002661886,XP_056310981,0.0008792877197265625,esm2_t30_150M_UR50D
NP_001017775,XP_056331050,0.0026639699935913086,esm2_t30_150M_UR50D
NP_878288,XP_056328384,0.0014024972915649414,esm2_t30_150M_UR50D
NP_998424,XP_056306199,0.0015813112258911133,esm2_t30_150M_UR50D
XP_684581,XP_056323856,0.001480698585510254,esm2_t30_150M_UR50D
XP_073790481,XP_056301942,0.0001410841941833496,esm2_t30_150M_UR50D
XP_073808971,XP_056313138,0.0021057724952697754,esm2_t30_150M_UR50D
XP_073790492,XP_056301946,0.00012618303298950195,esm2_t30_150M_UR50D
NP_571817,XP_056302527,0.0014088153839111328,esm2_t30_150M_UR50D
XP_073809669,XP_056315357,0.0017911195755004883,esm2_t30_150M_UR50D
XP_002664303,XP_056328806,0.00324934720993042,esm2_t30_150M_UR50D
XP_073791439,XP_056302886,0.005083322525024414,esm2_t30_150M_UR50D
XP_009299425,XP_056313238,0.001823723316192627,esm2_t30_150M_UR50D
XP_073808725,XP_056316678,0.002892792224884033,esm2_t30_150M_UR50D
XP_073792771,XP_056304547,0.00043529272079467773,esm2_t30_150M_UR50D
XP_003201130,XP_056303259,0.0014358758926391602,esm2_t30_150M_UR50D
NP_861431,XP_056325388,0.004409313201904297,esm2_t30_150M_UR50D
NP_001017783,XP_056310579,0.0026243925094604492,esm2_t30_150M_UR50D
XP_073807411,XP_056308771,0.007551014423370361,esm2_t30_150M_UR50D
NP_001296971,XP_056337470,0.0036269426345825195,esm2_t30_150M_UR50D
NP_001295578,XP_056317584,0.0021025538444519043,esm2_t30_150M_UR50D
NP_001003729,XP_056333200,0.003924429416656494,esm2_t30_150M_UR50D
XP_003199543,XP_056323771,0.0032879114151000977,esm2_t30_150M_UR50D
XP_073789900,XP_056336860,0.0025810599327087402,esm2_t30_150M_UR50D
XP_001332231,XP_056315343,0.0017228126525878906,esm2_t30_150M_UR50D
XP_001923170,XP_056326350,0.002086162567138672,esm2_t30_150M_UR50D
XP_009298792,XP_056325231,0.001646280288696289,esm2_t30_150M_UR50D
XP_073810923,XP_056336644,0.0030755996704101562,esm2_t30_150M_UR50D
XP_073800375,XP_056336644,0.0030755996704101562,esm2_t30_150M_UR50D
XP_073800374,XP_056336644,0.0030755996704101562,esm2_t30_150M_UR50D
XP_073800375,XP_056336643,0.0030755996704101562,esm2_t30_150M_UR50D
XP_073806366,XP_056313057,0.0057923197746276855,esm2_t30_150M_UR50D
NP_001124070,XP_056336738,0.003106355667114258,esm2_t30_150M_UR50D
NP_001410451,XP_056327827,0.0022318363189697266,esm2_t30_150M_UR50D
XP_017213978,XP_056325565,0.002459228038787842,esm2_t30_150M_UR50D
NP_001353719,XP_056324289,0.002384960651397705,esm2_t30_150M_UR50D
XP_073790133,XP_056336906,0.000898897647857666,esm2_t30_150M_UR50D
XP_073798268,XP_056307555,0.004683852195739746,esm2_t30_150M_UR50D
NP_001166107,XP_056326298,0.0013644695281982422,esm2_t30_150M_UR50D
NP_001289971,XP_056308415,0.0008060336112976074,esm2_t30_150M_UR50D
XP_009302848,XP_056320893,0.0028697848320007324,esm2_t30_150M_UR50D
NP_001106972,XP_056313072,0.0005365610122680664,esm2_t30_150M_UR50D
XP_073791919,XP_056302503,0.00013631582260131836,esm2_t30_150M_UR50D
XP_073791918,XP_056302501,0.00013631582260131836,esm2_t30_150M_UR50D
XP_073791917,XP_056302502,0.00013631582260131836,esm2_t30_150M_UR50D
XP_073793957,XP_056303361,0.0013240575790405273,esm2_t30_150M_UR50D
XP_073803519,XP_056311382,0.0018069744110107422,esm2_t30_150M_UR50D
XP_021322842,XP_056333637,0.002995014190673828,esm2_t30_150M_UR50D
XP_073803277,XP_056311009,0.0018368363380432129,esm2_t30_150M_UR50D
XP_698724,XP_056335689,0.0009803175926208496,esm2_t30_150M_UR50D
XP_021335365,XP_056323909,0.0031185150146484375,esm2_t30_150M_UR50D
XP_001332088,XP_056321430,0.0008929967880249023,esm2_t30_150M_UR50D
XP_073804383,XP_056310834,0.0016748905181884766,esm2_t30_150M_UR50D
XP_021323920,XP_056335524,0.0016423463821411133,esm2_t30_150M_UR50D
XP_073799710,XP_056309544,0.0015094876289367676,esm2_t30_150M_UR50D
NP_001116416,XP_056314732,0.0020886659622192383,esm2_t30_150M_UR50D
XP_005160930,XP_056301476,0.0026699304580688477,esm2_t30_150M_UR50D
NP_001373283,XP_056301959,0.0027647018432617188,esm2_t30_150M_UR50D
NP_001153304,XP_056321086,0.0028874874114990234,esm2_t30_150M_UR50D
NP_001373519,XP_056328625,0.0023859143257141113,esm2_t30_150M_UR50D
XP_005161421,XP_056302108,0.0014153718948364258,esm2_t30_150M_UR50D
XP_073800344,XP_056309206,0.0002835988998413086,esm2_t30_150M_UR50D
NP_571339,XP_056303610,0.0006663799285888672,esm2_t30_150M_UR50D
XP_021335848,XP_056326084,0.0020812153816223145,esm2_t30_150M_UR50D
XP_073804987,XP_056311227,0.0019379258155822754,esm2_t30_150M_UR50D
XP_073792897,XP_056330376,0.0026554465293884277,esm2_t30_150M_UR50D
XP_073792529,XP_056304224,0.0012471675872802734,esm2_t30_150M_UR50D
XP_073798237,XP_056307542,0.00011593103408813477,esm2_t30_150M_UR50D
XP_073795225,XP_056305840,0.0014393925666809082,esm2_t30_150M_UR50D
XP_005161090,XP_056302958,0.0011739730834960938,esm2_t30_150M_UR50D
XP_690395,XP_056336694,1.2636184692382812e-05,esm2_t30_150M_UR50D
XP_073797945,XP_056307223,0.0032396316528320312,esm2_t30_150M_UR50D
XP_073788072,XP_056336190,0.002301156520843506,esm2_t30_150M_UR50D
NP_001070218,XP_056332159,0.0015772581100463867,esm2_t30_150M_UR50D
NP_001014373,XP_056313616,0.0007026791572570801,esm2_t30_150M_UR50D
NP_001019618,XP_056329798,0.0008996129035949707,esm2_t30_150M_UR50D
XP_017207394,XP_056334133,0.0017807483673095703,esm2_t30_150M_UR50D
NP_001013299,XP_056323143,0.0012884736061096191,esm2_t30_150M_UR50D
XP_695071,XP_056332365,0.00024378299713134766,esm2_t30_150M_UR50D
XP_009302934,XP_056320817,0.003391087055206299,esm2_t30_150M_UR50D
XP_073804655,XP_056325318,0.0020250678062438965,esm2_t30_150M_UR50D
NP_001353685,XP_056314655,0.0014137625694274902,esm2_t30_150M_UR50D
NP_001070718,XP_056329681,0.0017516613006591797,esm2_t30_150M_UR50D
NP_001005577,XP_056318590,0.0011901259422302246,esm2_t30_150M_UR50D
XP_073800017,XP_056305861,0.00202101469039917,esm2_t30_150M_UR50D
XP_021328358,XP_056305820,0.0030965209007263184,esm2_t30_150M_UR50D
XP_073807639,XP_056313135,0.0029468536376953125,esm2_t30_150M_UR50D
XP_073795102,XP_056304657,0.00018912553787231445,esm2_t30_150M_UR50D
XP_073804119,XP_056310856,0.00083160400390625,esm2_t30_150M_UR50D
XP_009302401,XP_056319239,0.0014346837997436523,esm2_t30_150M_UR50D
XP_073794796,XP_056308778,0.015203356742858887,esm2_t30_150M_UR50D
XP_009294897,XP_056305410,0.0018786191940307617,esm2_t30_150M_UR50D
XP_073789812,XP_056336613,0.0014507174491882324,esm2_t30_150M_UR50D
XP_073789807,XP_056336613,0.0014507174491882324,esm2_t30_150M_UR50D
NP_938161,XP_056308536,0.0016366839408874512,esm2_t30_150M_UR50D
XP_005174015,XP_056303273,0.0031900405883789062,esm2_t30_150M_UR50D
XP_003197979,XP_056335703,0.0009633898735046387,esm2_t30_150M_UR50D
XP_005166176,XP_056316333,0.00018912553787231445,esm2_t30_150M_UR50D
XP_073794443,XP_056310361,0.002824723720550537,esm2_t30_150M_UR50D
XP_001337969,XP_056333860,0.005150437355041504,esm2_t30_150M_UR50D
XP_073792711,XP_056303372,8.732080459594727e-05,esm2_t30_150M_UR50D
XP_001341328,XP_056325773,0.0005767345428466797,esm2_t30_150M_UR50D
XP_017210951,XP_056310461,0.0016055703163146973,esm2_t30_150M_UR50D
XP_001334616,XP_056306058,0.0024298429489135742,esm2_t30_150M_UR50D
NP_001257524,XP_056317323,0.0010914802551269531,esm2_t30_150M_UR50D
XP_005160412,XP_056301277,0.002770662307739258,esm2_t30_150M_UR50D
XP_073804431,XP_056310441,0.000664830207824707,esm2_t30_150M_UR50D
XP_005156356,XP_056325189,0.0012534260749816895,esm2_t30_150M_UR50D
XP_073789977,XP_056336822,0.0016327500343322754,esm2_t30_150M_UR50D
NP_001070801,XP_056325565,0.0021699070930480957,esm2_t30_150M_UR50D
NP_001002753,XP_056309721,0.006325781345367432,esm2_t30_150M_UR50D
XP_002663081,XP_056332453,0.0016111135482788086,esm2_t30_150M_UR50D
XP_073791227,XP_056303002,0.0027414560317993164,esm2_t30_150M_UR50D
XP_073800702,XP_056309671,0.0017518401145935059,esm2_t30_150M_UR50D
NP_957029,XP_056337727,0.0026469826698303223,esm2_t30_150M_UR50D
XP_003200380,XP_056333328,0.012864530086517334,esm2_t30_150M_UR50D
XP_021323091,XP_056332362,0.0010353326797485352,esm2_t30_150M_UR50D
XP_005155999,XP_056324060,0.00159531831741333,esm2_t30_150M_UR50D
NP_001129725,XP_056311479,0.0017029047012329102,esm2_t30_150M_UR50D
XP_003198902,XP_056316830,0.0018802881240844727,esm2_t30_150M_UR50D
XP_017206694,XP_056330082,0.0019477009773254395,esm2_t30_150M_UR50D
XP_073795601,XP_056305036,0.0014300346374511719,esm2_t30_150M_UR50D
XP_003200754,XP_056337651,0.0020560622215270996,esm2_t30_150M_UR50D
XP_005166296,XP_056315000,0.004427850246429443,esm2_t30_150M_UR50D
NP_001188466,XP_056311462,0.0028174519538879395,esm2_t30_150M_UR50D
NP_001188466,XP_056311463,0.0028174519538879395,esm2_t30_150M_UR50D
XP_021326004,XP_056306113,0.0014947056770324707,esm2_t30_150M_UR50D
XP_073796460,XP_056306225,0.0011647939682006836,esm2_t30_150M_UR50D
XP_073796458,XP_056306225,0.0011647939682006836,esm2_t30_150M_UR50D
XP_021329042,XP_056301501,0.0030083656311035156,esm2_t30_150M_UR50D
XP_001346279,XP_056304292,0.0015880465507507324,esm2_t30_150M_UR50D
NP_001311424,XP_056337634,0.00012415647506713867,esm2_t30_150M_UR50D
NP_001098585,XP_056325386,0.0011329054832458496,esm2_t30_150M_UR50D
XP_021324551,XP_056302964,0.0007952451705932617,esm2_t30_150M_UR50D
XP_688797,XP_056302371,0.0015454292297363281,esm2_t30_150M_UR50D
XP_073795576,XP_056304953,0.0004056692123413086,esm2_t30_150M_UR50D
NP_001025291,XP_056301331,0.0009564757347106934,esm2_t30_150M_UR50D
NP_001038631,XP_056315475,0.0058686137199401855,esm2_t30_150M_UR50D
XP_073803571,XP_056312301,0.0012416243553161621,esm2_t30_150M_UR50D
NP_001186941,XP_056329042,0.002117335796356201,esm2_t30_150M_UR50D
XP_690155,XP_056323885,0.001771688461303711,esm2_t30_150M_UR50D
XP_017207906,XP_056335925,0.001738429069519043,esm2_t30_150M_UR50D
XP_073787851,XP_056335925,0.001738429069519043,esm2_t30_150M_UR50D
NP_001036815,XP_056326425,0.000569462776184082,esm2_t30_150M_UR50D
NP_001314977,XP_056328910,0.0023581385612487793,esm2_t30_150M_UR50D
XP_005162677,XP_056306604,0.0014873147010803223,esm2_t30_150M_UR50D
XP_001344844,XP_056324880,0.0007471442222595215,esm2_t30_150M_UR50D
XP_073799129,XP_056308180,0.00010734796524047852,esm2_t30_150M_UR50D
NP_991185,XP_056326362,0.0007674694061279297,esm2_t30_150M_UR50D
XP_073809809,XP_056314952,0.0008766055107116699,esm2_t30_150M_UR50D
XP_021330084,XP_056334389,0.0008500814437866211,esm2_t30_150M_UR50D
XP_017211916,XP_056316021,0.0012990236282348633,esm2_t30_150M_UR50D
NP_001346857,XP_056311477,0.001381993293762207,esm2_t30_150M_UR50D
XP_073787326,XP_056336008,0.002581655979156494,esm2_t30_150M_UR50D
XP_073787331,XP_056336008,0.002581655979156494,esm2_t30_150M_UR50D
XP_073798009,XP_056307954,0.000948488712310791,esm2_t30_150M_UR50D
XP_073795575,XP_056304953,0.00046443939208984375,esm2_t30_150M_UR50D
XP_684629,XP_056315473,0.00144881010055542,esm2_t30_150M_UR50D
NP_001124063,XP_056302958,0.0007329583168029785,esm2_t30_150M_UR50D
NP_001164537,XP_056314804,0.0004776120185852051,esm2_t30_150M_UR50D
XP_073789739,XP_056337280,4.357099533081055e-05,esm2_t30_150M_UR50D
XP_073789747,XP_056337280,4.357099533081055e-05,esm2_t30_150M_UR50D
XP_005155966,XP_056323885,0.0016663074493408203,esm2_t30_150M_UR50D
NP_001038722,XP_056337096,0.0008018612861633301,esm2_t30_150M_UR50D
XP_073810282,XP_056315190,0.002660036087036133,esm2_t30_150M_UR50D
NP_001003838,XP_056325518,0.0011976361274719238,esm2_t30_150M_UR50D
NP_001373473,XP_056305858,0.0015205144882202148,esm2_t30_150M_UR50D
XP_073809805,XP_056314953,0.000847935676574707,esm2_t30_150M_UR50D
XP_001923752,XP_056328740,0.002285599708557129,esm2_t30_150M_UR50D
XP_021333237,XP_056318724,0.0019779205322265625,esm2_t30_150M_UR50D
XP_005159833,XP_056336107,0.0009067654609680176,esm2_t30_150M_UR50D
NP_001038238,XP_056337267,0.0010657906532287598,esm2_t30_150M_UR50D
NP_001292542,XP_056306807,0.0003172159194946289,esm2_t30_150M_UR50D
XP_073809810,XP_056314955,0.0008417367935180664,esm2_t30_150M_UR50D
NP_001003526,XP_056309985,0.0013719797134399414,esm2_t30_150M_UR50D
XP_005160524,XP_056337202,0.0010614395141601562,esm2_t30_150M_UR50D
NP_001107088,XP_056330390,0.00012606382369995117,esm2_t30_150M_UR50D
NP_001003572,XP_056325054,0.0009059309959411621,esm2_t30_150M_UR50D
NP_999983,XP_056334545,0.001048445701599121,esm2_t30_150M_UR50D
XP_001335854,XP_056310183,0.0009390115737915039,esm2_t30_150M_UR50D
NP_001108355,XP_056312042,0.0005733370780944824,esm2_t30_150M_UR50D
XP_009290149,XP_056330068,0.002232491970062256,esm2_t30_150M_UR50D
XP_073790448,XP_056302164,0.0001747608184814453,esm2_t30_150M_UR50D
XP_021334632,XP_056321337,0.0023876428604125977,esm2_t30_150M_UR50D
XP_073791697,XP_056301689,0.002998828887939453,esm2_t30_150M_UR50D
NP_001093523,XP_056313129,0.0020772218704223633,esm2_t30_150M_UR50D
NP_001124145,XP_056310694,0.0008276104927062988,esm2_t30_150M_UR50D
XP_009297676,XP_056309414,0.0006552338600158691,esm2_t30_150M_UR50D
NP_001074137,XP_056324182,0.0007922649383544922,esm2_t30_150M_UR50D
XP_001342303,XP_056322443,0.0020241141319274902,esm2_t30_150M_UR50D
NP_001138281,XP_056328268,0.0003313422203063965,esm2_t30_150M_UR50D
XP_001340218,XP_056307068,0.0011972784996032715,esm2_t30_150M_UR50D
NP_001076331,XP_056313390,0.0008736252784729004,esm2_t30_150M_UR50D
XP_073785676,XP_056336631,0.00045603513717651367,esm2_t30_150M_UR50D
NP_001017843,XP_056319218,0.0015593767166137695,esm2_t30_150M_UR50D
NP_001373261,XP_056324685,0.0003133416175842285,esm2_t30_150M_UR50D
NP_001002108,XP_056331268,0.0008308291435241699,esm2_t30_150M_UR50D
NP_001025415,XP_056324323,0.0013018250465393066,esm2_t30_150M_UR50D
XP_073790449,XP_056302165,0.0002174973487854004,esm2_t30_150M_UR50D
NP_001154873,XP_056324495,0.0007622838020324707,esm2_t30_150M_UR50D
XP_005165901,XP_056315629,0.0022904276847839355,esm2_t30_150M_UR50D
NP_001007436,XP_056306795,0.0017388463020324707,esm2_t30_150M_UR50D
XP_073787208,XP_056335448,0.002023041248321533,esm2_t30_150M_UR50D
NP_001104662,XP_056325314,0.001544356346130371,esm2_t30_150M_UR50D
NP_001073144,XP_056337109,0.0005303025245666504,esm2_t30_150M_UR50D
XP_073809974,XP_056315469,0.0026017427444458008,esm2_t30_150M_UR50D
XP_021327030,XP_056308841,0.0018981099128723145,esm2_t30_150M_UR50D
XP_073785667,XP_056336631,0.0009762048721313477,esm2_t30_150M_UR50D
XP_073787400,XP_056335356,0.0010234713554382324,esm2_t30_150M_UR50D
XP_009290393,XP_056331224,0.0008971095085144043,esm2_t30_150M_UR50D
XP_021332139,XP_056312881,0.0007943511009216309,esm2_t30_150M_UR50D
XP_073803131,XP_056311083,0.0009304285049438477,esm2_t30_150M_UR50D
XP_003197745,XP_056312726,0.0012488365173339844,esm2_t30_150M_UR50D
XP_021334186,XP_056320539,0.0009810924530029297,esm2_t30_150M_UR50D
XP_073799133,XP_056308185,7.736682891845703e-05,esm2_t30_150M_UR50D
XP_001921439,XP_056326629,0.0002581477165222168,esm2_t30_150M_UR50D
XP_021334748,XP_056321753,0.0015627741813659668,esm2_t30_150M_UR50D
XP_073786480,XP_056336302,0.00046193599700927734,esm2_t30_150M_UR50D
XP_073801703,XP_056312042,0.0005525350570678711,esm2_t30_150M_UR50D
XP_073801523,XP_056312017,0.0018792152404785156,esm2_t30_150M_UR50D
XP_009293954,XP_056303183,0.001297295093536377,esm2_t30_150M_UR50D
NP_001348442,XP_056318274,0.0008547306060791016,esm2_t30_150M_UR50D
NP_956683,XP_056323167,0.001189589500427246,esm2_t30_150M_UR50D
XP_021324189,XP_056337431,0.0010464191436767578,esm2_t30_150M_UR50D
NP_001159810,XP_056327208,0.001990020275115967,esm2_t30_150M_UR50D
XP_005172727,XP_056322672,0.0006856918334960938,esm2_t30_150M_UR50D
XP_073798913,XP_056307400,8.666515350341797e-05,esm2_t30_150M_UR50D
XP_073798914,XP_056307399,8.666515350341797e-05,esm2_t30_150M_UR50D
NP_001096044,XP_056324448,0.0007364749908447266,esm2_t30_150M_UR50D
NP_001038799,XP_056316974,0.0012612342834472656,esm2_t30_150M_UR50D
NP_001139258,XP_056319869,0.0017666220664978027,esm2_t30_150M_UR50D
NP_001073448,XP_056321274,0.0009007453918457031,esm2_t30_150M_UR50D
XP_021322168,XP_056330029,0.0007402896881103516,esm2_t30_150M_UR50D
XP_005156015,XP_056324806,0.0009614229202270508,esm2_t30_150M_UR50D
NP_001306061,XP_056330585,0.0006256699562072754,esm2_t30_150M_UR50D
XP_073790323,XP_056302574,0.002028942108154297,esm2_t30_150M_UR50D
NP_001314862,XP_056333615,0.0016492009162902832,esm2_t30_150M_UR50D
XP_002666883,XP_056307847,0.0008172392845153809,esm2_t30_150M_UR50D
XP_005163456,XP_056332501,0.0008589625358581543,esm2_t30_150M_UR50D
XP_005173133,XP_056328329,0.0009760856628417969,esm2_t30_150M_UR50D
XP_073796428,XP_056307094,0.0003889799118041992,esm2_t30_150M_UR50D
NP_001258768,XP_056314589,0.0006770491600036621,esm2_t30_150M_UR50D
XP_073798007,XP_056307954,0.0009837150573730469,esm2_t30_150M_UR50D
XP_073808704,XP_056316152,0.002187013626098633,esm2_t30_150M_UR50D
NP_001243177,XP_056325477,0.0014251470565795898,esm2_t30_150M_UR50D
XP_698063,XP_056311426,0.00047457218170166016,esm2_t30_150M_UR50D
NP_001191237,XP_056313196,0.0007138848304748535,esm2_t30_150M_UR50D
NP_001003769,XP_056337386,0.001255035400390625,esm2_t30_150M_UR50D
XP_073787401,XP_056335356,0.0009286999702453613,esm2_t30_150M_UR50D
NP_957297,XP_056333370,0.0015230178833007812,esm2_t30_150M_UR50D
NP_001076408,XP_056321053,0.0008599162101745605,esm2_t30_150M_UR50D
NP_001277347,XP_056324614,0.0008325576782226562,esm2_t30_150M_UR50D
NP_775362,XP_056309194,0.0009374022483825684,esm2_t30_150M_UR50D
NP_001074456,XP_056320562,0.0012923479080200195,esm2_t30_150M_UR50D
NP_001035475,XP_056302892,0.0010061860084533691,esm2_t30_150M_UR50D
NP_001003738,XP_056308281,0.0009614825248718262,esm2_t30_150M_UR50D
XP_005171071,XP_056324023,0.0010294914245605469,esm2_t30_150M_UR50D
NP_001071198,XP_056319493,0.00034737586975097656,esm2_t30_150M_UR50D
NP_001313518,XP_056314570,0.0010581016540527344,esm2_t30_150M_UR50D
XP_073807189,XP_056314570,0.0010581016540527344,esm2_t30_150M_UR50D
NP_001373462,XP_056306525,0.0006050467491149902,esm2_t30_150M_UR50D
XP_073796947,XP_056310350,0.0010991096496582031,esm2_t30_150M_UR50D
NP_001073284,XP_056324900,0.000766456127166748,esm2_t30_150M_UR50D
XP_073805739,XP_056314794,0.0006524324417114258,esm2_t30_150M_UR50D
NP_001076554,XP_056336608,0.0014142990112304688,esm2_t30_150M_UR50D
XP_073805458,XP_056307509,0.0007576346397399902,esm2_t30_150M_UR50D
NP_001082800,XP_056308309,0.0011605620384216309,esm2_t30_150M_UR50D
NP_001313303,XP_056329514,0.0003917217254638672,esm2_t30_150M_UR50D
XP_073800388,XP_056309289,0.0007824301719665527,esm2_t30_150M_UR50D
XP_073800390,XP_056309290,0.0007824301719665527,esm2_t30_150M_UR50D
XP_005163543,XP_056333378,0.0014650821685791016,esm2_t30_150M_UR50D
NP_001245157,XP_056332368,0.0007421970367431641,esm2_t30_150M_UR50D
NP_001006033,XP_056309041,0.0009262561798095703,esm2_t30_150M_UR50D
XP_021324253,XP_056337348,0.0007780194282531738,esm2_t30_150M_UR50D
NP_998474,XP_056319789,0.0005857348442077637,esm2_t30_150M_UR50D
NP_001239390,XP_056331938,0.0016604065895080566,esm2_t30_150M_UR50D
XP_073786328,XP_056334434,0.0011426210403442383,esm2_t30_150M_UR50D
XP_073800591,XP_056306919,0.00505983829498291,esm2_t30_150M_UR50D
XP_009304583,XP_056324303,0.00177687406539917,esm2_t30_150M_UR50D
XP_001339876,XP_056335941,0.0010496973991394043,esm2_t30_150M_UR50D
XP_005157021,XP_056326232,0.000996232032775879,esm2_t30_150M_UR50D
NP_001014359,XP_056333708,0.0006278157234191895,esm2_t30_150M_UR50D
XP_002660769,XP_056328995,0.0007528066635131836,esm2_t30_150M_UR50D
NP_001314830,XP_056333710,0.0011764764785766602,esm2_t30_150M_UR50D
XP_073786718,XP_056337467,0.00025963783264160156,esm2_t30_150M_UR50D
XP_003199150,XP_056320454,0.0011580586433410645,esm2_t30_150M_UR50D
NP_001108161,XP_056312994,0.0011028051376342773,esm2_t30_150M_UR50D
NP_001003545,XP_056325492,0.0006409287452697754,esm2_t30_150M_UR50D
XP_073802092,XP_056312102,0.0003171563148498535,esm2_t30_150M_UR50D
XP_073799471,XP_056310021,0.0006171464920043945,esm2_t30_150M_UR50D
XP_073792392,XP_056303548,0.00036597251892089844,esm2_t30_150M_UR50D
XP_005165821,XP_056315560,0.0005513429641723633,esm2_t30_150M_UR50D
NP_001155221,XP_056308380,0.0010104775428771973,esm2_t30_150M_UR50D
XP_073794695,XP_056304737,0.0005481839179992676,esm2_t30_150M_UR50D
NP_001091718,XP_056302344,0.0007641911506652832,esm2_t30_150M_UR50D
NP_001189413,XP_056332657,0.0017547011375427246,esm2_t30_150M_UR50D
XP_005167077,XP_056319563,0.0005837082862854004,esm2_t30_150M_UR50D
XP_073792908,XP_056303329,0.0005886554718017578,esm2_t30_150M_UR50D
NP_001070845,XP_056320740,0.0009270906448364258,esm2_t30_150M_UR50D
XP_001920282,XP_056306028,0.0020859837532043457,esm2_t30_150M_UR50D
XP_002667428,XP_056324199,0.001220107078552246,esm2_t30_150M_UR50D
NP_001008653,XP_056322984,0.0016240477561950684,esm2_t30_150M_UR50D
XP_073787365,XP_056335140,0.0009733438491821289,esm2_t30_150M_UR50D
XP_073806843,XP_056314466,0.0005338191986083984,esm2_t30_150M_UR50D
NP_956910,XP_056330541,0.0003749728202819824,esm2_t30_150M_UR50D
XP_073807508,XP_056313011,0.000655829906463623,esm2_t30_150M_UR50D
XP_073793719,XP_056303599,0.0015243291854858398,esm2_t30_150M_UR50D
NP_956467,XP_056311667,0.0007415413856506348,esm2_t30_150M_UR50D
XP_073794273,XP_056305238,0.00042003393173217773,esm2_t30_150M_UR50D
XP_073797191,XP_056307205,0.0006861090660095215,esm2_t30_150M_UR50D
XP_073808192,XP_056312752,0.00020366907119750977,esm2_t30_150M_UR50D
NP_001082841,XP_056308244,0.0008497238159179688,esm2_t30_150M_UR50D
NP_938169,XP_056318702,0.0009810328483581543,esm2_t30_150M_UR50D
NP_001166240,XP_056324440,0.0008900165557861328,esm2_t30_150M_UR50D
XP_005166123,XP_056316272,0.0007663965225219727,esm2_t30_150M_UR50D
XP_005169066,XP_056318836,0.0007037520408630371,esm2_t30_150M_UR50D
XP_005163903,XP_056309200,0.0007666349411010742,esm2_t30_150M_UR50D
XP_005161262,XP_056303159,0.0008288025856018066,esm2_t30_150M_UR50D
XP_073792374,XP_056303503,0.0011386871337890625,esm2_t30_150M_UR50D
XP_005158206,XP_056330868,0.0005461573600769043,esm2_t30_150M_UR50D
NP_001122221,XP_056316382,0.0009739995002746582,esm2_t30_150M_UR50D
XP_009289358,XP_056328784,0.0005121231079101562,esm2_t30_150M_UR50D
XP_002665864,XP_056337625,0.0015733838081359863,esm2_t30_150M_UR50D
NP_001076508,XP_056336733,0.001293182373046875,esm2_t30_150M_UR50D
NP_001121712,XP_056320459,0.00039464235305786133,esm2_t30_150M_UR50D
XP_002667440,XP_056304957,0.0016365647315979004,esm2_t30_150M_UR50D
XP_073809576,XP_056315263,0.000642240047454834,esm2_t30_150M_UR50D
XP_073799692,XP_056309457,0.00125807523727417,esm2_t30_150M_UR50D
XP_005173451,XP_056330002,0.000832974910736084,esm2_t30_150M_UR50D
XP_002661302,XP_056310316,0.000887453556060791,esm2_t30_150M_UR50D
XP_001922019,XP_056308027,0.0010571479797363281,esm2_t30_150M_UR50D
NP_001129949,XP_056319250,0.001602470874786377,esm2_t30_150M_UR50D
XP_073804343,XP_056310429,0.000815272331237793,esm2_t30_150M_UR50D
NP_001012372,XP_056334220,0.0009027719497680664,esm2_t30_150M_UR50D
NP_001418075,XP_056337746,0.0007706880569458008,esm2_t30_150M_UR50D
NP_998267,XP_056318802,0.0006023645401000977,esm2_t30_150M_UR50D
NP_001025433,XP_056329776,0.0008489489555358887,esm2_t30_150M_UR50D
NP_001006091,XP_056333616,0.002749025821685791,esm2_t30_150M_UR50D
NP_001410660,XP_056303027,0.001902163028717041,esm2_t30_150M_UR50D
NP_571231,XP_056304791,0.0006862878799438477,esm2_t30_150M_UR50D
NP_001077337,XP_056320892,0.00128251314163208,esm2_t30_150M_UR50D
NP_001315274,XP_056313013,0.000763237476348877,esm2_t30_150M_UR50D
XP_009303552,XP_056322276,0.0003663301467895508,esm2_t30_150M_UR50D
XP_005163555,XP_056333772,0.0009202361106872559,esm2_t30_150M_UR50D
XP_073805573,XP_056303348,0.0006571412086486816,esm2_t30_150M_UR50D
NP_001076419,XP_056334355,0.0006392002105712891,esm2_t30_150M_UR50D
XP_073791556,XP_056302477,0.00042563676834106445,esm2_t30_150M_UR50D
XP_073808944,XP_056316124,0.0006711483001708984,esm2_t30_150M_UR50D
NP_001007290,XP_056327087,0.0018939375877380371,esm2_t30_150M_UR50D
XP_073797702,XP_056306691,0.0009503960609436035,esm2_t30_150M_UR50D
NP_001025308,XP_056334874,0.0008469223976135254,esm2_t30_150M_UR50D
XP_021336400,XP_056326604,0.0007554292678833008,esm2_t30_150M_UR50D
NP_001188278,XP_056323378,0.0008345246315002441,esm2_t30_150M_UR50D
XP_005166511,XP_056317964,0.0005235671997070312,esm2_t30_150M_UR50D
XP_005166511,XP_056317965,0.0005235671997070312,esm2_t30_150M_UR50D
XP_073794112,XP_056305461,0.0005728006362915039,esm2_t30_150M_UR50D
XP_009302026,XP_056320057,0.0003510117530822754,esm2_t30_150M_UR50D
NP_001243652,XP_056321522,0.0004597306251525879,esm2_t30_150M_UR50D
NP_001129443,XP_056307193,0.0004590153694152832,esm2_t30_150M_UR50D
XP_005155457,XP_056312530,0.0007717609405517578,esm2_t30_150M_UR50D
XP_073797700,XP_056306690,0.0009652972221374512,esm2_t30_150M_UR50D
XP_017208134,XP_056336618,7.236003875732422e-05,esm2_t30_150M_UR50D
NP_001410928,XP_056328709,0.0004490017890930176,esm2_t30_150M_UR50D
XP_073809598,XP_056315310,0.0008798837661743164,esm2_t30_150M_UR50D
XP_009305674,XP_056326499,0.0022344589233398438,esm2_t30_150M_UR50D
XP_073788329,XP_056326044,0.0010681748390197754,esm2_t30_150M_UR50D
NP_001103947,XP_056333541,0.0003325939178466797,esm2_t30_150M_UR50D
XP_073788148,XP_056337428,0.0007358193397521973,esm2_t30_150M_UR50D
XP_073788146,XP_056337428,0.0007358193397521973,esm2_t30_150M_UR50D
XP_005172140,XP_056315372,0.0004502534866333008,esm2_t30_150M_UR50D
XP_073789384,XP_056337600,0.0006395578384399414,esm2_t30_150M_UR50D
XP_005163268,XP_056308001,0.0009176731109619141,esm2_t30_150M_UR50D
XP_073794328,XP_056305940,0.0011348128318786621,esm2_t30_150M_UR50D
XP_073799389,XP_056308317,0.0009461641311645508,esm2_t30_150M_UR50D
XP_073809674,XP_056315374,0.0004884600639343262,esm2_t30_150M_UR50D
XP_009296400,XP_056308318,0.0009111166000366211,esm2_t30_150M_UR50D
NP_001094417,XP_056313075,0.0006955265998840332,esm2_t30_150M_UR50D
XP_005160228,XP_056312215,0.0003300905227661133,esm2_t30_150M_UR50D
NP_001334810,XP_056327261,0.0006808042526245117,esm2_t30_150M_UR50D
NP_001132934,XP_056335792,0.0007925629615783691,esm2_t30_150M_UR50D
XP_021323377,XP_056334145,0.0007976293563842773,esm2_t30_150M_UR50D
NP_963874,XP_056311236,0.00021952390670776367,esm2_t30_150M_UR50D
XP_009296338,XP_056307317,0.001168966293334961,esm2_t30_150M_UR50D
XP_009293482,XP_056302396,0.00047510862350463867,esm2_t30_150M_UR50D
XP_005164438,XP_056310135,0.0006801486015319824,esm2_t30_150M_UR50D
NP_957431,XP_056330677,0.0008791089057922363,esm2_t30_150M_UR50D
XP_017213593,XP_056323320,0.0010015368461608887,esm2_t30_150M_UR50D
XP_005155912,XP_056323633,0.0007562637329101562,esm2_t30_150M_UR50D
NP_001373647,XP_056312863,0.00044482946395874023,esm2_t30_150M_UR50D
XP_073798240,XP_056307325,0.0005665421485900879,esm2_t30_150M_UR50D
XP_021335468,XP_056324314,0.0002346634864807129,esm2_t30_150M_UR50D
XP_073786743,XP_056301248,0.0009825825691223145,esm2_t30_150M_UR50D
NP_956923,XP_056331353,0.00042170286178588867,esm2_t30_150M_UR50D
NP_001074161,XP_056318353,0.00032007694244384766,esm2_t30_150M_UR50D
NP_956219,XP_056334832,0.0006800293922424316,esm2_t30_150M_UR50D
XP_073795722,XP_056304794,0.00014668703079223633,esm2_t30_150M_UR50D
XP_073786839,XP_056336484,0.0010382533073425293,esm2_t30_150M_UR50D
XP_073796214,XP_056306326,0.0003838539123535156,esm2_t30_150M_UR50D
XP_003199702,XP_056324938,0.001182258129119873,esm2_t30_150M_UR50D
XP_001338050,XP_056305898,0.000522911548614502,esm2_t30_150M_UR50D
NP_001300637,XP_056320215,0.0014989376068115234,esm2_t30_150M_UR50D
XP_073804867,XP_056313625,0.0004680156707763672,esm2_t30_150M_UR50D
NP_001289407,XP_056303158,0.0005667209625244141,esm2_t30_150M_UR50D
NP_001373225,XP_056329373,0.0007697939872741699,esm2_t30_150M_UR50D
NP_001315525,XP_056312101,0.001798391342163086,esm2_t30_150M_UR50D
XP_073792768,XP_056304029,0.0005513429641723633,esm2_t30_150M_UR50D
NP_001038706,XP_056334260,0.00023025274276733398,esm2_t30_150M_UR50D
XP_073807992,XP_056313266,0.00024968385696411133,esm2_t30_150M_UR50D
XP_073785462,XP_056336487,0.0013620257377624512,esm2_t30_150M_UR50D
XP_021332043,XP_056312785,0.0008449554443359375,esm2_t30_150M_UR50D
NP_001006060,XP_056329486,0.0006082653999328613,esm2_t30_150M_UR50D
NP_001093466,XP_056313827,0.00026983022689819336,esm2_t30_150M_UR50D
XP_005157135,XP_056313902,0.0007821321487426758,esm2_t30_150M_UR50D
NP_001373590,XP_056308222,0.0012869834899902344,esm2_t30_150M_UR50D
XP_005158182,XP_056308495,0.0004296302795410156,esm2_t30_150M_UR50D
XP_073801950,XP_056311221,0.0005698800086975098,esm2_t30_150M_UR50D
XP_073810189,XP_056315791,0.0003127455711364746,esm2_t30_150M_UR50D
XP_073801617,XP_056312276,0.0008584856986999512,esm2_t30_150M_UR50D
NP_997940,XP_056334702,0.000660240650177002,esm2_t30_150M_UR50D
NP_835232,XP_056315789,0.0003104209899902344,esm2_t30_150M_UR50D
XP_005167308,XP_056319147,0.0004642605781555176,esm2_t30_150M_UR50D
XP_005169360,XP_056324136,0.0004627108573913574,esm2_t30_150M_UR50D
XP_073787877,XP_056336488,0.0005718469619750977,esm2_t30_150M_UR50D
XP_005168400,XP_056316893,0.00023245811462402344,esm2_t30_150M_UR50D
XP_002662532,XP_056316117,0.0006622076034545898,esm2_t30_150M_UR50D
XP_073799686,XP_056309568,0.00015461444854736328,esm2_t30_150M_UR50D
NP_956801,XP_056321352,0.0008875131607055664,esm2_t30_150M_UR50D
NP_001003753,XP_056314391,0.0012215971946716309,esm2_t30_150M_UR50D
NP_955956,XP_056312683,0.00048100948333740234,esm2_t30_150M_UR50D
NP_001038834,XP_056329695,0.0007480978965759277,esm2_t30_150M_UR50D
XP_009302544,XP_056319082,0.000650942325592041,esm2_t30_150M_UR50D
XP_073810181,XP_056315799,0.0006794929504394531,esm2_t30_150M_UR50D
XP_073788151,XP_056337428,0.0006232261657714844,esm2_t30_150M_UR50D
XP_009291413,XP_056333364,0.0004527568817138672,esm2_t30_150M_UR50D
NP_001373182,XP_056329177,0.00040537118911743164,esm2_t30_150M_UR50D
XP_009295472,XP_056306326,0.00034224987030029297,esm2_t30_150M_UR50D
XP_689494,XP_056310018,0.0012339353561401367,esm2_t30_150M_UR50D
XP_073805283,XP_056313179,0.0001455545425415039,esm2_t30_150M_UR50D
NP_001038732,XP_056315098,0.0034331679344177246,esm2_t30_150M_UR50D
NP_001315077,XP_056321495,0.0011771917343139648,esm2_t30_150M_UR50D
NP_001074100,XP_056301359,0.00041943788528442383,esm2_t30_150M_UR50D
XP_009293386,XP_056302871,0.00034248828887939453,esm2_t30_150M_UR50D
XP_073798688,XP_056308228,0.0014167428016662598,esm2_t30_150M_UR50D
XP_073789117,XP_056336924,0.0006899237632751465,esm2_t30_150M_UR50D
NP_001155959,XP_056336924,0.0006899237632751465,esm2_t30_150M_UR50D
NP_001002343,XP_056335464,0.0003758668899536133,esm2_t30_150M_UR50D
XP_017213911,XP_056325430,0.0011585354804992676,esm2_t30_150M_UR50D
XP_073800483,XP_056309394,0.0007190108299255371,esm2_t30_150M_UR50D
NP_001313647,XP_056318929,0.0010595917701721191,esm2_t30_150M_UR50D
XP_001344126,XP_056328376,0.0005753636360168457,esm2_t30_150M_UR50D
XP_073788171,XP_056337428,0.0006975531578063965,esm2_t30_150M_UR50D
XP_073788170,XP_056337428,0.0006975531578063965,esm2_t30_150M_UR50D
NP_001002122,XP_056315994,0.00045806169509887695,esm2_t30_150M_UR50D
XP_696773,XP_056336548,0.00037848949432373047,esm2_t30_150M_UR50D
XP_073800369,XP_056309239,0.000746309757232666,esm2_t30_150M_UR50D
XP_697468,XP_056323589,0.0006185173988342285,esm2_t30_150M_UR50D
XP_005163269,XP_056308253,0.0008064508438110352,esm2_t30_150M_UR50D
XP_009301640,XP_056317883,0.0005646944046020508,esm2_t30_150M_UR50D
NP_001107062,XP_056320886,0.0005849599838256836,esm2_t30_150M_UR50D
XP_005165179,XP_056313637,0.000727236270904541,esm2_t30_150M_UR50D
XP_073805462,XP_056306530,0.0014104247093200684,esm2_t30_150M_UR50D
NP_001252536,XP_056307291,0.0006309747695922852,esm2_t30_150M_UR50D
NP_001017763,XP_056308297,0.0005033016204833984,esm2_t30_150M_UR50D
NP_001025446,XP_056337612,0.00047284364700317383,esm2_t30_150M_UR50D
XP_073808186,XP_056313563,0.0005089640617370605,esm2_t30_150M_UR50D
NP_001070739,XP_056314093,0.0005179643630981445,esm2_t30_150M_UR50D
NP_001035011,XP_056328561,0.0008249282836914062,esm2_t30_150M_UR50D
NP_001036213,XP_056303695,0.0007037520408630371,esm2_t30_150M_UR50D
XP_021328841,XP_056309113,0.0006389617919921875,esm2_t30_150M_UR50D
NP_998083,XP_056319357,0.0007711648941040039,esm2_t30_150M_UR50D
NP_001017776,XP_056302667,0.0017227530479431152,esm2_t30_150M_UR50D
XP_073799678,XP_056309292,0.0007333755493164062,esm2_t30_150M_UR50D
XP_005173217,XP_056328348,0.0005587935447692871,esm2_t30_150M_UR50D
XP_005160202,XP_056312428,0.0008780360221862793,esm2_t30_150M_UR50D
XP_073785397,XP_056334011,0.0006607770919799805,esm2_t30_150M_UR50D
NP_001373205,XP_056328704,0.0005258917808532715,esm2_t30_150M_UR50D
NP_001017786,XP_056310186,0.001364290714263916,esm2_t30_150M_UR50D
XP_021326136,XP_056307403,0.0008266568183898926,esm2_t30_150M_UR50D
XP_073808513,XP_056315644,0.008816301822662354,esm2_t30_150M_UR50D
XP_005172154,XP_056316419,0.00047850608825683594,esm2_t30_150M_UR50D
NP_001096668,XP_056335095,0.00042134523391723633,esm2_t30_150M_UR50D
NP_001313648,XP_056318936,0.002751648426055908,esm2_t30_150M_UR50D
XP_683309,XP_056309383,0.000916600227355957,esm2_t30_150M_UR50D
NP_001103871,XP_056315859,0.0009391903877258301,esm2_t30_150M_UR50D
NP_001373248,XP_056322274,0.0010699033737182617,esm2_t30_150M_UR50D
XP_693491,XP_056301249,0.0003381967544555664,esm2_t30_150M_UR50D
XP_009302520,XP_056319228,0.0017251372337341309,esm2_t30_150M_UR50D
XP_073794349,XP_056305507,0.0003758072853088379,esm2_t30_150M_UR50D
NP_001318129,XP_056305119,0.0004692673683166504,esm2_t30_150M_UR50D
XP_021332887,XP_056316174,0.0005461573600769043,esm2_t30_150M_UR50D
XP_009290791,XP_056330845,0.00042176246643066406,esm2_t30_150M_UR50D
NP_001005988,XP_056316273,0.002155601978302002,esm2_t30_150M_UR50D
NP_001005988,XP_056316274,0.002155601978302002,esm2_t30_150M_UR50D
XP_005170607,XP_056304082,0.001001596450805664,esm2_t30_150M_UR50D
XP_009291852,XP_056334951,0.0006018280982971191,esm2_t30_150M_UR50D
XP_021326091,XP_056309213,0.0011011958122253418,esm2_t30_150M_UR50D
XP_073796503,XP_056306722,0.0005071759223937988,esm2_t30_150M_UR50D
XP_073796504,XP_056306721,0.0005071759223937988,esm2_t30_150M_UR50D
NP_957075,XP_056318995,0.00014954805374145508,esm2_t30_150M_UR50D
NP_001091730,XP_056313902,0.0007821321487426758,esm2_t30_150M_UR50D
NP_571139,XP_056304916,0.000634610652923584,esm2_t30_150M_UR50D
XP_005161976,XP_056304917,0.000634610652923584,esm2_t30_150M_UR50D
XP_009289277,XP_056328560,0.0009527206420898438,esm2_t30_150M_UR50D
NP_956369,XP_056309126,0.0007193684577941895,esm2_t30_150M_UR50D
NP_001315622,XP_056318837,0.0010551810264587402,esm2_t30_150M_UR50D
NP_957145,XP_056315297,0.0006917119026184082,esm2_t30_150M_UR50D
NP_001018462,XP_056302703,0.0007547736167907715,esm2_t30_150M_UR50D
XP_021334793,XP_056323581,0.0010449886322021484,esm2_t30_150M_UR50D
XP_017209063,XP_056306012,0.0005524754524230957,esm2_t30_150M_UR50D
XP_017212638,XP_056318426,0.0003865957260131836,esm2_t30_150M_UR50D
NP_001313511,XP_056315059,0.0006595253944396973,esm2_t30_150M_UR50D
NP_001002218,XP_056309139,0.0005301237106323242,esm2_t30_150M_UR50D
NP_001006006,XP_056326028,0.00046938657760620117,esm2_t30_150M_UR50D
XP_005157914,XP_056331053,0.0009096860885620117,esm2_t30_150M_UR50D
NP_001009918,XP_056306401,0.0007260441780090332,esm2_t30_150M_UR50D
XP_073808166,XP_056313484,0.0002307295799255371,esm2_t30_150M_UR50D
XP_073786341,XP_056333998,0.0004265308380126953,esm2_t30_150M_UR50D
NP_957082,XP_056312819,0.0006008744239807129,esm2_t30_150M_UR50D
XP_005159014,XP_056332670,0.0011234879493713379,esm2_t30_150M_UR50D
XP_021322044,XP_056330463,0.0006240010261535645,esm2_t30_150M_UR50D
XP_005155462,XP_056322293,0.0007745027542114258,esm2_t30_150M_UR50D
NP_001002430,XP_056329927,0.0009005069732666016,esm2_t30_150M_UR50D
XP_073785574,XP_056334845,4.649162292480469e-05,esm2_t30_150M_UR50D
XP_001333235,XP_056336210,0.0008635520935058594,esm2_t30_150M_UR50D
XP_009296422,XP_056323017,0.0002696514129638672,esm2_t30_150M_UR50D
NP_957061,XP_056329597,0.0003641843795776367,esm2_t30_150M_UR50D
XP_073797019,XP_056306835,0.0003350377082824707,esm2_t30_150M_UR50D
NP_001265531,XP_056337693,0.0013141632080078125,esm2_t30_150M_UR50D
NP_001013287,XP_056316758,0.00028198957443237305,esm2_t30_150M_UR50D
XP_021327596,XP_056317483,0.00016075372695922852,esm2_t30_150M_UR50D
XP_005162247,XP_056304857,0.0001246929168701172,esm2_t30_150M_UR50D
XP_073791602,XP_056324992,0.0006936788558959961,esm2_t30_150M_UR50D
XP_073806043,XP_056313638,0.0006431341171264648,esm2_t30_150M_UR50D
XP_073806043,XP_056313640,0.0006431341171264648,esm2_t30_150M_UR50D
NP_001038357,XP_056335909,0.0013286471366882324,esm2_t30_150M_UR50D
XP_005173239,XP_056328263,0.0026046037673950195,esm2_t30_150M_UR50D
XP_017208065,XP_056328120,0.0007005929946899414,esm2_t30_150M_UR50D
XP_009298154,XP_056310362,0.00044798851013183594,esm2_t30_150M_UR50D
XP_009302825,XP_056320940,3.6835670471191406e-05,esm2_t30_150M_UR50D
XP_073786287,XP_056334802,0.0009027719497680664,esm2_t30_150M_UR50D
XP_021327347,XP_056314158,0.000483095645904541,esm2_t30_150M_UR50D
XP_073791216,XP_056302414,0.0014251470565795898,esm2_t30_150M_UR50D
XP_073788354,XP_056301575,0.00044095516204833984,esm2_t30_150M_UR50D
XP_073785221,XP_056333872,0.0006769299507141113,esm2_t30_150M_UR50D
NP_001007315,XP_056332185,0.0004940032958984375,esm2_t30_150M_UR50D
XP_073798610,XP_056308288,0.0002225637435913086,esm2_t30_150M_UR50D
XP_073809510,XP_056315610,0.0006771087646484375,esm2_t30_150M_UR50D
XP_009294522,XP_056304205,0.00032520294189453125,esm2_t30_150M_UR50D
XP_003200424,XP_056332814,0.0003132820129394531,esm2_t30_150M_UR50D
XP_005168471,XP_056329368,0.0008663535118103027,esm2_t30_150M_UR50D
NP_998304,XP_056312697,0.0025939345359802246,esm2_t30_150M_UR50D
NP_001014323,XP_056308250,0.0033023953437805176,esm2_t30_150M_UR50D
XP_073808927,XP_056313249,0.0002701282501220703,esm2_t30_150M_UR50D
XP_005160189,XP_056312467,0.000511467456817627,esm2_t30_150M_UR50D
NP_001373560,XP_056306673,0.0011261701583862305,esm2_t30_150M_UR50D
NP_998248,XP_056314587,0.0007047653198242188,esm2_t30_150M_UR50D
NP_001315523,XP_056323750,0.00037354230880737305,esm2_t30_150M_UR50D
XP_073785661,XP_056334559,0.0006197094917297363,esm2_t30_150M_UR50D
XP_073809358,XP_056316337,0.0007917881011962891,esm2_t30_150M_UR50D
XP_073809367,XP_056316337,0.0007917881011962891,esm2_t30_150M_UR50D
XP_005166119,XP_056316337,0.0007917881011962891,esm2_t30_150M_UR50D
XP_073809391,XP_056316338,0.0007917881011962891,esm2_t30_150M_UR50D
XP_073809379,XP_056316338,0.0007917881011962891,esm2_t30_150M_UR50D
XP_073809355,XP_056316337,0.0007917881011962891,esm2_t30_150M_UR50D
XP_073786524,XP_056336246,0.00035637617111206055,esm2_t30_150M_UR50D
XP_073786524,XP_056336245,0.00035637617111206055,esm2_t30_150M_UR50D
XP_073786524,XP_056336244,0.00035637617111206055,esm2_t30_150M_UR50D
XP_009305755,XP_056327080,0.00028121471405029297,esm2_t30_150M_UR50D
NP_001005592,XP_056319280,0.00032979249954223633,esm2_t30_150M_UR50D
NP_001070800,XP_056318840,0.0007935762405395508,esm2_t30_150M_UR50D
XP_009295491,XP_056306345,0.0004387497901916504,esm2_t30_150M_UR50D
XP_021328883,XP_056332918,0.0009645819664001465,esm2_t30_150M_UR50D
XP_001332484,XP_056307781,0.000973045825958252,esm2_t30_150M_UR50D
XP_073786428,XP_056334019,0.0013359785079956055,esm2_t30_150M_UR50D
XP_005173827,XP_056335938,0.00024402141571044922,esm2_t30_150M_UR50D
XP_073809525,XP_056315131,0.0005465149879455566,esm2_t30_150M_UR50D
XP_073809525,XP_056315132,0.0005465149879455566,esm2_t30_150M_UR50D
NP_997784,XP_056334795,0.0006233453750610352,esm2_t30_150M_UR50D
NP_001070809,XP_056324086,0.00041985511779785156,esm2_t30_150M_UR50D
XP_005164005,XP_056309502,0.00028902292251586914,esm2_t30_150M_UR50D
XP_005164005,XP_056309503,0.00028902292251586914,esm2_t30_150M_UR50D
NP_001155959,XP_056336925,0.0005766749382019043,esm2_t30_150M_UR50D
XP_009293301,XP_056336925,0.0005766749382019043,esm2_t30_150M_UR50D
XP_005165978,XP_056315935,0.00027638673782348633,esm2_t30_150M_UR50D
NP_001108048,XP_056303849,0.0015849471092224121,esm2_t30_150M_UR50D
NP_001104657,XP_056327080,0.00028580427169799805,esm2_t30_150M_UR50D
XP_073793080,XP_056303314,0.00016498565673828125,esm2_t30_150M_UR50D
XP_021323777,XP_056335206,8.881092071533203e-05,esm2_t30_150M_UR50D
NP_001410864,XP_056324733,0.0009050965309143066,esm2_t30_150M_UR50D
NP_998461,XP_056310263,0.0004569888114929199,esm2_t30_150M_UR50D
XP_005164822,XP_056311047,0.0008200407028198242,esm2_t30_150M_UR50D
XP_001337612,XP_056329432,0.0007977485656738281,esm2_t30_150M_UR50D
XP_009303464,XP_056322126,0.0012748241424560547,esm2_t30_150M_UR50D
NP_999902,XP_056324655,0.0006123781204223633,esm2_t30_150M_UR50D
NP_001018504,XP_056307271,0.0005981326103210449,esm2_t30_150M_UR50D
NP_956596,XP_056337303,0.0004239678382873535,esm2_t30_150M_UR50D
NP_997905,XP_056335617,0.0007576942443847656,esm2_t30_150M_UR50D
NP_001002684,XP_056303111,0.00042998790740966797,esm2_t30_150M_UR50D
XP_073807894,XP_056313187,0.0009821057319641113,esm2_t30_150M_UR50D
NP_001013318,XP_056318703,0.0011459589004516602,esm2_t30_150M_UR50D
NP_001243709,XP_056332469,0.00047600269317626953,esm2_t30_150M_UR50D
XP_021333890,XP_056319394,0.0004076957702636719,esm2_t30_150M_UR50D
NP_001373169,XP_056303060,0.0003814697265625,esm2_t30_150M_UR50D
XP_073790877,XP_056302939,0.0005651116371154785,esm2_t30_150M_UR50D
XP_073806134,XP_056314262,0.0006552934646606445,esm2_t30_150M_UR50D
NP_001275592,XP_056302153,0.0004254579544067383,esm2_t30_150M_UR50D
XP_021335796,XP_056324966,0.00045603513717651367,esm2_t30_150M_UR50D
NP_957434,XP_056323778,0.00017899274826049805,esm2_t30_150M_UR50D
XP_005165223,XP_056313725,0.0006974935531616211,esm2_t30_150M_UR50D
NP_001002592,XP_056322963,0.0005312561988830566,esm2_t30_150M_UR50D
XP_021330990,XP_056311385,0.0004971623420715332,esm2_t30_150M_UR50D
NP_001035185,XP_056335084,0.000558018684387207,esm2_t30_150M_UR50D
NP_001304693,XP_056301305,0.0013721585273742676,esm2_t30_150M_UR50D
XP_009304516,XP_056323673,0.0006720423698425293,esm2_t30_150M_UR50D
XP_685049,XP_056304696,0.0005118846893310547,esm2_t30_150M_UR50D
NP_956095,XP_056307993,0.00043070316314697266,esm2_t30_150M_UR50D
NP_001348443,XP_056318317,0.00036966800689697266,esm2_t30_150M_UR50D
NP_998445,XP_056314754,0.0002532005310058594,esm2_t30_150M_UR50D
XP_005167328,XP_056319159,0.0008043646812438965,esm2_t30_150M_UR50D
XP_073796694,XP_056306150,0.0003104209899902344,esm2_t30_150M_UR50D
NP_991274,XP_056303705,0.0005515813827514648,esm2_t30_150M_UR50D
XP_005170948,XP_056315463,0.0007249712944030762,esm2_t30_150M_UR50D
XP_003200756,XP_056301471,0.0005879998207092285,esm2_t30_150M_UR50D
XP_017208279,XP_056301910,0.0007221698760986328,esm2_t30_150M_UR50D
NP_001122292,XP_056327283,0.0007531046867370605,esm2_t30_150M_UR50D
NP_001108040,XP_056324018,0.0006760358810424805,esm2_t30_150M_UR50D
NP_956669,XP_056315807,0.00041544437408447266,esm2_t30_150M_UR50D
XP_689465,XP_056303309,0.0004495978355407715,esm2_t30_150M_UR50D
NP_571108,XP_056312823,0.00042825937271118164,esm2_t30_150M_UR50D
XP_073787288,XP_056336498,0.0006238818168640137,esm2_t30_150M_UR50D
XP_005158581,XP_056332950,0.0005401372909545898,esm2_t30_150M_UR50D
XP_009292113,XP_056308632,0.00034368038177490234,esm2_t30_150M_UR50D
XP_009295234,XP_056304828,0.0003158450126647949,esm2_t30_150M_UR50D
XP_073787871,XP_056301943,0.000541388988494873,esm2_t30_150M_UR50D
NP_001103597,XP_056305785,0.0009139180183410645,esm2_t30_150M_UR50D
XP_073809201,XP_056315563,0.00042128562927246094,esm2_t30_150M_UR50D
XP_073790728,XP_056302703,0.0006231069564819336,esm2_t30_150M_UR50D
XP_073808082,XP_056312816,0.000523686408996582,esm2_t30_150M_UR50D
XP_021328768,XP_056332350,0.00028127431869506836,esm2_t30_150M_UR50D
XP_073790762,XP_056302983,0.0005702376365661621,esm2_t30_150M_UR50D
XP_073790761,XP_056302982,0.0005702376365661621,esm2_t30_150M_UR50D
NP_001333080,XP_056311537,0.0009126067161560059,esm2_t30_150M_UR50D
NP_001025142,XP_056332290,0.0004305243492126465,esm2_t30_150M_UR50D
NP_001074083,XP_056316572,0.00017720460891723633,esm2_t30_150M_UR50D
NP_956085,XP_056306904,0.0003884434700012207,esm2_t30_150M_UR50D
XP_073800481,XP_056309389,0.00016802549362182617,esm2_t30_150M_UR50D
XP_017214016,XP_056325246,0.00045818090438842773,esm2_t30_150M_UR50D
XP_021322905,XP_056332746,0.0008115768432617188,esm2_t30_150M_UR50D
NP_001012312,XP_056302319,0.00012695789337158203,esm2_t30_150M_UR50D
XP_073785016,XP_056334504,0.0010491609573364258,esm2_t30_150M_UR50D
NP_991148,XP_056313822,0.0006784796714782715,esm2_t30_150M_UR50D
XP_009301762,XP_056318926,0.0005897879600524902,esm2_t30_150M_UR50D
XP_073796695,XP_056306150,0.0003325343132019043,esm2_t30_150M_UR50D
XP_021332547,XP_056312892,0.0002396702766418457,esm2_t30_150M_UR50D
NP_001116722,XP_056316007,0.000326693058013916,esm2_t30_150M_UR50D
NP_956732,XP_056336837,0.0007041096687316895,esm2_t30_150M_UR50D
XP_692939,XP_056325147,0.0005472898483276367,esm2_t30_150M_UR50D
XP_009304046,XP_056323833,0.00041484832763671875,esm2_t30_150M_UR50D
XP_002660750,XP_056328721,0.0005612373352050781,esm2_t30_150M_UR50D
XP_073805396,XP_056308926,0.0007335543632507324,esm2_t30_150M_UR50D
XP_009305510,XP_056326827,0.0003905296325683594,esm2_t30_150M_UR50D
XP_017209214,XP_056305669,0.0006969571113586426,esm2_t30_150M_UR50D
XP_021329266,XP_056305228,0.0005524754524230957,esm2_t30_150M_UR50D
XP_005166542,XP_056318000,0.00044846534729003906,esm2_t30_150M_UR50D
XP_005172311,XP_056318786,0.0010998249053955078,esm2_t30_150M_UR50D
XP_005162523,XP_056319131,0.0008385777473449707,esm2_t30_150M_UR50D
XP_005156580,XP_056327118,0.00041806697845458984,esm2_t30_150M_UR50D
NP_001038288,XP_056336368,0.0007196664810180664,esm2_t30_150M_UR50D
XP_699919,XP_056319548,0.00026357173919677734,esm2_t30_150M_UR50D
XP_073796273,XP_056315218,0.00048673152923583984,esm2_t30_150M_UR50D
XP_009300272,XP_056314768,0.0004622340202331543,esm2_t30_150M_UR50D
NP_957500,XP_056326541,0.0007396936416625977,esm2_t30_150M_UR50D
XP_073794535,XP_056306012,0.0004839897155761719,esm2_t30_150M_UR50D
NP_001004580,XP_056336010,0.0023856163024902344,esm2_t30_150M_UR50D
XP_021326390,XP_056309655,0.0003432631492614746,esm2_t30_150M_UR50D
NP_001073486,XP_056317384,0.0007340908050537109,esm2_t30_150M_UR50D
NP_001070769,XP_056305085,0.000583648681640625,esm2_t30_150M_UR50D
XP_017207509,XP_056334003,0.0026195645332336426,esm2_t30_150M_UR50D
XP_073787024,XP_056335898,0.0003482699394226074,esm2_t30_150M_UR50D
NP_001038822,XP_056326802,0.0004475712776184082,esm2_t30_150M_UR50D
XP_073806755,XP_056313565,0.00026875734329223633,esm2_t30_150M_UR50D
NP_001070053,XP_056318289,0.000980973243713379,esm2_t30_150M_UR50D
XP_005171500,XP_056324211,0.000483095645904541,esm2_t30_150M_UR50D
XP_073805215,XP_056317862,0.0008977055549621582,esm2_t30_150M_UR50D
XP_073797888,XP_056307762,0.0006053447723388672,esm2_t30_150M_UR50D
NP_001417870,XP_056304952,0.0007919669151306152,esm2_t30_150M_UR50D
NP_001417870,XP_056304951,0.0007919669151306152,esm2_t30_150M_UR50D
XP_073808782,XP_056315620,0.0009078383445739746,esm2_t30_150M_UR50D
XP_073808778,XP_056315620,0.0009078383445739746,esm2_t30_150M_UR50D
XP_005167220,XP_056319408,0.0005372762680053711,esm2_t30_150M_UR50D
XP_021326390,XP_056309654,0.00034099817276000977,esm2_t30_150M_UR50D
NP_001107071,XP_056325494,0.0005025863647460938,esm2_t30_150M_UR50D
NP_001020663,XP_056337464,0.0006169676780700684,esm2_t30_150M_UR50D
XP_021332756,XP_056314996,0.0003629326820373535,esm2_t30_150M_UR50D
NP_001373526,XP_056305849,0.000588834285736084,esm2_t30_150M_UR50D
XP_073809027,XP_056316531,0.00029855966567993164,esm2_t30_150M_UR50D
XP_005173186,XP_056328276,0.00017303228378295898,esm2_t30_150M_UR50D
NP_571667,XP_056329961,0.0005035400390625,esm2_t30_150M_UR50D
XP_073801716,XP_056311218,0.0003476738929748535,esm2_t30_150M_UR50D
NP_001001838,XP_056306884,0.00034928321838378906,esm2_t30_150M_UR50D
XP_009292403,XP_056336215,0.0003389716148376465,esm2_t30_150M_UR50D
NP_001025246,XP_056309654,0.00034117698669433594,esm2_t30_150M_UR50D
XP_021323655,XP_056336432,0.0003566145896911621,esm2_t30_150M_UR50D
XP_073801853,XP_056312286,0.00048655271530151367,esm2_t30_150M_UR50D
NP_571201,XP_056320643,0.00035768747329711914,esm2_t30_150M_UR50D
NP_001352516,XP_056314739,0.0004242062568664551,esm2_t30_150M_UR50D
XP_021334491,XP_056332103,0.0006080269813537598,esm2_t30_150M_UR50D
XP_073809680,XP_056315372,0.0005937814712524414,esm2_t30_150M_UR50D
XP_021325872,XP_056306246,0.0003924369812011719,esm2_t30_150M_UR50D
XP_021333706,XP_056318333,0.00027936697006225586,esm2_t30_150M_UR50D
XP_073807896,XP_056313177,0.0005508661270141602,esm2_t30_150M_UR50D
XP_073806727,XP_056313990,0.00033843517303466797,esm2_t30_150M_UR50D
XP_073806730,XP_056313989,0.00033843517303466797,esm2_t30_150M_UR50D
XP_073806728,XP_056313990,0.00033843517303466797,esm2_t30_150M_UR50D
XP_002667042,XP_056308827,0.0002779960632324219,esm2_t30_150M_UR50D
XP_005164012,XP_056309513,0.0007256865501403809,esm2_t30_150M_UR50D
XP_068069081,XP_056326508,0.000456392765045166,esm2_t30_150M_UR50D
XP_017210021,XP_056309878,0.000610649585723877,esm2_t30_150M_UR50D
NP_998193,XP_056309357,0.00024211406707763672,esm2_t30_150M_UR50D
XP_005171209,XP_056327465,0.0002509951591491699,esm2_t30_150M_UR50D
NP_001038525,XP_056335830,0.001311957836151123,esm2_t30_150M_UR50D
XP_073798835,XP_056307712,0.0005796551704406738,esm2_t30_150M_UR50D
XP_073797505,XP_056306678,0.00033205747604370117,esm2_t30_150M_UR50D
NP_001003988,XP_056331651,0.0006406903266906738,esm2_t30_150M_UR50D
XP_073808682,XP_056315355,0.00015938282012939453,esm2_t30_150M_UR50D
XP_073796483,XP_056306770,0.00041049718856811523,esm2_t30_150M_UR50D
NP_001124143,XP_056301393,0.0008039474487304688,esm2_t30_150M_UR50D
XP_073793089,XP_056303314,0.0001537799835205078,esm2_t30_150M_UR50D
XP_073793078,XP_056303314,0.00016647577285766602,esm2_t30_150M_UR50D
XP_073793083,XP_056303314,0.00013583898544311523,esm2_t30_150M_UR50D
NP_001018145,XP_056309109,0.000805974006652832,esm2_t30_150M_UR50D
NP_001002358,XP_056335513,0.000380098819732666,esm2_t30_150M_UR50D
NP_001002617,XP_056311742,0.0005876421928405762,esm2_t30_150M_UR50D
XP_073797828,XP_056307943,6.985664367675781e-05,esm2_t30_150M_UR50D
XP_021325399,XP_056305029,0.0009027719497680664,esm2_t30_150M_UR50D
NP_001074134,XP_056332953,0.00035959482192993164,esm2_t30_150M_UR50D
NP_956726,XP_056305758,0.000643312931060791,esm2_t30_150M_UR50D
NP_001107919,XP_056321239,0.0002364516258239746,esm2_t30_150M_UR50D
NP_001018165,XP_056313385,0.0006830692291259766,esm2_t30_150M_UR50D
XP_021323796,XP_056335998,0.00038492679595947266,esm2_t30_150M_UR50D
XP_073801982,XP_056311541,0.0002950429916381836,esm2_t30_150M_UR50D
XP_073801492,XP_056311486,0.0003597140312194824,esm2_t30_150M_UR50D
XP_005158638,XP_056332444,0.00028514862060546875,esm2_t30_150M_UR50D
NP_001038816,XP_056323078,0.0003101229667663574,esm2_t30_150M_UR50D
XP_021330924,XP_056311631,0.00027948617935180664,esm2_t30_150M_UR50D
XP_005159745,XP_056335598,0.00035512447357177734,esm2_t30_150M_UR50D
NP_001002712,XP_056326363,0.0003833770751953125,esm2_t30_150M_UR50D
XP_003198149,XP_056309315,0.00036597251892089844,esm2_t30_150M_UR50D
NP_957262,XP_056309046,0.0002574920654296875,esm2_t30_150M_UR50D
XP_073788901,XP_056337040,0.0005131363868713379,esm2_t30_150M_UR50D
NP_001099066,XP_056315035,0.0002174973487854004,esm2_t30_150M_UR50D
NP_001002435,XP_056319108,0.00020891427993774414,esm2_t30_150M_UR50D
XP_073801614,XP_056311342,0.000761568546295166,esm2_t30_150M_UR50D
NP_991151,XP_056323519,0.00035876035690307617,esm2_t30_150M_UR50D
NP_932335,XP_056321906,0.0006276965141296387,esm2_t30_150M_UR50D
XP_005158499,XP_056330735,0.0003170967102050781,esm2_t30_150M_UR50D
XP_005169484,XP_056325573,0.00026470422744750977,esm2_t30_150M_UR50D
XP_073788980,XP_056337417,0.00032705068588256836,esm2_t30_150M_UR50D
NP_998538,XP_056312435,0.0006163716316223145,esm2_t30_150M_UR50D
XP_073801484,XP_056312658,0.00035434961318969727,esm2_t30_150M_UR50D
XP_073793724,XP_056304174,0.001203775405883789,esm2_t30_150M_UR50D
XP_694757,XP_056333214,0.00035369396209716797,esm2_t30_150M_UR50D
NP_998318,XP_056304976,0.000876009464263916,esm2_t30_150M_UR50D
XP_073799689,XP_056309849,0.0006848573684692383,esm2_t30_150M_UR50D
NP_001073502,XP_056312859,0.0003635883331298828,esm2_t30_150M_UR50D
XP_073789157,XP_056301265,0.0007176399230957031,esm2_t30_150M_UR50D
XP_005157361,XP_056327882,0.0005579590797424316,esm2_t30_150M_UR50D
XP_073789167,XP_056301265,0.0007176399230957031,esm2_t30_150M_UR50D
NP_001410760,XP_056317860,0.00014483928680419922,esm2_t30_150M_UR50D
XP_073795554,XP_056305438,0.0004443526268005371,esm2_t30_150M_UR50D
NP_001411420,XP_056330287,0.0006393194198608398,esm2_t30_150M_UR50D
NP_001082792,XP_056324103,0.003039717674255371,esm2_t30_150M_UR50D
NP_001124067,XP_056336857,0.0004221200942993164,esm2_t30_150M_UR50D
XP_688031,XP_056337173,0.0006561875343322754,esm2_t30_150M_UR50D
XP_021334932,XP_056322210,0.00012177228927612305,esm2_t30_150M_UR50D
NP_001315623,XP_056313215,0.00048065185546875,esm2_t30_150M_UR50D
NP_991258,XP_056329424,0.0005276203155517578,esm2_t30_150M_UR50D
NP_001107081,XP_056320385,0.0005214810371398926,esm2_t30_150M_UR50D
XP_073794629,XP_056305726,0.00032007694244384766,esm2_t30_150M_UR50D
XP_005159177,XP_056334671,0.00020235776901245117,esm2_t30_150M_UR50D
XP_001342267,XP_056334682,0.0005456209182739258,esm2_t30_150M_UR50D
NP_001137390,XP_056316546,0.00017052888870239258,esm2_t30_150M_UR50D
XP_073795522,XP_056304920,0.0002626180648803711,esm2_t30_150M_UR50D
XP_017214324,XP_056326799,0.0004259347915649414,esm2_t30_150M_UR50D
XP_005159810,XP_056335055,0.0005096793174743652,esm2_t30_150M_UR50D
XP_690320,XP_056334640,0.0003478527069091797,esm2_t30_150M_UR50D
XP_005167828,XP_056321398,0.0005776286125183105,esm2_t30_150M_UR50D
NP_001313321,XP_056304148,0.0004672408103942871,esm2_t30_150M_UR50D
XP_005156008,XP_056324368,0.0002976059913635254,esm2_t30_150M_UR50D
XP_005162451,XP_056305567,0.00034546852111816406,esm2_t30_150M_UR50D
NP_999980,XP_056335117,0.00028210878372192383,esm2_t30_150M_UR50D
XP_005158123,XP_056331976,0.0002509951591491699,esm2_t30_150M_UR50D
NP_001082887,XP_056323491,0.00022023916244506836,esm2_t30_150M_UR50D
XP_707353,XP_056332442,5.441904067993164e-05,esm2_t30_150M_UR50D
NP_001314865,XP_056333601,0.00043660402297973633,esm2_t30_150M_UR50D
XP_073792677,XP_056303996,0.00031054019927978516,esm2_t30_150M_UR50D
XP_073801266,XP_056318082,0.0002449154853820801,esm2_t30_150M_UR50D
XP_005164223,XP_056309998,0.0001723766326904297,esm2_t30_150M_UR50D
NP_001018495,XP_056337496,0.000685274600982666,esm2_t30_150M_UR50D
XP_005160101,XP_056312659,0.00034630298614501953,esm2_t30_150M_UR50D
XP_005160100,XP_056312663,0.00034630298614501953,esm2_t30_150M_UR50D
XP_073801544,XP_056312660,0.00034630298614501953,esm2_t30_150M_UR50D
XP_005160101,XP_056312660,0.00034630298614501953,esm2_t30_150M_UR50D
XP_021323778,XP_056335206,0.00011515617370605469,esm2_t30_150M_UR50D
NP_001314688,XP_056320055,0.00038617849349975586,esm2_t30_150M_UR50D
XP_005171651,XP_056309314,0.00039571523666381836,esm2_t30_150M_UR50D
XP_692102,XP_056330333,0.0003191232681274414,esm2_t30_150M_UR50D
XP_017207523,XP_056334035,0.00029981136322021484,esm2_t30_150M_UR50D
NP_001007452,XP_056327504,0.0005619525909423828,esm2_t30_150M_UR50D
XP_001919896,XP_056325680,0.0005186200141906738,esm2_t30_150M_UR50D
NP_956853,XP_056322047,0.0002529621124267578,esm2_t30_150M_UR50D
XP_073797459,XP_056306385,0.00014019012451171875,esm2_t30_150M_UR50D
XP_009303363,XP_056322888,0.0002751946449279785,esm2_t30_150M_UR50D
XP_073809315,XP_056315345,0.00030559301376342773,esm2_t30_150M_UR50D
NP_001245153,XP_056325359,0.0004698038101196289,esm2_t30_150M_UR50D
XP_001340709,XP_056303516,0.00039309263229370117,esm2_t30_150M_UR50D
NP_001315484,XP_056320052,0.00037485361099243164,esm2_t30_150M_UR50D
XP_005169569,XP_056327141,0.00037103891372680664,esm2_t30_150M_UR50D
XP_021336696,XP_056327852,0.0003166794776916504,esm2_t30_150M_UR50D
XP_005169468,XP_056324101,0.00024056434631347656,esm2_t30_150M_UR50D
XP_073785592,XP_056334851,1.615285873413086e-05,esm2_t30_150M_UR50D
XP_005155626,XP_056322953,0.0002675652503967285,esm2_t30_150M_UR50D
NP_001002703,XP_056313400,0.00022017955780029297,esm2_t30_150M_UR50D
XP_005170009,XP_056334563,0.00027239322662353516,esm2_t30_150M_UR50D
XP_073806015,XP_056313341,0.0011105537414550781,esm2_t30_150M_UR50D
NP_001032892,XP_056306521,0.00023633241653442383,esm2_t30_150M_UR50D
NP_001093454,XP_056323406,0.0007064938545227051,esm2_t30_150M_UR50D
XP_009300512,XP_056315641,0.0002930164337158203,esm2_t30_150M_UR50D
XP_001919144,XP_056314254,0.00027561187744140625,esm2_t30_150M_UR50D
NP_001002476,XP_056305983,0.0004146099090576172,esm2_t30_150M_UR50D
XP_073794532,XP_056306009,0.000186920166015625,esm2_t30_150M_UR50D
NP_001020351,XP_056317819,0.0009458661079406738,esm2_t30_150M_UR50D
XP_073801588,XP_056312659,0.0003408193588256836,esm2_t30_150M_UR50D
XP_001921072,XP_056318046,0.0006966590881347656,esm2_t30_150M_UR50D
XP_009304311,XP_056324174,0.0002338886260986328,esm2_t30_150M_UR50D
XP_017211729,XP_056313525,0.0004139542579650879,esm2_t30_150M_UR50D
NP_001018871,XP_056322233,0.0007472038269042969,esm2_t30_150M_UR50D
NP_001032201,XP_056322648,0.00028073787689208984,esm2_t30_150M_UR50D
XP_009296056,XP_056307728,0.0008113980293273926,esm2_t30_150M_UR50D
NP_001077334,XP_056337545,0.0001608729362487793,esm2_t30_150M_UR50D
XP_021336036,XP_056324891,0.00029200315475463867,esm2_t30_150M_UR50D
XP_005158608,XP_056332431,0.0004748702049255371,esm2_t30_150M_UR50D
XP_073802574,XP_056311921,0.0002884864807128906,esm2_t30_150M_UR50D
NP_001242932,XP_056332335,0.0004750490188598633,esm2_t30_150M_UR50D
NP_001025312,XP_056311748,0.0004354119300842285,esm2_t30_150M_UR50D
XP_683261,XP_056325820,0.0005065798759460449,esm2_t30_150M_UR50D
XP_021327608,XP_056317503,0.00019884109497070312,esm2_t30_150M_UR50D
NP_001121859,XP_056316725,0.000610649585723877,esm2_t30_150M_UR50D
XP_001336283,XP_056304953,0.0004056692123413086,esm2_t30_150M_UR50D
XP_021327557,XP_056317166,0.00030815601348876953,esm2_t30_150M_UR50D
XP_017207446,XP_056334844,4.649162292480469e-05,esm2_t30_150M_UR50D
NP_998181,XP_056306527,0.00021719932556152344,esm2_t30_150M_UR50D
NP_957120,XP_056308709,0.0002856254577636719,esm2_t30_150M_UR50D
XP_005159264,XP_056334420,0.00028014183044433594,esm2_t30_150M_UR50D
XP_005170233,XP_056301295,0.00028651952743530273,esm2_t30_150M_UR50D
XP_001341616,XP_056305319,0.00042510032653808594,esm2_t30_150M_UR50D
XP_005167050,XP_056319638,0.00026047229766845703,esm2_t30_150M_UR50D
XP_696266,XP_056331943,0.0003789067268371582,esm2_t30_150M_UR50D
NP_001315314,XP_056312534,0.0005536079406738281,esm2_t30_150M_UR50D
XP_005159824,XP_056335444,0.00019681453704833984,esm2_t30_150M_UR50D
XP_021336036,XP_056324889,0.0002771615982055664,esm2_t30_150M_UR50D
NP_001340792,XP_056331842,0.0002988576889038086,esm2_t30_150M_UR50D
NP_001157369,XP_056306137,0.0003293752670288086,esm2_t30_150M_UR50D
NP_001138287,XP_056334681,7.659196853637695e-05,esm2_t30_150M_UR50D
XP_021330694,XP_056312657,0.00032973289489746094,esm2_t30_150M_UR50D
XP_005160148,XP_056312560,0.0006112456321716309,esm2_t30_150M_UR50D
XP_009304973,XP_056325024,0.00010514259338378906,esm2_t30_150M_UR50D
NP_001006018,XP_056335020,0.0038314461708068848,esm2_t30_150M_UR50D
XP_005171244,XP_056327630,0.0006363391876220703,esm2_t30_150M_UR50D
NP_001091651,XP_056325699,0.0007233619689941406,esm2_t30_150M_UR50D
NP_001093507,XP_056313339,0.00034099817276000977,esm2_t30_150M_UR50D
XP_017208482,XP_056303118,0.0005862712860107422,esm2_t30_150M_UR50D
XP_009297712,XP_056309491,0.00018036365509033203,esm2_t30_150M_UR50D
XP_005156878,XP_056326244,0.00039446353912353516,esm2_t30_150M_UR50D
XP_073801300,XP_056310378,0.00023537874221801758,esm2_t30_150M_UR50D
NP_001154983,XP_056314454,0.0005292296409606934,esm2_t30_150M_UR50D
XP_073786980,XP_056335257,0.00011420249938964844,esm2_t30_150M_UR50D
XP_021334005,XP_056334691,0.0003821253776550293,esm2_t30_150M_UR50D
NP_001076324,XP_056328924,0.00033545494079589844,esm2_t30_150M_UR50D
XP_005159573,XP_056335906,0.0005803108215332031,esm2_t30_150M_UR50D
XP_689880,XP_056326837,0.0004273653030395508,esm2_t30_150M_UR50D
XP_009302707,XP_056320650,0.0003179311752319336,esm2_t30_150M_UR50D
NP_001121710,XP_056331601,0.00027066469192504883,esm2_t30_150M_UR50D
NP_001422880,XP_056318256,0.00035840272903442383,esm2_t30_150M_UR50D
NP_571230,XP_056330760,0.0005692839622497559,esm2_t30_150M_UR50D
XP_073805687,XP_056314065,0.0006046891212463379,esm2_t30_150M_UR50D
XP_073807070,XP_056314462,0.0002943277359008789,esm2_t30_150M_UR50D
NP_001041532,XP_056314462,0.00030303001403808594,esm2_t30_150M_UR50D
XP_009303367,XP_056322892,0.0003018379211425781,esm2_t30_150M_UR50D
NP_001103413,XP_056334382,0.00017940998077392578,esm2_t30_150M_UR50D
XP_073798545,XP_056307845,0.00024694204330444336,esm2_t30_150M_UR50D
XP_073796097,XP_056306399,0.0006455183029174805,esm2_t30_150M_UR50D
XP_073792899,XP_056303759,0.00017243623733520508,esm2_t30_150M_UR50D
NP_001071032,XP_056304913,0.00044471025466918945,esm2_t30_150M_UR50D
XP_073796933,XP_056306532,0.0003072023391723633,esm2_t30_150M_UR50D
NP_001352362,XP_056319923,0.0004337430000305176,esm2_t30_150M_UR50D
NP_001002863,XP_056325421,0.00023633241653442383,esm2_t30_150M_UR50D
NP_956114,XP_056326284,0.00021570920944213867,esm2_t30_150M_UR50D
NP_001002354,XP_056336954,0.00032764673233032227,esm2_t30_150M_UR50D
NP_001003559,XP_056335618,0.00027436017990112305,esm2_t30_150M_UR50D
XP_005158216,XP_056330821,0.0003197789192199707,esm2_t30_150M_UR50D
XP_021326189,XP_056308258,0.00040394067764282227,esm2_t30_150M_UR50D
XP_073785585,XP_056334849,4.649162292480469e-05,esm2_t30_150M_UR50D
XP_005156576,XP_056326750,0.00018835067749023438,esm2_t30_150M_UR50D
NP_001189455,XP_056336364,0.00019693374633789062,esm2_t30_150M_UR50D
NP_997919,XP_056325682,0.0002741217613220215,esm2_t30_150M_UR50D
NP_001032313,XP_056311766,0.00020515918731689453,esm2_t30_150M_UR50D
NP_001076402,XP_056326548,0.0007570981979370117,esm2_t30_150M_UR50D
NP_957370,XP_056314706,0.00035262107849121094,esm2_t30_150M_UR50D
XP_073795664,XP_056304748,0.00032329559326171875,esm2_t30_150M_UR50D
XP_017214027,XP_056324835,0.0006590485572814941,esm2_t30_150M_UR50D
NP_001035400,XP_056323593,0.0003291964530944824,esm2_t30_150M_UR50D
XP_005166175,XP_056316327,0.00018531084060668945,esm2_t30_150M_UR50D
XP_073802106,XP_056311962,0.0004044175148010254,esm2_t30_150M_UR50D
NP_001230108,XP_056308689,0.0005124807357788086,esm2_t30_150M_UR50D
XP_073795624,XP_056305413,0.0003312230110168457,esm2_t30_150M_UR50D
NP_001077312,XP_056324656,0.0002509951591491699,esm2_t30_150M_UR50D
NP_001003869,XP_056326842,0.0004229545593261719,esm2_t30_150M_UR50D
NP_571885,XP_056315715,0.000560760498046875,esm2_t30_150M_UR50D
XP_021326900,XP_056313240,0.00022280216217041016,esm2_t30_150M_UR50D
XP_005156871,XP_056326756,0.0002440810203552246,esm2_t30_150M_UR50D
NP_001139043,XP_056326959,0.0002397298812866211,esm2_t30_150M_UR50D
XP_686699,XP_056320721,0.0002561807632446289,esm2_t30_150M_UR50D
XP_017209571,XP_056307756,0.0003801584243774414,esm2_t30_150M_UR50D
XP_073798876,XP_056307695,0.00019741058349609375,esm2_t30_150M_UR50D
XP_021327362,XP_056313034,0.0003529787063598633,esm2_t30_150M_UR50D
XP_021322895,XP_056332607,0.0002446770668029785,esm2_t30_150M_UR50D
NP_001004549,XP_056322623,0.00016802549362182617,esm2_t30_150M_UR50D
XP_073786282,XP_056334760,0.0008451342582702637,esm2_t30_150M_UR50D
NP_001152786,XP_056317527,0.00025516748428344727,esm2_t30_150M_UR50D
XP_005157788,XP_056329667,0.00024712085723876953,esm2_t30_150M_UR50D
XP_073802790,XP_056311774,0.00013846158981323242,esm2_t30_150M_UR50D
XP_073802789,XP_056311773,0.00013846158981323242,esm2_t30_150M_UR50D
NP_957367,XP_056313899,0.00018173456192016602,esm2_t30_150M_UR50D
XP_073801301,XP_056310378,0.0002048015594482422,esm2_t30_150M_UR50D
NP_001313637,XP_056323343,0.0006250739097595215,esm2_t30_150M_UR50D
NP_001077325,XP_056320492,0.0002497434616088867,esm2_t30_150M_UR50D
NP_001007183,XP_056321781,0.00018590688705444336,esm2_t30_150M_UR50D
NP_001139055,XP_056326516,0.00043463706970214844,esm2_t30_150M_UR50D
XP_017209396,XP_056306149,0.0002631545066833496,esm2_t30_150M_UR50D
XP_005159677,XP_056336032,0.00029647350311279297,esm2_t30_150M_UR50D
XP_073785353,XP_056334903,0.0004163980484008789,esm2_t30_150M_UR50D
NP_001177735,XP_056302442,0.0007602572441101074,esm2_t30_150M_UR50D
NP_001119905,XP_056321101,0.0003542900085449219,esm2_t30_150M_UR50D
NP_001074138,XP_056323955,0.0001983046531677246,esm2_t30_150M_UR50D
XP_009298015,XP_056310199,0.00025403499603271484,esm2_t30_150M_UR50D
NP_001071261,XP_056309997,0.0004572272300720215,esm2_t30_150M_UR50D
XP_009299408,XP_056312789,0.0005519986152648926,esm2_t30_150M_UR50D
NP_999936,XP_056318175,0.00036132335662841797,esm2_t30_150M_UR50D
XP_021334645,XP_056321386,0.0001881122589111328,esm2_t30_150M_UR50D
NP_001159805,XP_056306115,0.00018805265426635742,esm2_t30_150M_UR50D
XP_073786739,XP_056335626,0.0004787445068359375,esm2_t30_150M_UR50D
NP_001074162,XP_056302142,0.0004183053970336914,esm2_t30_150M_UR50D
NP_001007416,XP_056328971,0.0002677440643310547,esm2_t30_150M_UR50D
NP_998290,XP_056316139,0.00016808509826660156,esm2_t30_150M_UR50D
XP_009296395,XP_056329610,0.00012224912643432617,esm2_t30_150M_UR50D
XP_021330747,XP_056311127,0.0002605319023132324,esm2_t30_150M_UR50D
XP_009300150,XP_056314578,0.0009070038795471191,esm2_t30_150M_UR50D
XP_021326183,XP_056307555,0.0002764463424682617,esm2_t30_150M_UR50D
NP_955965,XP_056334798,0.00020366907119750977,esm2_t30_150M_UR50D
XP_073804994,XP_056319650,0.0002598762512207031,esm2_t30_150M_UR50D
NP_571678,XP_056319613,0.0002598762512207031,esm2_t30_150M_UR50D
NP_001108195,XP_056322158,0.0003746151924133301,esm2_t30_150M_UR50D
NP_001307335,XP_056309839,0.0003806948661804199,esm2_t30_150M_UR50D
XP_009295317,XP_056305834,0.00038760900497436523,esm2_t30_150M_UR50D
NP_956858,XP_056302355,0.00016891956329345703,esm2_t30_150M_UR50D
XP_005155714,XP_056324503,0.0005571842193603516,esm2_t30_150M_UR50D
XP_073798863,XP_056307690,0.000194549560546875,esm2_t30_150M_UR50D
XP_073794750,XP_056305989,0.00017547607421875,esm2_t30_150M_UR50D
NP_956747,XP_056326662,0.0001754164695739746,esm2_t30_150M_UR50D
XP_021329454,XP_056306192,0.0002117753028869629,esm2_t30_150M_UR50D
NP_001417993,XP_056327316,0.0005145072937011719,esm2_t30_150M_UR50D
XP_073799567,XP_056308741,0.0002696514129638672,esm2_t30_150M_UR50D
NP_001231707,XP_056312722,0.00029414892196655273,esm2_t30_150M_UR50D
XP_005158588,XP_056333525,0.0003261566162109375,esm2_t30_150M_UR50D
NP_001074457,XP_056327852,0.0002611875534057617,esm2_t30_150M_UR50D
XP_073794760,XP_056305990,0.00017440319061279297,esm2_t30_150M_UR50D
XP_005169866,XP_056332382,0.0003342628479003906,esm2_t30_150M_UR50D
XP_021333602,XP_056317799,0.00025206804275512695,esm2_t30_150M_UR50D
XP_005169081,XP_056317801,0.00025206804275512695,esm2_t30_150M_UR50D
NP_956161,XP_056309528,0.0003657341003417969,esm2_t30_150M_UR50D
NP_571055,XP_056321164,0.00012099742889404297,esm2_t30_150M_UR50D
NP_991135,XP_056310371,0.0004905462265014648,esm2_t30_150M_UR50D
XP_005172631,XP_056323402,0.0003523826599121094,esm2_t30_150M_UR50D
XP_005157191,XP_056328922,0.00037986040115356445,esm2_t30_150M_UR50D
XP_005162546,XP_056307045,0.0002544522285461426,esm2_t30_150M_UR50D
NP_001003991,XP_056322661,0.00030493736267089844,esm2_t30_150M_UR50D
XP_021333121,XP_056316863,0.00034737586975097656,esm2_t30_150M_UR50D
XP_005167977,XP_056321845,0.00011414289474487305,esm2_t30_150M_UR50D
NP_001313335,XP_056324398,0.00042301416397094727,esm2_t30_150M_UR50D
NP_001124239,XP_056313680,0.0003502964973449707,esm2_t30_150M_UR50D
XP_005164691,XP_056311768,0.0002779960632324219,esm2_t30_150M_UR50D
NP_001258742,XP_056315030,0.0003318190574645996,esm2_t30_150M_UR50D
XP_002660968,XP_056306948,0.00038814544677734375,esm2_t30_150M_UR50D
XP_001919340,XP_056305075,0.00042372941970825195,esm2_t30_150M_UR50D
XP_005159136,XP_056334100,0.00020968914031982422,esm2_t30_150M_UR50D
NP_956185,XP_056332355,0.0005461573600769043,esm2_t30_150M_UR50D
XP_073786461,XP_056333863,0.00013184547424316406,esm2_t30_150M_UR50D
XP_005160006,XP_056314575,0.00010329484939575195,esm2_t30_150M_UR50D
XP_073792822,XP_056303263,0.0007839798927307129,esm2_t30_150M_UR50D
NP_001070764,XP_056305737,0.00027441978454589844,esm2_t30_150M_UR50D
XP_021333991,XP_056319215,0.00021153688430786133,esm2_t30_150M_UR50D
XP_021322525,XP_056332082,8.64267349243164e-05,esm2_t30_150M_UR50D
XP_073808101,XP_056313442,0.00013571977615356445,esm2_t30_150M_UR50D
XP_005166761,XP_056320044,0.000406801700592041,esm2_t30_150M_UR50D
XP_017209453,XP_056306592,0.00025850534439086914,esm2_t30_150M_UR50D
XP_021323679,XP_056336249,0.00023674964904785156,esm2_t30_150M_UR50D
XP_021331292,XP_056310677,0.0002110600471496582,esm2_t30_150M_UR50D
XP_003200388,XP_056332776,0.0002598762512207031,esm2_t30_150M_UR50D
XP_073790656,XP_056301762,6.490945816040039e-05,esm2_t30_150M_UR50D
XP_697507,XP_056322949,0.0002377033233642578,esm2_t30_150M_UR50D
XP_009292057,XP_056334185,0.00013393163681030273,esm2_t30_150M_UR50D
XP_073808372,XP_056313905,0.0002796649932861328,esm2_t30_150M_UR50D
XP_021322907,XP_056333306,0.00020068883895874023,esm2_t30_150M_UR50D
NP_001264013,XP_056322131,0.0002314448356628418,esm2_t30_150M_UR50D
XP_005160038,XP_056313428,0.00023192167282104492,esm2_t30_150M_UR50D
XP_005157985,XP_056331267,0.00043761730194091797,esm2_t30_150M_UR50D
NP_001243552,XP_056331047,0.00018703937530517578,esm2_t30_150M_UR50D
XP_021333965,XP_056320387,0.00022155046463012695,esm2_t30_150M_UR50D
NP_001002198,XP_056326962,0.0003892183303833008,esm2_t30_150M_UR50D
XP_005165615,XP_056314553,0.00022912025451660156,esm2_t30_150M_UR50D
XP_073810192,XP_056315778,0.0001704096794128418,esm2_t30_150M_UR50D
XP_021334325,XP_056321076,0.00016516447067260742,esm2_t30_150M_UR50D
XP_017208472,XP_056302841,0.0004291534423828125,esm2_t30_150M_UR50D
NP_001269415,XP_056334602,0.0004113316535949707,esm2_t30_150M_UR50D
XP_021327886,XP_056313974,0.00020009279251098633,esm2_t30_150M_UR50D
XP_009298735,XP_056311409,7.200241088867188e-05,esm2_t30_150M_UR50D
NP_001002207,XP_056307049,0.0005102157592773438,esm2_t30_150M_UR50D
XP_005160608,XP_056337159,0.00022971630096435547,esm2_t30_150M_UR50D
XP_009295233,XP_056304814,0.00011181831359863281,esm2_t30_150M_UR50D
XP_073808084,XP_056313348,0.0002601742744445801,esm2_t30_150M_UR50D
NP_001095863,XP_056301635,0.0004273056983947754,esm2_t30_150M_UR50D
XP_691817,XP_056308211,0.0004677772521972656,esm2_t30_150M_UR50D
XP_073806584,XP_056314349,0.00018030405044555664,esm2_t30_150M_UR50D
XP_021324032,XP_056336863,0.0002110600471496582,esm2_t30_150M_UR50D
XP_009300877,XP_056316219,0.0002810359001159668,esm2_t30_150M_UR50D
XP_005170092,XP_056335883,0.0004201531410217285,esm2_t30_150M_UR50D
XP_073795863,XP_056305823,6.818771362304688e-05,esm2_t30_150M_UR50D
NP_001410904,XP_056327927,0.0011028647422790527,esm2_t30_150M_UR50D
NP_571128,XP_056336912,0.00012695789337158203,esm2_t30_150M_UR50D
NP_001006097,XP_056311820,0.0001410841941833496,esm2_t30_150M_UR50D
XP_073801728,XP_056312003,0.0002957582473754883,esm2_t30_150M_UR50D
XP_005174340,XP_056307689,0.00018846988677978516,esm2_t30_150M_UR50D
NP_001076280,XP_056337181,0.0002683401107788086,esm2_t30_150M_UR50D
XP_002660488,XP_056315670,0.00010097026824951172,esm2_t30_150M_UR50D
NP_999977,XP_056302736,0.0005925893783569336,esm2_t30_150M_UR50D
XP_005159462,XP_056336398,0.0003058910369873047,esm2_t30_150M_UR50D
XP_694459,XP_056334616,0.0006094574928283691,esm2_t30_150M_UR50D
XP_073798034,XP_056307464,0.0007582306861877441,esm2_t30_150M_UR50D
NP_775328,XP_056309743,0.00033843517303466797,esm2_t30_150M_UR50D
XP_017207366,XP_056333604,0.0003783702850341797,esm2_t30_150M_UR50D
XP_073798722,XP_056310038,0.0002582073211669922,esm2_t30_150M_UR50D
XP_001335682,XP_056309433,0.00036406517028808594,esm2_t30_150M_UR50D
XP_005169889,XP_056332606,0.00019872188568115234,esm2_t30_150M_UR50D
XP_005155878,XP_056324513,0.0003268122673034668,esm2_t30_150M_UR50D
XP_021326690,XP_056309897,0.00017940998077392578,esm2_t30_150M_UR50D
XP_002663301,XP_056320541,0.00036138296127319336,esm2_t30_150M_UR50D
XP_073807824,XP_056314854,0.0004050135612487793,esm2_t30_150M_UR50D
XP_021328422,XP_056327752,0.00019180774688720703,esm2_t30_150M_UR50D
NP_001184183,XP_056306773,0.00014960765838623047,esm2_t30_150M_UR50D
XP_073799666,XP_056309293,0.0004481673240661621,esm2_t30_150M_UR50D
XP_073792359,XP_056303836,0.0004323720932006836,esm2_t30_150M_UR50D
XP_073797374,XP_056309704,0.0002453923225402832,esm2_t30_150M_UR50D
NP_001002121,XP_056317894,0.00021886825561523438,esm2_t30_150M_UR50D
NP_001410713,XP_056307520,0.0005353689193725586,esm2_t30_150M_UR50D
XP_073790447,XP_056301890,0.00028520822525024414,esm2_t30_150M_UR50D
XP_073802134,XP_056311250,0.0003179311752319336,esm2_t30_150M_UR50D
NP_001032448,XP_056305396,0.0002703666687011719,esm2_t30_150M_UR50D
XP_021325652,XP_056304639,0.0001977682113647461,esm2_t30_150M_UR50D
XP_073806657,XP_056313418,0.00037175416946411133,esm2_t30_150M_UR50D
XP_073806660,XP_056313418,0.00037175416946411133,esm2_t30_150M_UR50D
XP_073798670,XP_056309334,0.00015842914581298828,esm2_t30_150M_UR50D
XP_002667698,XP_056303822,0.0004987120628356934,esm2_t30_150M_UR50D
XP_002667698,XP_056303821,0.0004987120628356934,esm2_t30_150M_UR50D
XP_017212723,XP_056318302,0.00010967254638671875,esm2_t30_150M_UR50D
XP_005157638,XP_056330244,0.00020581483840942383,esm2_t30_150M_UR50D
XP_021333497,XP_056317420,0.00013333559036254883,esm2_t30_150M_UR50D
NP_001189424,XP_056328172,0.0003217458724975586,esm2_t30_150M_UR50D
XP_073808687,XP_056316131,0.00015908479690551758,esm2_t30_150M_UR50D
XP_073797328,XP_056307115,0.0003898143768310547,esm2_t30_150M_UR50D
NP_956747,XP_056326663,0.00013238191604614258,esm2_t30_150M_UR50D
NP_001002215,XP_056311824,0.0002573728561401367,esm2_t30_150M_UR50D
XP_005169998,XP_056334885,0.0004495978355407715,esm2_t30_150M_UR50D
XP_073789086,XP_056337689,0.00015854835510253906,esm2_t30_150M_UR50D
XP_009303960,XP_056323170,0.00026112794876098633,esm2_t30_150M_UR50D
XP_002666176,XP_056304090,0.00018596649169921875,esm2_t30_150M_UR50D
NP_001157467,XP_056322057,0.0001690387725830078,esm2_t30_150M_UR50D
XP_005173263,XP_056328367,0.0002078413963317871,esm2_t30_150M_UR50D
XP_021326394,XP_056308263,0.00020515918731689453,esm2_t30_150M_UR50D
NP_991132,XP_056301348,0.0002664923667907715,esm2_t30_150M_UR50D
NP_001296364,XP_056334536,0.0004761219024658203,esm2_t30_150M_UR50D
XP_005164077,XP_056309802,0.00012427568435668945,esm2_t30_150M_UR50D
XP_073806659,XP_056313417,0.0003826618194580078,esm2_t30_150M_UR50D
XP_005158632,XP_056333441,0.00015848875045776367,esm2_t30_150M_UR50D
XP_073806286,XP_056313045,0.0002002120018005371,esm2_t30_150M_UR50D
XP_009300470,XP_056314951,0.00017088651657104492,esm2_t30_150M_UR50D
NP_001017572,XP_056313107,0.0003082752227783203,esm2_t30_150M_UR50D
XP_009302699,XP_056321152,0.00020450353622436523,esm2_t30_150M_UR50D
XP_073796175,XP_056306234,0.00046175718307495117,esm2_t30_150M_UR50D
XP_021335712,XP_056328975,0.0002677440643310547,esm2_t30_150M_UR50D
XP_009302003,XP_056320108,0.0003005862236022949,esm2_t30_150M_UR50D
NP_001002087,XP_056302641,0.00021576881408691406,esm2_t30_150M_UR50D
XP_009295016,XP_056304729,0.00019472837448120117,esm2_t30_150M_UR50D
NP_001107095,XP_056319278,0.0002359151840209961,esm2_t30_150M_UR50D
NP_998603,XP_056303978,0.0003115534782409668,esm2_t30_150M_UR50D
XP_691507,XP_056324879,0.0002334117889404297,esm2_t30_150M_UR50D
NP_001265751,XP_056329328,0.00031304359436035156,esm2_t30_150M_UR50D
XP_073808928,XP_056316391,3.552436828613281e-05,esm2_t30_150M_UR50D
XP_005164803,XP_056311600,0.00012427568435668945,esm2_t30_150M_UR50D
NP_001076420,XP_056333827,0.00021821260452270508,esm2_t30_150M_UR50D
XP_073791986,XP_056302723,0.00020682811737060547,esm2_t30_150M_UR50D
XP_073791982,XP_056302722,0.00020682811737060547,esm2_t30_150M_UR50D
XP_073791990,XP_056302722,0.00020682811737060547,esm2_t30_150M_UR50D
NP_001188290,XP_056317924,0.00034624338150024414,esm2_t30_150M_UR50D
XP_005164077,XP_056309800,0.00012725591659545898,esm2_t30_150M_UR50D
XP_005171501,XP_056301248,0.00019663572311401367,esm2_t30_150M_UR50D
XP_003200727,XP_056336942,0.0003654360771179199,esm2_t30_150M_UR50D
XP_002666963,XP_056307889,0.0001602768898010254,esm2_t30_150M_UR50D
NP_001082836,XP_056336047,0.0004323124885559082,esm2_t30_150M_UR50D
NP_001032894,XP_056309613,0.00012749433517456055,esm2_t30_150M_UR50D
XP_073802746,XP_056312136,0.00017267465591430664,esm2_t30_150M_UR50D
NP_001006061,XP_056307415,0.00024777650833129883,esm2_t30_150M_UR50D
XP_017214478,XP_056328575,0.0001595020294189453,esm2_t30_150M_UR50D
XP_073797506,XP_056309405,0.0002409219741821289,esm2_t30_150M_UR50D
XP_021323439,XP_056323470,0.0002931356430053711,esm2_t30_150M_UR50D
NP_957020,XP_056337216,0.00046366453170776367,esm2_t30_150M_UR50D
NP_001038217,XP_056317997,0.0002078413963317871,esm2_t30_150M_UR50D
NP_001083009,XP_056320755,0.0003377199172973633,esm2_t30_150M_UR50D
XP_021336032,XP_056326125,0.00012248754501342773,esm2_t30_150M_UR50D
XP_005172456,XP_056318483,0.00016361474990844727,esm2_t30_150M_UR50D
NP_001373497,XP_056307389,0.00016361474990844727,esm2_t30_150M_UR50D
XP_694888,XP_056309338,0.0001443624496459961,esm2_t30_150M_UR50D
XP_009304978,XP_056325249,0.0002194046974182129,esm2_t30_150M_UR50D
NP_001020707,XP_056332065,0.0005431175231933594,esm2_t30_150M_UR50D
XP_005160577,XP_056337748,0.00032019615173339844,esm2_t30_150M_UR50D
NP_001124269,XP_056303046,0.0004703998565673828,esm2_t30_150M_UR50D
XP_017212769,XP_056319610,0.0002135634422302246,esm2_t30_150M_UR50D
XP_073802021,XP_056311816,0.00014442205429077148,esm2_t30_150M_UR50D
NP_001313410,XP_056314230,0.00017970800399780273,esm2_t30_150M_UR50D
NP_878276,XP_056331548,0.00010842084884643555,esm2_t30_150M_UR50D
XP_073801093,XP_056314555,9.274482727050781e-05,esm2_t30_150M_UR50D
XP_073806156,XP_056314704,0.0002428889274597168,esm2_t30_150M_UR50D
XP_073805498,XP_056317571,0.000286102294921875,esm2_t30_150M_UR50D
XP_073790614,XP_056302205,0.00016927719116210938,esm2_t30_150M_UR50D
NP_001007350,XP_056313492,0.00022011995315551758,esm2_t30_150M_UR50D
NP_001410783,XP_056302659,0.00017976760864257812,esm2_t30_150M_UR50D
XP_021329052,XP_056337694,0.0003129243850708008,esm2_t30_150M_UR50D
XP_005168705,XP_056314716,0.00012886524200439453,esm2_t30_150M_UR50D
NP_956418,XP_056335536,0.00022339820861816406,esm2_t30_150M_UR50D
NP_001352231,XP_056324709,0.00015598535537719727,esm2_t30_150M_UR50D
XP_073797384,XP_056309704,0.00023096799850463867,esm2_t30_150M_UR50D
NP_571516,XP_056301798,2.092123031616211e-05,esm2_t30_150M_UR50D
XP_021336482,XP_056326575,0.0002015233039855957,esm2_t30_150M_UR50D
XP_017211855,XP_056314597,0.0005361437797546387,esm2_t30_150M_UR50D
XP_073794131,XP_056305015,0.00022101402282714844,esm2_t30_150M_UR50D
XP_692833,XP_056301257,0.00036257505416870117,esm2_t30_150M_UR50D
XP_073809589,XP_056315295,0.00024825334548950195,esm2_t30_150M_UR50D
NP_001077287,XP_056314752,0.00035816431045532227,esm2_t30_150M_UR50D
NP_001315423,XP_056322834,0.0001691579818725586,esm2_t30_150M_UR50D
NP_001333132,XP_056324264,0.00018459558486938477,esm2_t30_150M_UR50D
NP_001076392,XP_056311059,0.00017708539962768555,esm2_t30_150M_UR50D
NP_001091654,XP_056336635,0.0002510547637939453,esm2_t30_150M_UR50D
XP_073809710,XP_056315453,0.000361025333404541,esm2_t30_150M_UR50D
XP_073809712,XP_056315451,0.000361025333404541,esm2_t30_150M_UR50D
XP_073809711,XP_056315452,0.000361025333404541,esm2_t30_150M_UR50D
XP_005156286,XP_056325343,0.0002919435501098633,esm2_t30_150M_UR50D
XP_001339880,XP_056302845,0.0003656148910522461,esm2_t30_150M_UR50D
XP_009295229,XP_056304941,0.00015163421630859375,esm2_t30_150M_UR50D
NP_001093508,XP_056314124,0.00016862154006958008,esm2_t30_150M_UR50D
NP_001002633,XP_056312600,0.0003534555435180664,esm2_t30_150M_UR50D
XP_021330878,XP_056316748,0.0004934072494506836,esm2_t30_150M_UR50D
XP_073809590,XP_056315295,0.00027573108673095703,esm2_t30_150M_UR50D
NP_001103936,XP_056304955,0.00019413232803344727,esm2_t30_150M_UR50D
XP_009306038,XP_056328849,0.00023692846298217773,esm2_t30_150M_UR50D
XP_001923418,XP_056314972,0.00014358758926391602,esm2_t30_150M_UR50D
NP_571185,XP_056332595,0.00011724233627319336,esm2_t30_150M_UR50D
XP_073784980,XP_056334945,0.000253140926361084,esm2_t30_150M_UR50D
XP_073802427,XP_056311620,0.0002911686897277832,esm2_t30_150M_UR50D
XP_073802424,XP_056311620,0.0002911686897277832,esm2_t30_150M_UR50D
XP_005167533,XP_056321172,0.00038999319076538086,esm2_t30_150M_UR50D
XP_021329649,XP_056309697,0.0003218650817871094,esm2_t30_150M_UR50D
XP_005160218,XP_056312409,0.0001577138900756836,esm2_t30_150M_UR50D
XP_073796866,XP_056306125,7.814168930053711e-05,esm2_t30_150M_UR50D
XP_073791719,XP_056302573,0.0002936720848083496,esm2_t30_150M_UR50D
XP_009297824,XP_056309620,0.000338137149810791,esm2_t30_150M_UR50D
XP_005163206,XP_056307458,0.00031489133834838867,esm2_t30_150M_UR50D
XP_005158510,XP_056330596,0.0004227161407470703,esm2_t30_150M_UR50D
XP_021336201,XP_056326446,0.0003806948661804199,esm2_t30_150M_UR50D
NP_956142,XP_056334055,0.0001475811004638672,esm2_t30_150M_UR50D
XP_073809708,XP_056315452,0.00036275386810302734,esm2_t30_150M_UR50D
XP_017206869,XP_056329618,0.00014066696166992188,esm2_t30_150M_UR50D
NP_001002422,XP_056318790,0.00012671947479248047,esm2_t30_150M_UR50D
NP_571136,XP_056333912,0.00014197826385498047,esm2_t30_150M_UR50D
XP_073793741,XP_056304061,0.00013142824172973633,esm2_t30_150M_UR50D
XP_002666454,XP_056305979,0.001279294490814209,esm2_t30_150M_UR50D
XP_005166244,XP_056315822,0.00044590234756469727,esm2_t30_150M_UR50D
XP_005167791,XP_056321482,0.0002498030662536621,esm2_t30_150M_UR50D
NP_001006093,XP_056305835,0.00028187036514282227,esm2_t30_150M_UR50D
XP_021328763,XP_056332681,0.00021392107009887695,esm2_t30_150M_UR50D
NP_001303874,XP_056336544,0.00028455257415771484,esm2_t30_150M_UR50D
XP_009300033,XP_056314363,0.00027126073837280273,esm2_t30_150M_UR50D
XP_009300033,XP_056314362,0.00027126073837280273,esm2_t30_150M_UR50D
XP_005164126,XP_056309653,0.00036984682083129883,esm2_t30_150M_UR50D
XP_005165345,XP_056314101,0.0001488327980041504,esm2_t30_150M_UR50D
NP_001092712,XP_056310197,0.00013828277587890625,esm2_t30_150M_UR50D
XP_073790074,XP_056301609,0.0001679062843322754,esm2_t30_150M_UR50D
NP_001373731,XP_056322583,0.00027304887771606445,esm2_t30_150M_UR50D
XP_005165556,XP_056314423,0.00021523237228393555,esm2_t30_150M_UR50D
XP_073802603,XP_056312157,0.00020116567611694336,esm2_t30_150M_UR50D
XP_073808474,XP_056312494,0.00017893314361572266,esm2_t30_150M_UR50D
NP_001029346,XP_056305959,0.0001965165138244629,esm2_t30_150M_UR50D
XP_073807077,XP_056313836,0.0003973841667175293,esm2_t30_150M_UR50D
XP_005169649,XP_056328446,0.00022739171981811523,esm2_t30_150M_UR50D
XP_073799424,XP_056307625,8.96453857421875e-05,esm2_t30_150M_UR50D
XP_005159829,XP_056336200,0.00030726194381713867,esm2_t30_150M_UR50D
XP_073799539,XP_056308325,6.717443466186523e-05,esm2_t30_150M_UR50D
NP_001373716,XP_056308326,6.717443466186523e-05,esm2_t30_150M_UR50D
XP_073794152,XP_056305019,0.0002435445785522461,esm2_t30_150M_UR50D
XP_073794151,XP_056305019,0.0002435445785522461,esm2_t30_150M_UR50D
NP_001025339,XP_056336653,0.00022041797637939453,esm2_t30_150M_UR50D
XP_073809035,XP_056316509,0.00027298927307128906,esm2_t30_150M_UR50D
NP_956316,XP_056315425,0.00015461444854736328,esm2_t30_150M_UR50D
XP_005174019,XP_056303512,0.0003826618194580078,esm2_t30_150M_UR50D
XP_017207761,XP_056335531,0.0004904866218566895,esm2_t30_150M_UR50D
NP_957004,XP_056314262,8.83936882019043e-05,esm2_t30_150M_UR50D
NP_957004,XP_056314263,8.83936882019043e-05,esm2_t30_150M_UR50D
NP_001002167,XP_056335813,0.0003618001937866211,esm2_t30_150M_UR50D
XP_021323173,XP_056333413,0.00027507543563842773,esm2_t30_150M_UR50D
NP_956526,XP_056330824,0.0001824498176574707,esm2_t30_150M_UR50D
XP_021322669,XP_056330996,0.00018274784088134766,esm2_t30_150M_UR50D
XP_073786928,XP_056335880,0.0001360774040222168,esm2_t30_150M_UR50D
XP_001919035,XP_056333417,0.00028693675994873047,esm2_t30_150M_UR50D
NP_001018426,XP_056334379,0.0001271367073059082,esm2_t30_150M_UR50D
NP_001025233,XP_056337382,0.00020200014114379883,esm2_t30_150M_UR50D
NP_001018874,XP_056323550,0.00014978647232055664,esm2_t30_150M_UR50D
XP_009300642,XP_056315803,0.0002980232238769531,esm2_t30_150M_UR50D
NP_001020725,XP_056336785,0.00026166439056396484,esm2_t30_150M_UR50D
NP_001186664,XP_056334196,0.000535428524017334,esm2_t30_150M_UR50D
NP_001303598,XP_056307553,0.00023806095123291016,esm2_t30_150M_UR50D
NP_001313279,XP_056324353,0.0005698204040527344,esm2_t30_150M_UR50D
XP_005160914,XP_056301508,0.0001785755157470703,esm2_t30_150M_UR50D
NP_001092700,XP_056336059,0.00016003847122192383,esm2_t30_150M_UR50D
XP_009294068,XP_056303347,0.0005266070365905762,esm2_t30_150M_UR50D
NP_001314829,XP_056332774,0.00017571449279785156,esm2_t30_150M_UR50D
NP_998105,XP_056328134,0.00027370452880859375,esm2_t30_150M_UR50D
XP_005173309,XP_056328134,0.00027370452880859375,esm2_t30_150M_UR50D
XP_073809567,XP_056312717,0.00012362003326416016,esm2_t30_150M_UR50D
XP_005161742,XP_056303645,0.00015145540237426758,esm2_t30_150M_UR50D
NP_001012505,XP_056325459,0.00024700164794921875,esm2_t30_150M_UR50D
XP_009292801,XP_056336642,4.3272972106933594e-05,esm2_t30_150M_UR50D
XP_009293518,XP_056301944,0.00013178586959838867,esm2_t30_150M_UR50D
NP_001002538,XP_056321826,0.00026679039001464844,esm2_t30_150M_UR50D
NP_001124080,XP_056334482,0.00015014410018920898,esm2_t30_150M_UR50D
NP_001309362,XP_056306417,0.0002884864807128906,esm2_t30_150M_UR50D
XP_009303840,XP_056323189,0.0002257227897644043,esm2_t30_150M_UR50D
NP_001352553,XP_056312836,0.00022280216217041016,esm2_t30_150M_UR50D
XP_073788685,XP_056337713,8.970499038696289e-05,esm2_t30_150M_UR50D
NP_956014,XP_056306488,0.00010222196578979492,esm2_t30_150M_UR50D
XP_021332842,XP_056316030,8.493661880493164e-05,esm2_t30_150M_UR50D
XP_073806710,XP_056313545,0.0001328587532043457,esm2_t30_150M_UR50D
XP_021323595,XP_056334205,0.00021463632583618164,esm2_t30_150M_UR50D
NP_001091648,XP_056336412,0.00011044740676879883,esm2_t30_150M_UR50D
XP_021324464,XP_056301941,0.0002607107162475586,esm2_t30_150M_UR50D
XP_073809589,XP_056315293,0.0002753734588623047,esm2_t30_150M_UR50D
NP_571007,XP_056314099,0.00020879507064819336,esm2_t30_150M_UR50D
NP_001007323,XP_056311653,0.0001856684684753418,esm2_t30_150M_UR50D
XP_005168788,XP_056315688,9.196996688842773e-05,esm2_t30_150M_UR50D
XP_017213941,XP_056325460,0.0002593398094177246,esm2_t30_150M_UR50D
NP_571063,XP_056333843,0.0002849102020263672,esm2_t30_150M_UR50D
XP_009305420,XP_056326484,0.00017571449279785156,esm2_t30_150M_UR50D
XP_005166482,XP_056318859,0.00028330087661743164,esm2_t30_150M_UR50D
XP_005171364,XP_056334347,0.00024569034576416016,esm2_t30_150M_UR50D
XP_001333925,XP_056324099,0.000125885009765625,esm2_t30_150M_UR50D
NP_001003541,XP_056305171,0.0005002617835998535,esm2_t30_150M_UR50D
NP_991269,XP_056308647,0.0004430413246154785,esm2_t30_150M_UR50D
XP_005162002,XP_056304854,0.00014734268188476562,esm2_t30_150M_UR50D
XP_017211592,XP_056314350,0.00015801191329956055,esm2_t30_150M_UR50D
XP_009294937,XP_056304851,0.0001271367073059082,esm2_t30_150M_UR50D
XP_005164311,XP_056310232,0.00014650821685791016,esm2_t30_150M_UR50D
XP_073807229,XP_056314365,0.00020843744277954102,esm2_t30_150M_UR50D
XP_017208322,XP_056302320,0.0001283884048461914,esm2_t30_150M_UR50D
NP_001305057,XP_056335995,0.00037938356399536133,esm2_t30_150M_UR50D
XP_021323509,XP_056334372,0.00023311376571655273,esm2_t30_150M_UR50D
NP_001116712,XP_056318222,0.00017076730728149414,esm2_t30_150M_UR50D
XP_001345419,XP_056322142,0.0001131296157836914,esm2_t30_150M_UR50D
XP_005162959,XP_056307191,0.00014775991439819336,esm2_t30_150M_UR50D
XP_009293516,XP_056301941,0.00022304058074951172,esm2_t30_150M_UR50D
XP_005162172,XP_056305806,0.00022149085998535156,esm2_t30_150M_UR50D
XP_005171853,XP_056313873,0.00023859739303588867,esm2_t30_150M_UR50D
XP_009298848,XP_056324698,0.00015687942504882812,esm2_t30_150M_UR50D
XP_005158335,XP_056330993,0.00018233060836791992,esm2_t30_150M_UR50D
XP_073786690,XP_056336004,0.0003231167793273926,esm2_t30_150M_UR50D
NP_001116766,XP_056320553,0.00023090839385986328,esm2_t30_150M_UR50D
XP_021325835,XP_056307051,0.00011718273162841797,esm2_t30_150M_UR50D
NP_001313319,XP_056329861,0.0001964569091796875,esm2_t30_150M_UR50D
XP_009298565,XP_056311632,0.00016355514526367188,esm2_t30_150M_UR50D
NP_922918,XP_056314547,0.00023323297500610352,esm2_t30_150M_UR50D
NP_957330,XP_056327268,0.00016492605209350586,esm2_t30_150M_UR50D
XP_005163449,XP_056332003,9.053945541381836e-05,esm2_t30_150M_UR50D
XP_021322123,XP_056329212,0.00011450052261352539,esm2_t30_150M_UR50D
XP_005157015,XP_056327151,0.00013440847396850586,esm2_t30_150M_UR50D
NP_001018459,XP_056305150,0.0002232193946838379,esm2_t30_150M_UR50D
XP_009298559,XP_056311756,0.00010097026824951172,esm2_t30_150M_UR50D
XP_073799312,XP_056310077,6.824731826782227e-05,esm2_t30_150M_UR50D
XP_073792773,XP_056303339,0.00010776519775390625,esm2_t30_150M_UR50D
XP_073807750,XP_056314782,0.00019598007202148438,esm2_t30_150M_UR50D
XP_073807754,XP_056314783,0.00019598007202148438,esm2_t30_150M_UR50D
XP_009295890,XP_056307082,0.0001894235610961914,esm2_t30_150M_UR50D
NP_956970,XP_056329264,0.00032204389572143555,esm2_t30_150M_UR50D
XP_009305257,XP_056325138,9.316205978393555e-05,esm2_t30_150M_UR50D
NP_571051,XP_056325319,9.98377799987793e-05,esm2_t30_150M_UR50D
XP_005163110,XP_056307852,0.0001296401023864746,esm2_t30_150M_UR50D
NP_001035072,XP_056309880,0.0005005598068237305,esm2_t30_150M_UR50D
NP_001035474,XP_056331058,0.00028574466705322266,esm2_t30_150M_UR50D
XP_009293550,XP_056303046,0.007075369358062744,esm2_t30_150M_UR50D
NP_001288285,XP_056331731,0.00033533573150634766,esm2_t30_150M_UR50D
XP_073809718,XP_056315455,0.0004054903984069824,esm2_t30_150M_UR50D
XP_005162893,XP_056306181,0.0001583099365234375,esm2_t30_150M_UR50D
XP_005156414,XP_056324940,0.00011402368545532227,esm2_t30_150M_UR50D
NP_001038884,XP_056325124,0.00017315149307250977,esm2_t30_150M_UR50D
XP_073809713,XP_056315455,0.0003911256790161133,esm2_t30_150M_UR50D
XP_002666175,XP_056303346,0.00048065185546875,esm2_t30_150M_UR50D
NP_001025332,XP_056337362,0.00019085407257080078,esm2_t30_150M_UR50D
NP_001002746,XP_056314637,0.0001729726791381836,esm2_t30_150M_UR50D
XP_009301715,XP_056318084,0.00023502111434936523,esm2_t30_150M_UR50D
XP_699295,XP_056333653,0.0002613663673400879,esm2_t30_150M_UR50D
XP_073795525,XP_056304721,0.0001246929168701172,esm2_t30_150M_UR50D
NP_001333081,XP_056328812,0.00013780593872070312,esm2_t30_150M_UR50D
NP_878299,XP_056323225,9.739398956298828e-05,esm2_t30_150M_UR50D
XP_005159168,XP_056334197,0.0002846717834472656,esm2_t30_150M_UR50D
NP_998122,XP_056328161,0.0002588033676147461,esm2_t30_150M_UR50D
XP_073797393,XP_056309705,0.0001590251922607422,esm2_t30_150M_UR50D
XP_073797430,XP_056309705,0.0001590251922607422,esm2_t30_150M_UR50D
XP_009299941,XP_056314215,0.00011521577835083008,esm2_t30_150M_UR50D
NP_001032776,XP_056303837,0.00014984607696533203,esm2_t30_150M_UR50D
NP_001019576,XP_056321893,0.0001036524772644043,esm2_t30_150M_UR50D
NP_001373634,XP_056320018,0.00017148256301879883,esm2_t30_150M_UR50D
NP_001013589,XP_056330569,0.00015437602996826172,esm2_t30_150M_UR50D
XP_005171853,XP_056313869,0.0002301931381225586,esm2_t30_150M_UR50D
XP_021334623,XP_056321269,0.00014710426330566406,esm2_t30_150M_UR50D
XP_005170746,XP_056308352,0.00017148256301879883,esm2_t30_150M_UR50D
XP_073796890,XP_056306128,0.00016438961029052734,esm2_t30_150M_UR50D
XP_009296480,XP_056307416,0.00041359663009643555,esm2_t30_150M_UR50D
XP_005165354,XP_056314078,0.00033020973205566406,esm2_t30_150M_UR50D
NP_998687,XP_056314077,0.0003095269203186035,esm2_t30_150M_UR50D
XP_073788778,XP_056336759,9.906291961669922e-05,esm2_t30_150M_UR50D
NP_001018174,XP_056327447,0.00012451410293579102,esm2_t30_150M_UR50D
XP_021322873,XP_056333488,5.91278076171875e-05,esm2_t30_150M_UR50D
NP_001417804,XP_056322676,0.00024276971817016602,esm2_t30_150M_UR50D
XP_009304364,XP_056323705,0.00012433528900146484,esm2_t30_150M_UR50D
XP_073797934,XP_056307912,0.00010544061660766602,esm2_t30_150M_UR50D
XP_005170524,XP_056303370,9.775161743164062e-05,esm2_t30_150M_UR50D
NP_571692,XP_056319738,0.004262804985046387,esm2_t30_150M_UR50D
XP_009304049,XP_056324715,0.00020802021026611328,esm2_t30_150M_UR50D
XP_685212,XP_056328385,0.0002104043960571289,esm2_t30_150M_UR50D
XP_073803043,XP_056312067,0.00028502941131591797,esm2_t30_150M_UR50D
XP_009291105,XP_056332644,0.00016605854034423828,esm2_t30_150M_UR50D
XP_073793053,XP_056310321,0.00017601251602172852,esm2_t30_150M_UR50D
XP_009294796,XP_056304574,0.0001538395881652832,esm2_t30_150M_UR50D
XP_005157976,XP_056331922,0.00011819601058959961,esm2_t30_150M_UR50D
XP_701004,XP_056313726,0.00017338991165161133,esm2_t30_150M_UR50D
XP_687246,XP_056331653,0.00018167495727539062,esm2_t30_150M_UR50D
XP_005163095,XP_056307323,0.0003383159637451172,esm2_t30_150M_UR50D
XP_009296758,XP_056329888,7.295608520507812e-05,esm2_t30_150M_UR50D
XP_009299938,XP_056314211,0.00011527538299560547,esm2_t30_150M_UR50D
NP_956820,XP_056321390,0.00010347366333007812,esm2_t30_150M_UR50D
XP_002660941,XP_056336538,0.00013780593872070312,esm2_t30_150M_UR50D
NP_571909,XP_056320688,0.00024694204330444336,esm2_t30_150M_UR50D
XP_017207000,XP_056331387,0.0002167820930480957,esm2_t30_150M_UR50D
XP_009294043,XP_056303214,0.00020354986190795898,esm2_t30_150M_UR50D
XP_073806927,XP_056312809,0.00017726421356201172,esm2_t30_150M_UR50D
XP_005170122,XP_056335137,0.0001837015151977539,esm2_t30_150M_UR50D
XP_017208903,XP_056303299,0.00032836198806762695,esm2_t30_150M_UR50D
XP_005167631,XP_056321973,0.00029158592224121094,esm2_t30_150M_UR50D
NP_001315147,XP_056302038,0.0002167820930480957,esm2_t30_150M_UR50D
XP_686465,XP_056309974,0.00013202428817749023,esm2_t30_150M_UR50D
NP_001037812,XP_056334635,0.00030618906021118164,esm2_t30_150M_UR50D
NP_001296328,XP_056318993,0.00018364191055297852,esm2_t30_150M_UR50D
XP_073785568,XP_056334847,4.649162292480469e-05,esm2_t30_150M_UR50D
NP_996983,XP_056318902,0.0002665519714355469,esm2_t30_150M_UR50D
NP_001013310,XP_056333557,0.0001704692840576172,esm2_t30_150M_UR50D
NP_001002563,XP_056332847,4.678964614868164e-05,esm2_t30_150M_UR50D
NP_001373597,XP_056307381,7.69495964050293e-05,esm2_t30_150M_UR50D
NP_001373597,XP_056308330,7.69495964050293e-05,esm2_t30_150M_UR50D
XP_017209580,XP_056307915,0.00012534856796264648,esm2_t30_150M_UR50D
XP_005156569,XP_056326878,0.0003082156181335449,esm2_t30_150M_UR50D
NP_001410745,XP_056316899,7.665157318115234e-05,esm2_t30_150M_UR50D
XP_073799483,XP_056316896,7.665157318115234e-05,esm2_t30_150M_UR50D
XP_005171231,XP_056328870,0.00014024972915649414,esm2_t30_150M_UR50D
NP_957128,XP_056325629,8.988380432128906e-05,esm2_t30_150M_UR50D
XP_073808198,XP_056313592,0.0021924376487731934,esm2_t30_150M_UR50D
NP_571808,XP_056327888,0.00019782781600952148,esm2_t30_150M_UR50D
XP_002666892,XP_056307406,0.00017130374908447266,esm2_t30_150M_UR50D
XP_073810615,XP_056316374,0.0003165006637573242,esm2_t30_150M_UR50D
NP_001185672,XP_056324153,0.000179290771484375,esm2_t30_150M_UR50D
NP_001073638,XP_056315399,0.00012624263763427734,esm2_t30_150M_UR50D
NP_001299827,XP_056315438,0.0002498030662536621,esm2_t30_150M_UR50D
XP_073807645,XP_056314598,0.0002148151397705078,esm2_t30_150M_UR50D
XP_017211857,XP_056314596,0.0002148151397705078,esm2_t30_150M_UR50D
NP_001352192,XP_056307959,0.00016021728515625,esm2_t30_150M_UR50D
XP_005160305,XP_056312692,0.0002536177635192871,esm2_t30_150M_UR50D
NP_001017750,XP_056327161,9.930133819580078e-05,esm2_t30_150M_UR50D
XP_017208125,XP_056336697,0.00022041797637939453,esm2_t30_150M_UR50D
XP_073790618,XP_056302766,0.0002982020378112793,esm2_t30_150M_UR50D
XP_009293168,XP_056337535,0.00015467405319213867,esm2_t30_150M_UR50D
XP_073806873,XP_056313900,0.0001137852668762207,esm2_t30_150M_UR50D
XP_005172157,XP_056316429,9.500980377197266e-05,esm2_t30_150M_UR50D
XP_009294606,XP_056304113,0.0003395676612854004,esm2_t30_150M_UR50D
NP_001002401,XP_056335233,0.00010484457015991211,esm2_t30_150M_UR50D
XP_005173357,XP_056328462,0.00013267993927001953,esm2_t30_150M_UR50D
XP_021328692,XP_056330702,0.0001150965690612793,esm2_t30_150M_UR50D
XP_073805890,XP_056313692,0.00013965368270874023,esm2_t30_150M_UR50D
XP_021334284,XP_056321971,0.00011515617370605469,esm2_t30_150M_UR50D
NP_001093492,XP_056335674,0.0002130270004272461,esm2_t30_150M_UR50D
XP_073805827,XP_056312860,0.00020682811737060547,esm2_t30_150M_UR50D
XP_073805887,XP_056313688,0.00013577938079833984,esm2_t30_150M_UR50D
XP_005167303,XP_056319238,0.00024688243865966797,esm2_t30_150M_UR50D
XP_009299939,XP_056314210,0.00010639429092407227,esm2_t30_150M_UR50D
NP_001038838,XP_056302028,0.00016444921493530273,esm2_t30_150M_UR50D
XP_009303436,XP_056322725,0.0001266002655029297,esm2_t30_150M_UR50D
NP_001373597,XP_056316896,9.08970832824707e-05,esm2_t30_150M_UR50D
XP_002664717,XP_056329503,0.00012737512588500977,esm2_t30_150M_UR50D
XP_005158389,XP_056330882,0.0002071857452392578,esm2_t30_150M_UR50D
NP_957369,XP_056321297,0.0003113746643066406,esm2_t30_150M_UR50D
XP_021332842,XP_056316031,0.00011104345321655273,esm2_t30_150M_UR50D
XP_073793726,XP_056304174,0.00023669004440307617,esm2_t30_150M_UR50D
XP_073805888,XP_056313688,0.00014281272888183594,esm2_t30_150M_UR50D
NP_001157866,XP_056331565,9.107589721679688e-05,esm2_t30_150M_UR50D
XP_021324693,XP_056303050,0.00011718273162841797,esm2_t30_150M_UR50D
NP_001002443,XP_056323616,0.00026738643646240234,esm2_t30_150M_UR50D
XP_073785570,XP_056334849,4.649162292480469e-05,esm2_t30_150M_UR50D
XP_073795049,XP_056305191,0.0002644062042236328,esm2_t30_150M_UR50D
XP_073797104,XP_056307153,0.00012767314910888672,esm2_t30_150M_UR50D
XP_001919229,XP_056317106,0.00032204389572143555,esm2_t30_150M_UR50D
XP_005167910,XP_056321591,0.00013452768325805664,esm2_t30_150M_UR50D
XP_005163199,XP_056307441,8.195638656616211e-05,esm2_t30_150M_UR50D
NP_001186667,XP_056306565,0.0002524852752685547,esm2_t30_150M_UR50D
XP_009301419,XP_056317302,9.72747802734375e-05,esm2_t30_150M_UR50D
NP_001006046,XP_056326542,0.0003161430358886719,esm2_t30_150M_UR50D
XP_073792069,XP_056302183,0.00015163421630859375,esm2_t30_150M_UR50D
XP_073789793,XP_056301361,0.00042432546615600586,esm2_t30_150M_UR50D
XP_017206847,XP_056332291,0.0001493692398071289,esm2_t30_150M_UR50D
XP_021332107,XP_056313480,0.0001608729362487793,esm2_t30_150M_UR50D
NP_001018484,XP_056328284,0.00035500526428222656,esm2_t30_150M_UR50D
NP_001373572,XP_056309712,0.00016486644744873047,esm2_t30_150M_UR50D
XP_009304679,XP_056325078,7.700920104980469e-05,esm2_t30_150M_UR50D
NP_998310,XP_056319168,0.00011008977890014648,esm2_t30_150M_UR50D
XP_690143,XP_056321285,8.118152618408203e-05,esm2_t30_150M_UR50D
XP_021330679,XP_056311645,0.00019669532775878906,esm2_t30_150M_UR50D
NP_991181,XP_056331880,0.00017654895782470703,esm2_t30_150M_UR50D
NP_001259009,XP_056304079,0.0003260374069213867,esm2_t30_150M_UR50D
XP_021333530,XP_056317519,0.00017529726028442383,esm2_t30_150M_UR50D
XP_005174422,XP_056307495,0.00013238191604614258,esm2_t30_150M_UR50D
XP_073788782,XP_056336764,0.00018280744552612305,esm2_t30_150M_UR50D
NP_998665,XP_056319460,0.00028824806213378906,esm2_t30_150M_UR50D
NP_956081,XP_056334440,7.420778274536133e-05,esm2_t30_150M_UR50D
XP_005163912,XP_056309310,0.00017410516738891602,esm2_t30_150M_UR50D
XP_073792404,XP_056309311,0.00017410516738891602,esm2_t30_150M_UR50D
XP_073792411,XP_056309312,0.00017410516738891602,esm2_t30_150M_UR50D
NP_571337,XP_056308164,0.00010901689529418945,esm2_t30_150M_UR50D
XP_073786749,XP_056335452,0.00017493963241577148,esm2_t30_150M_UR50D
XP_021324055,XP_056337747,0.00021570920944213867,esm2_t30_150M_UR50D
XP_002660860,XP_056330777,9.107589721679688e-05,esm2_t30_150M_UR50D
XP_009292938,XP_056336870,7.718801498413086e-05,esm2_t30_150M_UR50D
XP_005163278,XP_056308337,0.00010395050048828125,esm2_t30_150M_UR50D
XP_009302274,XP_056319589,4.5239925384521484e-05,esm2_t30_150M_UR50D
XP_073809281,XP_056312751,0.00010073184967041016,esm2_t30_150M_UR50D
NP_955924,XP_056302715,7.18235969543457e-05,esm2_t30_150M_UR50D
NP_001186030,XP_056305920,0.00010251998901367188,esm2_t30_150M_UR50D
NP_001122233,XP_056326889,0.00015795230865478516,esm2_t30_150M_UR50D
XP_073808308,XP_056312760,0.001736283302307129,esm2_t30_150M_UR50D
NP_001001944,XP_056337407,0.00010180473327636719,esm2_t30_150M_UR50D
XP_005163529,XP_056333826,0.00011473894119262695,esm2_t30_150M_UR50D
XP_009289844,XP_056328973,0.00016605854034423828,esm2_t30_150M_UR50D
XP_001920772,XP_056307479,7.206201553344727e-05,esm2_t30_150M_UR50D
XP_005165946,XP_056316036,0.00033015012741088867,esm2_t30_150M_UR50D
XP_005167440,XP_056319327,0.0001595616340637207,esm2_t30_150M_UR50D
XP_686522,XP_056315499,0.0006337761878967285,esm2_t30_150M_UR50D
NP_997893,XP_056314649,0.00019252300262451172,esm2_t30_150M_UR50D
NP_001009916,XP_056305931,0.00012934207916259766,esm2_t30_150M_UR50D
XP_017210771,XP_056311906,0.00011074542999267578,esm2_t30_150M_UR50D
NP_001003558,XP_056315411,9.208917617797852e-05,esm2_t30_150M_UR50D
XP_009293049,XP_056301321,2.855062484741211e-05,esm2_t30_150M_UR50D
XP_005158270,XP_056331445,0.000279843807220459,esm2_t30_150M_UR50D
XP_005158696,XP_056333504,0.00029534101486206055,esm2_t30_150M_UR50D
XP_697248,XP_056301645,0.0004482269287109375,esm2_t30_150M_UR50D
XP_009305424,XP_056327185,0.00016325712203979492,esm2_t30_150M_UR50D
XP_001922486,XP_056307506,6.401538848876953e-05,esm2_t30_150M_UR50D
XP_009301421,XP_056317307,9.298324584960938e-05,esm2_t30_150M_UR50D
XP_009290348,XP_056331159,0.00010836124420166016,esm2_t30_150M_UR50D
XP_017211644,XP_056314220,9.626150131225586e-05,esm2_t30_150M_UR50D
XP_009290439,XP_056330848,0.00015842914581298828,esm2_t30_150M_UR50D
NP_001007454,XP_056317574,0.00011211633682250977,esm2_t30_150M_UR50D
NP_001038283,XP_056337593,0.000296175479888916,esm2_t30_150M_UR50D
XP_005158406,XP_056331175,0.00031173229217529297,esm2_t30_150M_UR50D
NP_956688,XP_056313582,0.00015819072723388672,esm2_t30_150M_UR50D
XP_699069,XP_056335411,0.00020045042037963867,esm2_t30_150M_UR50D
NP_001017738,XP_056328580,0.00012028217315673828,esm2_t30_150M_UR50D
NP_957219,XP_056306119,8.273124694824219e-05,esm2_t30_150M_UR50D
XP_073807099,XP_056313405,0.00011038780212402344,esm2_t30_150M_UR50D
NP_955863,XP_056333639,0.00016069412231445312,esm2_t30_150M_UR50D
XP_021333509,XP_056317489,0.0001519918441772461,esm2_t30_150M_UR50D
NP_998046,XP_056329963,0.00022357702255249023,esm2_t30_150M_UR50D
NP_957406,XP_056309602,0.0001723170280456543,esm2_t30_150M_UR50D
NP_001082799,XP_056323229,0.00039631128311157227,esm2_t30_150M_UR50D
XP_009294593,XP_056303203,8.720159530639648e-05,esm2_t30_150M_UR50D
XP_021323602,XP_056334744,0.00022393465042114258,esm2_t30_150M_UR50D
XP_021334299,XP_056321722,0.00014066696166992188,esm2_t30_150M_UR50D
XP_073801321,XP_056315774,0.00011777877807617188,esm2_t30_150M_UR50D
NP_001038624,XP_056335506,9.638071060180664e-05,esm2_t30_150M_UR50D
XP_009289324,XP_056328792,0.00011688470840454102,esm2_t30_150M_UR50D
XP_073797848,XP_056307418,9.685754776000977e-05,esm2_t30_150M_UR50D
XP_021326885,XP_056314497,0.00012952089309692383,esm2_t30_150M_UR50D
NP_001232892,XP_056316901,0.00010639429092407227,esm2_t30_150M_UR50D
NP_998576,XP_056326236,0.00013202428817749023,esm2_t30_150M_UR50D
NP_001116722,XP_056316015,9.626150131225586e-05,esm2_t30_150M_UR50D
XP_073795974,XP_056304761,0.0001322627067565918,esm2_t30_150M_UR50D
NP_001002726,XP_056333394,8.159875869750977e-05,esm2_t30_150M_UR50D
XP_021323643,XP_056336438,0.00010287761688232422,esm2_t30_150M_UR50D
XP_073796354,XP_056307006,0.00011438131332397461,esm2_t30_150M_UR50D
XP_073805435,XP_056318838,0.0003274679183959961,esm2_t30_150M_UR50D
XP_009302008,XP_056320106,8.100271224975586e-05,esm2_t30_150M_UR50D
NP_001333153,XP_056330879,0.00012314319610595703,esm2_t30_150M_UR50D
XP_017213029,XP_056319078,0.00012820959091186523,esm2_t30_150M_UR50D
XP_021331668,XP_056305491,0.00012445449829101562,esm2_t30_150M_UR50D
NP_001005952,XP_056324718,0.00010651350021362305,esm2_t30_150M_UR50D
NP_571048,XP_056329489,0.00011229515075683594,esm2_t30_150M_UR50D
XP_009301954,XP_056316898,0.0001035928726196289,esm2_t30_150M_UR50D
XP_073787309,XP_056335192,0.00015741586685180664,esm2_t30_150M_UR50D
XP_021334311,XP_056337440,0.00010222196578979492,esm2_t30_150M_UR50D
XP_021326256,XP_056308215,0.00015884637832641602,esm2_t30_150M_UR50D
XP_073787339,XP_056335957,8.189678192138672e-05,esm2_t30_150M_UR50D
XP_005159582,XP_056335960,8.189678192138672e-05,esm2_t30_150M_UR50D
XP_073787339,XP_056335958,8.189678192138672e-05,esm2_t30_150M_UR50D
XP_017207957,XP_056337376,0.00016200542449951172,esm2_t30_150M_UR50D
NP_001004007,XP_056337376,0.00016200542449951172,esm2_t30_150M_UR50D
XP_021324704,XP_056302122,9.071826934814453e-05,esm2_t30_150M_UR50D
NP_001289171,XP_056337738,3.927946090698242e-05,esm2_t30_150M_UR50D
NP_997870,XP_056331656,0.0001830458641052246,esm2_t30_150M_UR50D
XP_005164167,XP_056309858,0.0001201629638671875,esm2_t30_150M_UR50D
NP_570989,XP_056329758,8.797645568847656e-05,esm2_t30_150M_UR50D
NP_001074095,XP_056313820,8.64863395690918e-05,esm2_t30_150M_UR50D
NP_571359,XP_056333602,5.7756900787353516e-05,esm2_t30_150M_UR50D
NP_571959,XP_056319456,9.679794311523438e-05,esm2_t30_150M_UR50D
XP_005169787,XP_056329162,0.00021952390670776367,esm2_t30_150M_UR50D
XP_021335822,XP_056325411,0.00013577938079833984,esm2_t30_150M_UR50D
XP_005166450,XP_056317456,7.30752944946289e-05,esm2_t30_150M_UR50D
NP_958466,XP_056326616,0.0003846883773803711,esm2_t30_150M_UR50D
NP_001002496,XP_056314478,0.00014322996139526367,esm2_t30_150M_UR50D
XP_009292948,XP_056336763,7.730722427368164e-05,esm2_t30_150M_UR50D
XP_021334181,XP_056320583,0.00014823675155639648,esm2_t30_150M_UR50D
XP_073810894,XP_056316660,9.5367431640625e-05,esm2_t30_150M_UR50D
NP_956804,XP_056305200,8.064508438110352e-05,esm2_t30_150M_UR50D
XP_005163797,XP_056309133,0.00033098459243774414,esm2_t30_150M_UR50D
XP_021330936,XP_056311580,0.00016266107559204102,esm2_t30_150M_UR50D
NP_571856,XP_056316180,0.00012552738189697266,esm2_t30_150M_UR50D
NP_958482,XP_056309180,9.930133819580078e-05,esm2_t30_150M_UR50D
XP_009304999,XP_056325409,0.00013023614883422852,esm2_t30_150M_UR50D
XP_073798405,XP_056307355,0.00015842914581298828,esm2_t30_150M_UR50D
NP_001014326,XP_056302597,0.00012606382369995117,esm2_t30_150M_UR50D
NP_001103940,XP_056315988,5.6743621826171875e-05,esm2_t30_150M_UR50D
NP_001073421,XP_056327747,0.0003063082695007324,esm2_t30_150M_UR50D
NP_001243593,XP_056307288,0.00017374753952026367,esm2_t30_150M_UR50D
XP_021330744,XP_056311549,9.512901306152344e-05,esm2_t30_150M_UR50D
XP_073788213,XP_056337742,0.0001170039176940918,esm2_t30_150M_UR50D
XP_009297645,XP_056309317,8.64863395690918e-05,esm2_t30_150M_UR50D
NP_001107092,XP_056319881,0.00012022256851196289,esm2_t30_150M_UR50D
XP_021335251,XP_056324371,8.124113082885742e-05,esm2_t30_150M_UR50D
XP_021324268,XP_056328352,8.934736251831055e-05,esm2_t30_150M_UR50D
XP_021332762,XP_056315738,0.00017261505126953125,esm2_t30_150M_UR50D
XP_021325852,XP_056306231,0.00011414289474487305,esm2_t30_150M_UR50D
XP_021333062,XP_056318273,9.351968765258789e-05,esm2_t30_150M_UR50D
NP_571308,XP_056324633,0.00013488531112670898,esm2_t30_150M_UR50D
XP_009305769,XP_056326920,8.040666580200195e-05,esm2_t30_150M_UR50D
XP_005159410,XP_056336219,0.00010204315185546875,esm2_t30_150M_UR50D
NP_998404,XP_056324346,8.249282836914062e-05,esm2_t30_150M_UR50D
XP_005161463,XP_056302211,4.5359134674072266e-05,esm2_t30_150M_UR50D
XP_691871,XP_056301814,0.00012093782424926758,esm2_t30_150M_UR50D
XP_017213450,XP_056333308,9.459257125854492e-05,esm2_t30_150M_UR50D
XP_005170633,XP_056305332,8.589029312133789e-05,esm2_t30_150M_UR50D
XP_073791731,XP_056301744,9.614229202270508e-05,esm2_t30_150M_UR50D
XP_021322820,XP_056333394,7.647275924682617e-05,esm2_t30_150M_UR50D
XP_009292082,XP_056333939,0.00010758638381958008,esm2_t30_150M_UR50D
XP_009300452,XP_056315516,0.00010520219802856445,esm2_t30_150M_UR50D
XP_685746,XP_056305656,0.00010907649993896484,esm2_t30_150M_UR50D
XP_021323593,XP_056333774,0.0002962350845336914,esm2_t30_150M_UR50D
XP_021334493,XP_056320647,8.285045623779297e-05,esm2_t30_150M_UR50D
XP_003200233,XP_056331736,0.00012826919555664062,esm2_t30_150M_UR50D
XP_009292307,XP_056335196,9.119510650634766e-05,esm2_t30_150M_UR50D
XP_009296842,XP_056332889,0.00019973516464233398,esm2_t30_150M_UR50D
XP_021333247,XP_056317774,6.502866744995117e-05,esm2_t30_150M_UR50D
NP_958445,XP_056329281,0.00011813640594482422,esm2_t30_150M_UR50D
NP_775357,XP_056331184,2.7358531951904297e-05,esm2_t30_150M_UR50D
NP_001076500,XP_056315575,7.933378219604492e-05,esm2_t30_150M_UR50D
XP_017206474,XP_056330044,0.0002976655960083008,esm2_t30_150M_UR50D
NP_001122045,XP_056330526,8.541345596313477e-05,esm2_t30_150M_UR50D
XP_001921766,XP_056305744,0.0001385211944580078,esm2_t30_150M_UR50D
NP_998525,XP_056335666,3.361701965332031e-05,esm2_t30_150M_UR50D
XP_009292082,XP_056333937,9.679794311523438e-05,esm2_t30_150M_UR50D
XP_073786189,XP_056334332,0.0001074075698852539,esm2_t30_150M_UR50D
NP_001032316,XP_056322811,0.00109100341796875,esm2_t30_150M_UR50D
XP_009290987,XP_056302852,0.00011801719665527344,esm2_t30_150M_UR50D
XP_005156890,XP_056326676,0.00024306774139404297,esm2_t30_150M_UR50D
XP_005169361,XP_056324768,9.66787338256836e-05,esm2_t30_150M_UR50D
XP_002665057,XP_056331590,0.00016123056411743164,esm2_t30_150M_UR50D
XP_021335841,XP_056325121,0.00018459558486938477,esm2_t30_150M_UR50D
XP_005165243,XP_056313494,0.00012511014938354492,esm2_t30_150M_UR50D
XP_021336126,XP_056326070,0.00016707181930541992,esm2_t30_150M_UR50D
XP_005155582,XP_056323077,8.314847946166992e-05,esm2_t30_150M_UR50D
NP_956829,XP_056321271,0.00016433000564575195,esm2_t30_150M_UR50D
NP_956464,XP_056336820,0.00015246868133544922,esm2_t30_150M_UR50D
XP_005169279,XP_056322500,0.000258028507232666,esm2_t30_150M_UR50D
NP_956447,XP_056315656,0.0006149411201477051,esm2_t30_150M_UR50D
XP_009294228,XP_056303217,0.0002859830856323242,esm2_t30_150M_UR50D
NP_705938,XP_056305454,0.00016546249389648438,esm2_t30_150M_UR50D
XP_003201233,XP_056305198,0.00021725893020629883,esm2_t30_150M_UR50D
NP_001185701,XP_056315744,0.00012058019638061523,esm2_t30_150M_UR50D
XP_009298264,XP_056312032,6.592273712158203e-05,esm2_t30_150M_UR50D
XP_005162427,XP_056305574,7.778406143188477e-05,esm2_t30_150M_UR50D
XP_002667227,XP_056327889,0.00011467933654785156,esm2_t30_150M_UR50D
NP_001070217,XP_056316914,0.00015461444854736328,esm2_t30_150M_UR50D
NP_998185,XP_056311704,0.0002275705337524414,esm2_t30_150M_UR50D
XP_005164788,XP_056311704,0.00021731853485107422,esm2_t30_150M_UR50D
XP_073797874,XP_056307426,8.058547973632812e-05,esm2_t30_150M_UR50D
XP_009300420,XP_056315392,9.775161743164062e-05,esm2_t30_150M_UR50D
NP_001030160,XP_056312585,0.0001074671745300293,esm2_t30_150M_UR50D
XP_073798248,XP_056308217,0.00012195110321044922,esm2_t30_150M_UR50D
NP_001032179,XP_056324212,6.222724914550781e-05,esm2_t30_150M_UR50D
XP_005169335,XP_056324646,8.797645568847656e-05,esm2_t30_150M_UR50D
NP_997832,XP_056302061,8.374452590942383e-05,esm2_t30_150M_UR50D
XP_073806557,XP_056314394,0.00010281801223754883,esm2_t30_150M_UR50D
NP_001315481,XP_056310552,4.583597183227539e-05,esm2_t30_150M_UR50D
NP_001074085,XP_056314611,3.7789344787597656e-05,esm2_t30_150M_UR50D
XP_682848,XP_056315120,0.0001900196075439453,esm2_t30_150M_UR50D
XP_005159907,XP_056304425,0.00012803077697753906,esm2_t30_150M_UR50D
XP_073794731,XP_056309336,0.00013083219528198242,esm2_t30_150M_UR50D
XP_005162716,XP_056306497,8.219480514526367e-05,esm2_t30_150M_UR50D
XP_073785117,XP_056334038,7.134675979614258e-05,esm2_t30_150M_UR50D
XP_009290638,XP_056331554,7.545948028564453e-05,esm2_t30_150M_UR50D
XP_009301685,XP_056317974,6.854534149169922e-05,esm2_t30_150M_UR50D
NP_001002459,XP_056317761,7.557868957519531e-05,esm2_t30_150M_UR50D
NP_001025275,XP_056326784,0.0001188516616821289,esm2_t30_150M_UR50D
XP_073810682,XP_056316423,0.00010317564010620117,esm2_t30_150M_UR50D
NP_001004571,XP_056332543,7.015466690063477e-05,esm2_t30_150M_UR50D
XP_005166451,XP_056317459,0.00022977590560913086,esm2_t30_150M_UR50D
NP_001037813,XP_056332876,8.660554885864258e-05,esm2_t30_150M_UR50D
NP_571836,XP_056315568,9.769201278686523e-05,esm2_t30_150M_UR50D
XP_021336334,XP_056326736,8.33272933959961e-05,esm2_t30_150M_UR50D
XP_005158154,XP_056330827,9.232759475708008e-05,esm2_t30_150M_UR50D
XP_073791346,XP_056302306,6.240606307983398e-05,esm2_t30_150M_UR50D
XP_073791342,XP_056302306,6.240606307983398e-05,esm2_t30_150M_UR50D
XP_009293789,XP_056302749,0.0001423358917236328,esm2_t30_150M_UR50D
NP_001315012,XP_056319133,9.578466415405273e-05,esm2_t30_150M_UR50D
XP_009292419,XP_056335381,9.644031524658203e-05,esm2_t30_150M_UR50D
XP_017208544,XP_056302684,0.0001309514045715332,esm2_t30_150M_UR50D
XP_073809475,XP_056315665,0.00034606456756591797,esm2_t30_150M_UR50D
XP_005162270,XP_056304656,0.0001887679100036621,esm2_t30_150M_UR50D
XP_009297689,XP_056309427,3.4868717193603516e-05,esm2_t30_150M_UR50D
XP_009297687,XP_056309426,7.2479248046875e-05,esm2_t30_150M_UR50D
XP_009296216,XP_056307877,9.948015213012695e-05,esm2_t30_150M_UR50D
NP_001153139,XP_056336770,9.679794311523438e-05,esm2_t30_150M_UR50D
NP_001121885,XP_056313371,0.00010663270950317383,esm2_t30_150M_UR50D
NP_001004600,XP_056328038,9.268522262573242e-05,esm2_t30_150M_UR50D
XP_005173707,XP_056333942,0.000102996826171875,esm2_t30_150M_UR50D
XP_073810627,XP_056316417,5.1021575927734375e-05,esm2_t30_150M_UR50D
NP_001013519,XP_056326426,6.699562072753906e-05,esm2_t30_150M_UR50D
XP_005169383,XP_056324535,5.3822994232177734e-05,esm2_t30_150M_UR50D
XP_021329873,XP_056322837,4.7206878662109375e-05,esm2_t30_150M_UR50D
XP_005167088,XP_056319547,7.641315460205078e-05,esm2_t30_150M_UR50D
XP_009300257,XP_056314738,0.000102996826171875,esm2_t30_150M_UR50D
XP_073810887,XP_056316654,9.059906005859375e-05,esm2_t30_150M_UR50D
XP_021336991,XP_056330345,9.97781753540039e-05,esm2_t30_150M_UR50D
NP_571574,XP_056311100,0.0001277327537536621,esm2_t30_150M_UR50D
XP_009290217,XP_056329908,6.145238876342773e-05,esm2_t30_150M_UR50D
XP_009293757,XP_056302439,6.777048110961914e-05,esm2_t30_150M_UR50D
NP_001417788,XP_056334113,0.00011622905731201172,esm2_t30_150M_UR50D
XP_009304425,XP_056324765,8.83936882019043e-05,esm2_t30_150M_UR50D
XP_073808541,XP_056316691,7.814168930053711e-05,esm2_t30_150M_UR50D
XP_021325744,XP_056305899,0.00015234947204589844,esm2_t30_150M_UR50D
XP_017211970,XP_056316604,8.26716423034668e-05,esm2_t30_150M_UR50D
NP_001018471,XP_056331312,0.00018143653869628906,esm2_t30_150M_UR50D
NP_001182336,XP_056317976,5.239248275756836e-05,esm2_t30_150M_UR50D
NP_001018580,XP_056306503,7.748603820800781e-05,esm2_t30_150M_UR50D
NP_001315096,XP_056332311,0.00022071599960327148,esm2_t30_150M_UR50D
XP_017213206,XP_056321041,5.942583084106445e-05,esm2_t30_150M_UR50D
NP_001039014,XP_056330517,0.00024515390396118164,esm2_t30_150M_UR50D
XP_005163374,XP_056330435,6.330013275146484e-05,esm2_t30_150M_UR50D
XP_073785784,XP_056333775,0.0002804398536682129,esm2_t30_150M_UR50D
XP_009290329,XP_056331211,0.0001627802848815918,esm2_t30_150M_UR50D
XP_021323777,XP_056335204,6.03795051574707e-05,esm2_t30_150M_UR50D
XP_073796039,XP_056307012,7.486343383789062e-05,esm2_t30_150M_UR50D
XP_009299745,XP_056301440,5.310773849487305e-05,esm2_t30_150M_UR50D
XP_005156856,XP_056326492,6.35385513305664e-05,esm2_t30_150M_UR50D
XP_691455,XP_056325528,0.00010842084884643555,esm2_t30_150M_UR50D
NP_001003883,XP_056324579,0.0001278519630432129,esm2_t30_150M_UR50D
XP_073794634,XP_056309571,6.16312026977539e-05,esm2_t30_150M_UR50D
NP_001352121,XP_056323658,0.00011587142944335938,esm2_t30_150M_UR50D
XP_009302165,XP_056319772,5.0127506256103516e-05,esm2_t30_150M_UR50D
NP_001313379,XP_056324106,8.982419967651367e-05,esm2_t30_150M_UR50D
XP_005163656,XP_056332930,0.00010883808135986328,esm2_t30_150M_UR50D
XP_009296909,XP_056334385,4.9233436584472656e-05,esm2_t30_150M_UR50D
NP_919343,XP_056304910,2.8133392333984375e-05,esm2_t30_150M_UR50D
XP_005162390,XP_056305691,0.0001156926155090332,esm2_t30_150M_UR50D
XP_009296078,XP_056307399,8.666515350341797e-05,esm2_t30_150M_UR50D
NP_001092228,XP_056322105,6.556510925292969e-05,esm2_t30_150M_UR50D
XP_699475,XP_056314614,8.207559585571289e-05,esm2_t30_150M_UR50D
XP_003199781,XP_056326690,0.00010246038436889648,esm2_t30_150M_UR50D
NP_001272463,XP_056303792,0.00013303756713867188,esm2_t30_150M_UR50D
XP_073792656,XP_056303713,9.131431579589844e-05,esm2_t30_150M_UR50D
NP_001104751,XP_056310080,6.222724914550781e-05,esm2_t30_150M_UR50D
XP_005159295,XP_056333820,9.608268737792969e-05,esm2_t30_150M_UR50D
XP_005157523,XP_056329226,4.762411117553711e-05,esm2_t30_150M_UR50D
XP_009299925,XP_056314179,0.0001385211944580078,esm2_t30_150M_UR50D
NP_001038323,XP_056335106,0.00011396408081054688,esm2_t30_150M_UR50D
XP_017213324,XP_056321574,5.3048133850097656e-05,esm2_t30_150M_UR50D
XP_021332546,XP_056316135,6.031990051269531e-05,esm2_t30_150M_UR50D
XP_073803145,XP_056311947,0.00013244152069091797,esm2_t30_150M_UR50D
XP_009302264,XP_056319465,0.00014024972915649414,esm2_t30_150M_UR50D
XP_009294225,XP_056304401,0.0001857280731201172,esm2_t30_150M_UR50D
XP_005171035,XP_056312607,7.88569450378418e-05,esm2_t30_150M_UR50D
XP_005171035,XP_056312609,7.88569450378418e-05,esm2_t30_150M_UR50D
XP_009292116,XP_056312610,7.88569450378418e-05,esm2_t30_150M_UR50D
XP_005171034,XP_056312608,7.88569450378418e-05,esm2_t30_150M_UR50D
NP_001018394,XP_056332087,0.00014650821685791016,esm2_t30_150M_UR50D
XP_073797492,XP_056306760,4.982948303222656e-05,esm2_t30_150M_UR50D
XP_073797492,XP_056306761,4.982948303222656e-05,esm2_t30_150M_UR50D
XP_073797486,XP_056306760,4.982948303222656e-05,esm2_t30_150M_UR50D
NP_001012508,XP_056331067,8.863210678100586e-05,esm2_t30_150M_UR50D
XP_073802899,XP_056311136,0.00020736455917358398,esm2_t30_150M_UR50D
XP_009304297,XP_056324747,7.528066635131836e-05,esm2_t30_150M_UR50D
XP_017208637,XP_056303708,8.70823860168457e-05,esm2_t30_150M_UR50D
XP_021333867,XP_056319674,5.334615707397461e-05,esm2_t30_150M_UR50D
NP_001352582,XP_056318258,7.718801498413086e-05,esm2_t30_150M_UR50D
XP_005157636,XP_056329224,5.733966827392578e-05,esm2_t30_150M_UR50D
XP_073809292,XP_056316357,4.875659942626953e-05,esm2_t30_150M_UR50D
XP_073809299,XP_056316353,5.08427619934082e-05,esm2_t30_150M_UR50D
XP_073809300,XP_056316352,5.08427619934082e-05,esm2_t30_150M_UR50D
XP_003197866,XP_056328399,0.00011175870895385742,esm2_t30_150M_UR50D
XP_073810553,XP_056327040,6.198883056640625e-05,esm2_t30_150M_UR50D
XP_073792666,XP_056303715,0.00010162591934204102,esm2_t30_150M_UR50D
NP_001123295,XP_056315700,5.519390106201172e-05,esm2_t30_150M_UR50D
XP_005165053,XP_056312033,6.651878356933594e-05,esm2_t30_150M_UR50D
XP_009304202,XP_056324285,5.0187110900878906e-05,esm2_t30_150M_UR50D
NP_001071018,XP_056327533,7.921457290649414e-05,esm2_t30_150M_UR50D
XP_001343041,XP_056302900,4.982948303222656e-05,esm2_t30_150M_UR50D
NP_958455,XP_056309794,5.036592483520508e-05,esm2_t30_150M_UR50D
NP_001070932,XP_056331522,8.785724639892578e-05,esm2_t30_150M_UR50D
XP_073809219,XP_056316196,4.667043685913086e-05,esm2_t30_150M_UR50D
XP_009293684,XP_056303149,6.74128532409668e-05,esm2_t30_150M_UR50D
XP_009295656,XP_056307017,7.265806198120117e-05,esm2_t30_150M_UR50D
NP_955934,XP_056307832,8.45193862915039e-05,esm2_t30_150M_UR50D
XP_073809057,XP_056312921,8.672475814819336e-05,esm2_t30_150M_UR50D
NP_001013585,XP_056318986,5.5789947509765625e-05,esm2_t30_150M_UR50D
NP_001092892,XP_056308200,7.385015487670898e-05,esm2_t30_150M_UR50D
XP_021333082,XP_056318878,5.888938903808594e-05,esm2_t30_150M_UR50D
NP_001013554,XP_056334357,0.00011259317398071289,esm2_t30_150M_UR50D
NP_001002446,XP_056330432,3.784894943237305e-05,esm2_t30_150M_UR50D
NP_001038364,XP_056337656,6.330013275146484e-05,esm2_t30_150M_UR50D
XP_001344260,XP_056327483,7.69495964050293e-05,esm2_t30_150M_UR50D
XP_005157080,XP_056326304,0.00016456842422485352,esm2_t30_150M_UR50D
XP_009301396,XP_056317199,8.064508438110352e-05,esm2_t30_150M_UR50D
XP_073788786,XP_056336770,4.035234451293945e-05,esm2_t30_150M_UR50D
XP_017208299,XP_056301970,9.34600830078125e-05,esm2_t30_150M_UR50D
XP_009289755,XP_056315189,0.00010102987289428711,esm2_t30_150M_UR50D
NP_955963,XP_056328843,7.700920104980469e-05,esm2_t30_150M_UR50D
XP_005164123,XP_056309651,8.07642936706543e-05,esm2_t30_150M_UR50D
XP_005159647,XP_056336383,3.916025161743164e-05,esm2_t30_150M_UR50D
XP_021324370,XP_056337051,0.0001392960548400879,esm2_t30_150M_UR50D
NP_998551,XP_056320095,4.07099723815918e-05,esm2_t30_150M_UR50D
XP_005167978,XP_056321832,0.00017917156219482422,esm2_t30_150M_UR50D
XP_009295591,XP_056328146,9.763240814208984e-05,esm2_t30_150M_UR50D
NP_001002409,XP_056308087,0.0001551508903503418,esm2_t30_150M_UR50D
XP_009306021,XP_056327765,5.799531936645508e-05,esm2_t30_150M_UR50D
XP_009293761,XP_056303071,0.0001532435417175293,esm2_t30_150M_UR50D
NP_001268926,XP_056323600,6.371736526489258e-05,esm2_t30_150M_UR50D
NP_956636,XP_056334240,3.8683414459228516e-05,esm2_t30_150M_UR50D
XP_017212286,XP_056317653,5.048513412475586e-05,esm2_t30_150M_UR50D
NP_001410360,XP_056327649,0.00016492605209350586,esm2_t30_150M_UR50D
XP_005166925,XP_056319889,0.00014799833297729492,esm2_t30_150M_UR50D
XP_009292988,XP_056337571,7.414817810058594e-05,esm2_t30_150M_UR50D
NP_001289172,XP_056319120,6.240606307983398e-05,esm2_t30_150M_UR50D
NP_001349358,XP_056312865,7.319450378417969e-05,esm2_t30_150M_UR50D
XP_005173283,XP_056328097,7.224082946777344e-05,esm2_t30_150M_UR50D
XP_073808559,XP_056316440,4.035234451293945e-05,esm2_t30_150M_UR50D
XP_073808558,XP_056316440,4.035234451293945e-05,esm2_t30_150M_UR50D
XP_073808558,XP_056316441,4.035234451293945e-05,esm2_t30_150M_UR50D
NP_001314745,XP_056320567,7.236003875732422e-05,esm2_t30_150M_UR50D
XP_009303014,XP_056321444,7.206201553344727e-05,esm2_t30_150M_UR50D
XP_005162385,XP_056305005,7.319450378417969e-05,esm2_t30_150M_UR50D
XP_005165942,XP_056316016,9.500980377197266e-05,esm2_t30_150M_UR50D
NP_001002426,XP_056304622,9.840726852416992e-05,esm2_t30_150M_UR50D
XP_017212968,XP_056336335,0.00016003847122192383,esm2_t30_150M_UR50D
NP_001108158,XP_056316571,4.655122756958008e-05,esm2_t30_150M_UR50D
XP_021334253,XP_056321492,0.0001417994499206543,esm2_t30_150M_UR50D
XP_005159195,XP_056333785,7.098913192749023e-05,esm2_t30_150M_UR50D
XP_005163024,XP_056308086,0.00014215707778930664,esm2_t30_150M_UR50D
XP_005173283,XP_056328096,7.838010787963867e-05,esm2_t30_150M_UR50D
XP_009305382,XP_056326347,7.796287536621094e-05,esm2_t30_150M_UR50D
NP_001017549,XP_056321446,0.00011432170867919922,esm2_t30_150M_UR50D
XP_073790947,XP_056302628,5.048513412475586e-05,esm2_t30_150M_UR50D
XP_700015,XP_056309882,2.0742416381835938e-05,esm2_t30_150M_UR50D
XP_021326214,XP_056307499,0.00027751922607421875,esm2_t30_150M_UR50D
XP_073787985,XP_056336392,0.0001366138458251953,esm2_t30_150M_UR50D
XP_021329519,XP_056308187,0.00010544061660766602,esm2_t30_150M_UR50D
NP_001038499,XP_056335269,8.672475814819336e-05,esm2_t30_150M_UR50D
NP_571158,XP_056302526,0.00012254714965820312,esm2_t30_150M_UR50D
XP_017212964,XP_056336318,0.00015860795974731445,esm2_t30_150M_UR50D
XP_073790372,XP_056301900,9.781122207641602e-05,esm2_t30_150M_UR50D
XP_017212772,XP_056319669,5.447864532470703e-05,esm2_t30_150M_UR50D
NP_999874,XP_056337615,8.410215377807617e-05,esm2_t30_150M_UR50D
XP_073797194,XP_056306208,6.133317947387695e-05,esm2_t30_150M_UR50D
XP_021330770,XP_056311687,3.5822391510009766e-05,esm2_t30_150M_UR50D
XP_688089,XP_056303058,8.434057235717773e-05,esm2_t30_150M_UR50D
XP_073802051,XP_056312236,5.8531761169433594e-05,esm2_t30_150M_UR50D
XP_073802047,XP_056312236,5.8531761169433594e-05,esm2_t30_150M_UR50D
XP_005158753,XP_056332646,4.9948692321777344e-05,esm2_t30_150M_UR50D
XP_009304466,XP_056323949,4.482269287109375e-05,esm2_t30_150M_UR50D
XP_009295324,XP_056305466,9.483098983764648e-05,esm2_t30_150M_UR50D
NP_001124329,XP_056321492,0.00013113021850585938,esm2_t30_150M_UR50D
NP_957237,XP_056335149,4.547834396362305e-05,esm2_t30_150M_UR50D
XP_005167932,XP_056321803,0.0002664327621459961,esm2_t30_150M_UR50D
NP_001268922,XP_056317533,0.00013893842697143555,esm2_t30_150M_UR50D
NP_001315282,XP_056304865,0.00011360645294189453,esm2_t30_150M_UR50D
NP_001007314,XP_056324917,6.455183029174805e-05,esm2_t30_150M_UR50D
XP_021324360,XP_056337057,8.803606033325195e-05,esm2_t30_150M_UR50D
XP_073810071,XP_056315709,0.00017505884170532227,esm2_t30_150M_UR50D
XP_073799880,XP_056312633,5.257129669189453e-05,esm2_t30_150M_UR50D
NP_001014818,XP_056328295,4.45246696472168e-05,esm2_t30_150M_UR50D
XP_005156579,XP_056326290,5.1856040954589844e-05,esm2_t30_150M_UR50D
NP_956701,XP_056307737,6.842613220214844e-05,esm2_t30_150M_UR50D
XP_005166947,XP_056319884,0.00012177228927612305,esm2_t30_150M_UR50D
XP_073788784,XP_056336764,3.653764724731445e-05,esm2_t30_150M_UR50D
XP_009298659,XP_056311445,0.00012350082397460938,esm2_t30_150M_UR50D
XP_021335341,XP_056323962,7.76052474975586e-05,esm2_t30_150M_UR50D
NP_001082974,XP_056333084,9.22083854675293e-05,esm2_t30_150M_UR50D
XP_009291236,XP_056332770,4.673004150390625e-05,esm2_t30_150M_UR50D
XP_005168535,XP_056309143,3.826618194580078e-05,esm2_t30_150M_UR50D
NP_001071075,XP_056328231,7.194280624389648e-05,esm2_t30_150M_UR50D
XP_073785167,XP_056334922,5.4955482482910156e-05,esm2_t30_150M_UR50D
XP_021324356,XP_056337050,8.434057235717773e-05,esm2_t30_150M_UR50D
XP_073792659,XP_056309736,5.370378494262695e-05,esm2_t30_150M_UR50D
XP_021322301,XP_056331565,1.1861324310302734e-05,esm2_t30_150M_UR50D
XP_021337031,XP_056330309,3.0338764190673828e-05,esm2_t30_150M_UR50D
XP_021324357,XP_056337051,8.71419906616211e-05,esm2_t30_150M_UR50D
XP_073789301,XP_056336746,0.0001055002212524414,esm2_t30_150M_UR50D
XP_005164250,XP_056309904,4.9948692321777344e-05,esm2_t30_150M_UR50D
NP_957007,XP_056321505,3.445148468017578e-05,esm2_t30_150M_UR50D
XP_009302535,XP_056319096,6.216764450073242e-05,esm2_t30_150M_UR50D
XP_005164173,XP_056309983,6.568431854248047e-05,esm2_t30_150M_UR50D
NP_001116327,XP_056307486,5.352497100830078e-05,esm2_t30_150M_UR50D
XP_073810080,XP_056315711,0.0002453923225402832,esm2_t30_150M_UR50D
XP_073788498,XP_056336882,9.965896606445312e-05,esm2_t30_150M_UR50D
XP_005160627,XP_056336883,9.965896606445312e-05,esm2_t30_150M_UR50D
NP_001077045,XP_056329208,5.835294723510742e-05,esm2_t30_150M_UR50D
NP_998628,XP_056325223,6.151199340820312e-05,esm2_t30_150M_UR50D
XP_073808384,XP_056313955,6.461143493652344e-05,esm2_t30_150M_UR50D
XP_684264,XP_056313955,6.461143493652344e-05,esm2_t30_150M_UR50D
NP_571222,XP_056331185,6.812810897827148e-05,esm2_t30_150M_UR50D
XP_073801040,XP_056310215,6.717443466186523e-05,esm2_t30_150M_UR50D
NP_001116764,XP_056320024,8.589029312133789e-05,esm2_t30_150M_UR50D
XP_693394,XP_056309245,3.1054019927978516e-05,esm2_t30_150M_UR50D
XP_021329517,XP_056308184,6.568431854248047e-05,esm2_t30_150M_UR50D
NP_001038410,XP_056319906,4.83393669128418e-05,esm2_t30_150M_UR50D
NP_998521,XP_056332263,3.5643577575683594e-05,esm2_t30_150M_UR50D
XP_073787546,XP_056335384,4.875659942626953e-05,esm2_t30_150M_UR50D
XP_005173247,XP_056328607,4.887580871582031e-05,esm2_t30_150M_UR50D
XP_073794842,XP_056305483,5.996227264404297e-05,esm2_t30_150M_UR50D
XP_073788309,XP_056337632,0.00011223554611206055,esm2_t30_150M_UR50D
XP_021326924,XP_056331728,3.981590270996094e-05,esm2_t30_150M_UR50D
NP_957275,XP_056327761,4.839897155761719e-05,esm2_t30_150M_UR50D
XP_073802989,XP_056312153,7.474422454833984e-05,esm2_t30_150M_UR50D
XP_073810074,XP_056315711,0.00010377168655395508,esm2_t30_150M_UR50D
XP_697365,XP_056317467,6.586313247680664e-05,esm2_t30_150M_UR50D
XP_005174261,XP_056306886,6.335973739624023e-05,esm2_t30_150M_UR50D
NP_957168,XP_056325170,3.540515899658203e-05,esm2_t30_150M_UR50D
XP_005173170,XP_056327757,4.7087669372558594e-05,esm2_t30_150M_UR50D
XP_009292473,XP_056335152,3.343820571899414e-05,esm2_t30_150M_UR50D
NP_001025346,XP_056327055,6.276369094848633e-05,esm2_t30_150M_UR50D
XP_017208249,XP_056302718,5.7578086853027344e-05,esm2_t30_150M_UR50D
XP_005171317,XP_056334571,3.7610530853271484e-05,esm2_t30_150M_UR50D
NP_001002333,XP_056328487,4.3272972106933594e-05,esm2_t30_150M_UR50D
NP_001121818,XP_056319496,5.561113357543945e-05,esm2_t30_150M_UR50D
XP_698473,XP_056329412,7.241964340209961e-05,esm2_t30_150M_UR50D
XP_005157530,XP_056329651,3.999471664428711e-05,esm2_t30_150M_UR50D
XP_073805961,XP_056314680,8.83936882019043e-05,esm2_t30_150M_UR50D
NP_001002330,XP_056309356,0.00011217594146728516,esm2_t30_150M_UR50D
XP_005172094,XP_056314844,4.57763671875e-05,esm2_t30_150M_UR50D
XP_005172094,XP_056314843,4.57763671875e-05,esm2_t30_150M_UR50D
XP_009293034,XP_056336993,3.9577484130859375e-05,esm2_t30_150M_UR50D
XP_009292987,XP_056337571,8.45789909362793e-05,esm2_t30_150M_UR50D
XP_021331027,XP_056318845,0.00010693073272705078,esm2_t30_150M_UR50D
NP_001038407,XP_056337301,7.396936416625977e-05,esm2_t30_150M_UR50D
NP_001103954,XP_056303033,6.395578384399414e-05,esm2_t30_150M_UR50D
NP_957166,XP_056326056,3.7610530853271484e-05,esm2_t30_150M_UR50D
XP_005160594,XP_056336764,9.500980377197266e-05,esm2_t30_150M_UR50D
XP_005167171,XP_056319571,6.270408630371094e-05,esm2_t30_150M_UR50D
XP_073810415,XP_056316041,0.00030171871185302734,esm2_t30_150M_UR50D
NP_001038254,XP_056314088,7.545948028564453e-05,esm2_t30_150M_UR50D
XP_021333146,XP_056317016,0.00010097026824951172,esm2_t30_150M_UR50D
XP_073794773,XP_056305370,0.0001087188720703125,esm2_t30_150M_UR50D
NP_001032750,XP_056304106,3.510713577270508e-05,esm2_t30_150M_UR50D
XP_009298429,XP_056311806,6.61015510559082e-05,esm2_t30_150M_UR50D
XP_009295153,XP_056305226,4.887580871582031e-05,esm2_t30_150M_UR50D
XP_009298423,XP_056311803,5.9604644775390625e-05,esm2_t30_150M_UR50D
XP_001337205,XP_056317926,4.315376281738281e-05,esm2_t30_150M_UR50D
XP_073787244,XP_056335520,8.487701416015625e-05,esm2_t30_150M_UR50D
XP_073788724,XP_056337163,3.2961368560791016e-05,esm2_t30_150M_UR50D
NP_958447,XP_056302276,4.971027374267578e-05,esm2_t30_150M_UR50D
XP_009297657,XP_056309342,3.6716461181640625e-05,esm2_t30_150M_UR50D
XP_073809342,XP_056315308,6.371736526489258e-05,esm2_t30_150M_UR50D
XP_009292908,XP_056336795,5.227327346801758e-05,esm2_t30_150M_UR50D
XP_009301752,XP_056318910,6.586313247680664e-05,esm2_t30_150M_UR50D
XP_073801015,XP_056309964,0.0005518794059753418,esm2_t30_150M_UR50D
NP_001313429,XP_056332138,6.866455078125e-05,esm2_t30_150M_UR50D
NP_956213,XP_056314609,3.814697265625e-06,esm2_t30_150M_UR50D
XP_073794468,XP_056304996,0.00012570619583129883,esm2_t30_150M_UR50D
XP_017208906,XP_056303301,6.568431854248047e-05,esm2_t30_150M_UR50D
NP_957154,XP_056330492,2.187490463256836e-05,esm2_t30_150M_UR50D
XP_073805959,XP_056314681,7.456541061401367e-05,esm2_t30_150M_UR50D
XP_005167521,XP_056320739,7.069110870361328e-05,esm2_t30_150M_UR50D
XP_001333273,XP_056332795,0.00048428773880004883,esm2_t30_150M_UR50D
XP_005174158,XP_056305071,6.121397018432617e-05,esm2_t30_150M_UR50D
XP_073788744,XP_056337168,3.123283386230469e-05,esm2_t30_150M_UR50D
XP_021334979,XP_056322151,5.4776668548583984e-05,esm2_t30_150M_UR50D
XP_021329522,XP_056308190,5.793571472167969e-05,esm2_t30_150M_UR50D
XP_005163107,XP_056307671,2.944469451904297e-05,esm2_t30_150M_UR50D
XP_009301359,XP_056317129,1.919269561767578e-05,esm2_t30_150M_UR50D
XP_005173151,XP_056328636,3.933906555175781e-05,esm2_t30_150M_UR50D
XP_017213227,XP_056320660,9.632110595703125e-05,esm2_t30_150M_UR50D
XP_073791585,XP_056309731,4.744529724121094e-05,esm2_t30_150M_UR50D
XP_021334178,XP_056319006,4.8100948333740234e-05,esm2_t30_150M_UR50D
XP_005166503,XP_056317950,3.272294998168945e-05,esm2_t30_150M_UR50D
XP_021330286,XP_056316198,5.5849552154541016e-05,esm2_t30_150M_UR50D
NP_957203,XP_056314199,2.6464462280273438e-05,esm2_t30_150M_UR50D
NP_998655,XP_056327724,5.060434341430664e-05,esm2_t30_150M_UR50D
XP_696967,XP_056309788,1.4543533325195312e-05,esm2_t30_150M_UR50D
XP_005166651,XP_056318282,2.491474151611328e-05,esm2_t30_150M_UR50D
NP_001076307,XP_056301969,4.8220157623291016e-05,esm2_t30_150M_UR50D
XP_009297857,XP_056309733,3.063678741455078e-05,esm2_t30_150M_UR50D
XP_005170542,XP_056303223,5.251169204711914e-05,esm2_t30_150M_UR50D
XP_009295103,XP_056304907,5.1021575927734375e-05,esm2_t30_150M_UR50D
XP_009305639,XP_056326576,4.07099723815918e-05,esm2_t30_150M_UR50D
XP_017210541,XP_056311640,7.778406143188477e-05,esm2_t30_150M_UR50D
NP_571039,XP_056318807,2.473592758178711e-05,esm2_t30_150M_UR50D
NP_001073170,XP_056314565,8.440017700195312e-05,esm2_t30_150M_UR50D
XP_005161646,XP_056303220,3.7789344787597656e-05,esm2_t30_150M_UR50D
XP_005162281,XP_056304788,5.7637691497802734e-05,esm2_t30_150M_UR50D
XP_009293036,XP_056336989,2.8431415557861328e-05,esm2_t30_150M_UR50D
NP_001038179,XP_056335710,2.0802021026611328e-05,esm2_t30_150M_UR50D
NP_001002562,XP_056302112,5.894899368286133e-05,esm2_t30_150M_UR50D
XP_073803244,XP_056316571,4.655122756958008e-05,esm2_t30_150M_UR50D
XP_073803244,XP_056316580,4.655122756958008e-05,esm2_t30_150M_UR50D
XP_073803243,XP_056316571,4.655122756958008e-05,esm2_t30_150M_UR50D
NP_997760,XP_056336204,0.0001348257064819336,esm2_t30_150M_UR50D
XP_001337404,XP_056317981,6.854534149169922e-05,esm2_t30_150M_UR50D
XP_005160097,XP_056312655,3.0875205993652344e-05,esm2_t30_150M_UR50D
NP_571056,XP_056334500,2.3365020751953125e-05,esm2_t30_150M_UR50D
NP_955896,XP_056318641,5.8591365814208984e-05,esm2_t30_150M_UR50D
XP_073786291,XP_056334802,2.014636993408203e-05,esm2_t30_150M_UR50D
XP_021323530,XP_056335920,8.89897346496582e-05,esm2_t30_150M_UR50D
XP_021324141,XP_056301516,3.635883331298828e-05,esm2_t30_150M_UR50D
NP_778258,XP_056333812,6.186962127685547e-05,esm2_t30_150M_UR50D
XP_002665395,XP_056334762,1.3947486877441406e-05,esm2_t30_150M_UR50D
XP_005171029,XP_056312603,4.935264587402344e-05,esm2_t30_150M_UR50D
XP_001345114,XP_056302607,1.8358230590820312e-05,esm2_t30_150M_UR50D
XP_021334426,XP_056335361,5.4955482482910156e-05,esm2_t30_150M_UR50D
NP_955891,XP_056337088,3.451108932495117e-05,esm2_t30_150M_UR50D
XP_005165827,XP_056315540,2.9385089874267578e-05,esm2_t30_150M_UR50D
NP_001074171,XP_056337555,2.8967857360839844e-05,esm2_t30_150M_UR50D
XP_009293035,XP_056336992,3.439188003540039e-05,esm2_t30_150M_UR50D
XP_021332861,XP_056316101,0.005780577659606934,esm2_t30_150M_UR50D
NP_001007435,XP_056309678,5.0187110900878906e-05,esm2_t30_150M_UR50D
XP_005165191,XP_056313681,0.00018423795700073242,esm2_t30_150M_UR50D
NP_001122238,XP_056314113,4.482269287109375e-05,esm2_t30_150M_UR50D
XP_073786633,XP_056335702,2.7298927307128906e-05,esm2_t30_150M_UR50D
XP_073786632,XP_056335702,2.7298927307128906e-05,esm2_t30_150M_UR50D
XP_005165205,XP_056313487,2.8908252716064453e-05,esm2_t30_150M_UR50D
XP_009295647,XP_056306777,2.1696090698242188e-05,esm2_t30_150M_UR50D
NP_001001889,XP_056335154,5.602836608886719e-05,esm2_t30_150M_UR50D
XP_009292375,XP_056336017,4.589557647705078e-05,esm2_t30_150M_UR50D
XP_073799416,XP_056307619,5.829334259033203e-05,esm2_t30_150M_UR50D
NP_001018370,XP_056332144,3.129243850708008e-05,esm2_t30_150M_UR50D
XP_073786625,XP_056335701,2.759695053100586e-05,esm2_t30_150M_UR50D
XP_005163348,XP_056329700,3.6597251892089844e-05,esm2_t30_150M_UR50D
XP_009298079,XP_056309082,3.612041473388672e-05,esm2_t30_150M_UR50D
XP_005157853,XP_056330318,7.87973403930664e-05,esm2_t30_150M_UR50D
XP_073809257,XP_056316340,8.374452590942383e-05,esm2_t30_150M_UR50D
XP_073809248,XP_056316340,8.374452590942383e-05,esm2_t30_150M_UR50D
XP_005172350,XP_056317331,3.4332275390625e-05,esm2_t30_150M_UR50D
XP_073805957,XP_056314680,6.467103958129883e-05,esm2_t30_150M_UR50D
NP_001296760,XP_056333905,4.851818084716797e-05,esm2_t30_150M_UR50D
XP_009304936,XP_056317320,2.1576881408691406e-05,esm2_t30_150M_UR50D
NP_001116750,XP_056334431,3.427267074584961e-05,esm2_t30_150M_UR50D
NP_001191083,XP_056302560,1.8715858459472656e-05,esm2_t30_150M_UR50D
XP_005170755,XP_056307491,2.8789043426513672e-05,esm2_t30_150M_UR50D
XP_073794088,XP_056304845,4.4345855712890625e-05,esm2_t30_150M_UR50D
XP_021323665,XP_056335695,2.8133392333984375e-05,esm2_t30_150M_UR50D
NP_001292496,XP_056332767,3.1113624572753906e-05,esm2_t30_150M_UR50D
XP_021324037,XP_056337085,1.3053417205810547e-05,esm2_t30_150M_UR50D
XP_005173299,XP_056327629,2.9385089874267578e-05,esm2_t30_150M_UR50D
XP_073785725,XP_056333915,1.5735626220703125e-05,esm2_t30_150M_UR50D
XP_073802654,XP_056311689,1.1444091796875e-05,esm2_t30_150M_UR50D
XP_021324672,XP_056309269,1.3232231140136719e-05,esm2_t30_150M_UR50D
XP_009302369,XP_056319257,2.8789043426513672e-05,esm2_t30_150M_UR50D
NP_991119,XP_056323359,7.241964340209961e-05,esm2_t30_150M_UR50D
XP_073791603,XP_056321118,2.1457672119140625e-05,esm2_t30_150M_UR50D
NP_938152,XP_056309298,3.349781036376953e-05,esm2_t30_150M_UR50D
XP_001333587,XP_056333313,1.6927719116210938e-05,esm2_t30_150M_UR50D
NP_001296394,XP_056312462,3.272294998168945e-05,esm2_t30_150M_UR50D
XP_073785378,XP_056334730,2.104043960571289e-05,esm2_t30_150M_UR50D
NP_998088,XP_056317014,3.796815872192383e-05,esm2_t30_150M_UR50D
XP_073797834,XP_056309615,2.2113323211669922e-05,esm2_t30_150M_UR50D
XP_073797832,XP_056309615,2.2113323211669922e-05,esm2_t30_150M_UR50D
XP_073797882,XP_056309617,2.2351741790771484e-05,esm2_t30_150M_UR50D
XP_073802030,XP_056311561,2.2709369659423828e-05,esm2_t30_150M_UR50D
XP_021324481,XP_056302117,3.6597251892089844e-05,esm2_t30_150M_UR50D
XP_009295532,XP_056306204,2.5987625122070312e-05,esm2_t30_150M_UR50D
XP_005168948,XP_056317600,1.6629695892333984e-05,esm2_t30_150M_UR50D
XP_021329438,XP_056307173,3.266334533691406e-05,esm2_t30_150M_UR50D
XP_005164162,XP_056309853,6.639957427978516e-05,esm2_t30_150M_UR50D
XP_073798816,XP_056307698,2.676248550415039e-05,esm2_t30_150M_UR50D
XP_073798394,XP_056307791,1.0967254638671875e-05,esm2_t30_150M_UR50D
XP_686077,XP_056305672,1.4901161193847656e-05,esm2_t30_150M_UR50D
XP_073802457,XP_056319378,1.728534698486328e-05,esm2_t30_150M_UR50D
XP_073793421,XP_056309227,2.193450927734375e-05,esm2_t30_150M_UR50D
XP_021326032,XP_056306492,2.193450927734375e-05,esm2_t30_150M_UR50D
XP_073802348,XP_056319350,1.71661376953125e-05,esm2_t30_150M_UR50D
XP_017209404,XP_056306491,2.1755695343017578e-05,esm2_t30_150M_UR50D
NP_998664,XP_056312497,2.9325485229492188e-05,esm2_t30_150M_UR50D
XP_009299818,XP_056313939,3.832578659057617e-05,esm2_t30_150M_UR50D
XP_021324176,XP_056301255,2.47955322265625e-05,esm2_t30_150M_UR50D
XP_009295738,XP_056306125,2.956390380859375e-05,esm2_t30_150M_UR50D
XP_009301473,XP_056317642,2.384185791015625e-05,esm2_t30_150M_UR50D
NP_956021,XP_056337474,1.4483928680419922e-05,esm2_t30_150M_UR50D
NP_571446,XP_056313661,2.9087066650390625e-05,esm2_t30_150M_UR50D
NP_001070794,XP_056302270,4.202127456665039e-05,esm2_t30_150M_UR50D
XP_005160955,XP_056301492,2.47955322265625e-05,esm2_t30_150M_UR50D
XP_005162836,XP_056306464,2.473592758178711e-05,esm2_t30_150M_UR50D
NP_001417783,XP_056332556,1.9371509552001953e-05,esm2_t30_150M_UR50D
XP_005159285,XP_056334726,1.704692840576172e-05,esm2_t30_150M_UR50D
XP_009290696,XP_056330606,1.0192394256591797e-05,esm2_t30_150M_UR50D
XP_021332671,XP_056315487,1.9848346710205078e-05,esm2_t30_150M_UR50D
NP_001165056,XP_056321634,1.5854835510253906e-05,esm2_t30_150M_UR50D
NP_956841,XP_056322388,1.7464160919189453e-05,esm2_t30_150M_UR50D
XP_009300481,XP_056315550,1.4901161193847656e-05,esm2_t30_150M_UR50D
XP_073788438,XP_056336736,1.913309097290039e-05,esm2_t30_150M_UR50D
XP_005166906,XP_056319973,6.616115570068359e-06,esm2_t30_150M_UR50D
XP_005157040,XP_056327056,2.396106719970703e-05,esm2_t30_150M_UR50D
NP_001154956,XP_056312856,2.0802021026611328e-05,esm2_t30_150M_UR50D
XP_005166474,XP_056317927,1.4483928680419922e-05,esm2_t30_150M_UR50D
XP_073799045,XP_056307413,9.59634780883789e-06,esm2_t30_150M_UR50D
XP_017208907,XP_056303306,4.231929779052734e-06,esm2_t30_150M_UR50D
NP_853634,XP_056309276,9.715557098388672e-06,esm2_t30_150M_UR50D
XP_073789399,XP_056337080,2.1457672119140625e-05,esm2_t30_150M_UR50D
XP_009302835,XP_056320947,1.8596649169921875e-05,esm2_t30_150M_UR50D
XP_021326164,XP_056309855,2.849102020263672e-05,esm2_t30_150M_UR50D
XP_073798173,XP_056308177,1.0311603546142578e-05,esm2_t30_150M_UR50D
XP_009305177,XP_056324946,8.165836334228516e-06,esm2_t30_150M_UR50D
NP_001018326,XP_056332652,9.834766387939453e-06,esm2_t30_150M_UR50D
XP_003197917,XP_056332951,1.1265277862548828e-05,esm2_t30_150M_UR50D
XP_005162485,XP_056323166,1.043081283569336e-05,esm2_t30_150M_UR50D
XP_009301701,XP_056318014,3.874301910400391e-06,esm2_t30_150M_UR50D
XP_009302831,XP_056320943,1.8358230590820312e-05,esm2_t30_150M_UR50D
XP_073800460,XP_056309351,1.1444091796875e-05,esm2_t30_150M_UR50D
XP_001921020,XP_056309351,1.1444091796875e-05,esm2_t30_150M_UR50D
XP_021332522,XP_056316113,3.874301910400391e-06,esm2_t30_150M_UR50D
XP_009301470,XP_056317632,1.0132789611816406e-05,esm2_t30_150M_UR50D
NP_001019600,XP_056323966,3.874301910400391e-06,esm2_t30_150M_UR50D
XP_073806684,XP_056313419,5.602836608886719e-06,esm2_t30_150M_UR50D
XP_009295129,XP_056327170,2.682209014892578e-06,esm2_t30_150M_UR50D
NP_001300770,XP_056314296,1.5497207641601562e-06,esm2_t30_150M_UR50D
XP_005163697,XP_056302037,3.0994415283203125e-06,esm2_t30_150M_UR50D
XP_005169340,XP_056324030,2.4437904357910156e-06,esm2_t30_150M_UR50D
XP_005170056,XP_056336158,-1.1920928955078125e-07,esm2_t30_150M_UR50D
XP_005159024,XP_056333181,5.960464477539063e-08,esm2_t30_150M_UR50D
NP_001003494,XP_056331685,0.0,esm2_t30_150M_UR50D
XP_005173695,XP_056334480,5.960464477539063e-08,esm2_t30_150M_UR50D
NP_001006087,XP_056325989,0.0,esm2_t30_150M_UR50D
NP_001034926,XP_056325599,0.00022917985916137695,esm2_t30_150M_UR50D
NP_001038787,XP_056308208,-1.1920928955078125e-07,esm2_t30_150M_UR50D
XP_021332966,XP_056316465,1.1920928955078125e-07,esm2_t30_150M_UR50D
XP_073794851,XP_056305798,5.960464477539063e-08,esm2_t30_150M_UR50D
XP_073798357,XP_056318060,1.1920928955078125e-07,esm2_t30_150M_UR50D
NP_001002519,XP_056313007,0.0,esm2_t30_150M_UR50D
NP_998516,XP_056329407,0.0,esm2_t30_150M_UR50D
NP_001373648,XP_056318483,5.960464477539063e-08,esm2_t30_150M_UR50D
NP_956376,XP_056337219,0.0,esm2_t30_150M_UR50D
NP_957191,XP_056312188,0.0,esm2_t30_150M_UR50D
NP_001032320,XP_056304066,-1.1920928955078125e-07,esm2_t30_150M_UR50D
XP_017208628,XP_056304067,-1.1920928955078125e-07,esm2_t30_150M_UR50D
XP_009296449,XP_056307639,0.0,esm2_t30_150M_UR50D
XP_009292978,XP_056301423,-1.1920928955078125e-07,esm2_t30_150M_UR50D
NP_001019591,XP_056303061,0.0,esm2_t30_150M_UR50D
XP_073795877,XP_056305951,-1.1920928955078125e-07,esm2_t30_150M_UR50D
NP_001071211,XP_056307497,-1.1920928955078125e-07,esm2_t30_150M_UR50D
NP_001373678,XP_056316899,5.960464477539063e-08,esm2_t30_150M_UR50D
NP_001307335,XP_056324910,0.0,esm2_t30_150M_UR50D
NP_956239,XP_056319045,0.0,esm2_t30_150M_UR50D
XP_073796658,XP_056306415,5.960464477539063e-08,esm2_t30_150M_UR50D
XP_021333835,XP_056319525,0.0,esm2_t30_150M_UR50D
XP_005162697,XP_056307004,0.0,esm2_t30_150M_UR50D
NP_001373579,XP_056318488,5.960464477539063e-08,esm2_t30_150M_UR50D
NP_001410239,XP_056316894,-1.1920928955078125e-07,esm2_t30_150M_UR50D
XP_005160093,XP_056312651,-1.1920928955078125e-07,esm2_t30_150M_UR50D
XP_073799540,XP_056312889,5.960464477539063e-08,esm2_t30_150M_UR50D
XP_073799484,XP_056316909,5.960464477539063e-08,esm2_t30_150M_UR50D
NP_001373579,XP_056318492,5.960464477539063e-08,esm2_t30_150M_UR50D
XP_017209642,XP_056316909,5.960464477539063e-08,esm2_t30_150M_UR50D
NP_001099176,XP_056308344,5.960464477539063e-08,esm2_t30_150M_UR50D
NP_001083038,XP_056308342,5.960464477539063e-08,esm2_t30_150M_UR50D
NP_001373604,XP_056316916,5.960464477539063e-08,esm2_t30_150M_UR50D
NP_001107268,XP_056332702,5.960464477539063e-08,esm2_t30_150M_UR50D
XP_073792592,XP_056304068,0.0,esm2_t30_150M_UR50D
NP_001013489,XP_056328513,0.0,esm2_t30_150M_UR50D
XP_073799484,XP_056316911,5.960464477539063e-08,esm2_t30_150M_UR50D
XP_009301164,XP_056318491,5.960464477539063e-08,esm2_t30_150M_UR50D
XP_005164636,XP_056311938,-1.1920928955078125e-07,esm2_t30_150M_UR50D
NP_001083038,XP_056316912,5.960464477539063e-08,esm2_t30_150M_UR50D
NP_001093643,XP_056316892,-1.1920928955078125e-07,esm2_t30_150M_UR50D
NP_956840,XP_056329506,-1.1920928955078125e-07,esm2_t30_150M_UR50D
XP_002662243,XP_056316916,5.960464477539063e-08,esm2_t30_150M_UR50D
XP_002666964,XP_056316912,5.960464477539063e-08,esm2_t30_150M_UR50D
XP_073786745,XP_056335510,1.1920928955078125e-07,esm2_t30_150M_UR50D
XP_009301181,XP_056318489,5.960464477539063e-08,esm2_t30_150M_UR50D
XP_021334846,XP_056323087,0.0,esm2_t30_150M_UR50D
XP_073794656,XP_056304797,0.0,esm2_t30_150M_UR50D
XP_688359,XP_056318100,0.0,esm2_t30_150M_UR50D
NP_001025171,XP_056329507,-1.1920928955078125e-07,esm2_t30_150M_UR50D
NP_997774,XP_056320548,-1.1920928955078125e-07,esm2_t30_150M_UR50D
NP_999868,XP_056301706,-1.1920928955078125e-07,esm2_t30_150M_UR50D
NP_997859,XP_056311844,0.0,esm2_t30_150M_UR50D
NP_571338,XP_056335427,-1.1920928955078125e-07,esm2_t30_150M_UR50D
NP_001002152,XP_056319472,-1.1920928955078125e-07,esm2_t30_150M_UR50D
XP_009291805,XP_056333801,5.960464477539063e-08,esm2_t30_150M_UR50D
NP_571291,XP_056330354,-1.1920928955078125e-07,esm2_t30_150M_UR50D
NP_998200,XP_056309447,5.960464477539063e-08,esm2_t30_150M_UR50D
NP_998643,XP_056313486,5.960464477539063e-08,esm2_t30_150M_UR50D
XP_073808506,XP_056315114,0.0,esm2_t30_150M_UR50D
NP_001002079,XP_056318796,0.0,esm2_t30_150M_UR50D
XP_073805830,XP_056313995,-1.1920928955078125e-07,esm2_t30_150M_UR50D
NP_956228,XP_056314574,5.960464477539063e-08,esm2_t30_150M_UR50D
XP_005170626,XP_056305859,-1.1920928955078125e-07,esm2_t30_150M_UR50D
XP_001339262,XP_056328028,0.0,esm2_t30_150M_UR50D
XP_073801676,XP_056311498,0.0,esm2_t30_150M_UR50D
NP_001315436,XP_056306361,0.0,esm2_t30_150M_UR50D
NP_001159626,XP_056327787,0.0,esm2_t30_150M_UR50D
NP_957424,XP_056309301,0.0,esm2_t30_150M_UR50D
XP_021334608,XP_056331599,-1.1920928955078125e-07,esm2_t30_150M_UR50D
NP_001004672,XP_056318823,0.0,esm2_t30_150M_UR50D
XP_073788666,XP_056337621,0.0,esm2_t30_150M_UR50D
NP_001373300,XP_056316902,-1.1920928955078125e-07,esm2_t30_150M_UR50D
NP_001002708,XP_056315045,5.960464477539063e-08,esm2_t30_150M_UR50D
NP_001003755,XP_056307633,0.0,esm2_t30_150M_UR50D
XP_683865,XP_056309606,5.960464477539063e-08,esm2_t30_150M_UR50D
XP_003201047,XP_056303927,5.960464477539063e-08,esm2_t30_150M_UR50D
XP_009304940,XP_056317371,5.960464477539063e-08,esm2_t30_150M_UR50D
XP_005167867,XP_056321585,0.0,esm2_t30_150M_UR50D
XP_021335874,XP_056336651,-1.1920928955078125e-07,esm2_t30_150M_UR50D
NP_955842,XP_056323158,1.1920928955078125e-07,esm2_t30_150M_UR50D
NP_997745,XP_056304103,5.960464477539063e-08,esm2_t30_150M_UR50D
XP_017207140,XP_056333340,0.0,esm2_t30_150M_UR50D
XP_017209293,XP_056306361,0.0,esm2_t30_150M_UR50D
NP_991120,XP_056331593,0.0,esm2_t30_150M_UR50D
NP_001417902,XP_056317398,0.0,esm2_t30_150M_UR50D
XP_009292216,XP_056336065,0.0,esm2_t30_150M_UR50D
NP_001002061,XP_056309531,-1.1920928955078125e-07,esm2_t30_150M_UR50D
NP_001002397,XP_056334337,0.0,esm2_t30_150M_UR50D
NP_001007399,XP_056333477,0.0,esm2_t30_150M_UR50D
NP_956796,XP_056315389,0.0,esm2_t30_150M_UR50D
NP_001070182,XP_056301898,-1.1920928955078125e-07,esm2_t30_150M_UR50D
NP_942113,XP_056331228,0.0,esm2_t30_150M_UR50D
XP_009289352,XP_056327699,0.0,esm2_t30_150M_UR50D
XP_689050,XP_056329641,-1.1920928955078125e-07,esm2_t30_150M_UR50D
NP_001009898,XP_056313311,5.960464477539063e-08,esm2_t30_150M_UR50D
NP_001013481,XP_056316907,5.960464477539063e-08,esm2_t30_150M_UR50D
XP_005158227,XP_056331482,-1.1920928955078125e-07,esm2_t30_150M_UR50D
NP_001015058,XP_056325466,0.0,esm2_t30_150M_UR50D
XP_002663478,XP_056321954,-1.1920928955078125e-07,esm2_t30_150M_UR50D
NP_001037783,XP_056327271,-1.1920928955078125e-07,esm2_t30_150M_UR50D
NP_571255,XP_056314443,-1.1920928955078125e-07,esm2_t30_150M_UR50D
NP_991254,XP_056319402,0.0,esm2_t30_150M_UR50D
XP_009303285,XP_056321953,-1.1920928955078125e-07,esm2_t30_150M_UR50D
XP_005159468,XP_056335580,-1.1920928955078125e-07,esm2_t30_150M_UR50D
XP_009296895,XP_056333596,1.1920928955078125e-07,esm2_t30_150M_UR50D
XP_005156465,XP_056324948,0.0,esm2_t30_150M_UR50D
NP_998415,XP_056326033,-1.1920928955078125e-07,esm2_t30_150M_UR50D
NP_998142,XP_056308914,0.0,esm2_t30_150M_UR50D
XP_005163564,XP_056333580,1.1920928955078125e-07,esm2_t30_150M_UR50D
XP_002666990,XP_056316907,5.960464477539063e-08,esm2_t30_150M_UR50D
XP_005163563,XP_056333580,1.1920928955078125e-07,esm2_t30_150M_UR50D
XP_073794291,XP_056329234,0.0,esm2_t30_150M_UR50D
XP_005174365,XP_056308236,0.0,esm2_t30_150M_UR50D
NP_956297,XP_056308304,0.0,esm2_t30_150M_UR50D
NP_001289715,XP_056302564,0.0,esm2_t30_150M_UR50D
XP_691726,XP_056331575,0.0,esm2_t30_150M_UR50D
