zebrafish_id,aescallii_id,esm3_cosine_distance,model
XP_073800755,XP_056308722,0.012369513511657715,esm3-sm-open-v1
XP_073802884,XP_056312358,0.004316389560699463,esm3-sm-open-v1
XP_073799587,XP_056316887,0.01658719778060913,esm3-sm-open-v1
XP_005162934,XP_056306558,0.01758420467376709,esm3-sm-open-v1
NP_001020468,XP_056306558,0.017276227474212646,esm3-sm-open-v1
XP_073796138,XP_056306558,0.017276227474212646,esm3-sm-open-v1
XP_073805509,XP_056317440,5.4955482482910156e-05,esm3-sm-open-v1
XP_073805507,XP_056317440,3.910064697265625e-05,esm3-sm-open-v1
XP_073805506,XP_056317440,5.1081180572509766e-05,esm3-sm-open-v1
NP_001098605,XP_056321319,0.010273635387420654,esm3-sm-open-v1
XP_005162934,XP_056307122,0.012440502643585205,esm3-sm-open-v1
NP_001020468,XP_056307122,0.012232959270477295,esm3-sm-open-v1
XP_073796138,XP_056307122,0.012232959270477295,esm3-sm-open-v1
NP_001077333,XP_056322046,0.009980857372283936,esm3-sm-open-v1
XP_073795535,XP_056305543,0.024059772491455078,esm3-sm-open-v1
XP_073789377,XP_056336569,0.0001475214958190918,esm3-sm-open-v1
XP_073789379,XP_056336569,0.00022357702255249023,esm3-sm-open-v1
XP_073789378,XP_056336569,0.00015038251876831055,esm3-sm-open-v1
XP_073789376,XP_056336569,0.0002548694610595703,esm3-sm-open-v1
XP_073789375,XP_056336569,0.0002548694610595703,esm3-sm-open-v1
XP_073799314,XP_056307366,0.007522225379943848,esm3-sm-open-v1
XP_073810441,XP_056316142,5.0067901611328125e-06,esm3-sm-open-v1
NP_001035388,XP_056302862,0.007240116596221924,esm3-sm-open-v1
XP_073806762,XP_056314267,1.9252300262451172e-05,esm3-sm-open-v1
XP_073806743,XP_056309459,0.003736555576324463,esm3-sm-open-v1
XP_073806762,XP_056314268,1.0073184967041016e-05,esm3-sm-open-v1
XP_073794610,XP_056304885,2.3543834686279297e-05,esm3-sm-open-v1
XP_073794611,XP_056304885,2.3305416107177734e-05,esm3-sm-open-v1
XP_073794604,XP_056304885,2.3305416107177734e-05,esm3-sm-open-v1
XP_073794605,XP_056304885,2.3543834686279297e-05,esm3-sm-open-v1
XP_073794608,XP_056304885,2.3305416107177734e-05,esm3-sm-open-v1
XP_073794606,XP_056304885,2.3543834686279297e-05,esm3-sm-open-v1
XP_073794609,XP_056304885,2.3305416107177734e-05,esm3-sm-open-v1
XP_073794603,XP_056304885,2.3305416107177734e-05,esm3-sm-open-v1
XP_073801131,XP_056310103,0.009091317653656006,esm3-sm-open-v1
XP_073801132,XP_056310103,0.005038559436798096,esm3-sm-open-v1
XP_073794615,XP_056304882,3.635883331298828e-05,esm3-sm-open-v1
XP_073794618,XP_056304882,3.594160079956055e-05,esm3-sm-open-v1
XP_073794616,XP_056304882,3.594160079956055e-05,esm3-sm-open-v1
XP_073794613,XP_056304882,3.635883331298828e-05,esm3-sm-open-v1
XP_073794614,XP_056304882,3.594160079956055e-05,esm3-sm-open-v1
XP_073794597,XP_056304882,3.594160079956055e-05,esm3-sm-open-v1
XP_073794596,XP_056304882,3.635883331298828e-05,esm3-sm-open-v1
XP_073794598,XP_056304882,3.635883331298828e-05,esm3-sm-open-v1
XP_073794602,XP_056304882,3.594160079956055e-05,esm3-sm-open-v1
XP_073794612,XP_056304882,3.594160079956055e-05,esm3-sm-open-v1
XP_073794600,XP_056304882,3.594160079956055e-05,esm3-sm-open-v1
XP_073794601,XP_056304882,3.635883331298828e-05,esm3-sm-open-v1
XP_073794599,XP_056304882,3.635883331298828e-05,esm3-sm-open-v1
XP_073794593,XP_056304882,3.635883331298828e-05,esm3-sm-open-v1
XP_073794594,XP_056304882,3.635883331298828e-05,esm3-sm-open-v1
XP_073794595,XP_056304882,3.635883331298828e-05,esm3-sm-open-v1
XP_073794617,XP_056304884,3.635883331298828e-05,esm3-sm-open-v1
XP_073794602,XP_056304884,3.594160079956055e-05,esm3-sm-open-v1
XP_073794612,XP_056304884,3.594160079956055e-05,esm3-sm-open-v1
XP_073794616,XP_056304884,3.594160079956055e-05,esm3-sm-open-v1
XP_073794594,XP_056304884,3.635883331298828e-05,esm3-sm-open-v1
XP_073794615,XP_056304884,3.635883331298828e-05,esm3-sm-open-v1
XP_073794618,XP_056304884,3.594160079956055e-05,esm3-sm-open-v1
XP_073794614,XP_056304884,3.594160079956055e-05,esm3-sm-open-v1
XP_073794598,XP_056304884,3.635883331298828e-05,esm3-sm-open-v1
XP_073794599,XP_056304884,3.635883331298828e-05,esm3-sm-open-v1
XP_073794595,XP_056304884,3.635883331298828e-05,esm3-sm-open-v1
XP_073794613,XP_056304884,3.635883331298828e-05,esm3-sm-open-v1
XP_073794600,XP_056304884,3.594160079956055e-05,esm3-sm-open-v1
XP_073794596,XP_056304884,3.635883331298828e-05,esm3-sm-open-v1
XP_073794601,XP_056304884,3.635883331298828e-05,esm3-sm-open-v1
XP_073794597,XP_056304884,3.594160079956055e-05,esm3-sm-open-v1
XP_073794593,XP_056304884,3.635883331298828e-05,esm3-sm-open-v1
XP_073794616,XP_056304883,3.594160079956055e-05,esm3-sm-open-v1
XP_073794615,XP_056304883,3.635883331298828e-05,esm3-sm-open-v1
XP_073794614,XP_056304883,3.594160079956055e-05,esm3-sm-open-v1
XP_073794617,XP_056304883,3.635883331298828e-05,esm3-sm-open-v1
XP_073794598,XP_056304883,3.635883331298828e-05,esm3-sm-open-v1
XP_073794593,XP_056304883,3.635883331298828e-05,esm3-sm-open-v1
XP_073794602,XP_056304883,3.594160079956055e-05,esm3-sm-open-v1
XP_073794597,XP_056304883,3.594160079956055e-05,esm3-sm-open-v1
XP_073794599,XP_056304883,3.635883331298828e-05,esm3-sm-open-v1
XP_073794596,XP_056304883,3.635883331298828e-05,esm3-sm-open-v1
XP_073794594,XP_056304883,3.635883331298828e-05,esm3-sm-open-v1
XP_073794600,XP_056304883,3.594160079956055e-05,esm3-sm-open-v1
XP_073794601,XP_056304883,3.635883331298828e-05,esm3-sm-open-v1
XP_073794612,XP_056304883,3.594160079956055e-05,esm3-sm-open-v1
XP_073794595,XP_056304883,3.635883331298828e-05,esm3-sm-open-v1
XP_073794613,XP_056304883,3.635883331298828e-05,esm3-sm-open-v1
XP_073801132,XP_056310102,0.0041086673736572266,esm3-sm-open-v1
XP_073801131,XP_056310102,0.005728960037231445,esm3-sm-open-v1
XP_073794594,XP_056304881,3.635883331298828e-05,esm3-sm-open-v1
XP_073794597,XP_056304880,3.594160079956055e-05,esm3-sm-open-v1
XP_073794602,XP_056304880,3.594160079956055e-05,esm3-sm-open-v1
XP_073794612,XP_056304881,3.594160079956055e-05,esm3-sm-open-v1
XP_073794593,XP_056304881,3.635883331298828e-05,esm3-sm-open-v1
XP_073794614,XP_056304881,3.594160079956055e-05,esm3-sm-open-v1
XP_073794614,XP_056304880,3.594160079956055e-05,esm3-sm-open-v1
XP_073794616,XP_056304880,3.594160079956055e-05,esm3-sm-open-v1
XP_073794617,XP_056304880,3.635883331298828e-05,esm3-sm-open-v1
XP_073794617,XP_056304881,3.635883331298828e-05,esm3-sm-open-v1
XP_073794615,XP_056304880,3.635883331298828e-05,esm3-sm-open-v1
XP_073794616,XP_056304881,3.594160079956055e-05,esm3-sm-open-v1
XP_073794601,XP_056304881,3.635883331298828e-05,esm3-sm-open-v1
XP_073794598,XP_056304880,3.635883331298828e-05,esm3-sm-open-v1
XP_073794596,XP_056304881,3.635883331298828e-05,esm3-sm-open-v1
XP_073794601,XP_056304880,3.635883331298828e-05,esm3-sm-open-v1
XP_073794602,XP_056304881,3.594160079956055e-05,esm3-sm-open-v1
XP_073794598,XP_056304881,3.635883331298828e-05,esm3-sm-open-v1
XP_073794597,XP_056304881,3.594160079956055e-05,esm3-sm-open-v1
XP_073794599,XP_056304880,3.635883331298828e-05,esm3-sm-open-v1
XP_073794596,XP_056304880,3.635883331298828e-05,esm3-sm-open-v1
XP_073794600,XP_056304881,3.594160079956055e-05,esm3-sm-open-v1
XP_073794600,XP_056304880,3.594160079956055e-05,esm3-sm-open-v1
XP_073794593,XP_056304880,3.635883331298828e-05,esm3-sm-open-v1
XP_073794599,XP_056304881,3.635883331298828e-05,esm3-sm-open-v1
XP_073794594,XP_056304880,3.635883331298828e-05,esm3-sm-open-v1
XP_073794595,XP_056304880,3.635883331298828e-05,esm3-sm-open-v1
XP_073794595,XP_056304881,3.635883331298828e-05,esm3-sm-open-v1
XP_073794613,XP_056304880,3.635883331298828e-05,esm3-sm-open-v1
XP_073794615,XP_056304881,3.635883331298828e-05,esm3-sm-open-v1
XP_073794612,XP_056304880,3.594160079956055e-05,esm3-sm-open-v1
XP_073794613,XP_056304881,3.635883331298828e-05,esm3-sm-open-v1
XP_073794615,XP_056304886,3.635883331298828e-05,esm3-sm-open-v1
XP_073794614,XP_056304886,3.594160079956055e-05,esm3-sm-open-v1
XP_073794618,XP_056304886,3.594160079956055e-05,esm3-sm-open-v1
XP_073794616,XP_056304886,3.594160079956055e-05,esm3-sm-open-v1
XP_073794602,XP_056304886,3.594160079956055e-05,esm3-sm-open-v1
XP_073794593,XP_056304886,3.635883331298828e-05,esm3-sm-open-v1
XP_073794613,XP_056304886,3.635883331298828e-05,esm3-sm-open-v1
XP_073794599,XP_056304886,3.635883331298828e-05,esm3-sm-open-v1
XP_073794595,XP_056304886,3.635883331298828e-05,esm3-sm-open-v1
XP_073794598,XP_056304886,3.635883331298828e-05,esm3-sm-open-v1
XP_073794617,XP_056304886,3.635883331298828e-05,esm3-sm-open-v1
XP_073794612,XP_056304886,3.594160079956055e-05,esm3-sm-open-v1
XP_073794594,XP_056304886,3.635883331298828e-05,esm3-sm-open-v1
XP_073794601,XP_056304886,3.635883331298828e-05,esm3-sm-open-v1
XP_073794600,XP_056304886,3.594160079956055e-05,esm3-sm-open-v1
XP_073794596,XP_056304886,3.635883331298828e-05,esm3-sm-open-v1
XP_073794597,XP_056304886,3.594160079956055e-05,esm3-sm-open-v1
XP_073795758,XP_056304665,6.765127182006836e-05,esm3-sm-open-v1
XP_073803197,XP_056311848,0.0002471804618835449,esm3-sm-open-v1
XP_073804780,XP_056310948,0.01667410135269165,esm3-sm-open-v1
XP_005172209,XP_056318564,0.009109437465667725,esm3-sm-open-v1
XP_005161694,XP_056303766,0.004846811294555664,esm3-sm-open-v1
NP_001170806,XP_056313328,0.005374252796173096,esm3-sm-open-v1
NP_001107111,XP_056308382,0.008729875087738037,esm3-sm-open-v1
XP_699087,XP_056307214,0.004868030548095703,esm3-sm-open-v1
XP_073803335,XP_056311413,3.069639205932617e-05,esm3-sm-open-v1
XP_073803336,XP_056311413,3.069639205932617e-05,esm3-sm-open-v1
XP_073803337,XP_056311413,3.069639205932617e-05,esm3-sm-open-v1
XP_073803335,XP_056311412,3.069639205932617e-05,esm3-sm-open-v1
XP_073803336,XP_056311412,3.069639205932617e-05,esm3-sm-open-v1
XP_073803337,XP_056311412,3.069639205932617e-05,esm3-sm-open-v1
XP_073792923,XP_056303811,3.641843795776367e-05,esm3-sm-open-v1
XP_073792923,XP_056303810,3.594160079956055e-05,esm3-sm-open-v1
XP_073803337,XP_056311414,3.069639205932617e-05,esm3-sm-open-v1
XP_073803336,XP_056311414,3.069639205932617e-05,esm3-sm-open-v1
XP_073803335,XP_056311414,3.069639205932617e-05,esm3-sm-open-v1
XP_073794998,XP_056305354,2.193450927734375e-05,esm3-sm-open-v1
XP_073794997,XP_056305354,2.193450927734375e-05,esm3-sm-open-v1
XP_073803334,XP_056311411,3.045797348022461e-05,esm3-sm-open-v1
XP_073803334,XP_056311408,3.045797348022461e-05,esm3-sm-open-v1
XP_073794997,XP_056305355,2.47955322265625e-05,esm3-sm-open-v1
XP_073794998,XP_056305355,2.47955322265625e-05,esm3-sm-open-v1
XP_073803334,XP_056311409,3.045797348022461e-05,esm3-sm-open-v1
XP_697727,XP_056332436,4.70280647277832e-05,esm3-sm-open-v1
XP_073795180,XP_056304941,3.355741500854492e-05,esm3-sm-open-v1
XP_073807185,XP_056314718,5.543231964111328e-06,esm3-sm-open-v1
XP_073807186,XP_056314718,5.543231964111328e-06,esm3-sm-open-v1
XP_073795178,XP_056304941,1.430511474609375e-05,esm3-sm-open-v1
XP_073795179,XP_056304941,1.4960765838623047e-05,esm3-sm-open-v1
XP_073795177,XP_056304941,2.491474151611328e-05,esm3-sm-open-v1
XP_073803334,XP_056311410,3.045797348022461e-05,esm3-sm-open-v1
XP_073795177,XP_056304940,1.3172626495361328e-05,esm3-sm-open-v1
XP_073795178,XP_056304940,2.664327621459961e-05,esm3-sm-open-v1
XP_073795179,XP_056304940,2.6524066925048828e-05,esm3-sm-open-v1
XP_073795178,XP_056304938,2.568960189819336e-05,esm3-sm-open-v1
XP_073795178,XP_056304939,2.568960189819336e-05,esm3-sm-open-v1
XP_073795177,XP_056304938,1.3232231140136719e-05,esm3-sm-open-v1
XP_073795179,XP_056304938,2.6166439056396484e-05,esm3-sm-open-v1
XP_073795179,XP_056304939,2.6166439056396484e-05,esm3-sm-open-v1
XP_073795177,XP_056304939,1.3232231140136719e-05,esm3-sm-open-v1
XP_068068931,XP_056327439,0.0037659406661987305,esm3-sm-open-v1
XP_005156868,XP_056327439,0.0037659406661987305,esm3-sm-open-v1
NP_999947,XP_056327439,0.0037230849266052246,esm3-sm-open-v1
NP_001108575,XP_056308382,0.009400427341461182,esm3-sm-open-v1
XP_073794997,XP_056305356,2.193450927734375e-05,esm3-sm-open-v1
XP_073794998,XP_056305356,2.193450927734375e-05,esm3-sm-open-v1
NP_001005950,XP_056325645,0.0030395984649658203,esm3-sm-open-v1
NP_001035450,XP_056301966,0.004101455211639404,esm3-sm-open-v1
XP_073788352,XP_056305304,0.011971652507781982,esm3-sm-open-v1
XP_073794974,XP_056304857,0.00041919946670532227,esm3-sm-open-v1
XP_073794993,XP_056304857,0.000321805477142334,esm3-sm-open-v1
XP_073794988,XP_056304857,0.000321805477142334,esm3-sm-open-v1
XP_073794990,XP_056304857,0.000321805477142334,esm3-sm-open-v1
XP_073794995,XP_056304857,0.000321805477142334,esm3-sm-open-v1
XP_073794994,XP_056304857,0.000321805477142334,esm3-sm-open-v1
XP_073794978,XP_056304857,0.000321805477142334,esm3-sm-open-v1
XP_073794991,XP_056304857,0.000321805477142334,esm3-sm-open-v1
XP_073794987,XP_056304857,0.00027555227279663086,esm3-sm-open-v1
XP_073794983,XP_056304857,0.00036787986755371094,esm3-sm-open-v1
XP_073794984,XP_056304857,0.00036787986755371094,esm3-sm-open-v1
XP_073794968,XP_056304857,0.00036787986755371094,esm3-sm-open-v1
XP_073794996,XP_056304857,0.00027555227279663086,esm3-sm-open-v1
XP_073794992,XP_056304857,0.00027555227279663086,esm3-sm-open-v1
XP_073794986,XP_056304857,0.00027555227279663086,esm3-sm-open-v1
XP_073794976,XP_056304857,0.00036787986755371094,esm3-sm-open-v1
XP_073794989,XP_056304857,0.00027555227279663086,esm3-sm-open-v1
XP_073794981,XP_056304857,0.0003769397735595703,esm3-sm-open-v1
XP_073794964,XP_056304857,0.0004252195358276367,esm3-sm-open-v1
XP_073794977,XP_056304857,0.0003769397735595703,esm3-sm-open-v1
XP_073794962,XP_056304857,0.0004252195358276367,esm3-sm-open-v1
XP_073794970,XP_056304857,0.0003769397735595703,esm3-sm-open-v1
XP_073794972,XP_056304857,0.0003769397735595703,esm3-sm-open-v1
XP_073794963,XP_056304857,0.00043523311614990234,esm3-sm-open-v1
XP_073794985,XP_056304857,0.0003807544708251953,esm3-sm-open-v1
XP_073797517,XP_056306431,2.1159648895263672e-05,esm3-sm-open-v1
XP_073797519,XP_056306431,1.4781951904296875e-05,esm3-sm-open-v1
XP_073794973,XP_056304857,0.0003928542137145996,esm3-sm-open-v1
XP_073794975,XP_056304857,0.0003928542137145996,esm3-sm-open-v1
XP_073794971,XP_056304857,0.0004757046699523926,esm3-sm-open-v1
XP_073794967,XP_056304857,0.0003928542137145996,esm3-sm-open-v1
XP_073794979,XP_056304857,0.0003928542137145996,esm3-sm-open-v1
XP_073794965,XP_056304857,0.0004757046699523926,esm3-sm-open-v1
XP_073794953,XP_056304857,0.0009554624557495117,esm3-sm-open-v1
XP_073794969,XP_056304857,0.0004144906997680664,esm3-sm-open-v1
XP_073794980,XP_056304857,0.0004144906997680664,esm3-sm-open-v1
XP_073794966,XP_056304857,0.0004845857620239258,esm3-sm-open-v1
XP_073794961,XP_056304857,0.0004845857620239258,esm3-sm-open-v1
XP_073797512,XP_056306428,1.710653305053711e-05,esm3-sm-open-v1
XP_073797516,XP_056306428,2.276897430419922e-05,esm3-sm-open-v1
XP_073797514,XP_056306428,1.710653305053711e-05,esm3-sm-open-v1
XP_073797515,XP_056306428,2.276897430419922e-05,esm3-sm-open-v1
XP_073797511,XP_056306428,1.710653305053711e-05,esm3-sm-open-v1
XP_073797513,XP_056306428,1.710653305053711e-05,esm3-sm-open-v1
XP_073794951,XP_056304857,0.0009029507637023926,esm3-sm-open-v1
XP_073794956,XP_056304857,0.0008348226547241211,esm3-sm-open-v1
XP_073797513,XP_056306429,1.710653305053711e-05,esm3-sm-open-v1
XP_073797511,XP_056306429,1.710653305053711e-05,esm3-sm-open-v1
XP_073797512,XP_056306429,1.710653305053711e-05,esm3-sm-open-v1
XP_073797514,XP_056306429,1.710653305053711e-05,esm3-sm-open-v1
XP_073797515,XP_056306429,2.276897430419922e-05,esm3-sm-open-v1
XP_073797516,XP_056306429,2.276897430419922e-05,esm3-sm-open-v1
XP_073794958,XP_056304857,0.0009038448333740234,esm3-sm-open-v1
XP_073794955,XP_056304857,0.0009038448333740234,esm3-sm-open-v1
XP_073794952,XP_056304857,0.0009810924530029297,esm3-sm-open-v1
XP_073794954,XP_056304857,0.0009810924530029297,esm3-sm-open-v1
XP_073794957,XP_056304857,0.0009038448333740234,esm3-sm-open-v1
XP_073794949,XP_056304857,0.0009810924530029297,esm3-sm-open-v1
XP_073794960,XP_056304857,0.0009038448333740234,esm3-sm-open-v1
XP_073797516,XP_056306433,2.276897430419922e-05,esm3-sm-open-v1
XP_073797512,XP_056306433,1.710653305053711e-05,esm3-sm-open-v1
XP_073797511,XP_056306433,1.710653305053711e-05,esm3-sm-open-v1
XP_073797513,XP_056306433,1.710653305053711e-05,esm3-sm-open-v1
XP_073797515,XP_056306433,2.276897430419922e-05,esm3-sm-open-v1
XP_073797514,XP_056306433,1.710653305053711e-05,esm3-sm-open-v1
XP_073794950,XP_056304857,0.0009587407112121582,esm3-sm-open-v1
XP_073797512,XP_056306430,2.6166439056396484e-05,esm3-sm-open-v1
XP_073797514,XP_056306430,2.6166439056396484e-05,esm3-sm-open-v1
XP_073797513,XP_056306430,2.6166439056396484e-05,esm3-sm-open-v1
XP_073797516,XP_056306430,1.71661376953125e-05,esm3-sm-open-v1
XP_073797515,XP_056306430,1.71661376953125e-05,esm3-sm-open-v1
XP_073797511,XP_056306430,2.6166439056396484e-05,esm3-sm-open-v1
XP_073797516,XP_056306425,2.276897430419922e-05,esm3-sm-open-v1
XP_073797515,XP_056306425,2.276897430419922e-05,esm3-sm-open-v1
XP_073797512,XP_056306425,1.710653305053711e-05,esm3-sm-open-v1
XP_073797511,XP_056306425,1.710653305053711e-05,esm3-sm-open-v1
XP_073797514,XP_056306425,1.710653305053711e-05,esm3-sm-open-v1
XP_073797513,XP_056306425,1.710653305053711e-05,esm3-sm-open-v1
XP_073797515,XP_056306427,2.276897430419922e-05,esm3-sm-open-v1
XP_073797516,XP_056306427,2.276897430419922e-05,esm3-sm-open-v1
XP_073797514,XP_056306427,1.710653305053711e-05,esm3-sm-open-v1
XP_073797513,XP_056306427,1.710653305053711e-05,esm3-sm-open-v1
XP_073797512,XP_056306427,1.710653305053711e-05,esm3-sm-open-v1
XP_073797511,XP_056306427,1.710653305053711e-05,esm3-sm-open-v1
XP_073797514,XP_056306426,1.710653305053711e-05,esm3-sm-open-v1
XP_073797516,XP_056306426,2.276897430419922e-05,esm3-sm-open-v1
XP_073797515,XP_056306426,2.276897430419922e-05,esm3-sm-open-v1
XP_073797511,XP_056306426,1.710653305053711e-05,esm3-sm-open-v1
XP_073797512,XP_056306426,1.710653305053711e-05,esm3-sm-open-v1
XP_073797513,XP_056306426,1.710653305053711e-05,esm3-sm-open-v1
XP_073808700,XP_056315576,9.691715240478516e-05,esm3-sm-open-v1
XP_073808702,XP_056315576,9.691715240478516e-05,esm3-sm-open-v1
XP_073808701,XP_056315576,9.691715240478516e-05,esm3-sm-open-v1
XP_073808699,XP_056315576,9.691715240478516e-05,esm3-sm-open-v1
NP_001007283,XP_056302248,0.011493027210235596,esm3-sm-open-v1
XP_073800243,XP_056305128,0.004795193672180176,esm3-sm-open-v1
XP_073804780,XP_056310941,0.01409679651260376,esm3-sm-open-v1
XP_073804780,XP_056310942,0.01409679651260376,esm3-sm-open-v1
XP_073804780,XP_056310943,0.01409679651260376,esm3-sm-open-v1
XP_073804780,XP_056310940,0.01409679651260376,esm3-sm-open-v1
XP_073804780,XP_056310945,0.01409679651260376,esm3-sm-open-v1
XP_009292899,XP_056337466,0.005217194557189941,esm3-sm-open-v1
XP_073789832,XP_056336618,1.5616416931152344e-05,esm3-sm-open-v1
XP_073789833,XP_056336618,1.823902130126953e-05,esm3-sm-open-v1
XP_073789830,XP_056336618,1.823902130126953e-05,esm3-sm-open-v1
XP_073789831,XP_056336618,6.735324859619141e-06,esm3-sm-open-v1
XP_003201252,XP_056304607,0.007158041000366211,esm3-sm-open-v1
NP_001038622,XP_056337466,0.0052176713943481445,esm3-sm-open-v1
XP_009295192,XP_056304607,0.007172882556915283,esm3-sm-open-v1
XP_017206475,XP_056330047,0.0006876587867736816,esm3-sm-open-v1
NP_001293035,XP_056301481,0.006485402584075928,esm3-sm-open-v1
XP_073806316,XP_056313146,0.00020748376846313477,esm3-sm-open-v1
XP_073806299,XP_056313146,0.00014829635620117188,esm3-sm-open-v1
NP_991182,XP_056306006,0.023037433624267578,esm3-sm-open-v1
XP_073806310,XP_056313146,0.00013071298599243164,esm3-sm-open-v1
XP_073806302,XP_056313146,0.00014632940292358398,esm3-sm-open-v1
XP_073806313,XP_056313146,0.00013589859008789062,esm3-sm-open-v1
XP_073806304,XP_056313146,0.00018471479415893555,esm3-sm-open-v1
XP_073806329,XP_056313146,0.00020313262939453125,esm3-sm-open-v1
XP_073806324,XP_056313146,0.00014138221740722656,esm3-sm-open-v1
XP_073806325,XP_056313146,0.00014913082122802734,esm3-sm-open-v1
XP_073797231,XP_056307207,7.843971252441406e-05,esm3-sm-open-v1
NP_001417763,XP_056318168,3.337860107421875e-05,esm3-sm-open-v1
XP_021336792,XP_056328313,0.017464101314544678,esm3-sm-open-v1
XP_021336793,XP_056328313,0.017464101314544678,esm3-sm-open-v1
NP_001231965,XP_056311338,0.004290938377380371,esm3-sm-open-v1
XP_073794903,XP_056305469,6.753206253051758e-05,esm3-sm-open-v1
XP_073805227,XP_056320045,0.00013875961303710938,esm3-sm-open-v1
XP_073805226,XP_056320045,0.00013875961303710938,esm3-sm-open-v1
XP_073802941,XP_056312376,0.004324972629547119,esm3-sm-open-v1
XP_073805226,XP_056320063,0.00013875961303710938,esm3-sm-open-v1
XP_073805227,XP_056320063,0.00013875961303710938,esm3-sm-open-v1
XP_073790413,XP_056302875,0.0001004338264465332,esm3-sm-open-v1
XP_073790398,XP_056302875,0.0001004338264465332,esm3-sm-open-v1
XP_073790413,XP_056302874,0.0001004338264465332,esm3-sm-open-v1
XP_073790414,XP_056302874,0.0001004338264465332,esm3-sm-open-v1
XP_073790411,XP_056302875,0.0001004338264465332,esm3-sm-open-v1
XP_073790412,XP_056302874,0.0001004338264465332,esm3-sm-open-v1
XP_073790414,XP_056302875,0.0001004338264465332,esm3-sm-open-v1
XP_073790399,XP_056302874,0.0001004338264465332,esm3-sm-open-v1
XP_073790398,XP_056302874,0.0001004338264465332,esm3-sm-open-v1
XP_073790400,XP_056302875,0.0001004338264465332,esm3-sm-open-v1
XP_073790399,XP_056302875,0.0001004338264465332,esm3-sm-open-v1
XP_073790400,XP_056302874,0.0001004338264465332,esm3-sm-open-v1
XP_073790397,XP_056302875,0.0001004338264465332,esm3-sm-open-v1
XP_073790412,XP_056302875,0.0001004338264465332,esm3-sm-open-v1
XP_073790411,XP_056302874,0.0001004338264465332,esm3-sm-open-v1
XP_073790397,XP_056302874,0.0001004338264465332,esm3-sm-open-v1
XP_073805985,XP_056314630,0.0008192062377929688,esm3-sm-open-v1
NP_001160156,XP_056308636,0.005964696407318115,esm3-sm-open-v1
XP_073790390,XP_056302872,9.250640869140625e-05,esm3-sm-open-v1
XP_073790406,XP_056302872,9.250640869140625e-05,esm3-sm-open-v1
XP_073790405,XP_056302872,9.250640869140625e-05,esm3-sm-open-v1
XP_073790388,XP_056302872,9.250640869140625e-05,esm3-sm-open-v1
XP_073790391,XP_056302872,9.250640869140625e-05,esm3-sm-open-v1
XP_073790392,XP_056302872,9.250640869140625e-05,esm3-sm-open-v1
XP_073790405,XP_056302870,9.250640869140625e-05,esm3-sm-open-v1
XP_073790391,XP_056302870,9.250640869140625e-05,esm3-sm-open-v1
XP_073790392,XP_056302870,9.250640869140625e-05,esm3-sm-open-v1
XP_073790406,XP_056302870,9.250640869140625e-05,esm3-sm-open-v1
XP_073790416,XP_056302876,8.83340835571289e-05,esm3-sm-open-v1
XP_073790384,XP_056302876,8.83340835571289e-05,esm3-sm-open-v1
XP_073790401,XP_056302876,8.83340835571289e-05,esm3-sm-open-v1
XP_073790402,XP_056302876,8.83340835571289e-05,esm3-sm-open-v1
XP_073810732,XP_056316506,2.3663043975830078e-05,esm3-sm-open-v1
XP_073810733,XP_056316506,2.3663043975830078e-05,esm3-sm-open-v1
XP_073793585,XP_056303596,0.008203685283660889,esm3-sm-open-v1
XP_073793586,XP_056303596,0.008203685283660889,esm3-sm-open-v1
XP_073798580,XP_056307637,5.1081180572509766e-05,esm3-sm-open-v1
XP_699360,XP_056316506,2.4199485778808594e-05,esm3-sm-open-v1
XP_073805226,XP_056320055,0.000141143798828125,esm3-sm-open-v1
XP_073805227,XP_056320055,0.000141143798828125,esm3-sm-open-v1
XP_073810733,XP_056316507,2.9206275939941406e-05,esm3-sm-open-v1
XP_073810732,XP_056316507,2.9206275939941406e-05,esm3-sm-open-v1
XP_009291892,XP_056318446,0.0038408637046813965,esm3-sm-open-v1
XP_073810733,XP_056316505,2.3663043975830078e-05,esm3-sm-open-v1
XP_073810732,XP_056316505,2.3663043975830078e-05,esm3-sm-open-v1
XP_073810735,XP_056316506,5.984306335449219e-05,esm3-sm-open-v1
NP_001231965,XP_056311339,0.0040711164474487305,esm3-sm-open-v1
XP_073786073,XP_056318446,0.0036892294883728027,esm3-sm-open-v1
XP_699360,XP_056316507,3.457069396972656e-05,esm3-sm-open-v1
XP_699360,XP_056316505,2.4199485778808594e-05,esm3-sm-open-v1
XP_073810735,XP_056316507,7.253885269165039e-05,esm3-sm-open-v1
XP_073810735,XP_056316505,5.984306335449219e-05,esm3-sm-open-v1
XP_073798577,XP_056307637,6.949901580810547e-05,esm3-sm-open-v1
XP_073810732,XP_056316508,1.537799835205078e-05,esm3-sm-open-v1
XP_073810733,XP_056316508,1.537799835205078e-05,esm3-sm-open-v1
XP_699360,XP_056316508,1.5497207641601562e-05,esm3-sm-open-v1
XP_021323468,XP_056318446,0.003640413284301758,esm3-sm-open-v1
XP_073810735,XP_056316508,1.817941665649414e-05,esm3-sm-open-v1
XP_073798574,XP_056307637,8.529424667358398e-05,esm3-sm-open-v1
XP_073798575,XP_056307637,8.529424667358398e-05,esm3-sm-open-v1
XP_073798576,XP_056307637,6.860494613647461e-05,esm3-sm-open-v1
XP_073800142,XP_056304567,0.0069373250007629395,esm3-sm-open-v1
XP_073809698,XP_056315393,1.4722347259521484e-05,esm3-sm-open-v1
XP_073794113,XP_056304690,1.5079975128173828e-05,esm3-sm-open-v1
XP_073794114,XP_056304690,1.5079975128173828e-05,esm3-sm-open-v1
XP_073801180,XP_056308798,0.003381192684173584,esm3-sm-open-v1
XP_073799227,XP_056309604,1.0073184967041016e-05,esm3-sm-open-v1
XP_683046,XP_056315393,1.0132789611816406e-06,esm3-sm-open-v1
NP_001106975,XP_056325918,0.008554637432098389,esm3-sm-open-v1
NP_571137,XP_056320468,0.003908753395080566,esm3-sm-open-v1
XP_073809698,XP_056315392,1.0132789611816406e-05,esm3-sm-open-v1
XP_073808616,XP_056315332,7.975101470947266e-05,esm3-sm-open-v1
XP_073808615,XP_056315332,7.975101470947266e-05,esm3-sm-open-v1
XP_073808612,XP_056315332,2.9742717742919922e-05,esm3-sm-open-v1
XP_073808613,XP_056315332,2.9742717742919922e-05,esm3-sm-open-v1
XP_073797283,XP_056306637,1.3828277587890625e-05,esm3-sm-open-v1
XP_073805358,XP_056310791,0.009611189365386963,esm3-sm-open-v1
XP_021333282,XP_056310791,0.009611189365386963,esm3-sm-open-v1
XP_021337120,XP_056330047,0.0006846189498901367,esm3-sm-open-v1
XP_073792929,XP_056304182,9.298324584960938e-06,esm3-sm-open-v1
XP_073808615,XP_056315333,3.713369369506836e-05,esm3-sm-open-v1
XP_073808613,XP_056315333,3.504753112792969e-05,esm3-sm-open-v1
XP_073808612,XP_056315333,3.504753112792969e-05,esm3-sm-open-v1
XP_073808616,XP_056315333,3.713369369506836e-05,esm3-sm-open-v1
XP_073800856,XP_056309873,1.6748905181884766e-05,esm3-sm-open-v1
XP_073794186,XP_056305837,0.0019398927688598633,esm3-sm-open-v1
XP_073794190,XP_056305837,0.0019373297691345215,esm3-sm-open-v1
XP_073794185,XP_056305837,0.0019398927688598633,esm3-sm-open-v1
XP_073794184,XP_056305837,0.0019398927688598633,esm3-sm-open-v1
XP_073794187,XP_056305837,0.0019398927688598633,esm3-sm-open-v1
XP_073794182,XP_056305837,0.0019398927688598633,esm3-sm-open-v1
XP_073794189,XP_056305837,0.0019373297691345215,esm3-sm-open-v1
XP_073794188,XP_056305837,0.0019373297691345215,esm3-sm-open-v1
XP_073793322,XP_056303267,0.0010442733764648438,esm3-sm-open-v1
XP_073799227,XP_056309603,1.329183578491211e-05,esm3-sm-open-v1
XP_073808611,XP_056315332,2.1576881408691406e-05,esm3-sm-open-v1
XP_073808610,XP_056315332,2.1576881408691406e-05,esm3-sm-open-v1
XP_073808614,XP_056315332,8.499622344970703e-05,esm3-sm-open-v1
XP_073808609,XP_056315332,2.1576881408691406e-05,esm3-sm-open-v1
XP_073808619,XP_056315335,4.7266483306884766e-05,esm3-sm-open-v1
XP_073808621,XP_056315335,4.869699478149414e-05,esm3-sm-open-v1
XP_073808620,XP_056315335,4.869699478149414e-05,esm3-sm-open-v1
XP_073808618,XP_056315335,3.165006637573242e-05,esm3-sm-open-v1
XP_073808617,XP_056315335,3.165006637573242e-05,esm3-sm-open-v1
XP_073790391,XP_056302871,9.250640869140625e-05,esm3-sm-open-v1
XP_073790405,XP_056302871,9.250640869140625e-05,esm3-sm-open-v1
XP_073790392,XP_056302871,9.250640869140625e-05,esm3-sm-open-v1
XP_073790406,XP_056302871,9.250640869140625e-05,esm3-sm-open-v1
XP_073808619,XP_056315334,0.00010544061660766602,esm3-sm-open-v1
XP_073808614,XP_056315333,4.863739013671875e-05,esm3-sm-open-v1
XP_073808618,XP_056315334,3.248453140258789e-05,esm3-sm-open-v1
XP_073808621,XP_056315334,0.00011092424392700195,esm3-sm-open-v1
XP_073808620,XP_056315334,0.00011092424392700195,esm3-sm-open-v1
XP_073808617,XP_056315334,3.248453140258789e-05,esm3-sm-open-v1
XP_695742,XP_056317280,2.5451183319091797e-05,esm3-sm-open-v1
XP_073790647,XP_056301754,0.00014090538024902344,esm3-sm-open-v1
XP_073790637,XP_056301754,4.89354133605957e-05,esm3-sm-open-v1
XP_073790646,XP_056301754,0.00014090538024902344,esm3-sm-open-v1
XP_073790638,XP_056301749,0.00012183189392089844,esm3-sm-open-v1
XP_073790637,XP_056301749,9.942054748535156e-05,esm3-sm-open-v1
XP_073790639,XP_056301749,0.00012183189392089844,esm3-sm-open-v1
XP_701288,XP_056326301,3.999471664428711e-05,esm3-sm-open-v1
NP_001289712,XP_056308417,0.00997936725616455,esm3-sm-open-v1
XP_073790649,XP_056301759,9.942054748535156e-05,esm3-sm-open-v1
XP_073790659,XP_056301759,0.00012183189392089844,esm3-sm-open-v1
XP_073790653,XP_056301759,0.00012183189392089844,esm3-sm-open-v1
XP_073790658,XP_056301759,0.00012183189392089844,esm3-sm-open-v1
XP_073790652,XP_056301759,0.00012183189392089844,esm3-sm-open-v1
XP_073790641,XP_056301759,3.3974647521972656e-05,esm3-sm-open-v1
XP_073790645,XP_056301759,4.5180320739746094e-05,esm3-sm-open-v1
XP_073790640,XP_056301759,3.3974647521972656e-05,esm3-sm-open-v1
XP_073790648,XP_056301759,9.942054748535156e-05,esm3-sm-open-v1
XP_073790652,XP_056301757,0.00012183189392089844,esm3-sm-open-v1
XP_073790653,XP_056301757,0.00012183189392089844,esm3-sm-open-v1
XP_073790648,XP_056301757,9.942054748535156e-05,esm3-sm-open-v1
XP_073790641,XP_056301757,3.3974647521972656e-05,esm3-sm-open-v1
XP_073790640,XP_056301757,3.3974647521972656e-05,esm3-sm-open-v1
XP_073790649,XP_056301757,9.942054748535156e-05,esm3-sm-open-v1
XP_073790645,XP_056301757,4.5180320739746094e-05,esm3-sm-open-v1
XP_073790639,XP_056301752,8.767843246459961e-05,esm3-sm-open-v1
XP_073790639,XP_056301751,8.767843246459961e-05,esm3-sm-open-v1
XP_073790637,XP_056301752,6.181001663208008e-05,esm3-sm-open-v1
XP_073790638,XP_056301752,8.767843246459961e-05,esm3-sm-open-v1
XP_073790638,XP_056301751,8.767843246459961e-05,esm3-sm-open-v1
XP_073790638,XP_056301753,8.767843246459961e-05,esm3-sm-open-v1
XP_073790637,XP_056301753,6.181001663208008e-05,esm3-sm-open-v1
XP_073790637,XP_056301751,6.181001663208008e-05,esm3-sm-open-v1
XP_073790639,XP_056301753,8.767843246459961e-05,esm3-sm-open-v1
XP_073807487,XP_056315670,2.1517276763916016e-05,esm3-sm-open-v1
XP_073807483,XP_056315670,2.193450927734375e-05,esm3-sm-open-v1
XP_073807494,XP_056315670,2.1517276763916016e-05,esm3-sm-open-v1
XP_073799247,XP_056307248,0.0012288093566894531,esm3-sm-open-v1
XP_073790637,XP_056301750,0.0001150369644165039,esm3-sm-open-v1
XP_073790642,XP_056301750,0.00010418891906738281,esm3-sm-open-v1
XP_073790639,XP_056301750,0.00013643503189086914,esm3-sm-open-v1
XP_073790638,XP_056301750,0.00013643503189086914,esm3-sm-open-v1
XP_073790644,XP_056301750,0.00010418891906738281,esm3-sm-open-v1
XP_073807487,XP_056315654,2.1517276763916016e-05,esm3-sm-open-v1
XP_073807483,XP_056315654,2.193450927734375e-05,esm3-sm-open-v1
XP_073807494,XP_056315654,2.1517276763916016e-05,esm3-sm-open-v1
XP_073790650,XP_056301755,0.00013387203216552734,esm3-sm-open-v1
XP_073790651,XP_056301755,0.00013387203216552734,esm3-sm-open-v1
XP_073787710,XP_056304658,0.0033574700355529785,esm3-sm-open-v1
NP_001093546,XP_056336232,0.003617525100708008,esm3-sm-open-v1
XP_073807487,XP_056315679,2.1517276763916016e-05,esm3-sm-open-v1
XP_073807483,XP_056315679,2.193450927734375e-05,esm3-sm-open-v1
XP_073807494,XP_056315679,2.1517276763916016e-05,esm3-sm-open-v1
NP_957123,XP_056305557,0.0028100013732910156,esm3-sm-open-v1
XP_073807494,XP_056315663,2.092123031616211e-05,esm3-sm-open-v1
XP_073807487,XP_056315663,2.092123031616211e-05,esm3-sm-open-v1
XP_073807483,XP_056315663,2.1696090698242188e-05,esm3-sm-open-v1
XP_073807487,XP_056315645,2.1517276763916016e-05,esm3-sm-open-v1
XP_073807483,XP_056315645,2.193450927734375e-05,esm3-sm-open-v1
XP_073807494,XP_056315645,2.1517276763916016e-05,esm3-sm-open-v1
XP_073807562,XP_056314404,4.583597183227539e-05,esm3-sm-open-v1
XP_021333865,XP_056310884,0.003675699234008789,esm3-sm-open-v1
XP_073790638,XP_056301756,2.4616718292236328e-05,esm3-sm-open-v1
XP_073790642,XP_056301756,4.8160552978515625e-05,esm3-sm-open-v1
XP_073790651,XP_056301756,7.611513137817383e-05,esm3-sm-open-v1
XP_073790644,XP_056301756,4.8160552978515625e-05,esm3-sm-open-v1
XP_073790647,XP_056301756,6.121397018432617e-05,esm3-sm-open-v1
XP_073790650,XP_056301756,7.611513137817383e-05,esm3-sm-open-v1
XP_073790639,XP_056301756,2.4616718292236328e-05,esm3-sm-open-v1
XP_073790646,XP_056301756,6.121397018432617e-05,esm3-sm-open-v1
XP_073807561,XP_056314404,4.780292510986328e-05,esm3-sm-open-v1
XP_073807560,XP_056314404,5.8650970458984375e-05,esm3-sm-open-v1
XP_073807559,XP_056314404,6.407499313354492e-05,esm3-sm-open-v1
XP_073807562,XP_056314408,4.9114227294921875e-05,esm3-sm-open-v1
XP_073807563,XP_056314404,3.6716461181640625e-05,esm3-sm-open-v1
XP_073795509,XP_056305554,0.0029908418655395508,esm3-sm-open-v1
XP_073807561,XP_056314408,3.9696693420410156e-05,esm3-sm-open-v1
XP_073807563,XP_056314408,3.3974647521972656e-05,esm3-sm-open-v1
XP_073807560,XP_056314408,6.300210952758789e-05,esm3-sm-open-v1
XP_073807562,XP_056314407,4.2498111724853516e-05,esm3-sm-open-v1
XP_073807559,XP_056314408,5.5849552154541016e-05,esm3-sm-open-v1
XP_073807561,XP_056314407,4.45246696472168e-05,esm3-sm-open-v1
XP_701288,XP_056326300,3.999471664428711e-05,esm3-sm-open-v1
XP_073807560,XP_056314407,5.644559860229492e-05,esm3-sm-open-v1
XP_073807563,XP_056314407,3.069639205932617e-05,esm3-sm-open-v1
XP_073807559,XP_056314407,6.133317947387695e-05,esm3-sm-open-v1
XP_073790668,XP_056301761,6.085634231567383e-05,esm3-sm-open-v1
XP_073790667,XP_056301761,7.611513137817383e-05,esm3-sm-open-v1
XP_073790641,XP_056301761,4.267692565917969e-05,esm3-sm-open-v1
XP_073790663,XP_056301761,4.8160552978515625e-05,esm3-sm-open-v1
XP_073790649,XP_056301761,3.165006637573242e-05,esm3-sm-open-v1
XP_073790659,XP_056301761,2.4616718292236328e-05,esm3-sm-open-v1
XP_073790656,XP_056301761,4.8160552978515625e-05,esm3-sm-open-v1
XP_073790648,XP_056301761,3.165006637573242e-05,esm3-sm-open-v1
XP_073790640,XP_056301761,4.267692565917969e-05,esm3-sm-open-v1
XP_073790657,XP_056301761,4.8160552978515625e-05,esm3-sm-open-v1
XP_073790653,XP_056301761,2.4616718292236328e-05,esm3-sm-open-v1
XP_073790658,XP_056301761,2.4616718292236328e-05,esm3-sm-open-v1
XP_073790664,XP_056301761,4.8160552978515625e-05,esm3-sm-open-v1
XP_073790652,XP_056301761,2.4616718292236328e-05,esm3-sm-open-v1
XP_073790669,XP_056301761,6.085634231567383e-05,esm3-sm-open-v1
XP_073790662,XP_056301761,6.121397018432617e-05,esm3-sm-open-v1
XP_073790661,XP_056301761,6.121397018432617e-05,esm3-sm-open-v1
XP_073790666,XP_056301761,7.611513137817383e-05,esm3-sm-open-v1
XP_009294635,XP_056304550,0.016903400421142578,esm3-sm-open-v1
NP_001315310,XP_056320467,0.0037502646446228027,esm3-sm-open-v1
XP_073807483,XP_056315685,2.1696090698242188e-05,esm3-sm-open-v1
XP_073807494,XP_056315685,2.092123031616211e-05,esm3-sm-open-v1
XP_073807487,XP_056315685,2.092123031616211e-05,esm3-sm-open-v1
XP_073807562,XP_056314410,4.082918167114258e-05,esm3-sm-open-v1
XP_073790657,XP_056301758,0.00010418891906738281,esm3-sm-open-v1
XP_073790648,XP_056301758,0.0001150369644165039,esm3-sm-open-v1
XP_073790640,XP_056301758,4.285573959350586e-05,esm3-sm-open-v1
XP_073790645,XP_056301758,4.875659942626953e-05,esm3-sm-open-v1
XP_073790649,XP_056301758,0.0001150369644165039,esm3-sm-open-v1
XP_073790656,XP_056301758,0.00010418891906738281,esm3-sm-open-v1
XP_073790641,XP_056301758,4.285573959350586e-05,esm3-sm-open-v1
XP_073807561,XP_056314410,4.315376281738281e-05,esm3-sm-open-v1
XP_073807563,XP_056314410,2.9981136322021484e-05,esm3-sm-open-v1
XP_073807560,XP_056314410,5.507469177246094e-05,esm3-sm-open-v1
XP_073807559,XP_056314410,5.984306335449219e-05,esm3-sm-open-v1
XP_073807562,XP_056314405,5.4001808166503906e-05,esm3-sm-open-v1
XP_073807561,XP_056314405,4.410743713378906e-05,esm3-sm-open-v1
XP_073807560,XP_056314405,6.854534149169922e-05,esm3-sm-open-v1
XP_073807563,XP_056314405,3.534555435180664e-05,esm3-sm-open-v1
XP_073807559,XP_056314405,6.115436553955078e-05,esm3-sm-open-v1
NP_001002097,XP_056324134,0.010075569152832031,esm3-sm-open-v1
NP_001006080,XP_056305553,0.004808366298675537,esm3-sm-open-v1
XP_073791874,XP_056302791,0.007344067096710205,esm3-sm-open-v1
XP_073798491,XP_056328370,0.0019387006759643555,esm3-sm-open-v1
XP_073791840,XP_056319202,0.020025670528411865,esm3-sm-open-v1
XP_690503,XP_056312321,0.010935366153717041,esm3-sm-open-v1
XP_073810957,XP_056316683,0.0019728541374206543,esm3-sm-open-v1
XP_073810956,XP_056316683,0.0019728541374206543,esm3-sm-open-v1
XP_073810955,XP_056316683,0.0019728541374206543,esm3-sm-open-v1
XP_073810958,XP_056316683,0.0019728541374206543,esm3-sm-open-v1
NP_001315125,XP_056321353,0.007408440113067627,esm3-sm-open-v1
XP_073810957,XP_056316684,0.001993894577026367,esm3-sm-open-v1
XP_073810956,XP_056316684,0.001993894577026367,esm3-sm-open-v1
XP_073810955,XP_056316684,0.001993894577026367,esm3-sm-open-v1
XP_073810958,XP_056316684,0.001993894577026367,esm3-sm-open-v1
XP_073793333,XP_056312323,0.005626559257507324,esm3-sm-open-v1
XP_073793334,XP_056312323,0.005626559257507324,esm3-sm-open-v1
XP_073810953,XP_056316684,0.001998305320739746,esm3-sm-open-v1
XP_073810954,XP_056316684,0.001998305320739746,esm3-sm-open-v1
XP_073810951,XP_056316684,0.001998305320739746,esm3-sm-open-v1
XP_073810952,XP_056316684,0.001998305320739746,esm3-sm-open-v1
XP_021334993,XP_056323129,0.003465414047241211,esm3-sm-open-v1
NP_001017616,XP_056318181,0.006136834621429443,esm3-sm-open-v1
XP_073801025,XP_056309952,4.935264587402344e-05,esm3-sm-open-v1
XP_073801019,XP_056309952,4.7147274017333984e-05,esm3-sm-open-v1
XP_073801020,XP_056309952,4.7147274017333984e-05,esm3-sm-open-v1
XP_073801024,XP_056309952,4.7147274017333984e-05,esm3-sm-open-v1
XP_073801023,XP_056309952,3.8683414459228516e-05,esm3-sm-open-v1
XP_073801021,XP_056309952,4.076957702636719e-05,esm3-sm-open-v1
XP_073801022,XP_056309952,4.076957702636719e-05,esm3-sm-open-v1
XP_073801018,XP_056309952,3.8683414459228516e-05,esm3-sm-open-v1
XP_073801025,XP_056309951,4.935264587402344e-05,esm3-sm-open-v1
XP_073801019,XP_056309951,4.7147274017333984e-05,esm3-sm-open-v1
XP_073801020,XP_056309951,4.7147274017333984e-05,esm3-sm-open-v1
XP_073801024,XP_056309951,4.7147274017333984e-05,esm3-sm-open-v1
XP_073802123,XP_056312665,1.1324882507324219e-06,esm3-sm-open-v1
XP_073802123,XP_056312664,1.1324882507324219e-06,esm3-sm-open-v1
XP_073801400,XP_056308705,0.002070128917694092,esm3-sm-open-v1
XP_021326380,XP_056307596,0.0009121298789978027,esm3-sm-open-v1
XP_073801020,XP_056309949,4.7147274017333984e-05,esm3-sm-open-v1
XP_073801019,XP_056309949,4.7147274017333984e-05,esm3-sm-open-v1
XP_073801024,XP_056309949,4.7147274017333984e-05,esm3-sm-open-v1
XP_073801021,XP_056309951,4.076957702636719e-05,esm3-sm-open-v1
XP_073801018,XP_056309951,3.8683414459228516e-05,esm3-sm-open-v1
XP_073801022,XP_056309951,4.076957702636719e-05,esm3-sm-open-v1
XP_073801023,XP_056309951,3.8683414459228516e-05,esm3-sm-open-v1
NP_705949,XP_056309172,0.00658571720123291,esm3-sm-open-v1
XP_073801023,XP_056309949,3.8683414459228516e-05,esm3-sm-open-v1
XP_073801018,XP_056309949,3.8683414459228516e-05,esm3-sm-open-v1
XP_073801021,XP_056309949,4.076957702636719e-05,esm3-sm-open-v1
XP_073801022,XP_056309949,4.076957702636719e-05,esm3-sm-open-v1
XP_009290388,XP_056332070,0.003932476043701172,esm3-sm-open-v1
XP_073807572,XP_056314409,5.02467155456543e-05,esm3-sm-open-v1
XP_073807573,XP_056314409,5.3942203521728516e-05,esm3-sm-open-v1
XP_073797233,XP_056307190,5.644559860229492e-05,esm3-sm-open-v1
XP_073797235,XP_056307190,5.644559860229492e-05,esm3-sm-open-v1
XP_073797234,XP_056307191,5.644559860229492e-05,esm3-sm-open-v1
XP_073797233,XP_056307191,5.644559860229492e-05,esm3-sm-open-v1
XP_073797235,XP_056307191,5.644559860229492e-05,esm3-sm-open-v1
XP_073797234,XP_056307190,5.644559860229492e-05,esm3-sm-open-v1
XP_073797233,XP_056307189,5.644559860229492e-05,esm3-sm-open-v1
XP_073797234,XP_056307189,5.644559860229492e-05,esm3-sm-open-v1
XP_073797234,XP_056307188,5.644559860229492e-05,esm3-sm-open-v1
XP_073797233,XP_056307188,5.644559860229492e-05,esm3-sm-open-v1
XP_073801020,XP_056309950,4.017353057861328e-05,esm3-sm-open-v1
XP_073801019,XP_056309950,4.017353057861328e-05,esm3-sm-open-v1
XP_073801023,XP_056309950,3.4689903259277344e-05,esm3-sm-open-v1
XP_073801018,XP_056309950,3.4689903259277344e-05,esm3-sm-open-v1
XP_073801021,XP_056309950,3.606081008911133e-05,esm3-sm-open-v1
XP_073801022,XP_056309950,3.606081008911133e-05,esm3-sm-open-v1
NP_001038839,XP_056307445,0.00030177831649780273,esm3-sm-open-v1
XP_073797233,XP_056307187,4.374980926513672e-05,esm3-sm-open-v1
XP_073797235,XP_056307187,4.374980926513672e-05,esm3-sm-open-v1
XP_073797234,XP_056307187,4.374980926513672e-05,esm3-sm-open-v1
XP_009304943,XP_056326200,0.015195012092590332,esm3-sm-open-v1
NP_001002488,XP_056326200,0.015195012092590332,esm3-sm-open-v1
XP_009290387,XP_056332070,0.003932476043701172,esm3-sm-open-v1
XP_009290386,XP_056332070,0.003932476043701172,esm3-sm-open-v1
XP_073805415,XP_056310878,0.004112124443054199,esm3-sm-open-v1
XP_009290389,XP_056332070,0.003932476043701172,esm3-sm-open-v1
NP_001180454,XP_056327216,0.008451402187347412,esm3-sm-open-v1
NP_001341481,XP_056327216,0.008451402187347412,esm3-sm-open-v1
NP_001341482,XP_056327216,0.008451402187347412,esm3-sm-open-v1
XP_017211153,XP_056310457,0.005191683769226074,esm3-sm-open-v1
XP_009290390,XP_056332070,0.0036826729774475098,esm3-sm-open-v1
XP_021325206,XP_056303950,0.0033573508262634277,esm3-sm-open-v1
XP_009289566,XP_056328805,0.01105356216430664,esm3-sm-open-v1
XP_021324081,XP_056326066,0.012648344039916992,esm3-sm-open-v1
XP_005174189,XP_056305557,0.003543257713317871,esm3-sm-open-v1
XP_005163889,XP_056309172,0.00658571720123291,esm3-sm-open-v1
XP_073807571,XP_056314409,4.6193599700927734e-05,esm3-sm-open-v1
XP_073795138,XP_056304639,0.0012118816375732422,esm3-sm-open-v1
XP_003201260,XP_056305573,0.013188660144805908,esm3-sm-open-v1
XP_073807569,XP_056314409,4.750490188598633e-05,esm3-sm-open-v1
XP_073807568,XP_056314409,4.190206527709961e-05,esm3-sm-open-v1
XP_073801594,XP_056323202,0.002051115036010742,esm3-sm-open-v1
XP_003201035,XP_056304483,0.017274081707000732,esm3-sm-open-v1
NP_001017855,XP_056308570,0.003982603549957275,esm3-sm-open-v1
XP_073795139,XP_056304639,0.0011922717094421387,esm3-sm-open-v1
XP_021332406,XP_056314895,0.01663970947265625,esm3-sm-open-v1
XP_073808008,XP_056314895,0.01663970947265625,esm3-sm-open-v1
XP_073808007,XP_056314895,0.01663970947265625,esm3-sm-open-v1
XP_073808006,XP_056314895,0.01663970947265625,esm3-sm-open-v1
XP_017207531,XP_056318446,0.002358376979827881,esm3-sm-open-v1
XP_073800556,XP_056309444,1.704692840576172e-05,esm3-sm-open-v1
XP_073800552,XP_056309444,1.704692840576172e-05,esm3-sm-open-v1
XP_021331590,XP_056320346,0.013439297676086426,esm3-sm-open-v1
XP_003198028,XP_056326066,0.012597382068634033,esm3-sm-open-v1
XP_073796608,XP_056306873,0.0005958676338195801,esm3-sm-open-v1
XP_073800552,XP_056309441,1.8656253814697266e-05,esm3-sm-open-v1
XP_073800556,XP_056309441,1.8656253814697266e-05,esm3-sm-open-v1
XP_005164293,XP_056308793,0.004263818264007568,esm3-sm-open-v1
NP_001410430,XP_056323202,0.0017225146293640137,esm3-sm-open-v1
XP_073800554,XP_056309444,1.233816146850586e-05,esm3-sm-open-v1
XP_003198201,XP_056308793,0.004153788089752197,esm3-sm-open-v1
XP_073800554,XP_056309441,1.430511474609375e-05,esm3-sm-open-v1
XP_073800555,XP_056309444,1.3172626495361328e-05,esm3-sm-open-v1
XP_073800555,XP_056309441,1.4543533325195312e-05,esm3-sm-open-v1
XP_073801039,XP_056310218,0.0021241307258605957,esm3-sm-open-v1
XP_073805416,XP_056320177,0.00414198637008667,esm3-sm-open-v1
XP_073805416,XP_056320178,0.00414198637008667,esm3-sm-open-v1
XP_073805417,XP_056320177,0.004132688045501709,esm3-sm-open-v1
XP_073805417,XP_056320178,0.004132688045501709,esm3-sm-open-v1
NP_001410430,XP_056323228,0.0020343661308288574,esm3-sm-open-v1
NP_571006,XP_056308605,0.014094054698944092,esm3-sm-open-v1
NP_001123874,XP_056336287,0.0018749237060546875,esm3-sm-open-v1
XP_073805849,XP_056313411,2.181529998779297e-05,esm3-sm-open-v1
XP_073805849,XP_056313412,2.181529998779297e-05,esm3-sm-open-v1
XP_073805850,XP_056313411,2.181529998779297e-05,esm3-sm-open-v1
XP_073805850,XP_056313412,2.181529998779297e-05,esm3-sm-open-v1
XP_073802946,XP_056312241,0.004953324794769287,esm3-sm-open-v1
NP_001314986,XP_056319180,0.006926834583282471,esm3-sm-open-v1
NP_001076546,XP_056336610,0.0062978267669677734,esm3-sm-open-v1
XP_073795141,XP_056304639,0.001392662525177002,esm3-sm-open-v1
XP_073795137,XP_056304639,0.0014311671257019043,esm3-sm-open-v1
XP_073795135,XP_056304639,0.001392662525177002,esm3-sm-open-v1
XP_073795140,XP_056304639,0.001392662525177002,esm3-sm-open-v1
XP_021325441,XP_056305557,0.0059143900871276855,esm3-sm-open-v1
XP_073804167,XP_056311151,0.003845512866973877,esm3-sm-open-v1
XP_073804166,XP_056311151,0.0037940144538879395,esm3-sm-open-v1
XP_073799823,XP_056308976,0.0027794241905212402,esm3-sm-open-v1
XP_073802856,XP_056310457,0.004394829273223877,esm3-sm-open-v1
XP_073791713,XP_056324308,0.004041194915771484,esm3-sm-open-v1
XP_073809661,XP_056315378,2.1219253540039062e-05,esm3-sm-open-v1
XP_005166970,XP_056319180,0.006540477275848389,esm3-sm-open-v1
XP_073807459,XP_056314161,0.01565372943878174,esm3-sm-open-v1
NP_001003450,XP_056304486,0.010341227054595947,esm3-sm-open-v1
XP_073800563,XP_056309445,1.4424324035644531e-05,esm3-sm-open-v1
XP_073800563,XP_056309442,1.4722347259521484e-05,esm3-sm-open-v1
XP_686084,XP_056309651,1.1801719665527344e-05,esm3-sm-open-v1
XP_073800559,XP_056309445,1.3887882232666016e-05,esm3-sm-open-v1
XP_073800562,XP_056309445,1.3887882232666016e-05,esm3-sm-open-v1
NP_001154960,XP_056323459,0.012639880180358887,esm3-sm-open-v1
XP_073800559,XP_056309442,1.4901161193847656e-05,esm3-sm-open-v1
XP_073800562,XP_056309442,1.4901161193847656e-05,esm3-sm-open-v1
XP_073793320,XP_056304483,0.025115787982940674,esm3-sm-open-v1
XP_073800560,XP_056309445,1.4066696166992188e-05,esm3-sm-open-v1
XP_073800560,XP_056309442,1.4722347259521484e-05,esm3-sm-open-v1
XP_073809660,XP_056315377,2.0325183868408203e-05,esm3-sm-open-v1
XP_073800561,XP_056309445,1.3172626495361328e-05,esm3-sm-open-v1
XP_073800561,XP_056309442,1.4066696166992188e-05,esm3-sm-open-v1
XP_686084,XP_056309650,1.0251998901367188e-05,esm3-sm-open-v1
NP_001093576,XP_056317123,0.007232189178466797,esm3-sm-open-v1
NP_001116765,XP_056320841,0.00924903154373169,esm3-sm-open-v1
XP_073792146,XP_056302869,0.00038361549377441406,esm3-sm-open-v1
XP_073800564,XP_056309445,3.1948089599609375e-05,esm3-sm-open-v1
XP_073800564,XP_056309442,3.2901763916015625e-05,esm3-sm-open-v1
XP_073800565,XP_056309445,3.528594970703125e-05,esm3-sm-open-v1
XP_073807459,XP_056314160,0.015352189540863037,esm3-sm-open-v1
XP_073800565,XP_056309442,3.600120544433594e-05,esm3-sm-open-v1
XP_073807459,XP_056314159,0.015383541584014893,esm3-sm-open-v1
XP_073788353,XP_056308426,0.010435342788696289,esm3-sm-open-v1
XP_073803071,XP_056312367,0.004228353500366211,esm3-sm-open-v1
XP_017211320,XP_056311164,0.003414452075958252,esm3-sm-open-v1
XP_021334574,XP_056320841,0.00934523344039917,esm3-sm-open-v1
NP_001092713,XP_056320841,0.00934523344039917,esm3-sm-open-v1
XP_021324375,XP_056301538,0.002880275249481201,esm3-sm-open-v1
XP_073792222,XP_056309181,0.0047307610511779785,esm3-sm-open-v1
NP_958454,XP_056309181,0.0047307610511779785,esm3-sm-open-v1
XP_073797048,XP_056332513,3.4868717193603516e-05,esm3-sm-open-v1
XP_021332017,XP_056314884,0.006611824035644531,esm3-sm-open-v1
XP_693710,XP_056316917,0.014101564884185791,esm3-sm-open-v1
XP_684360,XP_056306627,0.0003052353858947754,esm3-sm-open-v1
XP_073806063,XP_056314200,2.9981136322021484e-05,esm3-sm-open-v1
XP_073806064,XP_056314200,3.1113624572753906e-05,esm3-sm-open-v1
XP_073806062,XP_056314200,3.1113624572753906e-05,esm3-sm-open-v1
XP_073806066,XP_056314200,2.759695053100586e-05,esm3-sm-open-v1
XP_073801386,XP_056305422,0.0018004775047302246,esm3-sm-open-v1
XP_073808005,XP_056314895,0.01663970947265625,esm3-sm-open-v1
XP_073806067,XP_056314200,2.7954578399658203e-05,esm3-sm-open-v1
XP_073806065,XP_056314200,2.7954578399658203e-05,esm3-sm-open-v1
XP_691552,XP_056313573,0.0004602670669555664,esm3-sm-open-v1
XP_073791875,XP_056302791,0.005091845989227295,esm3-sm-open-v1
XP_697383,XP_056326227,1.5437602996826172e-05,esm3-sm-open-v1
XP_697383,XP_056326225,1.5437602996826172e-05,esm3-sm-open-v1
XP_697383,XP_056326228,1.5437602996826172e-05,esm3-sm-open-v1
XP_697383,XP_056326226,1.5437602996826172e-05,esm3-sm-open-v1
XP_073792805,XP_056304322,1.0848045349121094e-05,esm3-sm-open-v1
NP_001314903,XP_056302348,0.03763490915298462,esm3-sm-open-v1
NP_001314903,XP_056302340,0.03763490915298462,esm3-sm-open-v1
XP_073803088,XP_056311996,2.485513687133789e-05,esm3-sm-open-v1
XP_073803087,XP_056311996,2.5331974029541016e-05,esm3-sm-open-v1
XP_073786515,XP_056308712,0.0038433074951171875,esm3-sm-open-v1
XP_073786516,XP_056308712,0.0038433074951171875,esm3-sm-open-v1
XP_073806060,XP_056314200,7.450580596923828e-05,esm3-sm-open-v1
XP_073806058,XP_056314200,7.450580596923828e-05,esm3-sm-open-v1
NP_001314904,XP_056302348,0.03626066446304321,esm3-sm-open-v1
NP_001314904,XP_056302340,0.03626066446304321,esm3-sm-open-v1
XP_002664631,XP_056329443,0.004336357116699219,esm3-sm-open-v1
NP_001410531,XP_056323473,0.0011139512062072754,esm3-sm-open-v1
XP_073806057,XP_056314200,7.241964340209961e-05,esm3-sm-open-v1
XP_073806059,XP_056314200,7.617473602294922e-05,esm3-sm-open-v1
NP_001410321,XP_056336199,0.0029648542404174805,esm3-sm-open-v1
XP_073801181,XP_056308798,0.002029240131378174,esm3-sm-open-v1
XP_001346027,XP_056334499,0.001363217830657959,esm3-sm-open-v1
XP_017208504,XP_056302791,0.004796326160430908,esm3-sm-open-v1
XP_073800580,XP_056309443,1.4126300811767578e-05,esm3-sm-open-v1
XP_073800582,XP_056309443,1.4126300811767578e-05,esm3-sm-open-v1
XP_073800568,XP_056309443,3.737211227416992e-05,esm3-sm-open-v1
XP_073800581,XP_056309443,1.33514404296875e-05,esm3-sm-open-v1
XP_073800569,XP_056309443,3.4868717193603516e-05,esm3-sm-open-v1
NP_957131,XP_056310967,0.0030508041381835938,esm3-sm-open-v1
XP_073789692,XP_056301564,0.0021224021911621094,esm3-sm-open-v1
NP_001007782,XP_056310302,0.008966982364654541,esm3-sm-open-v1
NP_001019577,XP_056302917,0.005253970623016357,esm3-sm-open-v1
XP_073807485,XP_056314154,0.002342820167541504,esm3-sm-open-v1
XP_073799830,XP_056308982,0.002766907215118408,esm3-sm-open-v1
XP_009290494,XP_056331874,0.0065801143646240234,esm3-sm-open-v1
XP_073805857,XP_056313839,1.8656253814697266e-05,esm3-sm-open-v1
XP_073803020,XP_056312027,0.0015572905540466309,esm3-sm-open-v1
XP_073795778,XP_056306060,3.921985626220703e-05,esm3-sm-open-v1
XP_073800583,XP_056309443,2.6941299438476562e-05,esm3-sm-open-v1
XP_073797237,XP_056307192,2.664327621459961e-05,esm3-sm-open-v1
XP_073797238,XP_056307192,2.664327621459961e-05,esm3-sm-open-v1
XP_073797236,XP_056307192,4.190206527709961e-05,esm3-sm-open-v1
XP_073800584,XP_056309443,2.682209014892578e-05,esm3-sm-open-v1
XP_073803020,XP_056312028,0.0015471577644348145,esm3-sm-open-v1
NP_001002489,XP_056312772,0.006953835487365723,esm3-sm-open-v1
XP_073803072,XP_056312367,0.0061762332916259766,esm3-sm-open-v1
XP_005174182,XP_056304687,0.011651575565338135,esm3-sm-open-v1
XP_073787226,XP_056336199,0.002991795539855957,esm3-sm-open-v1
XP_021331600,XP_056319499,0.0018572807312011719,esm3-sm-open-v1
XP_073800585,XP_056309443,2.485513687133789e-05,esm3-sm-open-v1
NP_001311383,XP_056319189,0.0033966898918151855,esm3-sm-open-v1
XP_073803083,XP_056311991,3.069639205932617e-05,esm3-sm-open-v1
XP_073803082,XP_056311991,7.712841033935547e-05,esm3-sm-open-v1
NP_001410321,XP_056336037,0.007307767868041992,esm3-sm-open-v1
XP_073803082,XP_056311990,2.485513687133789e-05,esm3-sm-open-v1
XP_073803087,XP_056311995,2.5331974029541016e-05,esm3-sm-open-v1
XP_073803088,XP_056311995,2.485513687133789e-05,esm3-sm-open-v1
XP_009296341,XP_056307312,0.00508195161819458,esm3-sm-open-v1
XP_073793861,XP_056303965,0.006478846073150635,esm3-sm-open-v1
XP_005157765,XP_056329215,0.003627777099609375,esm3-sm-open-v1
NP_001014345,XP_056307951,0.0045318603515625,esm3-sm-open-v1
XP_009292731,XP_056335481,0.011094868183135986,esm3-sm-open-v1
XP_689347,XP_056336532,3.0279159545898438e-05,esm3-sm-open-v1
XP_073798839,XP_056307688,0.0013989806175231934,esm3-sm-open-v1
XP_017206934,XP_056332098,0.0013042688369750977,esm3-sm-open-v1
XP_689347,XP_056336533,3.0875205993652344e-05,esm3-sm-open-v1
XP_689347,XP_056336534,3.063678741455078e-05,esm3-sm-open-v1
XP_073809052,XP_056316716,0.0003052353858947754,esm3-sm-open-v1
NP_001128154,XP_056317109,0.001799166202545166,esm3-sm-open-v1
XP_021331600,XP_056319507,0.0019599199295043945,esm3-sm-open-v1
XP_073802828,XP_056311089,0.0016984939575195312,esm3-sm-open-v1
XP_073802827,XP_056311089,0.0016984939575195312,esm3-sm-open-v1
XP_073787226,XP_056336037,0.007245302200317383,esm3-sm-open-v1
XP_073803082,XP_056311988,2.485513687133789e-05,esm3-sm-open-v1
XP_073803046,XP_056312366,0.0031650662422180176,esm3-sm-open-v1
XP_073803047,XP_056312366,0.0031650662422180176,esm3-sm-open-v1
XP_073793862,XP_056303965,0.006628572940826416,esm3-sm-open-v1
XP_017206874,XP_056332098,0.001331329345703125,esm3-sm-open-v1
XP_073803082,XP_056311989,2.390146255493164e-05,esm3-sm-open-v1
XP_073803083,XP_056311989,6.866455078125e-05,esm3-sm-open-v1
XP_073791235,XP_056302469,0.0008488297462463379,esm3-sm-open-v1
XP_073805400,XP_056319545,0.01184999942779541,esm3-sm-open-v1
XP_021330987,XP_056310982,0.010996222496032715,esm3-sm-open-v1
NP_001315083,XP_056304407,0.004345715045928955,esm3-sm-open-v1
XP_692550,XP_056320752,0.0002592802047729492,esm3-sm-open-v1
XP_073791235,XP_056302463,0.0007849335670471191,esm3-sm-open-v1
XP_073796065,XP_056309857,5.429983139038086e-05,esm3-sm-open-v1
NP_956172,XP_056328252,0.0003578662872314453,esm3-sm-open-v1
XP_073791235,XP_056302462,0.0007802248001098633,esm3-sm-open-v1
NP_956888,XP_056316873,0.004166781902313232,esm3-sm-open-v1
XP_021323772,XP_056325664,0.0032522082328796387,esm3-sm-open-v1
XP_073793319,XP_056304123,0.0028406381607055664,esm3-sm-open-v1
XP_021334455,XP_056320774,0.004347562789916992,esm3-sm-open-v1
XP_073801620,XP_056325931,0.004374206066131592,esm3-sm-open-v1
NP_001352989,XP_056331989,0.0015546679496765137,esm3-sm-open-v1
XP_073803084,XP_056311994,2.6166439056396484e-05,esm3-sm-open-v1
XP_073807124,XP_056313092,0.002109825611114502,esm3-sm-open-v1
NP_001093643,XP_056307377,0.090090811252594,esm3-sm-open-v1
NP_001410239,XP_056307377,0.090090811252594,esm3-sm-open-v1
XP_002666951,XP_056307377,0.090090811252594,esm3-sm-open-v1
NP_001020342,XP_056307377,0.090090811252594,esm3-sm-open-v1
XP_691943,XP_056307377,0.090090811252594,esm3-sm-open-v1
XP_017209710,XP_056307377,0.090090811252594,esm3-sm-open-v1
XP_073807406,XP_056312779,0.0027381181716918945,esm3-sm-open-v1
XP_073793157,XP_056304456,0.0026745200157165527,esm3-sm-open-v1
XP_073796832,XP_056306238,0.004205226898193359,esm3-sm-open-v1
XP_073796833,XP_056306238,0.00418853759765625,esm3-sm-open-v1
NP_001018640,XP_056322262,0.007912814617156982,esm3-sm-open-v1
XP_073800209,XP_056304484,0.007616758346557617,esm3-sm-open-v1
XP_001345427,XP_056303267,0.0010905861854553223,esm3-sm-open-v1
XP_073790041,XP_056337348,0.0010243654251098633,esm3-sm-open-v1
XP_073790038,XP_056337348,0.0009344220161437988,esm3-sm-open-v1
XP_073790034,XP_056337348,0.0006883144378662109,esm3-sm-open-v1
XP_073805858,XP_056313840,1.4007091522216797e-05,esm3-sm-open-v1
NP_898897,XP_056322464,0.0033239126205444336,esm3-sm-open-v1
NP_001243658,XP_056320274,0.005718827247619629,esm3-sm-open-v1
XP_073801060,XP_056308793,0.004263818264007568,esm3-sm-open-v1
NP_001116717,XP_056320500,0.00031507015228271484,esm3-sm-open-v1
XP_005157778,XP_056329350,0.00953364372253418,esm3-sm-open-v1
XP_005157778,XP_056329349,0.00953364372253418,esm3-sm-open-v1
XP_073801059,XP_056308793,0.004153788089752197,esm3-sm-open-v1
NP_001348325,XP_056307102,0.0032775402069091797,esm3-sm-open-v1
NP_571934,XP_056309492,0.01570194959640503,esm3-sm-open-v1
XP_073794673,XP_056304967,3.7729740142822266e-05,esm3-sm-open-v1
XP_073794674,XP_056304967,3.331899642944336e-05,esm3-sm-open-v1
XP_073794670,XP_056304967,1.71661376953125e-05,esm3-sm-open-v1
XP_073790045,XP_056337348,0.0007327795028686523,esm3-sm-open-v1
XP_073790056,XP_056337348,0.0009728074073791504,esm3-sm-open-v1
XP_073790033,XP_056337348,0.0007944703102111816,esm3-sm-open-v1
XP_073790032,XP_056337348,0.0006182193756103516,esm3-sm-open-v1
XP_021325094,XP_056303395,0.0023107528686523438,esm3-sm-open-v1
NP_001314959,XP_056325901,0.0038010478019714355,esm3-sm-open-v1
XP_001344904,XP_056307312,0.005141258239746094,esm3-sm-open-v1
NP_001104686,XP_056307377,0.08419167995452881,esm3-sm-open-v1
XP_073799539,XP_056307377,0.08419167995452881,esm3-sm-open-v1
NP_001373716,XP_056307377,0.08419167995452881,esm3-sm-open-v1
XP_073793863,XP_056303965,0.0061724185943603516,esm3-sm-open-v1
XP_073800915,XP_056324795,0.0014181137084960938,esm3-sm-open-v1
XP_073794672,XP_056304967,2.276897430419922e-05,esm3-sm-open-v1
XP_685629,XP_056322866,7.069110870361328e-05,esm3-sm-open-v1
XP_685629,XP_056322865,7.069110870361328e-05,esm3-sm-open-v1
NP_001003838,XP_056325517,0.006074965000152588,esm3-sm-open-v1
XP_017207692,XP_056335069,0.003167867660522461,esm3-sm-open-v1
XP_073794671,XP_056304967,2.09808349609375e-05,esm3-sm-open-v1
XP_073794675,XP_056304967,2.2411346435546875e-05,esm3-sm-open-v1
NP_001188469,XP_056312043,0.004214644432067871,esm3-sm-open-v1
XP_073791236,XP_056302470,0.0008861422538757324,esm3-sm-open-v1
XP_698274,XP_056330240,0.004552364349365234,esm3-sm-open-v1
XP_073791237,XP_056302467,0.0007994771003723145,esm3-sm-open-v1
XP_073801446,XP_056315227,3.0219554901123047e-05,esm3-sm-open-v1
XP_073801445,XP_056315227,3.0219554901123047e-05,esm3-sm-open-v1
XP_073791236,XP_056302466,0.000811457633972168,esm3-sm-open-v1
XP_073803160,XP_056311882,6.794929504394531e-06,esm3-sm-open-v1
XP_073790044,XP_056337348,0.0008305907249450684,esm3-sm-open-v1
XP_073793335,XP_056312324,0.009469032287597656,esm3-sm-open-v1
XP_021336061,XP_056324914,0.010111987590789795,esm3-sm-open-v1
NP_001025428,XP_056334391,0.010593295097351074,esm3-sm-open-v1
XP_003201784,XP_056303255,0.005208373069763184,esm3-sm-open-v1
XP_073790049,XP_056337348,0.0011350512504577637,esm3-sm-open-v1
XP_073790042,XP_056337348,0.0008989572525024414,esm3-sm-open-v1
XP_073790053,XP_056337348,0.0010617971420288086,esm3-sm-open-v1
XP_073793864,XP_056303965,0.006150007247924805,esm3-sm-open-v1
XP_073809051,XP_056302348,0.03420114517211914,esm3-sm-open-v1
XP_073809051,XP_056302340,0.03420114517211914,esm3-sm-open-v1
XP_073800532,XP_056309420,8.58306884765625e-06,esm3-sm-open-v1
XP_073800544,XP_056309420,2.8371810913085938e-05,esm3-sm-open-v1
XP_073791236,XP_056302465,0.0008048415184020996,esm3-sm-open-v1
XP_073800527,XP_056309420,1.7881393432617188e-05,esm3-sm-open-v1
XP_073800546,XP_056309420,2.9087066650390625e-05,esm3-sm-open-v1
XP_073800534,XP_056309421,2.3365020751953125e-05,esm3-sm-open-v1
XP_073800532,XP_056309421,9.000301361083984e-06,esm3-sm-open-v1
XP_073800544,XP_056309421,2.849102020263672e-05,esm3-sm-open-v1
XP_073807835,XP_056313154,0.04687023162841797,esm3-sm-open-v1
XP_073800546,XP_056309421,2.9146671295166016e-05,esm3-sm-open-v1
XP_073800527,XP_056309421,1.5676021575927734e-05,esm3-sm-open-v1
XP_073800530,XP_056309420,1.2576580047607422e-05,esm3-sm-open-v1
XP_073800530,XP_056309421,1.1861324310302734e-05,esm3-sm-open-v1
XP_073800528,XP_056309420,1.5437602996826172e-05,esm3-sm-open-v1
XP_073800538,XP_056309420,1.0609626770019531e-05,esm3-sm-open-v1
XP_073800528,XP_056309421,1.4007091522216797e-05,esm3-sm-open-v1
XP_073800538,XP_056309421,1.1086463928222656e-05,esm3-sm-open-v1
XP_001341514,XP_056320310,0.00047087669372558594,esm3-sm-open-v1
XP_073800545,XP_056309420,2.7894973754882812e-05,esm3-sm-open-v1
XP_073800535,XP_056309420,2.4080276489257812e-05,esm3-sm-open-v1
XP_073800533,XP_056309420,8.52346420288086e-06,esm3-sm-open-v1
XP_073800539,XP_056309420,1.055002212524414e-05,esm3-sm-open-v1
XP_073800529,XP_056309420,1.3828277587890625e-05,esm3-sm-open-v1
XP_073800533,XP_056309421,1.0251998901367188e-05,esm3-sm-open-v1
XP_073800545,XP_056309421,2.855062484741211e-05,esm3-sm-open-v1
XP_073800539,XP_056309421,1.1861324310302734e-05,esm3-sm-open-v1
XP_073800529,XP_056309421,1.3113021850585938e-05,esm3-sm-open-v1
NP_001373176,XP_056329707,0.005991578102111816,esm3-sm-open-v1
NP_001028283,XP_056335943,0.004788756370544434,esm3-sm-open-v1
XP_073800532,XP_056309419,8.702278137207031e-06,esm3-sm-open-v1
XP_073800544,XP_056309419,2.7418136596679688e-05,esm3-sm-open-v1
XP_017214041,XP_056324913,0.011560559272766113,esm3-sm-open-v1
XP_073800546,XP_056309419,2.8192996978759766e-05,esm3-sm-open-v1
XP_073800527,XP_056309419,1.5497207641601562e-05,esm3-sm-open-v1
XP_073790065,XP_056337348,0.001118481159210205,esm3-sm-open-v1
XP_073800537,XP_056309420,1.239776611328125e-05,esm3-sm-open-v1
XP_017214042,XP_056324913,0.011417627334594727,esm3-sm-open-v1
NP_001036210,XP_056332399,6.920099258422852e-05,esm3-sm-open-v1
XP_073800537,XP_056309421,1.2934207916259766e-05,esm3-sm-open-v1
XP_073800538,XP_056309419,1.0728836059570312e-05,esm3-sm-open-v1
XP_073800528,XP_056309419,1.3828277587890625e-05,esm3-sm-open-v1
XP_073790057,XP_056337348,0.0009300708770751953,esm3-sm-open-v1
XP_073798553,XP_056308035,0.008512794971466064,esm3-sm-open-v1
XP_073800533,XP_056309419,9.894371032714844e-06,esm3-sm-open-v1
XP_073800545,XP_056309419,2.7477741241455078e-05,esm3-sm-open-v1
NP_001269112,XP_056335294,0.010379791259765625,esm3-sm-open-v1
XP_073800539,XP_056309419,1.1086463928222656e-05,esm3-sm-open-v1
XP_073800529,XP_056309419,1.2576580047607422e-05,esm3-sm-open-v1
NP_001352989,XP_056331987,0.001731574535369873,esm3-sm-open-v1
XP_009290275,XP_056330005,0.008289754390716553,esm3-sm-open-v1
XP_073790037,XP_056337348,0.0007965564727783203,esm3-sm-open-v1
XP_073790067,XP_056337348,0.0012309551239013672,esm3-sm-open-v1
XP_073800537,XP_056309419,1.245737075805664e-05,esm3-sm-open-v1
XP_073790061,XP_056337348,0.0008436441421508789,esm3-sm-open-v1
XP_003201373,XP_056306748,0.006883203983306885,esm3-sm-open-v1
XP_073796269,XP_056307145,0.003270387649536133,esm3-sm-open-v1
XP_073803160,XP_056311883,6.67572021484375e-06,esm3-sm-open-v1
XP_073807836,XP_056313154,0.044675350189208984,esm3-sm-open-v1
NP_001129450,XP_056331885,0.000835120677947998,esm3-sm-open-v1
XP_073809568,XP_056315277,0.0029535889625549316,esm3-sm-open-v1
XP_073809569,XP_056315277,0.0029535889625549316,esm3-sm-open-v1
XP_017208962,XP_056304123,0.001402139663696289,esm3-sm-open-v1
NP_001003597,XP_056336027,0.011088848114013672,esm3-sm-open-v1
XP_073810471,XP_056316205,2.6345252990722656e-05,esm3-sm-open-v1
XP_073810472,XP_056316205,2.3066997528076172e-05,esm3-sm-open-v1
XP_073810473,XP_056316205,2.110004425048828e-05,esm3-sm-open-v1
XP_003200133,XP_056329913,0.0015418529510498047,esm3-sm-open-v1
XP_003200133,XP_056329911,0.0015418529510498047,esm3-sm-open-v1
XP_003200133,XP_056329912,0.0015418529510498047,esm3-sm-open-v1
XP_003200133,XP_056329909,0.0015418529510498047,esm3-sm-open-v1
XP_003200133,XP_056329910,0.0015418529510498047,esm3-sm-open-v1
XP_073793733,XP_056304085,0.010544359683990479,esm3-sm-open-v1
XP_691343,XP_056304085,0.010544359683990479,esm3-sm-open-v1
XP_021336550,XP_056327113,0.005339920520782471,esm3-sm-open-v1
XP_073799800,XP_056304841,0.0010418295860290527,esm3-sm-open-v1
XP_073803092,XP_056311997,3.331899642944336e-05,esm3-sm-open-v1
XP_073803091,XP_056311997,3.1948089599609375e-05,esm3-sm-open-v1
XP_073800544,XP_056309426,1.2814998626708984e-05,esm3-sm-open-v1
XP_073800534,XP_056309426,1.823902130126953e-05,esm3-sm-open-v1
XP_073800532,XP_056309424,1.239776611328125e-05,esm3-sm-open-v1
XP_073800536,XP_056309426,2.2292137145996094e-05,esm3-sm-open-v1
XP_073800546,XP_056309426,1.3887882232666016e-05,esm3-sm-open-v1
XP_073796267,XP_056307145,0.003035247325897217,esm3-sm-open-v1
XP_073800545,XP_056309424,2.866983413696289e-05,esm3-sm-open-v1
XP_073800544,XP_056309425,9.179115295410156e-06,esm3-sm-open-v1
XP_073800537,XP_056309427,3.141164779663086e-05,esm3-sm-open-v1
XP_073800533,XP_056309425,3.0159950256347656e-05,esm3-sm-open-v1
XP_073789721,XP_056337050,2.5391578674316406e-05,esm3-sm-open-v1
XP_073810745,XP_056316721,9.483098983764648e-05,esm3-sm-open-v1
XP_073790883,XP_056302086,1.895427703857422e-05,esm3-sm-open-v1
XP_073800326,XP_056309206,0.0012409090995788574,esm3-sm-open-v1
XP_073800329,XP_056309206,0.0011966824531555176,esm3-sm-open-v1
XP_073789724,XP_056337053,5.662441253662109e-06,esm3-sm-open-v1
XP_073805721,XP_056317134,0.0036576390266418457,esm3-sm-open-v1
XP_021322429,XP_056331304,0.01668095588684082,esm3-sm-open-v1
XP_073808289,XP_056312759,0.005238592624664307,esm3-sm-open-v1
XP_073798900,XP_056309897,3.7729740142822266e-05,esm3-sm-open-v1
NP_001035342,XP_056311056,0.001627206802368164,esm3-sm-open-v1
XP_073807829,XP_056313153,0.002307593822479248,esm3-sm-open-v1
NP_001373251,XP_056330160,0.001461029052734375,esm3-sm-open-v1
NP_001070057,XP_056309623,0.0030320286750793457,esm3-sm-open-v1
XP_073791828,XP_056302854,3.153085708618164e-05,esm3-sm-open-v1
XP_073793656,XP_056303299,2.491474151611328e-05,esm3-sm-open-v1
XP_021323890,XP_056335160,0.0033403635025024414,esm3-sm-open-v1
NP_999957,XP_056321317,0.004876315593719482,esm3-sm-open-v1
XP_073799502,XP_056307416,4.7087669372558594e-05,esm3-sm-open-v1
XP_073805402,XP_056319545,0.006456255912780762,esm3-sm-open-v1
XP_003200581,XP_056336192,0.0010814666748046875,esm3-sm-open-v1
XP_073807802,XP_056314860,0.0002570152282714844,esm3-sm-open-v1
NP_571437,XP_056326982,0.003824770450592041,esm3-sm-open-v1
XP_073787799,XP_056335160,0.003300309181213379,esm3-sm-open-v1
XP_073788261,XP_056302513,0.0016828179359436035,esm3-sm-open-v1
XP_073789571,XP_056337188,4.76837158203125e-05,esm3-sm-open-v1
XP_073789565,XP_056337191,5.125999450683594e-05,esm3-sm-open-v1
XP_009305696,XP_056327427,0.0024199485778808594,esm3-sm-open-v1
XP_073803615,XP_056321892,0.0016817450523376465,esm3-sm-open-v1
XP_073793321,XP_056304489,0.0016257166862487793,esm3-sm-open-v1
XP_073807514,XP_056306474,0.0008238554000854492,esm3-sm-open-v1
NP_001313294,XP_056315003,0.0025557875633239746,esm3-sm-open-v1
NP_001315015,XP_056327037,0.0018949508666992188,esm3-sm-open-v1
XP_073791108,XP_056305496,0.00131303071975708,esm3-sm-open-v1
XP_073803558,XP_056336236,0.0022434592247009277,esm3-sm-open-v1
XP_073808240,XP_056307180,0.001662909984588623,esm3-sm-open-v1
XP_073807519,XP_056306479,0.0008111000061035156,esm3-sm-open-v1
NP_001373658,XP_056323540,0.001446545124053955,esm3-sm-open-v1
XP_073794028,XP_056304977,0.004491627216339111,esm3-sm-open-v1
XP_073801994,XP_056312281,4.00543212890625e-05,esm3-sm-open-v1
XP_695417,XP_056333973,1.531839370727539e-05,esm3-sm-open-v1
XP_073810522,XP_056316328,3.933906555175781e-05,esm3-sm-open-v1
XP_073810520,XP_056316327,3.933906555175781e-05,esm3-sm-open-v1
XP_073810521,XP_056316328,3.933906555175781e-05,esm3-sm-open-v1
XP_073810517,XP_056316327,3.933906555175781e-05,esm3-sm-open-v1
XP_073810519,XP_056316327,4.506111145019531e-05,esm3-sm-open-v1
XP_073810516,XP_056316328,4.506111145019531e-05,esm3-sm-open-v1
XP_073804887,XP_056329786,0.0011154413223266602,esm3-sm-open-v1
XP_698802,XP_056335677,0.002737283706665039,esm3-sm-open-v1
XP_005164954,XP_056311575,0.0018320679664611816,esm3-sm-open-v1
XP_073797016,XP_056306184,0.007094860076904297,esm3-sm-open-v1
NP_001093617,XP_056335290,0.004436135292053223,esm3-sm-open-v1
XP_073810807,XP_056316573,3.3020973205566406e-05,esm3-sm-open-v1
XP_073797361,XP_056306442,0.001246333122253418,esm3-sm-open-v1
XP_073796582,XP_056306245,0.00012630224227905273,esm3-sm-open-v1
NP_956249,XP_056312377,0.004341721534729004,esm3-sm-open-v1
NP_001070181,XP_056325478,0.00025027990341186523,esm3-sm-open-v1
XP_073810406,XP_056316024,5.728006362915039e-05,esm3-sm-open-v1
XP_073791601,XP_056334027,0.0058318376541137695,esm3-sm-open-v1
XP_073798360,XP_056308420,0.00033038854598999023,esm3-sm-open-v1
NP_001019395,XP_056315002,0.006390929222106934,esm3-sm-open-v1
XP_021322751,XP_056331113,0.0032759904861450195,esm3-sm-open-v1
XP_073790691,XP_056302392,0.00014144182205200195,esm3-sm-open-v1
XP_073790689,XP_056302392,0.00014144182205200195,esm3-sm-open-v1
XP_073807277,XP_056312974,0.00441586971282959,esm3-sm-open-v1
XP_073790690,XP_056302394,0.0001507401466369629,esm3-sm-open-v1
NP_001035015,XP_056312749,0.0017437338829040527,esm3-sm-open-v1
XP_073810343,XP_056315987,8.320808410644531e-05,esm3-sm-open-v1
XP_073790691,XP_056302395,0.0001398921012878418,esm3-sm-open-v1
XP_073790718,XP_056302397,0.00018090009689331055,esm3-sm-open-v1
XP_009299521,XP_056313396,0.003976941108703613,esm3-sm-open-v1
XP_073810177,XP_056315788,4.458427429199219e-05,esm3-sm-open-v1
XP_073810174,XP_056315815,0.0001195073127746582,esm3-sm-open-v1
XP_073793946,XP_056303355,0.00048357248306274414,esm3-sm-open-v1
XP_073800203,XP_056302540,0.0017916560173034668,esm3-sm-open-v1
NP_001373367,XP_056330740,0.005482316017150879,esm3-sm-open-v1
XP_001340683,XP_056324979,0.0012109875679016113,esm3-sm-open-v1
XP_073797208,XP_056306136,3.1054019927978516e-05,esm3-sm-open-v1
NP_998412,XP_056312331,0.007013797760009766,esm3-sm-open-v1
XP_073787941,XP_056301675,0.0014928579330444336,esm3-sm-open-v1
XP_073803139,XP_056311943,2.3186206817626953e-05,esm3-sm-open-v1
XP_073803139,XP_056311942,2.3186206817626953e-05,esm3-sm-open-v1
NP_956197,XP_056334122,0.0014339089393615723,esm3-sm-open-v1
XP_073793136,XP_056304191,0.0005067586898803711,esm3-sm-open-v1
XP_073810403,XP_056316036,1.806020736694336e-05,esm3-sm-open-v1
XP_005165852,XP_056314959,0.0007134675979614258,esm3-sm-open-v1
XP_068068946,XP_056327581,0.002104640007019043,esm3-sm-open-v1
XP_699547,XP_056316513,0.003725409507751465,esm3-sm-open-v1
XP_073802558,XP_056311918,7.331371307373047e-05,esm3-sm-open-v1
XP_073786300,XP_056334517,0.00640183687210083,esm3-sm-open-v1
XP_073810940,XP_056337726,0.002066493034362793,esm3-sm-open-v1
XP_073801125,XP_056312531,0.00023412704467773438,esm3-sm-open-v1
XP_073799400,XP_056307238,0.00015163421630859375,esm3-sm-open-v1
XP_073799402,XP_056307238,0.00015163421630859375,esm3-sm-open-v1
XP_073790845,XP_056302738,0.0002052783966064453,esm3-sm-open-v1
XP_073789428,XP_056337275,4.416704177856445e-05,esm3-sm-open-v1
XP_005162224,XP_056306039,0.001297295093536377,esm3-sm-open-v1
XP_073798579,XP_056312587,1.4543533325195312e-05,esm3-sm-open-v1
XP_073785677,XP_056333974,0.0012902021408081055,esm3-sm-open-v1
XP_073800724,XP_056309735,0.0006508231163024902,esm3-sm-open-v1
XP_073800723,XP_056309735,0.0006475448608398438,esm3-sm-open-v1
NP_001307020,XP_056317059,0.0048792362213134766,esm3-sm-open-v1
XP_073800498,XP_056309397,0.0007072687149047852,esm3-sm-open-v1
XP_001340167,XP_056321240,0.0011866092681884766,esm3-sm-open-v1
NP_001373668,XP_056315814,0.000873267650604248,esm3-sm-open-v1
XP_073802910,XP_056312230,6.61015510559082e-05,esm3-sm-open-v1
XP_009303928,XP_056322463,0.00563657283782959,esm3-sm-open-v1
NP_001188470,XP_056312045,0.0018355250358581543,esm3-sm-open-v1
XP_073797508,XP_056306382,0.004850029945373535,esm3-sm-open-v1
NP_001037796,XP_056334029,0.000804901123046875,esm3-sm-open-v1
XP_073793857,XP_056303208,4.1604042053222656e-05,esm3-sm-open-v1
XP_073810352,XP_056315986,0.00010329484939575195,esm3-sm-open-v1
XP_021325529,XP_056305061,0.002524435520172119,esm3-sm-open-v1
XP_073791239,XP_056302463,2.300739288330078e-05,esm3-sm-open-v1
XP_021333799,XP_056318536,0.0010510087013244629,esm3-sm-open-v1
XP_073797011,XP_056306975,0.00013875961303710938,esm3-sm-open-v1
XP_073800499,XP_056309397,0.0006834864616394043,esm3-sm-open-v1
XP_073807654,XP_056313132,0.0016670823097229004,esm3-sm-open-v1
XP_005170030,XP_056308600,0.0013303756713867188,esm3-sm-open-v1
XP_073807832,XP_056313153,0.0010004043579101562,esm3-sm-open-v1
XP_073800937,XP_056309998,4.857778549194336e-05,esm3-sm-open-v1
NP_001018660,XP_056327709,0.0007512569427490234,esm3-sm-open-v1
XP_073800945,XP_056309999,4.273653030395508e-05,esm3-sm-open-v1
XP_073800950,XP_056309999,4.273653030395508e-05,esm3-sm-open-v1
XP_005168169,XP_056318525,0.002233743667602539,esm3-sm-open-v1
NP_001170934,XP_056325987,0.0027393102645874023,esm3-sm-open-v1
NP_001034921,XP_056329998,0.0009415149688720703,esm3-sm-open-v1
XP_073792531,XP_056304225,0.00032275915145874023,esm3-sm-open-v1
XP_073792533,XP_056304225,0.00032275915145874023,esm3-sm-open-v1
NP_001070044,XP_056305077,0.0002949237823486328,esm3-sm-open-v1
NP_958493,XP_056303546,0.0004024505615234375,esm3-sm-open-v1
XP_073805306,XP_056320679,0.0026624202728271484,esm3-sm-open-v1
XP_073810855,XP_056315162,0.0007980465888977051,esm3-sm-open-v1
XP_005172702,XP_056322533,0.0011215806007385254,esm3-sm-open-v1
XP_073808242,XP_056337726,0.0015357136726379395,esm3-sm-open-v1
NP_001077014,XP_056312592,0.0013284087181091309,esm3-sm-open-v1
NP_001116318,XP_056313938,0.001462697982788086,esm3-sm-open-v1
XP_005172702,XP_056322534,0.0011157989501953125,esm3-sm-open-v1
XP_073807738,XP_056328853,0.0020096302032470703,esm3-sm-open-v1
XP_073807738,XP_056328466,0.0020096302032470703,esm3-sm-open-v1
XP_073810774,XP_056336521,0.0010880827903747559,esm3-sm-open-v1
NP_991215,XP_056312317,0.00401538610458374,esm3-sm-open-v1
NP_001107957,XP_056304289,0.001016378402709961,esm3-sm-open-v1
XP_021336076,XP_056325313,0.0013107061386108398,esm3-sm-open-v1
NP_001314733,XP_056326686,0.0003485679626464844,esm3-sm-open-v1
XP_073801514,XP_056329786,0.0006723403930664062,esm3-sm-open-v1
XP_073789981,XP_056329786,0.0006723403930664062,esm3-sm-open-v1
XP_021333468,XP_056318780,0.00048470497131347656,esm3-sm-open-v1
XP_073807360,XP_056312960,0.0014534592628479004,esm3-sm-open-v1
XP_073807361,XP_056312960,0.0014534592628479004,esm3-sm-open-v1
XP_073808232,XP_056329786,0.0007775425910949707,esm3-sm-open-v1
XP_073802930,XP_056312375,0.0007873773574829102,esm3-sm-open-v1
NP_957040,XP_056334317,0.0013256669044494629,esm3-sm-open-v1
XP_009303641,XP_056322533,0.001028597354888916,esm3-sm-open-v1
XP_009290813,XP_056331007,0.0014943480491638184,esm3-sm-open-v1
NP_001182175,XP_056305098,0.0023654699325561523,esm3-sm-open-v1
XP_073792526,XP_056304225,0.00045692920684814453,esm3-sm-open-v1
XP_073801286,XP_056310245,0.0005896091461181641,esm3-sm-open-v1
XP_021328778,XP_056332963,0.0010524392127990723,esm3-sm-open-v1
XP_697139,XP_056327437,0.0018289685249328613,esm3-sm-open-v1
XP_073785494,XP_056336222,0.001414477825164795,esm3-sm-open-v1
XP_073791245,XP_056302470,1.4424324035644531e-05,esm3-sm-open-v1
NP_001373212,XP_056301524,0.0011973977088928223,esm3-sm-open-v1
NP_001017591,XP_056311516,0.0018100738525390625,esm3-sm-open-v1
NP_001410627,XP_056328632,0.0013469457626342773,esm3-sm-open-v1
NP_998126,XP_056313020,0.002389073371887207,esm3-sm-open-v1
NP_001018518,XP_056322916,0.001574695110321045,esm3-sm-open-v1
XP_073788447,XP_056337500,0.00032263994216918945,esm3-sm-open-v1
XP_073802594,XP_056311685,5.257129669189453e-05,esm3-sm-open-v1
XP_073802591,XP_056311685,6.818771362304688e-05,esm3-sm-open-v1
NP_001017731,XP_056308240,0.0014850497245788574,esm3-sm-open-v1
XP_073800976,XP_056310003,5.644559860229492e-05,esm3-sm-open-v1
XP_073808232,XP_056319372,0.0012965202331542969,esm3-sm-open-v1
XP_073801490,XP_056310573,0.0013666749000549316,esm3-sm-open-v1
XP_073793589,XP_056332166,0.0008339285850524902,esm3-sm-open-v1
XP_073808222,XP_056332166,0.0008339285850524902,esm3-sm-open-v1
XP_073791533,XP_056329778,0.000643312931060791,esm3-sm-open-v1
XP_073796967,XP_056329778,0.000643312931060791,esm3-sm-open-v1
XP_073810778,XP_056329778,0.000643312931060791,esm3-sm-open-v1
XP_073791532,XP_056329778,0.000643312931060791,esm3-sm-open-v1
XP_073807797,XP_056316855,0.0013576149940490723,esm3-sm-open-v1
XP_073810933,XP_056311484,0.0013576149940490723,esm3-sm-open-v1
XP_073800379,XP_056322201,0.0013576149940490723,esm3-sm-open-v1
XP_073800280,XP_056302209,0.0013576149940490723,esm3-sm-open-v1
XP_073808231,XP_056328853,0.0013576149940490723,esm3-sm-open-v1
XP_073800281,XP_056325655,0.0013576149940490723,esm3-sm-open-v1
XP_073810932,XP_056333343,0.0013576149940490723,esm3-sm-open-v1
XP_073807798,XP_056325547,0.0013576149940490723,esm3-sm-open-v1
XP_073793593,XP_056313241,0.0013576149940490723,esm3-sm-open-v1
XP_073793593,XP_056328466,0.0013576149940490723,esm3-sm-open-v1
XP_073793592,XP_056322201,0.0013576149940490723,esm3-sm-open-v1
XP_073793593,XP_056311466,0.0013576149940490723,esm3-sm-open-v1
XP_073810781,XP_056313241,0.0013576149940490723,esm3-sm-open-v1
XP_073793592,XP_056313241,0.0013576149940490723,esm3-sm-open-v1
XP_073807799,XP_056313241,0.0013576149940490723,esm3-sm-open-v1
XP_073810781,XP_056311484,0.0013576149940490723,esm3-sm-open-v1
XP_073810931,XP_056318306,0.0013576149940490723,esm3-sm-open-v1
XP_073810932,XP_056316855,0.0013576149940490723,esm3-sm-open-v1
XP_073800379,XP_056313242,0.0013576149940490723,esm3-sm-open-v1
XP_073800281,XP_056311466,0.0013576149940490723,esm3-sm-open-v1
XP_073810931,XP_056306804,0.0013576149940490723,esm3-sm-open-v1
XP_073800379,XP_056306804,0.0013576149940490723,esm3-sm-open-v1
XP_073810931,XP_056313242,0.0013576149940490723,esm3-sm-open-v1
XP_017208769,XP_056303289,0.001033484935760498,esm3-sm-open-v1
XP_073810936,XP_056318230,0.0007913708686828613,esm3-sm-open-v1
XP_073804891,XP_056318230,0.0007913708686828613,esm3-sm-open-v1
XP_073791936,XP_056303050,4.476308822631836e-05,esm3-sm-open-v1
XP_073793934,XP_056303356,0.00035965442657470703,esm3-sm-open-v1
XP_073793556,XP_056329778,0.0006434321403503418,esm3-sm-open-v1
XP_073793557,XP_056329778,0.0006434321403503418,esm3-sm-open-v1
XP_073794101,XP_056305843,0.00011092424392700195,esm3-sm-open-v1
NP_001124266,XP_056337580,0.0009427070617675781,esm3-sm-open-v1
XP_073793345,XP_056304495,0.0011753439903259277,esm3-sm-open-v1
NP_001004013,XP_056328543,0.002609729766845703,esm3-sm-open-v1
NP_571189,XP_056306788,0.0022131800651550293,esm3-sm-open-v1
XP_021325127,XP_056303292,0.0006850957870483398,esm3-sm-open-v1
XP_073800376,XP_056319124,0.0006864070892333984,esm3-sm-open-v1
XP_073810926,XP_056319124,0.0006864070892333984,esm3-sm-open-v1
XP_073804886,XP_056319125,0.0006864070892333984,esm3-sm-open-v1
XP_073796967,XP_056319125,0.0006864070892333984,esm3-sm-open-v1
XP_073806902,XP_056312777,0.0022373199462890625,esm3-sm-open-v1
XP_005171457,XP_056325366,0.0004335641860961914,esm3-sm-open-v1
NP_001018608,XP_056333637,0.001782834529876709,esm3-sm-open-v1
NP_001159589,XP_056324544,0.0021734237670898438,esm3-sm-open-v1
NP_001074056,XP_056314969,0.00019377470016479492,esm3-sm-open-v1
NP_001070752,XP_056337338,0.002621471881866455,esm3-sm-open-v1
NP_739570,XP_056320281,0.0038913488388061523,esm3-sm-open-v1
NP_001096119,XP_056332106,0.00024396181106567383,esm3-sm-open-v1
XP_073791873,XP_056301905,0.009618699550628662,esm3-sm-open-v1
XP_002661886,XP_056310981,0.0009464621543884277,esm3-sm-open-v1
NP_001017775,XP_056331050,0.003686189651489258,esm3-sm-open-v1
NP_878288,XP_056328384,0.0018730759620666504,esm3-sm-open-v1
NP_998424,XP_056306199,0.0002830624580383301,esm3-sm-open-v1
XP_684581,XP_056323856,0.0006954669952392578,esm3-sm-open-v1
XP_073790481,XP_056301942,2.5928020477294922e-05,esm3-sm-open-v1
XP_073808971,XP_056313138,0.0008903145790100098,esm3-sm-open-v1
XP_073790492,XP_056301946,4.2378902435302734e-05,esm3-sm-open-v1
NP_571817,XP_056302527,0.00021845102310180664,esm3-sm-open-v1
XP_073809669,XP_056315357,0.0005565285682678223,esm3-sm-open-v1
XP_002664303,XP_056328806,0.0006240010261535645,esm3-sm-open-v1
XP_073791439,XP_056302886,0.002485215663909912,esm3-sm-open-v1
XP_009299425,XP_056313238,0.0004591941833496094,esm3-sm-open-v1
XP_073808725,XP_056316678,0.00035881996154785156,esm3-sm-open-v1
XP_073792771,XP_056304547,0.00011783838272094727,esm3-sm-open-v1
XP_003201130,XP_056303259,0.00035136938095092773,esm3-sm-open-v1
NP_861431,XP_056325388,0.0013759732246398926,esm3-sm-open-v1
NP_001017783,XP_056310579,0.0006845593452453613,esm3-sm-open-v1
XP_073807411,XP_056308771,0.005398213863372803,esm3-sm-open-v1
NP_001296971,XP_056337470,0.001946568489074707,esm3-sm-open-v1
NP_001295578,XP_056317584,0.00031125545501708984,esm3-sm-open-v1
NP_001003729,XP_056333200,0.0040711164474487305,esm3-sm-open-v1
XP_003199543,XP_056323771,0.0005020499229431152,esm3-sm-open-v1
XP_073789900,XP_056336860,0.00043910741806030273,esm3-sm-open-v1
XP_001332231,XP_056315343,0.0005540251731872559,esm3-sm-open-v1
XP_001923170,XP_056326350,0.00033396482467651367,esm3-sm-open-v1
XP_009298792,XP_056325231,0.0007035732269287109,esm3-sm-open-v1
XP_073810923,XP_056336644,0.0008082389831542969,esm3-sm-open-v1
XP_073800375,XP_056336644,0.0008082389831542969,esm3-sm-open-v1
XP_073800374,XP_056336644,0.0008082389831542969,esm3-sm-open-v1
XP_073800375,XP_056336643,0.0008082389831542969,esm3-sm-open-v1
XP_073806366,XP_056313057,0.0037270188331604004,esm3-sm-open-v1
NP_001124070,XP_056336738,0.0031118392944335938,esm3-sm-open-v1
NP_001410451,XP_056327827,0.00033587217330932617,esm3-sm-open-v1
XP_017213978,XP_056325565,0.0004901885986328125,esm3-sm-open-v1
NP_001353719,XP_056324289,0.00045490264892578125,esm3-sm-open-v1
XP_073790133,XP_056336906,0.0001227259635925293,esm3-sm-open-v1
XP_073798268,XP_056307555,0.003409862518310547,esm3-sm-open-v1
NP_001166107,XP_056326298,0.0007128715515136719,esm3-sm-open-v1
NP_001289971,XP_056308415,0.0002980828285217285,esm3-sm-open-v1
XP_009302848,XP_056320893,0.017383277416229248,esm3-sm-open-v1
NP_001106972,XP_056313072,0.00011396408081054688,esm3-sm-open-v1
XP_073791919,XP_056302503,3.5643577575683594e-05,esm3-sm-open-v1
XP_073791918,XP_056302501,3.5643577575683594e-05,esm3-sm-open-v1
XP_073791917,XP_056302502,3.5643577575683594e-05,esm3-sm-open-v1
XP_073793957,XP_056303361,0.0004246830940246582,esm3-sm-open-v1
XP_073803519,XP_056311382,0.00034499168395996094,esm3-sm-open-v1
XP_021322842,XP_056333637,0.0017398595809936523,esm3-sm-open-v1
XP_073803277,XP_056311009,0.00028461217880249023,esm3-sm-open-v1
XP_698724,XP_056335689,0.00029021501541137695,esm3-sm-open-v1
XP_021335365,XP_056323909,0.0005591511726379395,esm3-sm-open-v1
XP_001332088,XP_056321430,0.0003148317337036133,esm3-sm-open-v1
XP_073804383,XP_056310834,0.00042515993118286133,esm3-sm-open-v1
XP_021323920,XP_056335524,0.00023245811462402344,esm3-sm-open-v1
XP_073799710,XP_056309544,0.00023597478866577148,esm3-sm-open-v1
NP_001116416,XP_056314732,0.0010163187980651855,esm3-sm-open-v1
XP_005160930,XP_056301476,0.0003185272216796875,esm3-sm-open-v1
NP_001373283,XP_056301959,0.0011071562767028809,esm3-sm-open-v1
NP_001153304,XP_056321086,0.0006558895111083984,esm3-sm-open-v1
NP_001373519,XP_056328625,0.0009788274765014648,esm3-sm-open-v1
XP_005161421,XP_056302108,0.0028482675552368164,esm3-sm-open-v1
XP_073800344,XP_056309206,0.00010329484939575195,esm3-sm-open-v1
NP_571339,XP_056303610,0.002841055393218994,esm3-sm-open-v1
XP_021335848,XP_056326084,0.0005199313163757324,esm3-sm-open-v1
XP_073804987,XP_056311227,0.0015106201171875,esm3-sm-open-v1
XP_073792897,XP_056330376,0.0006235837936401367,esm3-sm-open-v1
XP_073792529,XP_056304224,0.00024127960205078125,esm3-sm-open-v1
XP_073798237,XP_056307542,6.42538070678711e-05,esm3-sm-open-v1
XP_073795225,XP_056305840,0.0007436871528625488,esm3-sm-open-v1
XP_005161090,XP_056302958,0.000961005687713623,esm3-sm-open-v1
XP_690395,XP_056336694,4.291534423828125e-06,esm3-sm-open-v1
XP_073797945,XP_056307223,0.000225067138671875,esm3-sm-open-v1
XP_073788072,XP_056336190,0.0014646053314208984,esm3-sm-open-v1
NP_001070218,XP_056332159,0.0005446076393127441,esm3-sm-open-v1
NP_001014373,XP_056313616,0.00033992528915405273,esm3-sm-open-v1
NP_001019618,XP_056329798,0.0005879998207092285,esm3-sm-open-v1
XP_017207394,XP_056334133,0.004761040210723877,esm3-sm-open-v1
NP_001013299,XP_056323143,0.0003502368927001953,esm3-sm-open-v1
XP_695071,XP_056332365,0.00019109249114990234,esm3-sm-open-v1
XP_009302934,XP_056320817,0.0009616613388061523,esm3-sm-open-v1
XP_073804655,XP_056325318,0.0002034902572631836,esm3-sm-open-v1
NP_001353685,XP_056314655,0.0003663301467895508,esm3-sm-open-v1
NP_001070718,XP_056329681,0.0005578398704528809,esm3-sm-open-v1
NP_001005577,XP_056318590,0.002262711524963379,esm3-sm-open-v1
XP_073800017,XP_056305861,0.0007129311561584473,esm3-sm-open-v1
XP_021328358,XP_056305820,0.0006756186485290527,esm3-sm-open-v1
XP_073807639,XP_056313135,0.002900242805480957,esm3-sm-open-v1
XP_073795102,XP_056304657,3.36766242980957e-05,esm3-sm-open-v1
XP_073804119,XP_056310856,0.0003553032875061035,esm3-sm-open-v1
XP_009302401,XP_056319239,0.0008053779602050781,esm3-sm-open-v1
XP_073794796,XP_056308778,0.004904031753540039,esm3-sm-open-v1
XP_009294897,XP_056305410,0.0002766847610473633,esm3-sm-open-v1
XP_073789812,XP_056336613,0.0003440976142883301,esm3-sm-open-v1
XP_073789807,XP_056336613,0.0003440976142883301,esm3-sm-open-v1
NP_938161,XP_056308536,0.0006374120712280273,esm3-sm-open-v1
XP_005174015,XP_056303273,0.00044101476669311523,esm3-sm-open-v1
XP_003197979,XP_056335703,0.00024688243865966797,esm3-sm-open-v1
XP_005166176,XP_056316333,5.8770179748535156e-05,esm3-sm-open-v1
XP_073794443,XP_056310361,0.002118349075317383,esm3-sm-open-v1
XP_001337969,XP_056333860,0.0011157989501953125,esm3-sm-open-v1
XP_073792711,XP_056303372,3.7789344787597656e-05,esm3-sm-open-v1
XP_001341328,XP_056325773,0.0006473660469055176,esm3-sm-open-v1
XP_017210951,XP_056310461,0.0004055500030517578,esm3-sm-open-v1
XP_001334616,XP_056306058,0.0003947019577026367,esm3-sm-open-v1
NP_001257524,XP_056317323,0.0006254911422729492,esm3-sm-open-v1
XP_005160412,XP_056301277,0.0013310909271240234,esm3-sm-open-v1
XP_073804431,XP_056310441,0.00010985136032104492,esm3-sm-open-v1
XP_005156356,XP_056325189,0.0013127326965332031,esm3-sm-open-v1
XP_073789977,XP_056336822,0.00035887956619262695,esm3-sm-open-v1
NP_001070801,XP_056325565,0.00044673681259155273,esm3-sm-open-v1
NP_001002753,XP_056309721,0.0021451711654663086,esm3-sm-open-v1
XP_002663081,XP_056332453,0.001156926155090332,esm3-sm-open-v1
XP_073791227,XP_056303002,0.0011392831802368164,esm3-sm-open-v1
XP_073800702,XP_056309671,0.0004696846008300781,esm3-sm-open-v1
NP_957029,XP_056337727,0.0007375478744506836,esm3-sm-open-v1
XP_003200380,XP_056333328,0.0005543828010559082,esm3-sm-open-v1
XP_021323091,XP_056332362,0.00025707483291625977,esm3-sm-open-v1
XP_005155999,XP_056324060,0.004587113857269287,esm3-sm-open-v1
NP_001129725,XP_056311479,0.0005472898483276367,esm3-sm-open-v1
XP_003198902,XP_056316830,0.002434253692626953,esm3-sm-open-v1
XP_017206694,XP_056330082,0.0013919472694396973,esm3-sm-open-v1
XP_073795601,XP_056305036,0.0003848075866699219,esm3-sm-open-v1
XP_003200754,XP_056337651,0.0019161105155944824,esm3-sm-open-v1
XP_005166296,XP_056315000,0.00047129392623901367,esm3-sm-open-v1
NP_001188466,XP_056311462,0.0010575652122497559,esm3-sm-open-v1
NP_001188466,XP_056311463,0.0010575652122497559,esm3-sm-open-v1
XP_021326004,XP_056306113,0.0002435445785522461,esm3-sm-open-v1
XP_073796460,XP_056306225,0.000510871410369873,esm3-sm-open-v1
XP_073796458,XP_056306225,0.000510871410369873,esm3-sm-open-v1
XP_021329042,XP_056301501,0.0005865097045898438,esm3-sm-open-v1
XP_001346279,XP_056304292,0.00023281574249267578,esm3-sm-open-v1
NP_001311424,XP_056337634,1.3470649719238281e-05,esm3-sm-open-v1
NP_001098585,XP_056325386,0.001138150691986084,esm3-sm-open-v1
XP_021324551,XP_056302964,0.0002981424331665039,esm3-sm-open-v1
XP_688797,XP_056302371,0.00012475252151489258,esm3-sm-open-v1
XP_073795576,XP_056304953,0.00022464990615844727,esm3-sm-open-v1
NP_001025291,XP_056301331,0.00021469593048095703,esm3-sm-open-v1
NP_001038631,XP_056315475,0.0005001425743103027,esm3-sm-open-v1
XP_073803571,XP_056312301,0.00046634674072265625,esm3-sm-open-v1
NP_001186941,XP_056329042,0.00330430269241333,esm3-sm-open-v1
XP_690155,XP_056323885,0.0003609657287597656,esm3-sm-open-v1
XP_017207906,XP_056335925,0.0005023479461669922,esm3-sm-open-v1
XP_073787851,XP_056335925,0.0005023479461669922,esm3-sm-open-v1
NP_001036815,XP_056326425,0.00011199712753295898,esm3-sm-open-v1
NP_001314977,XP_056328910,0.00040525197982788086,esm3-sm-open-v1
XP_005162677,XP_056306604,0.0003579258918762207,esm3-sm-open-v1
XP_001344844,XP_056324880,0.0001093149185180664,esm3-sm-open-v1
XP_073799129,XP_056308180,2.86102294921875e-05,esm3-sm-open-v1
NP_991185,XP_056326362,0.0002771615982055664,esm3-sm-open-v1
XP_073809809,XP_056314952,0.0004425048828125,esm3-sm-open-v1
XP_021330084,XP_056334389,0.0006597638130187988,esm3-sm-open-v1
XP_017211916,XP_056316021,0.00037741661071777344,esm3-sm-open-v1
NP_001346857,XP_056311477,0.00034683942794799805,esm3-sm-open-v1
XP_073787326,XP_056336008,0.0002777576446533203,esm3-sm-open-v1
XP_073787331,XP_056336008,0.0002777576446533203,esm3-sm-open-v1
XP_073798009,XP_056307954,0.0021068453788757324,esm3-sm-open-v1
XP_073795575,XP_056304953,0.00030046701431274414,esm3-sm-open-v1
XP_684629,XP_056315473,0.00021332502365112305,esm3-sm-open-v1
NP_001124063,XP_056302958,0.00037157535552978516,esm3-sm-open-v1
NP_001164537,XP_056314804,0.00021374225616455078,esm3-sm-open-v1
XP_073789739,XP_056337280,9.59634780883789e-06,esm3-sm-open-v1
XP_073789747,XP_056337280,9.59634780883789e-06,esm3-sm-open-v1
XP_005155966,XP_056323885,0.0003420710563659668,esm3-sm-open-v1
NP_001038722,XP_056337096,0.0009108781814575195,esm3-sm-open-v1
XP_073810282,XP_056315190,0.0007632970809936523,esm3-sm-open-v1
NP_001003838,XP_056325518,0.00041222572326660156,esm3-sm-open-v1
NP_001373473,XP_056305858,0.000386655330657959,esm3-sm-open-v1
XP_073809805,XP_056314953,0.00042253732681274414,esm3-sm-open-v1
XP_001923752,XP_056328740,0.0005537867546081543,esm3-sm-open-v1
XP_021333237,XP_056318724,0.001731574535369873,esm3-sm-open-v1
XP_005159833,XP_056336107,0.0004944205284118652,esm3-sm-open-v1
NP_001038238,XP_056337267,0.0024524331092834473,esm3-sm-open-v1
NP_001292542,XP_056306807,0.0005464553833007812,esm3-sm-open-v1
XP_073809810,XP_056314955,0.0004220008850097656,esm3-sm-open-v1
NP_001003526,XP_056309985,0.00016510486602783203,esm3-sm-open-v1
XP_005160524,XP_056337202,0.0008615255355834961,esm3-sm-open-v1
NP_001107088,XP_056330390,8.022785186767578e-05,esm3-sm-open-v1
NP_001003572,XP_056325054,0.00018107891082763672,esm3-sm-open-v1
NP_999983,XP_056334545,0.00026595592498779297,esm3-sm-open-v1
XP_001335854,XP_056310183,0.0014235377311706543,esm3-sm-open-v1
NP_001108355,XP_056312042,0.00031197071075439453,esm3-sm-open-v1
XP_009290149,XP_056330068,0.00034815073013305664,esm3-sm-open-v1
XP_073790448,XP_056302164,2.6345252990722656e-05,esm3-sm-open-v1
XP_021334632,XP_056321337,0.0021523237228393555,esm3-sm-open-v1
XP_073791697,XP_056301689,0.00024193525314331055,esm3-sm-open-v1
NP_001093523,XP_056313129,0.0003574490547180176,esm3-sm-open-v1
NP_001124145,XP_056310694,0.00021600723266601562,esm3-sm-open-v1
XP_009297676,XP_056309414,0.0001983046531677246,esm3-sm-open-v1
NP_001074137,XP_056324182,0.00027763843536376953,esm3-sm-open-v1
XP_001342303,XP_056322443,0.00043588876724243164,esm3-sm-open-v1
NP_001138281,XP_056328268,0.0018935203552246094,esm3-sm-open-v1
XP_001340218,XP_056307068,0.00041413307189941406,esm3-sm-open-v1
NP_001076331,XP_056313390,0.00013720989227294922,esm3-sm-open-v1
XP_073785676,XP_056336631,0.0002499222755432129,esm3-sm-open-v1
NP_001017843,XP_056319218,0.0005998611450195312,esm3-sm-open-v1
NP_001373261,XP_056324685,0.0006700754165649414,esm3-sm-open-v1
NP_001002108,XP_056331268,0.00036150217056274414,esm3-sm-open-v1
NP_001025415,XP_056324323,0.00028383731842041016,esm3-sm-open-v1
XP_073790449,XP_056302165,3.1888484954833984e-05,esm3-sm-open-v1
NP_001154873,XP_056324495,0.00021725893020629883,esm3-sm-open-v1
XP_005165901,XP_056315629,0.0006844997406005859,esm3-sm-open-v1
NP_001007436,XP_056306795,0.00031822919845581055,esm3-sm-open-v1
XP_073787208,XP_056335448,0.001325070858001709,esm3-sm-open-v1
NP_001104662,XP_056325314,0.0005469322204589844,esm3-sm-open-v1
NP_001073144,XP_056337109,0.0001652836799621582,esm3-sm-open-v1
XP_073809974,XP_056315469,0.0007264614105224609,esm3-sm-open-v1
XP_021327030,XP_056308841,0.0003528594970703125,esm3-sm-open-v1
XP_073785667,XP_056336631,0.00032460689544677734,esm3-sm-open-v1
XP_073787400,XP_056335356,0.00011497735977172852,esm3-sm-open-v1
XP_009290393,XP_056331224,0.0001946091651916504,esm3-sm-open-v1
XP_021332139,XP_056312881,0.0001709461212158203,esm3-sm-open-v1
XP_073803131,XP_056311083,0.00015860795974731445,esm3-sm-open-v1
XP_003197745,XP_056312726,0.00028711557388305664,esm3-sm-open-v1
XP_021334186,XP_056320539,0.0006769895553588867,esm3-sm-open-v1
XP_073799133,XP_056308185,2.9802322387695312e-05,esm3-sm-open-v1
XP_001921439,XP_056326629,4.380941390991211e-05,esm3-sm-open-v1
XP_021334748,XP_056321753,0.00028264522552490234,esm3-sm-open-v1
XP_073786480,XP_056336302,0.00017523765563964844,esm3-sm-open-v1
XP_073801703,XP_056312042,0.00034546852111816406,esm3-sm-open-v1
XP_073801523,XP_056312017,0.00022339820861816406,esm3-sm-open-v1
XP_009293954,XP_056303183,0.0011916160583496094,esm3-sm-open-v1
NP_001348442,XP_056318274,0.00025975704193115234,esm3-sm-open-v1
NP_956683,XP_056323167,0.000491023063659668,esm3-sm-open-v1
XP_021324189,XP_056337431,0.0002383589744567871,esm3-sm-open-v1
NP_001159810,XP_056327208,0.00012981891632080078,esm3-sm-open-v1
XP_005172727,XP_056322672,0.0002670884132385254,esm3-sm-open-v1
XP_073798913,XP_056307400,7.987022399902344e-06,esm3-sm-open-v1
XP_073798914,XP_056307399,7.987022399902344e-06,esm3-sm-open-v1
NP_001096044,XP_056324448,0.00021135807037353516,esm3-sm-open-v1
NP_001038799,XP_056316974,0.0007308721542358398,esm3-sm-open-v1
NP_001139258,XP_056319869,0.0003364086151123047,esm3-sm-open-v1
NP_001073448,XP_056321274,0.000352323055267334,esm3-sm-open-v1
XP_021322168,XP_056330029,0.0006593465805053711,esm3-sm-open-v1
XP_005156015,XP_056324806,0.0012641549110412598,esm3-sm-open-v1
NP_001306061,XP_056330585,0.00020825862884521484,esm3-sm-open-v1
XP_073790323,XP_056302574,0.00044602155685424805,esm3-sm-open-v1
NP_001314862,XP_056333615,0.0019960403442382812,esm3-sm-open-v1
XP_002666883,XP_056307847,0.00018006563186645508,esm3-sm-open-v1
XP_005163456,XP_056332501,0.0002738833427429199,esm3-sm-open-v1
XP_005173133,XP_056328329,0.00022798776626586914,esm3-sm-open-v1
XP_073796428,XP_056307094,7.218122482299805e-05,esm3-sm-open-v1
NP_001258768,XP_056314589,0.00043123960494995117,esm3-sm-open-v1
XP_073798007,XP_056307954,0.000286102294921875,esm3-sm-open-v1
XP_073808704,XP_056316152,0.0001811981201171875,esm3-sm-open-v1
NP_001243177,XP_056325477,0.0001869797706604004,esm3-sm-open-v1
XP_698063,XP_056311426,0.00011485815048217773,esm3-sm-open-v1
NP_001191237,XP_056313196,0.00014799833297729492,esm3-sm-open-v1
NP_001003769,XP_056337386,0.0001741647720336914,esm3-sm-open-v1
XP_073787401,XP_056335356,0.00010865926742553711,esm3-sm-open-v1
NP_957297,XP_056333370,0.00026935338973999023,esm3-sm-open-v1
NP_001076408,XP_056321053,0.00023895502090454102,esm3-sm-open-v1
NP_001277347,XP_056324614,0.0004941225051879883,esm3-sm-open-v1
NP_775362,XP_056309194,0.000931084156036377,esm3-sm-open-v1
NP_001074456,XP_056320562,0.00023865699768066406,esm3-sm-open-v1
NP_001035475,XP_056302892,0.0002543926239013672,esm3-sm-open-v1
NP_001003738,XP_056308281,0.00032573938369750977,esm3-sm-open-v1
XP_005171071,XP_056324023,0.00012683868408203125,esm3-sm-open-v1
NP_001071198,XP_056319493,8.594989776611328e-05,esm3-sm-open-v1
NP_001313518,XP_056314570,0.00028973817825317383,esm3-sm-open-v1
XP_073807189,XP_056314570,0.00028973817825317383,esm3-sm-open-v1
NP_001373462,XP_056306525,0.0005476474761962891,esm3-sm-open-v1
XP_073796947,XP_056310350,0.000344693660736084,esm3-sm-open-v1
NP_001073284,XP_056324900,0.00018447637557983398,esm3-sm-open-v1
XP_073805739,XP_056314794,0.0008494853973388672,esm3-sm-open-v1
NP_001076554,XP_056336608,0.00040900707244873047,esm3-sm-open-v1
XP_073805458,XP_056307509,0.00020545721054077148,esm3-sm-open-v1
NP_001082800,XP_056308309,0.0002999305725097656,esm3-sm-open-v1
NP_001313303,XP_056329514,0.00021648406982421875,esm3-sm-open-v1
XP_073800388,XP_056309289,0.00018399953842163086,esm3-sm-open-v1
XP_073800390,XP_056309290,0.00018399953842163086,esm3-sm-open-v1
XP_005163543,XP_056333378,0.00029391050338745117,esm3-sm-open-v1
NP_001245157,XP_056332368,0.000640571117401123,esm3-sm-open-v1
NP_001006033,XP_056309041,9.065866470336914e-05,esm3-sm-open-v1
XP_021324253,XP_056337348,0.0008881688117980957,esm3-sm-open-v1
NP_998474,XP_056319789,0.0002664923667907715,esm3-sm-open-v1
NP_001239390,XP_056331938,0.0002983212471008301,esm3-sm-open-v1
XP_073786328,XP_056334434,0.0005261898040771484,esm3-sm-open-v1
XP_073800591,XP_056306919,0.00040650367736816406,esm3-sm-open-v1
XP_009304583,XP_056324303,0.00019502639770507812,esm3-sm-open-v1
XP_001339876,XP_056335941,0.0001620650291442871,esm3-sm-open-v1
XP_005157021,XP_056326232,0.0001894831657409668,esm3-sm-open-v1
NP_001014359,XP_056333708,0.0003521442413330078,esm3-sm-open-v1
XP_002660769,XP_056328995,0.00011599063873291016,esm3-sm-open-v1
NP_001314830,XP_056333710,0.00022417306900024414,esm3-sm-open-v1
XP_073786718,XP_056337467,0.00010210275650024414,esm3-sm-open-v1
XP_003199150,XP_056320454,0.00029522180557250977,esm3-sm-open-v1
NP_001108161,XP_056312994,0.00011432170867919922,esm3-sm-open-v1
NP_001003545,XP_056325492,0.0002714991569519043,esm3-sm-open-v1
XP_073802092,XP_056312102,9.441375732421875e-05,esm3-sm-open-v1
XP_073799471,XP_056310021,9.72747802734375e-05,esm3-sm-open-v1
XP_073792392,XP_056303548,0.0008741021156311035,esm3-sm-open-v1
XP_005165821,XP_056315560,0.0003134608268737793,esm3-sm-open-v1
NP_001155221,XP_056308380,0.00010073184967041016,esm3-sm-open-v1
XP_073794695,XP_056304737,0.0001404881477355957,esm3-sm-open-v1
NP_001091718,XP_056302344,0.00012749433517456055,esm3-sm-open-v1
NP_001189413,XP_056332657,0.0008925199508666992,esm3-sm-open-v1
XP_005167077,XP_056319563,0.00017720460891723633,esm3-sm-open-v1
XP_073792908,XP_056303329,0.00028711557388305664,esm3-sm-open-v1
NP_001070845,XP_056320740,0.00017333030700683594,esm3-sm-open-v1
XP_001920282,XP_056306028,0.00016570091247558594,esm3-sm-open-v1
XP_002667428,XP_056324199,0.0033136606216430664,esm3-sm-open-v1
NP_001008653,XP_056322984,0.0001577138900756836,esm3-sm-open-v1
XP_073787365,XP_056335140,0.0002875328063964844,esm3-sm-open-v1
XP_073806843,XP_056314466,0.0008273720741271973,esm3-sm-open-v1
NP_956910,XP_056330541,0.00011551380157470703,esm3-sm-open-v1
XP_073807508,XP_056313011,0.0003616809844970703,esm3-sm-open-v1
XP_073793719,XP_056303599,0.00047212839126586914,esm3-sm-open-v1
NP_956467,XP_056311667,0.00021898746490478516,esm3-sm-open-v1
XP_073794273,XP_056305238,7.104873657226562e-05,esm3-sm-open-v1
XP_073797191,XP_056307205,0.00010728836059570312,esm3-sm-open-v1
XP_073808192,XP_056312752,0.001641392707824707,esm3-sm-open-v1
NP_001082841,XP_056308244,0.00017952919006347656,esm3-sm-open-v1
NP_938169,XP_056318702,0.00023156404495239258,esm3-sm-open-v1
NP_001166240,XP_056324440,6.860494613647461e-05,esm3-sm-open-v1
XP_005166123,XP_056316272,0.000372469425201416,esm3-sm-open-v1
XP_005169066,XP_056318836,0.000568389892578125,esm3-sm-open-v1
XP_005163903,XP_056309200,0.00015670061111450195,esm3-sm-open-v1
XP_005161262,XP_056303159,0.00020712614059448242,esm3-sm-open-v1
XP_073792374,XP_056303503,0.0008512735366821289,esm3-sm-open-v1
XP_005158206,XP_056330868,0.00010275840759277344,esm3-sm-open-v1
NP_001122221,XP_056316382,0.003117799758911133,esm3-sm-open-v1
XP_009289358,XP_056328784,0.0001589655876159668,esm3-sm-open-v1
XP_002665864,XP_056337625,0.0005919337272644043,esm3-sm-open-v1
NP_001076508,XP_056336733,0.00026798248291015625,esm3-sm-open-v1
NP_001121712,XP_056320459,0.00012439489364624023,esm3-sm-open-v1
XP_002667440,XP_056304957,0.0011223554611206055,esm3-sm-open-v1
XP_073809576,XP_056315263,0.00036787986755371094,esm3-sm-open-v1
XP_073799692,XP_056309457,0.00032317638397216797,esm3-sm-open-v1
XP_005173451,XP_056330002,0.00017070770263671875,esm3-sm-open-v1
XP_002661302,XP_056310316,0.00017124414443969727,esm3-sm-open-v1
XP_001922019,XP_056308027,0.00011521577835083008,esm3-sm-open-v1
NP_001129949,XP_056319250,0.0008875131607055664,esm3-sm-open-v1
XP_073804343,XP_056310429,0.000325620174407959,esm3-sm-open-v1
NP_001012372,XP_056334220,0.0001189112663269043,esm3-sm-open-v1
NP_001418075,XP_056337746,0.00032520294189453125,esm3-sm-open-v1
NP_998267,XP_056318802,8.225440979003906e-05,esm3-sm-open-v1
NP_001025433,XP_056329776,0.0002766251564025879,esm3-sm-open-v1
NP_001006091,XP_056333616,0.00033861398696899414,esm3-sm-open-v1
NP_001410660,XP_056303027,0.0007078051567077637,esm3-sm-open-v1
NP_571231,XP_056304791,0.00014150142669677734,esm3-sm-open-v1
NP_001077337,XP_056320892,0.0005437731742858887,esm3-sm-open-v1
NP_001315274,XP_056313013,0.00024241209030151367,esm3-sm-open-v1
XP_009303552,XP_056322276,0.00014799833297729492,esm3-sm-open-v1
XP_005163555,XP_056333772,0.000414431095123291,esm3-sm-open-v1
XP_073805573,XP_056303348,0.00026100873947143555,esm3-sm-open-v1
NP_001076419,XP_056334355,0.00016361474990844727,esm3-sm-open-v1
XP_073791556,XP_056302477,0.0001900196075439453,esm3-sm-open-v1
XP_073808944,XP_056316124,0.0002593398094177246,esm3-sm-open-v1
NP_001007290,XP_056327087,0.00015485286712646484,esm3-sm-open-v1
XP_073797702,XP_056306691,0.0001538991928100586,esm3-sm-open-v1
NP_001025308,XP_056334874,0.00014090538024902344,esm3-sm-open-v1
XP_021336400,XP_056326604,0.0011116266250610352,esm3-sm-open-v1
NP_001188278,XP_056323378,0.00034308433532714844,esm3-sm-open-v1
XP_005166511,XP_056317964,0.00013083219528198242,esm3-sm-open-v1
XP_005166511,XP_056317965,0.00013083219528198242,esm3-sm-open-v1
XP_073794112,XP_056305461,0.00012028217315673828,esm3-sm-open-v1
XP_009302026,XP_056320057,7.31348991394043e-05,esm3-sm-open-v1
NP_001243652,XP_056321522,0.0013003945350646973,esm3-sm-open-v1
NP_001129443,XP_056307193,9.447336196899414e-05,esm3-sm-open-v1
XP_005155457,XP_056312530,0.00019550323486328125,esm3-sm-open-v1
XP_073797700,XP_056306690,0.00016069412231445312,esm3-sm-open-v1
XP_017208134,XP_056336618,6.735324859619141e-06,esm3-sm-open-v1
NP_001410928,XP_056328709,0.00018769502639770508,esm3-sm-open-v1
XP_073809598,XP_056315310,0.00021022558212280273,esm3-sm-open-v1
XP_009305674,XP_056326499,0.00110548734664917,esm3-sm-open-v1
XP_073788329,XP_056326044,0.001238405704498291,esm3-sm-open-v1
NP_001103947,XP_056333541,4.8220157623291016e-05,esm3-sm-open-v1
XP_073788148,XP_056337428,0.0003641843795776367,esm3-sm-open-v1
XP_073788146,XP_056337428,0.0003641843795776367,esm3-sm-open-v1
XP_005172140,XP_056315372,4.6133995056152344e-05,esm3-sm-open-v1
XP_073789384,XP_056337600,0.0003554821014404297,esm3-sm-open-v1
XP_005163268,XP_056308001,9.316205978393555e-05,esm3-sm-open-v1
XP_073794328,XP_056305940,0.00014132261276245117,esm3-sm-open-v1
XP_073799389,XP_056308317,0.00010776519775390625,esm3-sm-open-v1
XP_073809674,XP_056315374,4.470348358154297e-05,esm3-sm-open-v1
XP_009296400,XP_056308318,0.00010836124420166016,esm3-sm-open-v1
NP_001094417,XP_056313075,0.0002219676971435547,esm3-sm-open-v1
XP_005160228,XP_056312215,0.00010961294174194336,esm3-sm-open-v1
NP_001334810,XP_056327261,0.0003947615623474121,esm3-sm-open-v1
NP_001132934,XP_056335792,0.0002040266990661621,esm3-sm-open-v1
XP_021323377,XP_056334145,0.0001315474510192871,esm3-sm-open-v1
NP_963874,XP_056311236,5.251169204711914e-05,esm3-sm-open-v1
XP_009296338,XP_056307317,0.0003426671028137207,esm3-sm-open-v1
XP_009293482,XP_056302396,0.00016123056411743164,esm3-sm-open-v1
XP_005164438,XP_056310135,0.0001971125602722168,esm3-sm-open-v1
NP_957431,XP_056330677,0.00012201070785522461,esm3-sm-open-v1
XP_017213593,XP_056323320,0.0006920695304870605,esm3-sm-open-v1
XP_005155912,XP_056323633,0.00017058849334716797,esm3-sm-open-v1
NP_001373647,XP_056312863,0.00040984153747558594,esm3-sm-open-v1
XP_073798240,XP_056307325,0.00014823675155639648,esm3-sm-open-v1
XP_021335468,XP_056324314,3.0934810638427734e-05,esm3-sm-open-v1
XP_073786743,XP_056301248,0.0007091164588928223,esm3-sm-open-v1
NP_956923,XP_056331353,8.064508438110352e-05,esm3-sm-open-v1
NP_001074161,XP_056318353,3.975629806518555e-05,esm3-sm-open-v1
NP_956219,XP_056334832,0.00016838312149047852,esm3-sm-open-v1
XP_073795722,XP_056304794,0.0005153417587280273,esm3-sm-open-v1
XP_073786839,XP_056336484,0.0001990199089050293,esm3-sm-open-v1
XP_073796214,XP_056306326,5.733966827392578e-05,esm3-sm-open-v1
XP_003199702,XP_056324938,0.0001747608184814453,esm3-sm-open-v1
XP_001338050,XP_056305898,0.00013267993927001953,esm3-sm-open-v1
NP_001300637,XP_056320215,0.0002447366714477539,esm3-sm-open-v1
XP_073804867,XP_056313625,6.896257400512695e-05,esm3-sm-open-v1
NP_001289407,XP_056303158,0.0006868243217468262,esm3-sm-open-v1
NP_001373225,XP_056329373,0.00014156103134155273,esm3-sm-open-v1
NP_001315525,XP_056312101,0.0003819465637207031,esm3-sm-open-v1
XP_073792768,XP_056304029,0.00034749507904052734,esm3-sm-open-v1
NP_001038706,XP_056334260,0.00022238492965698242,esm3-sm-open-v1
XP_073807992,XP_056313266,7.69495964050293e-05,esm3-sm-open-v1
XP_073785462,XP_056336487,0.00015777349472045898,esm3-sm-open-v1
XP_021332043,XP_056312785,0.00019544363021850586,esm3-sm-open-v1
NP_001006060,XP_056329486,0.00012630224227905273,esm3-sm-open-v1
NP_001093466,XP_056313827,0.000325620174407959,esm3-sm-open-v1
XP_005157135,XP_056313902,0.00013762712478637695,esm3-sm-open-v1
NP_001373590,XP_056308222,0.00024956464767456055,esm3-sm-open-v1
XP_005158182,XP_056308495,0.00013494491577148438,esm3-sm-open-v1
XP_073801950,XP_056311221,0.00031191110610961914,esm3-sm-open-v1
XP_073810189,XP_056315791,0.00024563074111938477,esm3-sm-open-v1
XP_073801617,XP_056312276,0.0001266002655029297,esm3-sm-open-v1
NP_997940,XP_056334702,0.00014096498489379883,esm3-sm-open-v1
NP_835232,XP_056315789,6.771087646484375e-05,esm3-sm-open-v1
XP_005167308,XP_056319147,0.00011140108108520508,esm3-sm-open-v1
XP_005169360,XP_056324136,0.0001448988914489746,esm3-sm-open-v1
XP_073787877,XP_056336488,0.00016129016876220703,esm3-sm-open-v1
XP_005168400,XP_056316893,0.0006997585296630859,esm3-sm-open-v1
XP_002662532,XP_056316117,0.00017333030700683594,esm3-sm-open-v1
XP_073799686,XP_056309568,0.00018858909606933594,esm3-sm-open-v1
NP_956801,XP_056321352,0.0001761913299560547,esm3-sm-open-v1
NP_001003753,XP_056314391,0.0006592273712158203,esm3-sm-open-v1
NP_955956,XP_056312683,0.0010499954223632812,esm3-sm-open-v1
NP_001038834,XP_056329695,0.0003274679183959961,esm3-sm-open-v1
XP_009302544,XP_056319082,0.0002072453498840332,esm3-sm-open-v1
XP_073810181,XP_056315799,0.00017648935317993164,esm3-sm-open-v1
XP_073788151,XP_056337428,0.0003523826599121094,esm3-sm-open-v1
XP_009291413,XP_056333364,0.00027567148208618164,esm3-sm-open-v1
NP_001373182,XP_056329177,0.00010001659393310547,esm3-sm-open-v1
XP_009295472,XP_056306326,4.649162292480469e-05,esm3-sm-open-v1
XP_689494,XP_056310018,0.0003680586814880371,esm3-sm-open-v1
XP_073805283,XP_056313179,1.7702579498291016e-05,esm3-sm-open-v1
NP_001038732,XP_056315098,0.0001965165138244629,esm3-sm-open-v1
NP_001315077,XP_056321495,0.003849625587463379,esm3-sm-open-v1
NP_001074100,XP_056301359,0.0005269646644592285,esm3-sm-open-v1
XP_009293386,XP_056302871,9.250640869140625e-05,esm3-sm-open-v1
XP_073798688,XP_056308228,0.00017118453979492188,esm3-sm-open-v1
XP_073789117,XP_056336924,0.000250399112701416,esm3-sm-open-v1
NP_001155959,XP_056336924,0.000250399112701416,esm3-sm-open-v1
NP_001002343,XP_056335464,0.00016671419143676758,esm3-sm-open-v1
XP_017213911,XP_056325430,0.0002624988555908203,esm3-sm-open-v1
XP_073800483,XP_056309394,9.137392044067383e-05,esm3-sm-open-v1
NP_001313647,XP_056318929,0.0002225637435913086,esm3-sm-open-v1
XP_001344126,XP_056328376,0.00013327598571777344,esm3-sm-open-v1
XP_073788171,XP_056337428,0.00035774707794189453,esm3-sm-open-v1
XP_073788170,XP_056337428,0.00035774707794189453,esm3-sm-open-v1
NP_001002122,XP_056315994,0.0019675493240356445,esm3-sm-open-v1
XP_696773,XP_056336548,0.00010824203491210938,esm3-sm-open-v1
XP_073800369,XP_056309239,0.0001913309097290039,esm3-sm-open-v1
XP_697468,XP_056323589,6.031990051269531e-05,esm3-sm-open-v1
XP_005163269,XP_056308253,0.0002104043960571289,esm3-sm-open-v1
XP_009301640,XP_056317883,9.143352508544922e-05,esm3-sm-open-v1
NP_001107062,XP_056320886,0.00015020370483398438,esm3-sm-open-v1
XP_005165179,XP_056313637,0.00016325712203979492,esm3-sm-open-v1
XP_073805462,XP_056306530,0.00021988153457641602,esm3-sm-open-v1
NP_001252536,XP_056307291,0.0001531839370727539,esm3-sm-open-v1
NP_001017763,XP_056308297,0.00015681982040405273,esm3-sm-open-v1
NP_001025446,XP_056337612,8.475780487060547e-05,esm3-sm-open-v1
XP_073808186,XP_056313563,0.0005415081977844238,esm3-sm-open-v1
NP_001070739,XP_056314093,9.429454803466797e-05,esm3-sm-open-v1
NP_001035011,XP_056328561,0.0003656148910522461,esm3-sm-open-v1
NP_001036213,XP_056303695,0.00010889768600463867,esm3-sm-open-v1
XP_021328841,XP_056309113,0.001973092555999756,esm3-sm-open-v1
NP_998083,XP_056319357,0.00011533498764038086,esm3-sm-open-v1
NP_001017776,XP_056302667,0.0007953643798828125,esm3-sm-open-v1
XP_073799678,XP_056309292,0.0007491707801818848,esm3-sm-open-v1
XP_005173217,XP_056328348,9.08970832824707e-05,esm3-sm-open-v1
XP_005160202,XP_056312428,0.0002841353416442871,esm3-sm-open-v1
XP_073785397,XP_056334011,0.0009698867797851562,esm3-sm-open-v1
NP_001373205,XP_056328704,0.00034683942794799805,esm3-sm-open-v1
NP_001017786,XP_056310186,0.00014507770538330078,esm3-sm-open-v1
XP_021326136,XP_056307403,9.572505950927734e-05,esm3-sm-open-v1
XP_073808513,XP_056315644,0.0007414817810058594,esm3-sm-open-v1
XP_005172154,XP_056316419,0.00043022632598876953,esm3-sm-open-v1
NP_001096668,XP_056335095,9.804964065551758e-05,esm3-sm-open-v1
NP_001313648,XP_056318936,0.0006015300750732422,esm3-sm-open-v1
XP_683309,XP_056309383,0.0002899169921875,esm3-sm-open-v1
NP_001103871,XP_056315859,0.0003075599670410156,esm3-sm-open-v1
NP_001373248,XP_056322274,0.00038164854049682617,esm3-sm-open-v1
XP_693491,XP_056301249,9.739398956298828e-05,esm3-sm-open-v1
XP_009302520,XP_056319228,0.00021374225616455078,esm3-sm-open-v1
XP_073794349,XP_056305507,0.00012224912643432617,esm3-sm-open-v1
NP_001318129,XP_056305119,0.00021195411682128906,esm3-sm-open-v1
XP_021332887,XP_056316174,0.00017404556274414062,esm3-sm-open-v1
XP_009290791,XP_056330845,0.00016176700592041016,esm3-sm-open-v1
NP_001005988,XP_056316273,0.0003197789192199707,esm3-sm-open-v1
NP_001005988,XP_056316274,0.0003197789192199707,esm3-sm-open-v1
XP_005170607,XP_056304082,0.00012296438217163086,esm3-sm-open-v1
XP_009291852,XP_056334951,0.00023561716079711914,esm3-sm-open-v1
XP_021326091,XP_056309213,0.00025153160095214844,esm3-sm-open-v1
XP_073796503,XP_056306722,8.028745651245117e-05,esm3-sm-open-v1
XP_073796504,XP_056306721,8.028745651245117e-05,esm3-sm-open-v1
NP_957075,XP_056318995,0.0002560615539550781,esm3-sm-open-v1
NP_001091730,XP_056313902,0.00013762712478637695,esm3-sm-open-v1
NP_571139,XP_056304916,0.00013774633407592773,esm3-sm-open-v1
XP_005161976,XP_056304917,0.00013774633407592773,esm3-sm-open-v1
XP_009289277,XP_056328560,0.0003560185432434082,esm3-sm-open-v1
NP_956369,XP_056309126,7.748603820800781e-05,esm3-sm-open-v1
NP_001315622,XP_056318837,7.987022399902344e-05,esm3-sm-open-v1
NP_957145,XP_056315297,0.00014609098434448242,esm3-sm-open-v1
NP_001018462,XP_056302703,8.481740951538086e-05,esm3-sm-open-v1
XP_021334793,XP_056323581,0.0005768537521362305,esm3-sm-open-v1
XP_017209063,XP_056306012,0.00024056434631347656,esm3-sm-open-v1
XP_017212638,XP_056318426,7.230043411254883e-05,esm3-sm-open-v1
NP_001313511,XP_056315059,0.00031298398971557617,esm3-sm-open-v1
NP_001002218,XP_056309139,0.00012159347534179688,esm3-sm-open-v1
NP_001006006,XP_056326028,0.0002580881118774414,esm3-sm-open-v1
XP_005157914,XP_056331053,0.00019288063049316406,esm3-sm-open-v1
NP_001009918,XP_056306401,0.00032579898834228516,esm3-sm-open-v1
XP_073808166,XP_056313484,3.4689903259277344e-05,esm3-sm-open-v1
XP_073786341,XP_056333998,8.958578109741211e-05,esm3-sm-open-v1
NP_957082,XP_056312819,7.617473602294922e-05,esm3-sm-open-v1
XP_005159014,XP_056332670,0.00025844573974609375,esm3-sm-open-v1
XP_021322044,XP_056330463,0.0011944770812988281,esm3-sm-open-v1
XP_005155462,XP_056322293,0.00025194883346557617,esm3-sm-open-v1
NP_001002430,XP_056329927,0.00018870830535888672,esm3-sm-open-v1
XP_073785574,XP_056334845,2.8133392333984375e-05,esm3-sm-open-v1
XP_001333235,XP_056336210,0.00015103816986083984,esm3-sm-open-v1
XP_009296422,XP_056323017,7.230043411254883e-05,esm3-sm-open-v1
NP_957061,XP_056329597,0.00012475252151489258,esm3-sm-open-v1
XP_073797019,XP_056306835,0.00014036893844604492,esm3-sm-open-v1
NP_001265531,XP_056337693,0.0005985498428344727,esm3-sm-open-v1
NP_001013287,XP_056316758,9.781122207641602e-05,esm3-sm-open-v1
XP_021327596,XP_056317483,2.104043960571289e-05,esm3-sm-open-v1
XP_005162247,XP_056304857,0.0004757046699523926,esm3-sm-open-v1
XP_073791602,XP_056324992,0.0001876354217529297,esm3-sm-open-v1
XP_073806043,XP_056313638,0.00016224384307861328,esm3-sm-open-v1
XP_073806043,XP_056313640,0.00016224384307861328,esm3-sm-open-v1
NP_001038357,XP_056335909,0.00016701221466064453,esm3-sm-open-v1
XP_005173239,XP_056328263,0.0015923380851745605,esm3-sm-open-v1
XP_017208065,XP_056328120,0.00011068582534790039,esm3-sm-open-v1
XP_009298154,XP_056310362,7.325410842895508e-05,esm3-sm-open-v1
XP_009302825,XP_056320940,1.2695789337158203e-05,esm3-sm-open-v1
XP_073786287,XP_056334802,0.00014901161193847656,esm3-sm-open-v1
XP_021327347,XP_056314158,6.777048110961914e-05,esm3-sm-open-v1
XP_073791216,XP_056302414,0.0001240372657775879,esm3-sm-open-v1
XP_073788354,XP_056301575,0.0004648566246032715,esm3-sm-open-v1
XP_073785221,XP_056333872,0.0001175999641418457,esm3-sm-open-v1
NP_001007315,XP_056332185,9.530782699584961e-05,esm3-sm-open-v1
XP_073798610,XP_056308288,7.104873657226562e-05,esm3-sm-open-v1
XP_073809510,XP_056315610,7.110834121704102e-05,esm3-sm-open-v1
XP_009294522,XP_056304205,8.744001388549805e-05,esm3-sm-open-v1
XP_003200424,XP_056332814,0.00041610002517700195,esm3-sm-open-v1
XP_005168471,XP_056329368,0.0001888275146484375,esm3-sm-open-v1
NP_998304,XP_056312697,0.0003057122230529785,esm3-sm-open-v1
NP_001014323,XP_056308250,6.80088996887207e-05,esm3-sm-open-v1
XP_073808927,XP_056313249,8.428096771240234e-05,esm3-sm-open-v1
XP_005160189,XP_056312467,6.628036499023438e-05,esm3-sm-open-v1
NP_001373560,XP_056306673,0.0001628398895263672,esm3-sm-open-v1
NP_998248,XP_056314587,7.69495964050293e-05,esm3-sm-open-v1
NP_001315523,XP_056323750,0.00013375282287597656,esm3-sm-open-v1
XP_073785661,XP_056334559,9.506940841674805e-05,esm3-sm-open-v1
XP_073809358,XP_056316337,0.00013619661331176758,esm3-sm-open-v1
XP_073809367,XP_056316337,0.00013619661331176758,esm3-sm-open-v1
XP_005166119,XP_056316337,0.00013619661331176758,esm3-sm-open-v1
XP_073809391,XP_056316338,0.00013619661331176758,esm3-sm-open-v1
XP_073809379,XP_056316338,0.00013619661331176758,esm3-sm-open-v1
XP_073809355,XP_056316337,0.00013619661331176758,esm3-sm-open-v1
XP_073786524,XP_056336246,0.00015109777450561523,esm3-sm-open-v1
XP_073786524,XP_056336245,0.00015109777450561523,esm3-sm-open-v1
XP_073786524,XP_056336244,0.00015109777450561523,esm3-sm-open-v1
XP_009305755,XP_056327080,4.553794860839844e-05,esm3-sm-open-v1
NP_001005592,XP_056319280,0.00016558170318603516,esm3-sm-open-v1
NP_001070800,XP_056318840,0.00012606382369995117,esm3-sm-open-v1
XP_009295491,XP_056306345,9.483098983764648e-05,esm3-sm-open-v1
XP_021328883,XP_056332918,0.000934302806854248,esm3-sm-open-v1
XP_001332484,XP_056307781,0.00015038251876831055,esm3-sm-open-v1
XP_073786428,XP_056334019,0.0001876354217529297,esm3-sm-open-v1
XP_005173827,XP_056335938,5.322694778442383e-05,esm3-sm-open-v1
XP_073809525,XP_056315131,0.00012165307998657227,esm3-sm-open-v1
XP_073809525,XP_056315132,0.00012165307998657227,esm3-sm-open-v1
NP_997784,XP_056334795,8.344650268554688e-05,esm3-sm-open-v1
NP_001070809,XP_056324086,0.0001633763313293457,esm3-sm-open-v1
XP_005164005,XP_056309502,5.340576171875e-05,esm3-sm-open-v1
XP_005164005,XP_056309503,5.340576171875e-05,esm3-sm-open-v1
NP_001155959,XP_056336925,7.903575897216797e-05,esm3-sm-open-v1
XP_009293301,XP_056336925,7.903575897216797e-05,esm3-sm-open-v1
XP_005165978,XP_056315935,0.0009551644325256348,esm3-sm-open-v1
NP_001108048,XP_056303849,0.0003764033317565918,esm3-sm-open-v1
NP_001104657,XP_056327080,4.649162292480469e-05,esm3-sm-open-v1
XP_073793080,XP_056303314,6.508827209472656e-05,esm3-sm-open-v1
XP_021323777,XP_056335206,3.343820571899414e-05,esm3-sm-open-v1
NP_001410864,XP_056324733,0.00015676021575927734,esm3-sm-open-v1
NP_998461,XP_056310263,0.0001221299171447754,esm3-sm-open-v1
XP_005164822,XP_056311047,0.00013446807861328125,esm3-sm-open-v1
XP_001337612,XP_056329432,0.00017189979553222656,esm3-sm-open-v1
XP_009303464,XP_056322126,0.0004145503044128418,esm3-sm-open-v1
NP_999902,XP_056324655,4.857778549194336e-05,esm3-sm-open-v1
NP_001018504,XP_056307271,0.00015234947204589844,esm3-sm-open-v1
NP_956596,XP_056337303,0.00010228157043457031,esm3-sm-open-v1
NP_997905,XP_056335617,0.00021010637283325195,esm3-sm-open-v1
NP_001002684,XP_056303111,6.192922592163086e-05,esm3-sm-open-v1
XP_073807894,XP_056313187,0.00012952089309692383,esm3-sm-open-v1
NP_001013318,XP_056318703,0.00045996904373168945,esm3-sm-open-v1
NP_001243709,XP_056332469,9.59634780883789e-05,esm3-sm-open-v1
XP_021333890,XP_056319394,8.207559585571289e-05,esm3-sm-open-v1
NP_001373169,XP_056303060,0.0001671314239501953,esm3-sm-open-v1
XP_073790877,XP_056302939,0.00024139881134033203,esm3-sm-open-v1
XP_073806134,XP_056314262,0.0007935166358947754,esm3-sm-open-v1
NP_001275592,XP_056302153,0.00022178888320922852,esm3-sm-open-v1
XP_021335796,XP_056324966,0.0002487301826477051,esm3-sm-open-v1
NP_957434,XP_056323778,0.001065075397491455,esm3-sm-open-v1
XP_005165223,XP_056313725,0.0010403990745544434,esm3-sm-open-v1
NP_001002592,XP_056322963,0.0010773539543151855,esm3-sm-open-v1
XP_021330990,XP_056311385,0.00015401840209960938,esm3-sm-open-v1
NP_001035185,XP_056335084,0.00012373924255371094,esm3-sm-open-v1
NP_001304693,XP_056301305,0.0005347728729248047,esm3-sm-open-v1
XP_009304516,XP_056323673,0.00010854005813598633,esm3-sm-open-v1
XP_685049,XP_056304696,0.00014007091522216797,esm3-sm-open-v1
NP_956095,XP_056307993,0.00012439489364624023,esm3-sm-open-v1
NP_001348443,XP_056318317,0.00011116266250610352,esm3-sm-open-v1
NP_998445,XP_056314754,0.00010561943054199219,esm3-sm-open-v1
XP_005167328,XP_056319159,0.00016933679580688477,esm3-sm-open-v1
XP_073796694,XP_056306150,7.87973403930664e-05,esm3-sm-open-v1
NP_991274,XP_056303705,0.0003033280372619629,esm3-sm-open-v1
XP_005170948,XP_056315463,0.0002067089080810547,esm3-sm-open-v1
XP_003200756,XP_056301471,0.00024378299713134766,esm3-sm-open-v1
XP_017208279,XP_056301910,0.00023043155670166016,esm3-sm-open-v1
NP_001122292,XP_056327283,7.2479248046875e-05,esm3-sm-open-v1
NP_001108040,XP_056324018,0.00015723705291748047,esm3-sm-open-v1
NP_956669,XP_056315807,0.00011688470840454102,esm3-sm-open-v1
XP_689465,XP_056303309,5.5789947509765625e-05,esm3-sm-open-v1
NP_571108,XP_056312823,0.0004393458366394043,esm3-sm-open-v1
XP_073787288,XP_056336498,0.00012052059173583984,esm3-sm-open-v1
XP_005158581,XP_056332950,0.00048345327377319336,esm3-sm-open-v1
XP_009292113,XP_056308632,0.00013011693954467773,esm3-sm-open-v1
XP_009295234,XP_056304828,6.812810897827148e-05,esm3-sm-open-v1
XP_073787871,XP_056301943,9.018182754516602e-05,esm3-sm-open-v1
NP_001103597,XP_056305785,0.0001404881477355957,esm3-sm-open-v1
XP_073809201,XP_056315563,0.0003147125244140625,esm3-sm-open-v1
XP_073790728,XP_056302703,6.872415542602539e-05,esm3-sm-open-v1
XP_073808082,XP_056312816,0.00012356042861938477,esm3-sm-open-v1
XP_021328768,XP_056332350,0.0001544952392578125,esm3-sm-open-v1
XP_073790762,XP_056302983,8.320808410644531e-05,esm3-sm-open-v1
XP_073790761,XP_056302982,8.320808410644531e-05,esm3-sm-open-v1
NP_001333080,XP_056311537,0.0001277923583984375,esm3-sm-open-v1
NP_001025142,XP_056332290,0.00012111663818359375,esm3-sm-open-v1
NP_001074083,XP_056316572,4.172325134277344e-05,esm3-sm-open-v1
NP_956085,XP_056306904,0.00017970800399780273,esm3-sm-open-v1
XP_073800481,XP_056309389,7.444620132446289e-05,esm3-sm-open-v1
XP_017214016,XP_056325246,0.00010484457015991211,esm3-sm-open-v1
XP_021322905,XP_056332746,0.00012880563735961914,esm3-sm-open-v1
NP_001012312,XP_056302319,2.6941299438476562e-05,esm3-sm-open-v1
XP_073785016,XP_056334504,9.649991989135742e-05,esm3-sm-open-v1
NP_991148,XP_056313822,0.00017470121383666992,esm3-sm-open-v1
XP_009301762,XP_056318926,0.00021183490753173828,esm3-sm-open-v1
XP_073796695,XP_056306150,7.736682891845703e-05,esm3-sm-open-v1
XP_021332547,XP_056312892,8.511543273925781e-05,esm3-sm-open-v1
NP_001116722,XP_056316007,0.0001698136329650879,esm3-sm-open-v1
NP_956732,XP_056336837,5.310773849487305e-05,esm3-sm-open-v1
XP_692939,XP_056325147,0.00026798248291015625,esm3-sm-open-v1
XP_009304046,XP_056323833,5.817413330078125e-05,esm3-sm-open-v1
XP_002660750,XP_056328721,8.362531661987305e-05,esm3-sm-open-v1
XP_073805396,XP_056308926,0.0001857280731201172,esm3-sm-open-v1
XP_009305510,XP_056326827,0.00010269880294799805,esm3-sm-open-v1
XP_017209214,XP_056305669,0.00019294023513793945,esm3-sm-open-v1
XP_021329266,XP_056305228,8.630752563476562e-05,esm3-sm-open-v1
XP_005166542,XP_056318000,5.841255187988281e-05,esm3-sm-open-v1
XP_005172311,XP_056318786,0.00012803077697753906,esm3-sm-open-v1
XP_005162523,XP_056319131,0.0001423954963684082,esm3-sm-open-v1
XP_005156580,XP_056327118,0.0001385211944580078,esm3-sm-open-v1
NP_001038288,XP_056336368,0.0003281235694885254,esm3-sm-open-v1
XP_699919,XP_056319548,5.46574592590332e-05,esm3-sm-open-v1
XP_073796273,XP_056315218,9.560585021972656e-05,esm3-sm-open-v1
XP_009300272,XP_056314768,9.071826934814453e-05,esm3-sm-open-v1
NP_957500,XP_056326541,0.00018036365509033203,esm3-sm-open-v1
XP_073794535,XP_056306012,0.0002422332763671875,esm3-sm-open-v1
NP_001004580,XP_056336010,0.0003180503845214844,esm3-sm-open-v1
XP_021326390,XP_056309655,6.687641143798828e-05,esm3-sm-open-v1
NP_001073486,XP_056317384,7.69495964050293e-05,esm3-sm-open-v1
NP_001070769,XP_056305085,8.529424667358398e-05,esm3-sm-open-v1
XP_017207509,XP_056334003,0.000658571720123291,esm3-sm-open-v1
XP_073787024,XP_056335898,0.0002715587615966797,esm3-sm-open-v1
NP_001038822,XP_056326802,9.703636169433594e-05,esm3-sm-open-v1
XP_073806755,XP_056313565,5.525350570678711e-05,esm3-sm-open-v1
NP_001070053,XP_056318289,0.0002142786979675293,esm3-sm-open-v1
XP_005171500,XP_056324211,8.320808410644531e-05,esm3-sm-open-v1
XP_073805215,XP_056317862,7.104873657226562e-05,esm3-sm-open-v1
XP_073797888,XP_056307762,0.0002148151397705078,esm3-sm-open-v1
NP_001417870,XP_056304952,0.00017976760864257812,esm3-sm-open-v1
NP_001417870,XP_056304951,0.00017976760864257812,esm3-sm-open-v1
XP_073808782,XP_056315620,6.29425048828125e-05,esm3-sm-open-v1
XP_073808778,XP_056315620,6.29425048828125e-05,esm3-sm-open-v1
XP_005167220,XP_056319408,9.900331497192383e-05,esm3-sm-open-v1
XP_021326390,XP_056309654,6.622076034545898e-05,esm3-sm-open-v1
NP_001107071,XP_056325494,0.00030922889709472656,esm3-sm-open-v1
NP_001020663,XP_056337464,0.00015807151794433594,esm3-sm-open-v1
XP_021332756,XP_056314996,0.00010687112808227539,esm3-sm-open-v1
NP_001373526,XP_056305849,0.00023061037063598633,esm3-sm-open-v1
XP_073809027,XP_056316531,2.9921531677246094e-05,esm3-sm-open-v1
XP_005173186,XP_056328276,4.5418739318847656e-05,esm3-sm-open-v1
NP_571667,XP_056329961,0.00014013051986694336,esm3-sm-open-v1
XP_073801716,XP_056311218,0.0021402835845947266,esm3-sm-open-v1
NP_001001838,XP_056306884,0.00011026859283447266,esm3-sm-open-v1
XP_009292403,XP_056336215,6.514787673950195e-05,esm3-sm-open-v1
NP_001025246,XP_056309654,6.693601608276367e-05,esm3-sm-open-v1
XP_021323655,XP_056336432,3.784894943237305e-05,esm3-sm-open-v1
XP_073801853,XP_056312286,0.0001195669174194336,esm3-sm-open-v1
NP_571201,XP_056320643,0.00010919570922851562,esm3-sm-open-v1
NP_001352516,XP_056314739,5.5909156799316406e-05,esm3-sm-open-v1
XP_021334491,XP_056332103,0.00027245283126831055,esm3-sm-open-v1
XP_073809680,XP_056315372,7.164478302001953e-05,esm3-sm-open-v1
XP_021325872,XP_056306246,0.00012499094009399414,esm3-sm-open-v1
XP_021333706,XP_056318333,6.538629531860352e-05,esm3-sm-open-v1
XP_073807896,XP_056313177,0.00019180774688720703,esm3-sm-open-v1
XP_073806727,XP_056313990,0.00012934207916259766,esm3-sm-open-v1
XP_073806730,XP_056313989,0.00012934207916259766,esm3-sm-open-v1
XP_073806728,XP_056313990,0.00012934207916259766,esm3-sm-open-v1
XP_002667042,XP_056308827,0.00011652708053588867,esm3-sm-open-v1
XP_005164012,XP_056309513,0.00020831823348999023,esm3-sm-open-v1
XP_068069081,XP_056326508,9.381771087646484e-05,esm3-sm-open-v1
XP_017210021,XP_056309878,0.00020134449005126953,esm3-sm-open-v1
NP_998193,XP_056309357,0.00016170740127563477,esm3-sm-open-v1
XP_005171209,XP_056327465,5.340576171875e-05,esm3-sm-open-v1
NP_001038525,XP_056335830,4.786252975463867e-05,esm3-sm-open-v1
XP_073798835,XP_056307712,0.00011074542999267578,esm3-sm-open-v1
XP_073797505,XP_056306678,7.575750350952148e-05,esm3-sm-open-v1
NP_001003988,XP_056331651,6.502866744995117e-05,esm3-sm-open-v1
XP_073808682,XP_056315355,3.24249267578125e-05,esm3-sm-open-v1
XP_073796483,XP_056306770,3.707408905029297e-05,esm3-sm-open-v1
NP_001124143,XP_056301393,0.0002442598342895508,esm3-sm-open-v1
XP_073793089,XP_056303314,4.0411949157714844e-05,esm3-sm-open-v1
XP_073793078,XP_056303314,8.195638656616211e-05,esm3-sm-open-v1
XP_073793083,XP_056303314,3.355741500854492e-05,esm3-sm-open-v1
NP_001018145,XP_056309109,4.166364669799805e-05,esm3-sm-open-v1
NP_001002358,XP_056335513,0.00011438131332397461,esm3-sm-open-v1
NP_001002617,XP_056311742,3.653764724731445e-05,esm3-sm-open-v1
XP_073797828,XP_056307943,2.086162567138672e-05,esm3-sm-open-v1
XP_021325399,XP_056305029,0.00029015541076660156,esm3-sm-open-v1
NP_001074134,XP_056332953,0.0002684593200683594,esm3-sm-open-v1
NP_956726,XP_056305758,0.0001049041748046875,esm3-sm-open-v1
NP_001107919,XP_056321239,0.00010901689529418945,esm3-sm-open-v1
NP_001018165,XP_056313385,0.00040435791015625,esm3-sm-open-v1
XP_021323796,XP_056335998,0.00010204315185546875,esm3-sm-open-v1
XP_073801982,XP_056311541,0.0006317496299743652,esm3-sm-open-v1
XP_073801492,XP_056311486,0.00011557340621948242,esm3-sm-open-v1
XP_005158638,XP_056332444,0.00029718875885009766,esm3-sm-open-v1
NP_001038816,XP_056323078,2.7060508728027344e-05,esm3-sm-open-v1
XP_021330924,XP_056311631,0.0001513957977294922,esm3-sm-open-v1
XP_005159745,XP_056335598,4.172325134277344e-05,esm3-sm-open-v1
NP_001002712,XP_056326363,0.00011622905731201172,esm3-sm-open-v1
XP_003198149,XP_056309315,9.363889694213867e-05,esm3-sm-open-v1
NP_957262,XP_056309046,0.00019097328186035156,esm3-sm-open-v1
XP_073788901,XP_056337040,0.0001392364501953125,esm3-sm-open-v1
NP_001099066,XP_056315035,0.00016689300537109375,esm3-sm-open-v1
NP_001002435,XP_056319108,5.054473876953125e-05,esm3-sm-open-v1
XP_073801614,XP_056311342,0.0001926422119140625,esm3-sm-open-v1
NP_991151,XP_056323519,6.145238876342773e-05,esm3-sm-open-v1
NP_932335,XP_056321906,0.00011217594146728516,esm3-sm-open-v1
XP_005158499,XP_056330735,0.00011974573135375977,esm3-sm-open-v1
XP_005169484,XP_056325573,8.481740951538086e-05,esm3-sm-open-v1
XP_073788980,XP_056337417,7.12275505065918e-05,esm3-sm-open-v1
NP_998538,XP_056312435,0.00011873245239257812,esm3-sm-open-v1
XP_073801484,XP_056312658,8.58306884765625e-05,esm3-sm-open-v1
XP_073793724,XP_056304174,0.0004963874816894531,esm3-sm-open-v1
XP_694757,XP_056333214,3.975629806518555e-05,esm3-sm-open-v1
NP_998318,XP_056304976,0.005189359188079834,esm3-sm-open-v1
XP_073799689,XP_056309849,0.00011098384857177734,esm3-sm-open-v1
NP_001073502,XP_056312859,0.00010037422180175781,esm3-sm-open-v1
XP_073789157,XP_056301265,0.00010132789611816406,esm3-sm-open-v1
XP_005157361,XP_056327882,0.00016039609909057617,esm3-sm-open-v1
XP_073789167,XP_056301265,0.00010132789611816406,esm3-sm-open-v1
NP_001410760,XP_056317860,0.00021332502365112305,esm3-sm-open-v1
XP_073795554,XP_056305438,7.700920104980469e-05,esm3-sm-open-v1
NP_001411420,XP_056330287,0.0002449154853820801,esm3-sm-open-v1
NP_001082792,XP_056324103,0.00018614530563354492,esm3-sm-open-v1
NP_001124067,XP_056336857,8.26716423034668e-05,esm3-sm-open-v1
XP_688031,XP_056337173,5.245208740234375e-05,esm3-sm-open-v1
XP_021334932,XP_056322210,5.9664249420166016e-05,esm3-sm-open-v1
NP_001315623,XP_056313215,0.0002688169479370117,esm3-sm-open-v1
NP_991258,XP_056329424,0.0001303553581237793,esm3-sm-open-v1
NP_001107081,XP_056320385,0.0001881122589111328,esm3-sm-open-v1
XP_073794629,XP_056305726,5.435943603515625e-05,esm3-sm-open-v1
XP_005159177,XP_056334671,4.953145980834961e-05,esm3-sm-open-v1
XP_001342267,XP_056334682,6.854534149169922e-05,esm3-sm-open-v1
NP_001137390,XP_056316546,2.7894973754882812e-05,esm3-sm-open-v1
XP_073795522,XP_056304920,0.0006336569786071777,esm3-sm-open-v1
XP_017214324,XP_056326799,6.574392318725586e-05,esm3-sm-open-v1
XP_005159810,XP_056335055,7.700920104980469e-05,esm3-sm-open-v1
XP_690320,XP_056334640,5.728006362915039e-05,esm3-sm-open-v1
XP_005167828,XP_056321398,0.00030535459518432617,esm3-sm-open-v1
NP_001313321,XP_056304148,9.644031524658203e-05,esm3-sm-open-v1
XP_005156008,XP_056324368,8.058547973632812e-05,esm3-sm-open-v1
XP_005162451,XP_056305567,0.001836538314819336,esm3-sm-open-v1
NP_999980,XP_056335117,0.0002969503402709961,esm3-sm-open-v1
XP_005158123,XP_056331976,0.00014334917068481445,esm3-sm-open-v1
NP_001082887,XP_056323491,0.0002703666687011719,esm3-sm-open-v1
XP_707353,XP_056332442,4.3451786041259766e-05,esm3-sm-open-v1
NP_001314865,XP_056333601,9.077787399291992e-05,esm3-sm-open-v1
XP_073792677,XP_056303996,6.681680679321289e-05,esm3-sm-open-v1
XP_073801266,XP_056318082,1.8358230590820312e-05,esm3-sm-open-v1
XP_005164223,XP_056309998,4.482269287109375e-05,esm3-sm-open-v1
NP_001018495,XP_056337496,0.00029456615447998047,esm3-sm-open-v1
XP_005160101,XP_056312659,5.829334259033203e-05,esm3-sm-open-v1
XP_005160100,XP_056312663,5.829334259033203e-05,esm3-sm-open-v1
XP_073801544,XP_056312660,5.829334259033203e-05,esm3-sm-open-v1
XP_005160101,XP_056312660,5.829334259033203e-05,esm3-sm-open-v1
XP_021323778,XP_056335206,3.594160079956055e-05,esm3-sm-open-v1
NP_001314688,XP_056320055,6.99162483215332e-05,esm3-sm-open-v1
XP_005171651,XP_056309314,0.0001004934310913086,esm3-sm-open-v1
XP_692102,XP_056330333,0.002907395362854004,esm3-sm-open-v1
XP_017207523,XP_056334035,5.447864532470703e-05,esm3-sm-open-v1
NP_001007452,XP_056327504,0.00010961294174194336,esm3-sm-open-v1
XP_001919896,XP_056325680,6.204843521118164e-05,esm3-sm-open-v1
NP_956853,XP_056322047,2.8848648071289062e-05,esm3-sm-open-v1
XP_073797459,XP_056306385,0.00042510032653808594,esm3-sm-open-v1
XP_009303363,XP_056322888,6.443262100219727e-05,esm3-sm-open-v1
XP_073809315,XP_056315345,8.45789909362793e-05,esm3-sm-open-v1
NP_001245153,XP_056325359,5.84721565246582e-05,esm3-sm-open-v1
XP_001340709,XP_056303516,0.00015044212341308594,esm3-sm-open-v1
NP_001315484,XP_056320052,0.00011944770812988281,esm3-sm-open-v1
XP_005169569,XP_056327141,3.737211227416992e-05,esm3-sm-open-v1
XP_021336696,XP_056327852,0.00011217594146728516,esm3-sm-open-v1
XP_005169468,XP_056324101,4.3272972106933594e-05,esm3-sm-open-v1
XP_073785592,XP_056334851,8.463859558105469e-06,esm3-sm-open-v1
XP_005155626,XP_056322953,7.587671279907227e-05,esm3-sm-open-v1
NP_001002703,XP_056313400,6.854534149169922e-05,esm3-sm-open-v1
XP_005170009,XP_056334563,7.253885269165039e-05,esm3-sm-open-v1
XP_073806015,XP_056313341,0.0003566741943359375,esm3-sm-open-v1
NP_001032892,XP_056306521,3.826618194580078e-05,esm3-sm-open-v1
NP_001093454,XP_056323406,0.0003318190574645996,esm3-sm-open-v1
XP_009300512,XP_056315641,7.873773574829102e-05,esm3-sm-open-v1
XP_001919144,XP_056314254,6.628036499023438e-05,esm3-sm-open-v1
NP_001002476,XP_056305983,9.119510650634766e-05,esm3-sm-open-v1
XP_073794532,XP_056306009,8.445978164672852e-05,esm3-sm-open-v1
NP_001020351,XP_056317819,0.00029712915420532227,esm3-sm-open-v1
XP_073801588,XP_056312659,5.823373794555664e-05,esm3-sm-open-v1
XP_001921072,XP_056318046,0.00016075372695922852,esm3-sm-open-v1
XP_009304311,XP_056324174,6.866455078125e-05,esm3-sm-open-v1
XP_017211729,XP_056313525,0.00015968084335327148,esm3-sm-open-v1
NP_001018871,XP_056322233,0.00011873245239257812,esm3-sm-open-v1
NP_001032201,XP_056322648,0.00014215707778930664,esm3-sm-open-v1
XP_009296056,XP_056307728,7.30752944946289e-05,esm3-sm-open-v1
NP_001077334,XP_056337545,0.00012350082397460938,esm3-sm-open-v1
XP_021336036,XP_056324891,4.51207160949707e-05,esm3-sm-open-v1
XP_005158608,XP_056332431,0.0001081228256225586,esm3-sm-open-v1
XP_073802574,XP_056311921,6.872415542602539e-05,esm3-sm-open-v1
NP_001242932,XP_056332335,5.161762237548828e-05,esm3-sm-open-v1
NP_001025312,XP_056311748,0.00012612342834472656,esm3-sm-open-v1
XP_683261,XP_056325820,0.00012451410293579102,esm3-sm-open-v1
XP_021327608,XP_056317503,0.00010943412780761719,esm3-sm-open-v1
NP_001121859,XP_056316725,8.916854858398438e-05,esm3-sm-open-v1
XP_001336283,XP_056304953,0.00022464990615844727,esm3-sm-open-v1
XP_021327557,XP_056317166,7.462501525878906e-05,esm3-sm-open-v1
XP_017207446,XP_056334844,2.8133392333984375e-05,esm3-sm-open-v1
NP_998181,XP_056306527,4.875659942626953e-05,esm3-sm-open-v1
NP_957120,XP_056308709,8.189678192138672e-05,esm3-sm-open-v1
XP_005159264,XP_056334420,0.00013488531112670898,esm3-sm-open-v1
XP_005170233,XP_056301295,0.00014263391494750977,esm3-sm-open-v1
XP_001341616,XP_056305319,0.00022459030151367188,esm3-sm-open-v1
XP_005167050,XP_056319638,6.288290023803711e-05,esm3-sm-open-v1
XP_696266,XP_056331943,6.443262100219727e-05,esm3-sm-open-v1
NP_001315314,XP_056312534,4.494190216064453e-05,esm3-sm-open-v1
XP_005159824,XP_056335444,4.464387893676758e-05,esm3-sm-open-v1
XP_021336036,XP_056324889,4.851818084716797e-05,esm3-sm-open-v1
NP_001340792,XP_056331842,0.00014287233352661133,esm3-sm-open-v1
NP_001157369,XP_056306137,0.00011545419692993164,esm3-sm-open-v1
NP_001138287,XP_056334681,2.5033950805664062e-05,esm3-sm-open-v1
XP_021330694,XP_056312657,8.571147918701172e-05,esm3-sm-open-v1
XP_005160148,XP_056312560,0.00017905235290527344,esm3-sm-open-v1
XP_009304973,XP_056325024,3.081560134887695e-05,esm3-sm-open-v1
NP_001006018,XP_056335020,0.0007534623146057129,esm3-sm-open-v1
XP_005171244,XP_056327630,7.2479248046875e-05,esm3-sm-open-v1
NP_001091651,XP_056325699,0.0008327960968017578,esm3-sm-open-v1
NP_001093507,XP_056313339,3.1054019927978516e-05,esm3-sm-open-v1
XP_017208482,XP_056303118,0.00032573938369750977,esm3-sm-open-v1
XP_009297712,XP_056309491,9.942054748535156e-05,esm3-sm-open-v1
XP_005156878,XP_056326244,4.6372413635253906e-05,esm3-sm-open-v1
XP_073801300,XP_056310378,0.0006951093673706055,esm3-sm-open-v1
NP_001154983,XP_056314454,4.1604042053222656e-05,esm3-sm-open-v1
XP_073786980,XP_056335257,7.241964340209961e-05,esm3-sm-open-v1
XP_021334005,XP_056334691,5.7220458984375e-05,esm3-sm-open-v1
NP_001076324,XP_056328924,0.0001023411750793457,esm3-sm-open-v1
XP_005159573,XP_056335906,9.626150131225586e-05,esm3-sm-open-v1
XP_689880,XP_056326837,7.575750350952148e-05,esm3-sm-open-v1
XP_009302707,XP_056320650,4.971027374267578e-05,esm3-sm-open-v1
NP_001121710,XP_056331601,9.292364120483398e-05,esm3-sm-open-v1
NP_001422880,XP_056318256,8.612871170043945e-05,esm3-sm-open-v1
NP_571230,XP_056330760,7.43865966796875e-05,esm3-sm-open-v1
XP_073805687,XP_056314065,0.0003077387809753418,esm3-sm-open-v1
XP_073807070,XP_056314462,2.3543834686279297e-05,esm3-sm-open-v1
NP_001041532,XP_056314462,3.737211227416992e-05,esm3-sm-open-v1
XP_009303367,XP_056322892,6.03795051574707e-05,esm3-sm-open-v1
NP_001103413,XP_056334382,3.5643577575683594e-05,esm3-sm-open-v1
XP_073798545,XP_056307845,6.574392318725586e-05,esm3-sm-open-v1
XP_073796097,XP_056306399,0.0002295374870300293,esm3-sm-open-v1
XP_073792899,XP_056303759,3.314018249511719e-05,esm3-sm-open-v1
NP_001071032,XP_056304913,5.620718002319336e-05,esm3-sm-open-v1
XP_073796933,XP_056306532,0.00014030933380126953,esm3-sm-open-v1
NP_001352362,XP_056319923,4.935264587402344e-05,esm3-sm-open-v1
NP_001002863,XP_056325421,4.649162292480469e-05,esm3-sm-open-v1
NP_956114,XP_056326284,6.192922592163086e-05,esm3-sm-open-v1
NP_001002354,XP_056336954,3.5881996154785156e-05,esm3-sm-open-v1
NP_001003559,XP_056335618,6.35385513305664e-05,esm3-sm-open-v1
XP_005158216,XP_056330821,9.268522262573242e-05,esm3-sm-open-v1
XP_021326189,XP_056308258,4.094839096069336e-05,esm3-sm-open-v1
XP_073785585,XP_056334849,2.8133392333984375e-05,esm3-sm-open-v1
XP_005156576,XP_056326750,6.908178329467773e-05,esm3-sm-open-v1
NP_001189455,XP_056336364,6.67572021484375e-05,esm3-sm-open-v1
NP_997919,XP_056325682,8.869171142578125e-05,esm3-sm-open-v1
NP_001032313,XP_056311766,6.103515625e-05,esm3-sm-open-v1
NP_001076402,XP_056326548,8.434057235717773e-05,esm3-sm-open-v1
NP_957370,XP_056314706,8.893013000488281e-05,esm3-sm-open-v1
XP_073795664,XP_056304748,4.9591064453125e-05,esm3-sm-open-v1
XP_017214027,XP_056324835,8.118152618408203e-05,esm3-sm-open-v1
NP_001035400,XP_056323593,0.00011879205703735352,esm3-sm-open-v1
XP_005166175,XP_056316327,4.506111145019531e-05,esm3-sm-open-v1
XP_073802106,XP_056311962,0.0003299713134765625,esm3-sm-open-v1
NP_001230108,XP_056308689,0.00017696619033813477,esm3-sm-open-v1
XP_073795624,XP_056305413,6.848573684692383e-05,esm3-sm-open-v1
NP_001077312,XP_056324656,4.851818084716797e-05,esm3-sm-open-v1
NP_001003869,XP_056326842,0.00012069940567016602,esm3-sm-open-v1
NP_571885,XP_056315715,8.469820022583008e-05,esm3-sm-open-v1
XP_021326900,XP_056313240,6.324052810668945e-05,esm3-sm-open-v1
XP_005156871,XP_056326756,0.0003674030303955078,esm3-sm-open-v1
NP_001139043,XP_056326959,5.8650970458984375e-05,esm3-sm-open-v1
XP_686699,XP_056320721,6.347894668579102e-05,esm3-sm-open-v1
XP_017209571,XP_056307756,0.00020390748977661133,esm3-sm-open-v1
XP_073798876,XP_056307695,4.89354133605957e-05,esm3-sm-open-v1
XP_021327362,XP_056313034,5.638599395751953e-05,esm3-sm-open-v1
XP_021322895,XP_056332607,9.799003601074219e-05,esm3-sm-open-v1
NP_001004549,XP_056322623,4.881620407104492e-05,esm3-sm-open-v1
XP_073786282,XP_056334760,0.00010061264038085938,esm3-sm-open-v1
NP_001152786,XP_056317527,7.271766662597656e-05,esm3-sm-open-v1
XP_005157788,XP_056329667,3.826618194580078e-05,esm3-sm-open-v1
XP_073802790,XP_056311774,9.709596633911133e-05,esm3-sm-open-v1
XP_073802789,XP_056311773,9.709596633911133e-05,esm3-sm-open-v1
NP_957367,XP_056313899,7.742643356323242e-05,esm3-sm-open-v1
XP_073801301,XP_056310378,0.0006718039512634277,esm3-sm-open-v1
NP_001313637,XP_056323343,0.00014728307723999023,esm3-sm-open-v1
NP_001077325,XP_056320492,8.088350296020508e-05,esm3-sm-open-v1
NP_001007183,XP_056321781,2.580881118774414e-05,esm3-sm-open-v1
NP_001139055,XP_056326516,7.444620132446289e-05,esm3-sm-open-v1
XP_017209396,XP_056306149,7.724761962890625e-05,esm3-sm-open-v1
XP_005159677,XP_056336032,4.220008850097656e-05,esm3-sm-open-v1
XP_073785353,XP_056334903,0.00012725591659545898,esm3-sm-open-v1
NP_001177735,XP_056302442,0.00042515993118286133,esm3-sm-open-v1
NP_001119905,XP_056321101,0.0001049041748046875,esm3-sm-open-v1
NP_001074138,XP_056323955,8.356571197509766e-05,esm3-sm-open-v1
XP_009298015,XP_056310199,7.31348991394043e-05,esm3-sm-open-v1
NP_001071261,XP_056309997,0.00010448694229125977,esm3-sm-open-v1
XP_009299408,XP_056312789,6.002187728881836e-05,esm3-sm-open-v1
NP_999936,XP_056318175,4.5418739318847656e-05,esm3-sm-open-v1
XP_021334645,XP_056321386,3.1948089599609375e-05,esm3-sm-open-v1
NP_001159805,XP_056306115,2.5153160095214844e-05,esm3-sm-open-v1
XP_073786739,XP_056335626,6.16312026977539e-05,esm3-sm-open-v1
NP_001074162,XP_056302142,8.553266525268555e-05,esm3-sm-open-v1
NP_001007416,XP_056328971,0.00016480684280395508,esm3-sm-open-v1
NP_998290,XP_056316139,7.110834121704102e-05,esm3-sm-open-v1
XP_009296395,XP_056329610,3.039836883544922e-05,esm3-sm-open-v1
XP_021330747,XP_056311127,2.5212764739990234e-05,esm3-sm-open-v1
XP_009300150,XP_056314578,0.00013464689254760742,esm3-sm-open-v1
XP_021326183,XP_056307555,4.83393669128418e-05,esm3-sm-open-v1
NP_955965,XP_056334798,2.765655517578125e-05,esm3-sm-open-v1
XP_073804994,XP_056319650,7.12275505065918e-05,esm3-sm-open-v1
NP_571678,XP_056319613,7.12275505065918e-05,esm3-sm-open-v1
NP_001108195,XP_056322158,0.00010472536087036133,esm3-sm-open-v1
NP_001307335,XP_056309839,2.4974346160888672e-05,esm3-sm-open-v1
XP_009295317,XP_056305834,6.729364395141602e-05,esm3-sm-open-v1
NP_956858,XP_056302355,3.820657730102539e-05,esm3-sm-open-v1
XP_005155714,XP_056324503,3.74913215637207e-05,esm3-sm-open-v1
XP_073798863,XP_056307690,3.2007694244384766e-05,esm3-sm-open-v1
XP_073794750,XP_056305989,8.428096771240234e-05,esm3-sm-open-v1
NP_956747,XP_056326662,6.914138793945312e-05,esm3-sm-open-v1
XP_021329454,XP_056306192,3.653764724731445e-05,esm3-sm-open-v1
NP_001417993,XP_056327316,9.149312973022461e-05,esm3-sm-open-v1
XP_073799567,XP_056308741,0.0003260970115661621,esm3-sm-open-v1
NP_001231707,XP_056312722,7.700920104980469e-05,esm3-sm-open-v1
XP_005158588,XP_056333525,6.848573684692383e-05,esm3-sm-open-v1
NP_001074457,XP_056327852,8.755922317504883e-05,esm3-sm-open-v1
XP_073794760,XP_056305990,0.00011748075485229492,esm3-sm-open-v1
XP_005169866,XP_056332382,0.0002059340476989746,esm3-sm-open-v1
XP_021333602,XP_056317799,6.413459777832031e-05,esm3-sm-open-v1
XP_005169081,XP_056317801,6.413459777832031e-05,esm3-sm-open-v1
NP_956161,XP_056309528,0.00018680095672607422,esm3-sm-open-v1
NP_571055,XP_056321164,3.463029861450195e-05,esm3-sm-open-v1
NP_991135,XP_056310371,0.0001475811004638672,esm3-sm-open-v1
XP_005172631,XP_056323402,0.00010532140731811523,esm3-sm-open-v1
XP_005157191,XP_056328922,0.0005276799201965332,esm3-sm-open-v1
XP_005162546,XP_056307045,9.644031524658203e-05,esm3-sm-open-v1
NP_001003991,XP_056322661,6.198883056640625e-05,esm3-sm-open-v1
XP_021333121,XP_056316863,6.479024887084961e-05,esm3-sm-open-v1
XP_005167977,XP_056321845,2.1457672119140625e-05,esm3-sm-open-v1
NP_001313335,XP_056324398,0.00019401311874389648,esm3-sm-open-v1
NP_001124239,XP_056313680,5.048513412475586e-05,esm3-sm-open-v1
XP_005164691,XP_056311768,4.476308822631836e-05,esm3-sm-open-v1
NP_001258742,XP_056315030,0.00013273954391479492,esm3-sm-open-v1
XP_002660968,XP_056306948,4.124641418457031e-05,esm3-sm-open-v1
XP_001919340,XP_056305075,8.189678192138672e-05,esm3-sm-open-v1
XP_005159136,XP_056334100,5.1856040954589844e-05,esm3-sm-open-v1
NP_956185,XP_056332355,0.003451526165008545,esm3-sm-open-v1
XP_073786461,XP_056333863,6.61015510559082e-05,esm3-sm-open-v1
XP_005160006,XP_056314575,3.540515899658203e-05,esm3-sm-open-v1
XP_073792822,XP_056303263,0.00015723705291748047,esm3-sm-open-v1
NP_001070764,XP_056305737,0.00012165307998657227,esm3-sm-open-v1
XP_021333991,XP_056319215,0.00029903650283813477,esm3-sm-open-v1
XP_021322525,XP_056332082,0.00044798851013183594,esm3-sm-open-v1
XP_073808101,XP_056313442,0.0006870627403259277,esm3-sm-open-v1
XP_005166761,XP_056320044,6.073713302612305e-05,esm3-sm-open-v1
XP_017209453,XP_056306592,8.124113082885742e-05,esm3-sm-open-v1
XP_021323679,XP_056336249,3.731250762939453e-05,esm3-sm-open-v1
XP_021331292,XP_056310677,0.00010031461715698242,esm3-sm-open-v1
XP_003200388,XP_056332776,6.759166717529297e-05,esm3-sm-open-v1
XP_073790656,XP_056301762,2.7954578399658203e-05,esm3-sm-open-v1
XP_697507,XP_056322949,3.9637088775634766e-05,esm3-sm-open-v1
XP_009292057,XP_056334185,5.042552947998047e-05,esm3-sm-open-v1
XP_073808372,XP_056313905,6.306171417236328e-05,esm3-sm-open-v1
XP_021322907,XP_056333306,3.6776065826416016e-05,esm3-sm-open-v1
NP_001264013,XP_056322131,3.349781036376953e-05,esm3-sm-open-v1
XP_005160038,XP_056313428,0.00010842084884643555,esm3-sm-open-v1
XP_005157985,XP_056331267,0.00013774633407592773,esm3-sm-open-v1
NP_001243552,XP_056331047,6.967782974243164e-05,esm3-sm-open-v1
XP_021333965,XP_056320387,0.002186596393585205,esm3-sm-open-v1
NP_001002198,XP_056326962,2.181529998779297e-05,esm3-sm-open-v1
XP_005165615,XP_056314553,6.937980651855469e-05,esm3-sm-open-v1
XP_073810192,XP_056315778,9.799003601074219e-05,esm3-sm-open-v1
XP_021334325,XP_056321076,5.638599395751953e-05,esm3-sm-open-v1
XP_017208472,XP_056302841,3.534555435180664e-05,esm3-sm-open-v1
NP_001269415,XP_056334602,4.118680953979492e-05,esm3-sm-open-v1
XP_021327886,XP_056313974,6.186962127685547e-05,esm3-sm-open-v1
XP_009298735,XP_056311409,3.045797348022461e-05,esm3-sm-open-v1
NP_001002207,XP_056307049,9.620189666748047e-05,esm3-sm-open-v1
XP_005160608,XP_056337159,0.00017398595809936523,esm3-sm-open-v1
XP_009295233,XP_056304814,4.5299530029296875e-05,esm3-sm-open-v1
XP_073808084,XP_056313348,2.6702880859375e-05,esm3-sm-open-v1
NP_001095863,XP_056301635,8.243322372436523e-05,esm3-sm-open-v1
XP_691817,XP_056308211,8.666515350341797e-05,esm3-sm-open-v1
XP_073806584,XP_056314349,4.947185516357422e-05,esm3-sm-open-v1
XP_021324032,XP_056336863,7.045269012451172e-05,esm3-sm-open-v1
XP_009300877,XP_056316219,4.2557716369628906e-05,esm3-sm-open-v1
XP_005170092,XP_056335883,0.00010079145431518555,esm3-sm-open-v1
XP_073795863,XP_056305823,7.194280624389648e-05,esm3-sm-open-v1
NP_001410904,XP_056327927,0.0002269148826599121,esm3-sm-open-v1
NP_571128,XP_056336912,2.3484230041503906e-05,esm3-sm-open-v1
NP_001006097,XP_056311820,8.553266525268555e-05,esm3-sm-open-v1
XP_073801728,XP_056312003,0.000286102294921875,esm3-sm-open-v1
XP_005174340,XP_056307689,3.2007694244384766e-05,esm3-sm-open-v1
NP_001076280,XP_056337181,3.4332275390625e-05,esm3-sm-open-v1
XP_002660488,XP_056315670,2.193450927734375e-05,esm3-sm-open-v1
NP_999977,XP_056302736,0.0004773139953613281,esm3-sm-open-v1
XP_005159462,XP_056336398,3.0994415283203125e-05,esm3-sm-open-v1
XP_694459,XP_056334616,0.0005239248275756836,esm3-sm-open-v1
XP_073798034,XP_056307464,0.00013571977615356445,esm3-sm-open-v1
NP_775328,XP_056309743,4.869699478149414e-05,esm3-sm-open-v1
XP_017207366,XP_056333604,7.587671279907227e-05,esm3-sm-open-v1
XP_073798722,XP_056310038,0.0003803372383117676,esm3-sm-open-v1
XP_001335682,XP_056309433,0.00011032819747924805,esm3-sm-open-v1
XP_005169889,XP_056332606,4.70280647277832e-05,esm3-sm-open-v1
XP_005155878,XP_056324513,3.135204315185547e-05,esm3-sm-open-v1
XP_021326690,XP_056309897,3.7729740142822266e-05,esm3-sm-open-v1
XP_002663301,XP_056320541,9.351968765258789e-05,esm3-sm-open-v1
XP_073807824,XP_056314854,7.18832015991211e-05,esm3-sm-open-v1
XP_021328422,XP_056327752,8.112192153930664e-05,esm3-sm-open-v1
NP_001184183,XP_056306773,8.654594421386719e-05,esm3-sm-open-v1
XP_073799666,XP_056309293,0.00018548965454101562,esm3-sm-open-v1
XP_073792359,XP_056303836,4.875659942626953e-05,esm3-sm-open-v1
XP_073797374,XP_056309704,0.0003809332847595215,esm3-sm-open-v1
NP_001002121,XP_056317894,4.279613494873047e-05,esm3-sm-open-v1
NP_001410713,XP_056307520,0.00020134449005126953,esm3-sm-open-v1
XP_073790447,XP_056301890,6.99162483215332e-05,esm3-sm-open-v1
XP_073802134,XP_056311250,0.00017017126083374023,esm3-sm-open-v1
NP_001032448,XP_056305396,3.695487976074219e-05,esm3-sm-open-v1
XP_021325652,XP_056304639,0.001392662525177002,esm3-sm-open-v1
XP_073806657,XP_056313418,9.912252426147461e-05,esm3-sm-open-v1
XP_073806660,XP_056313418,9.912252426147461e-05,esm3-sm-open-v1
XP_073798670,XP_056309334,2.6166439056396484e-05,esm3-sm-open-v1
XP_002667698,XP_056303822,8.386373519897461e-05,esm3-sm-open-v1
XP_002667698,XP_056303821,8.386373519897461e-05,esm3-sm-open-v1
XP_017212723,XP_056318302,5.501508712768555e-05,esm3-sm-open-v1
XP_005157638,XP_056330244,0.0006277561187744141,esm3-sm-open-v1
XP_021333497,XP_056317420,4.5180320739746094e-05,esm3-sm-open-v1
NP_001189424,XP_056328172,0.0001074671745300293,esm3-sm-open-v1
XP_073808687,XP_056316131,3.17692756652832e-05,esm3-sm-open-v1
XP_073797328,XP_056307115,3.808736801147461e-05,esm3-sm-open-v1
NP_956747,XP_056326663,1.3887882232666016e-05,esm3-sm-open-v1
NP_001002215,XP_056311824,7.849931716918945e-05,esm3-sm-open-v1
XP_005169998,XP_056334885,0.0002033710479736328,esm3-sm-open-v1
XP_073789086,XP_056337689,2.1576881408691406e-05,esm3-sm-open-v1
XP_009303960,XP_056323170,9.119510650634766e-05,esm3-sm-open-v1
XP_002666176,XP_056304090,4.559755325317383e-05,esm3-sm-open-v1
NP_001157467,XP_056322057,4.3511390686035156e-05,esm3-sm-open-v1
XP_005173263,XP_056328367,0.00010579824447631836,esm3-sm-open-v1
XP_021326394,XP_056308263,4.8220157623291016e-05,esm3-sm-open-v1
NP_991132,XP_056301348,6.574392318725586e-05,esm3-sm-open-v1
NP_001296364,XP_056334536,3.504753112792969e-05,esm3-sm-open-v1
XP_005164077,XP_056309802,4.0650367736816406e-05,esm3-sm-open-v1
XP_073806659,XP_056313417,9.5367431640625e-05,esm3-sm-open-v1
XP_005158632,XP_056333441,6.330013275146484e-05,esm3-sm-open-v1
XP_073806286,XP_056313045,4.774332046508789e-05,esm3-sm-open-v1
XP_009300470,XP_056314951,8.70823860168457e-05,esm3-sm-open-v1
NP_001017572,XP_056313107,1.9252300262451172e-05,esm3-sm-open-v1
XP_009302699,XP_056321152,2.586841583251953e-05,esm3-sm-open-v1
XP_073796175,XP_056306234,4.762411117553711e-05,esm3-sm-open-v1
XP_021335712,XP_056328975,0.00016480684280395508,esm3-sm-open-v1
XP_009302003,XP_056320108,0.0002338886260986328,esm3-sm-open-v1
NP_001002087,XP_056302641,0.00012576580047607422,esm3-sm-open-v1
XP_009295016,XP_056304729,0.00010162591934204102,esm3-sm-open-v1
NP_001107095,XP_056319278,4.1604042053222656e-05,esm3-sm-open-v1
NP_998603,XP_056303978,0.00010609626770019531,esm3-sm-open-v1
XP_691507,XP_056324879,6.371736526489258e-05,esm3-sm-open-v1
NP_001265751,XP_056329328,5.030632019042969e-05,esm3-sm-open-v1
XP_073808928,XP_056316391,1.0013580322265625e-05,esm3-sm-open-v1
XP_005164803,XP_056311600,4.953145980834961e-05,esm3-sm-open-v1
NP_001076420,XP_056333827,5.263090133666992e-05,esm3-sm-open-v1
XP_073791986,XP_056302723,2.1696090698242188e-05,esm3-sm-open-v1
XP_073791982,XP_056302722,2.1696090698242188e-05,esm3-sm-open-v1
XP_073791990,XP_056302722,2.1696090698242188e-05,esm3-sm-open-v1
NP_001188290,XP_056317924,7.230043411254883e-05,esm3-sm-open-v1
XP_005164077,XP_056309800,4.2438507080078125e-05,esm3-sm-open-v1
XP_005171501,XP_056301248,5.984306335449219e-05,esm3-sm-open-v1
XP_003200727,XP_056336942,0.0001410841941833496,esm3-sm-open-v1
XP_002666963,XP_056307889,5.3048133850097656e-05,esm3-sm-open-v1
NP_001082836,XP_056336047,0.00028640031814575195,esm3-sm-open-v1
NP_001032894,XP_056309613,8.958578109741211e-05,esm3-sm-open-v1
XP_073802746,XP_056312136,0.00014340877532958984,esm3-sm-open-v1
NP_001006061,XP_056307415,0.0037397146224975586,esm3-sm-open-v1
XP_017214478,XP_056328575,4.8041343688964844e-05,esm3-sm-open-v1
XP_073797506,XP_056309405,4.738569259643555e-05,esm3-sm-open-v1
XP_021323439,XP_056323470,4.082918167114258e-05,esm3-sm-open-v1
NP_957020,XP_056337216,0.00015842914581298828,esm3-sm-open-v1
NP_001038217,XP_056317997,4.035234451293945e-05,esm3-sm-open-v1
NP_001083009,XP_056320755,0.00016492605209350586,esm3-sm-open-v1
XP_021336032,XP_056326125,1.2993812561035156e-05,esm3-sm-open-v1
XP_005172456,XP_056318483,0.00017714500427246094,esm3-sm-open-v1
NP_001373497,XP_056307389,0.00017714500427246094,esm3-sm-open-v1
XP_694888,XP_056309338,2.5987625122070312e-05,esm3-sm-open-v1
XP_009304978,XP_056325249,4.178285598754883e-05,esm3-sm-open-v1
NP_001020707,XP_056332065,5.7756900787353516e-05,esm3-sm-open-v1
XP_005160577,XP_056337748,0.00013768672943115234,esm3-sm-open-v1
NP_001124269,XP_056303046,0.003034234046936035,esm3-sm-open-v1
XP_017212769,XP_056319610,3.5822391510009766e-05,esm3-sm-open-v1
XP_073802021,XP_056311816,0.0001825094223022461,esm3-sm-open-v1
NP_001313410,XP_056314230,3.904104232788086e-05,esm3-sm-open-v1
NP_878276,XP_056331548,7.396936416625977e-05,esm3-sm-open-v1
XP_073801093,XP_056314555,3.2067298889160156e-05,esm3-sm-open-v1
XP_073806156,XP_056314704,8.422136306762695e-05,esm3-sm-open-v1
XP_073805498,XP_056317571,0.0001100301742553711,esm3-sm-open-v1
XP_073790614,XP_056302205,4.786252975463867e-05,esm3-sm-open-v1
NP_001007350,XP_056313492,5.9545040130615234e-05,esm3-sm-open-v1
NP_001410783,XP_056302659,3.999471664428711e-05,esm3-sm-open-v1
XP_021329052,XP_056337694,0.001867532730102539,esm3-sm-open-v1
XP_005168705,XP_056314716,3.719329833984375e-05,esm3-sm-open-v1
NP_956418,XP_056335536,3.236532211303711e-05,esm3-sm-open-v1
NP_001352231,XP_056324709,3.445148468017578e-05,esm3-sm-open-v1
XP_073797384,XP_056309704,0.0001423954963684082,esm3-sm-open-v1
NP_571516,XP_056301798,2.759695053100586e-05,esm3-sm-open-v1
XP_021336482,XP_056326575,3.230571746826172e-05,esm3-sm-open-v1
XP_017211855,XP_056314597,0.00018221139907836914,esm3-sm-open-v1
XP_073794131,XP_056305015,2.276897430419922e-05,esm3-sm-open-v1
XP_692833,XP_056301257,6.663799285888672e-05,esm3-sm-open-v1
XP_073809589,XP_056315295,8.165836334228516e-05,esm3-sm-open-v1
NP_001077287,XP_056314752,8.034706115722656e-05,esm3-sm-open-v1
NP_001315423,XP_056322834,2.6941299438476562e-05,esm3-sm-open-v1
NP_001333132,XP_056324264,4.4226646423339844e-05,esm3-sm-open-v1
NP_001076392,XP_056311059,1.9311904907226562e-05,esm3-sm-open-v1
NP_001091654,XP_056336635,9.495019912719727e-05,esm3-sm-open-v1
XP_073809710,XP_056315453,0.00010395050048828125,esm3-sm-open-v1
XP_073809712,XP_056315451,0.00010395050048828125,esm3-sm-open-v1
XP_073809711,XP_056315452,0.00010395050048828125,esm3-sm-open-v1
XP_005156286,XP_056325343,0.00010818243026733398,esm3-sm-open-v1
XP_001339880,XP_056302845,9.85264778137207e-05,esm3-sm-open-v1
XP_009295229,XP_056304941,2.5093555450439453e-05,esm3-sm-open-v1
NP_001093508,XP_056314124,4.8160552978515625e-05,esm3-sm-open-v1
NP_001002633,XP_056312600,5.710124969482422e-05,esm3-sm-open-v1
XP_021330878,XP_056316748,0.00038820505142211914,esm3-sm-open-v1
XP_073809590,XP_056315295,8.684396743774414e-05,esm3-sm-open-v1
NP_001103936,XP_056304955,5.364418029785156e-05,esm3-sm-open-v1
XP_009306038,XP_056328849,4.1365623474121094e-05,esm3-sm-open-v1
XP_001923418,XP_056314972,7.796287536621094e-05,esm3-sm-open-v1
NP_571185,XP_056332595,3.8504600524902344e-05,esm3-sm-open-v1
XP_073784980,XP_056334945,5.6862831115722656e-05,esm3-sm-open-v1
XP_073802427,XP_056311620,5.644559860229492e-05,esm3-sm-open-v1
XP_073802424,XP_056311620,5.644559860229492e-05,esm3-sm-open-v1
XP_005167533,XP_056321172,0.00018095970153808594,esm3-sm-open-v1
XP_021329649,XP_056309697,2.2411346435546875e-05,esm3-sm-open-v1
XP_005160218,XP_056312409,2.676248550415039e-05,esm3-sm-open-v1
XP_073796866,XP_056306125,8.761882781982422e-06,esm3-sm-open-v1
XP_073791719,XP_056302573,5.5849552154541016e-05,esm3-sm-open-v1
XP_009297824,XP_056309620,0.00011444091796875,esm3-sm-open-v1
XP_005163206,XP_056307458,0.0001881718635559082,esm3-sm-open-v1
XP_005158510,XP_056330596,8.13603401184082e-05,esm3-sm-open-v1
XP_021336201,XP_056326446,5.1975250244140625e-05,esm3-sm-open-v1
NP_956142,XP_056334055,4.8995018005371094e-05,esm3-sm-open-v1
XP_073809708,XP_056315452,0.00010323524475097656,esm3-sm-open-v1
XP_017206869,XP_056329618,3.212690353393555e-05,esm3-sm-open-v1
NP_001002422,XP_056318790,4.112720489501953e-05,esm3-sm-open-v1
NP_571136,XP_056333912,4.220008850097656e-05,esm3-sm-open-v1
XP_073793741,XP_056304061,6.073713302612305e-05,esm3-sm-open-v1
XP_002666454,XP_056305979,0.00026035308837890625,esm3-sm-open-v1
XP_005166244,XP_056315822,5.620718002319336e-05,esm3-sm-open-v1
XP_005167791,XP_056321482,7.957220077514648e-05,esm3-sm-open-v1
NP_001006093,XP_056305835,4.100799560546875e-05,esm3-sm-open-v1
XP_021328763,XP_056332681,3.933906555175781e-05,esm3-sm-open-v1
NP_001303874,XP_056336544,0.00016039609909057617,esm3-sm-open-v1
XP_009300033,XP_056314363,7.349252700805664e-05,esm3-sm-open-v1
XP_009300033,XP_056314362,7.349252700805664e-05,esm3-sm-open-v1
XP_005164126,XP_056309653,4.971027374267578e-05,esm3-sm-open-v1
XP_005165345,XP_056314101,2.7179718017578125e-05,esm3-sm-open-v1
NP_001092712,XP_056310197,3.826618194580078e-05,esm3-sm-open-v1
XP_073790074,XP_056301609,4.1365623474121094e-05,esm3-sm-open-v1
NP_001373731,XP_056322583,0.00018107891082763672,esm3-sm-open-v1
XP_005165556,XP_056314423,3.796815872192383e-05,esm3-sm-open-v1
XP_073802603,XP_056312157,3.546476364135742e-05,esm3-sm-open-v1
XP_073808474,XP_056312494,4.51207160949707e-05,esm3-sm-open-v1
NP_001029346,XP_056305959,2.9027462005615234e-05,esm3-sm-open-v1
XP_073807077,XP_056313836,7.241964340209961e-05,esm3-sm-open-v1
XP_005169649,XP_056328446,0.00016444921493530273,esm3-sm-open-v1
XP_073799424,XP_056307625,1.3589859008789062e-05,esm3-sm-open-v1
XP_005159829,XP_056336200,4.363059997558594e-05,esm3-sm-open-v1
XP_073799539,XP_056308325,0.0007936358451843262,esm3-sm-open-v1
NP_001373716,XP_056308326,0.0007936358451843262,esm3-sm-open-v1
XP_073794152,XP_056305019,3.319978713989258e-05,esm3-sm-open-v1
XP_073794151,XP_056305019,3.319978713989258e-05,esm3-sm-open-v1
NP_001025339,XP_056336653,3.0279159545898438e-05,esm3-sm-open-v1
XP_073809035,XP_056316509,6.878376007080078e-05,esm3-sm-open-v1
NP_956316,XP_056315425,3.933906555175781e-05,esm3-sm-open-v1
XP_005174019,XP_056303512,0.00022351741790771484,esm3-sm-open-v1
XP_017207761,XP_056335531,3.254413604736328e-05,esm3-sm-open-v1
NP_957004,XP_056314262,2.6404857635498047e-05,esm3-sm-open-v1
NP_957004,XP_056314263,2.6404857635498047e-05,esm3-sm-open-v1
NP_001002167,XP_056335813,9.065866470336914e-05,esm3-sm-open-v1
XP_021323173,XP_056333413,3.695487976074219e-05,esm3-sm-open-v1
NP_956526,XP_056330824,2.849102020263672e-05,esm3-sm-open-v1
XP_021322669,XP_056330996,6.467103958129883e-05,esm3-sm-open-v1
XP_073786928,XP_056335880,2.759695053100586e-05,esm3-sm-open-v1
XP_001919035,XP_056333417,3.844499588012695e-05,esm3-sm-open-v1
NP_001018426,XP_056334379,5.072355270385742e-05,esm3-sm-open-v1
NP_001025233,XP_056337382,0.00010389089584350586,esm3-sm-open-v1
NP_001018874,XP_056323550,3.5881996154785156e-05,esm3-sm-open-v1
XP_009300642,XP_056315803,0.0003145933151245117,esm3-sm-open-v1
NP_001020725,XP_056336785,3.159046173095703e-05,esm3-sm-open-v1
NP_001186664,XP_056334196,0.00011920928955078125,esm3-sm-open-v1
NP_001303598,XP_056307553,9.238719940185547e-05,esm3-sm-open-v1
NP_001313279,XP_056324353,8.64267349243164e-05,esm3-sm-open-v1
XP_005160914,XP_056301508,5.924701690673828e-05,esm3-sm-open-v1
NP_001092700,XP_056336059,4.0650367736816406e-05,esm3-sm-open-v1
XP_009294068,XP_056303347,4.202127456665039e-05,esm3-sm-open-v1
NP_001314829,XP_056332774,3.4749507904052734e-05,esm3-sm-open-v1
NP_998105,XP_056328134,2.5391578674316406e-05,esm3-sm-open-v1
XP_005173309,XP_056328134,2.5391578674316406e-05,esm3-sm-open-v1
XP_073809567,XP_056312717,7.826089859008789e-05,esm3-sm-open-v1
XP_005161742,XP_056303645,4.4226646423339844e-05,esm3-sm-open-v1
NP_001012505,XP_056325459,5.4836273193359375e-05,esm3-sm-open-v1
XP_009292801,XP_056336642,8.404254913330078e-06,esm3-sm-open-v1
XP_009293518,XP_056301944,5.424022674560547e-05,esm3-sm-open-v1
NP_001002538,XP_056321826,0.0001017451286315918,esm3-sm-open-v1
NP_001124080,XP_056334482,7.110834121704102e-05,esm3-sm-open-v1
NP_001309362,XP_056306417,3.2961368560791016e-05,esm3-sm-open-v1
XP_009303840,XP_056323189,4.0590763092041016e-05,esm3-sm-open-v1
NP_001352553,XP_056312836,6.99162483215332e-05,esm3-sm-open-v1
XP_073788685,XP_056337713,6.210803985595703e-05,esm3-sm-open-v1
NP_956014,XP_056306488,3.6716461181640625e-05,esm3-sm-open-v1
XP_021332842,XP_056316030,2.6881694793701172e-05,esm3-sm-open-v1
XP_073806710,XP_056313545,1.8894672393798828e-05,esm3-sm-open-v1
XP_021323595,XP_056334205,4.965066909790039e-05,esm3-sm-open-v1
NP_001091648,XP_056336412,8.338689804077148e-05,esm3-sm-open-v1
XP_021324464,XP_056301941,7.194280624389648e-05,esm3-sm-open-v1
XP_073809589,XP_056315293,8.863210678100586e-05,esm3-sm-open-v1
NP_571007,XP_056314099,2.9087066650390625e-05,esm3-sm-open-v1
NP_001007323,XP_056311653,0.00021827220916748047,esm3-sm-open-v1
XP_005168788,XP_056315688,2.0444393157958984e-05,esm3-sm-open-v1
XP_017213941,XP_056325460,5.447864532470703e-05,esm3-sm-open-v1
NP_571063,XP_056333843,0.00011211633682250977,esm3-sm-open-v1
XP_009305420,XP_056326484,2.092123031616211e-05,esm3-sm-open-v1
XP_005166482,XP_056318859,4.655122756958008e-05,esm3-sm-open-v1
XP_005171364,XP_056334347,3.713369369506836e-05,esm3-sm-open-v1
XP_001333925,XP_056324099,2.0563602447509766e-05,esm3-sm-open-v1
NP_001003541,XP_056305171,4.6372413635253906e-05,esm3-sm-open-v1
NP_991269,XP_056308647,2.9087066650390625e-05,esm3-sm-open-v1
XP_005162002,XP_056304854,2.6047229766845703e-05,esm3-sm-open-v1
XP_017211592,XP_056314350,3.236532211303711e-05,esm3-sm-open-v1
XP_009294937,XP_056304851,2.962350845336914e-05,esm3-sm-open-v1
XP_005164311,XP_056310232,3.5703182220458984e-05,esm3-sm-open-v1
XP_073807229,XP_056314365,7.277727127075195e-05,esm3-sm-open-v1
XP_017208322,XP_056302320,3.165006637573242e-05,esm3-sm-open-v1
NP_001305057,XP_056335995,6.502866744995117e-05,esm3-sm-open-v1
XP_021323509,XP_056334372,8.755922317504883e-05,esm3-sm-open-v1
NP_001116712,XP_056318222,0.003694891929626465,esm3-sm-open-v1
XP_001345419,XP_056322142,1.9073486328125e-05,esm3-sm-open-v1
XP_005162959,XP_056307191,3.3855438232421875e-05,esm3-sm-open-v1
XP_009293516,XP_056301941,4.661083221435547e-05,esm3-sm-open-v1
XP_005162172,XP_056305806,4.4465065002441406e-05,esm3-sm-open-v1
XP_005171853,XP_056313873,3.594160079956055e-05,esm3-sm-open-v1
XP_009298848,XP_056324698,2.5272369384765625e-05,esm3-sm-open-v1
XP_005158335,XP_056330993,5.990266799926758e-05,esm3-sm-open-v1
XP_073786690,XP_056336004,4.13060188293457e-05,esm3-sm-open-v1
NP_001116766,XP_056320553,5.918741226196289e-05,esm3-sm-open-v1
XP_021325835,XP_056307051,4.869699478149414e-05,esm3-sm-open-v1
NP_001313319,XP_056329861,6.324052810668945e-05,esm3-sm-open-v1
XP_009298565,XP_056311632,6.771087646484375e-05,esm3-sm-open-v1
NP_922918,XP_056314547,5.221366882324219e-05,esm3-sm-open-v1
NP_957330,XP_056327268,3.463029861450195e-05,esm3-sm-open-v1
XP_005163449,XP_056332003,7.283687591552734e-05,esm3-sm-open-v1
XP_021322123,XP_056329212,3.528594970703125e-05,esm3-sm-open-v1
XP_005157015,XP_056327151,3.30805778503418e-05,esm3-sm-open-v1
NP_001018459,XP_056305150,0.0017859339714050293,esm3-sm-open-v1
XP_009298559,XP_056311756,2.8312206268310547e-05,esm3-sm-open-v1
XP_073799312,XP_056310077,1.0848045349121094e-05,esm3-sm-open-v1
XP_073792773,XP_056303339,9.59634780883789e-05,esm3-sm-open-v1
XP_073807750,XP_056314782,3.439188003540039e-05,esm3-sm-open-v1
XP_073807754,XP_056314783,3.439188003540039e-05,esm3-sm-open-v1
XP_009295890,XP_056307082,9.238719940185547e-05,esm3-sm-open-v1
NP_956970,XP_056329264,5.125999450683594e-05,esm3-sm-open-v1
XP_009305257,XP_056325138,0.0002142786979675293,esm3-sm-open-v1
NP_571051,XP_056325319,2.6881694793701172e-05,esm3-sm-open-v1
XP_005163110,XP_056307852,2.9802322387695312e-05,esm3-sm-open-v1
NP_001035072,XP_056309880,0.00015413761138916016,esm3-sm-open-v1
NP_001035474,XP_056331058,6.896257400512695e-05,esm3-sm-open-v1
XP_009293550,XP_056303046,0.0013955235481262207,esm3-sm-open-v1
NP_001288285,XP_056331731,2.0623207092285156e-05,esm3-sm-open-v1
XP_073809718,XP_056315455,0.00011771917343139648,esm3-sm-open-v1
XP_005162893,XP_056306181,7.110834121704102e-05,esm3-sm-open-v1
XP_005156414,XP_056324940,4.1961669921875e-05,esm3-sm-open-v1
NP_001038884,XP_056325124,3.606081008911133e-05,esm3-sm-open-v1
XP_073809713,XP_056315455,0.00010079145431518555,esm3-sm-open-v1
XP_002666175,XP_056303346,4.2498111724853516e-05,esm3-sm-open-v1
NP_001025332,XP_056337362,3.93986701965332e-05,esm3-sm-open-v1
NP_001002746,XP_056314637,4.673004150390625e-05,esm3-sm-open-v1
XP_009301715,XP_056318084,0.00011152029037475586,esm3-sm-open-v1
XP_699295,XP_056333653,0.00016480684280395508,esm3-sm-open-v1
XP_073795525,XP_056304721,3.981590270996094e-05,esm3-sm-open-v1
NP_001333081,XP_056328812,3.618001937866211e-05,esm3-sm-open-v1
NP_878299,XP_056323225,5.1856040954589844e-05,esm3-sm-open-v1
XP_005159168,XP_056334197,0.00036346912384033203,esm3-sm-open-v1
NP_998122,XP_056328161,0.00010114908218383789,esm3-sm-open-v1
XP_073797393,XP_056309705,9.673833847045898e-05,esm3-sm-open-v1
XP_073797430,XP_056309705,9.673833847045898e-05,esm3-sm-open-v1
XP_009299941,XP_056314215,3.135204315185547e-05,esm3-sm-open-v1
NP_001032776,XP_056303837,3.170967102050781e-05,esm3-sm-open-v1
NP_001019576,XP_056321893,0.0012685656547546387,esm3-sm-open-v1
NP_001373634,XP_056320018,5.692243576049805e-05,esm3-sm-open-v1
NP_001013589,XP_056330569,3.2007694244384766e-05,esm3-sm-open-v1
XP_005171853,XP_056313869,2.6345252990722656e-05,esm3-sm-open-v1
XP_021334623,XP_056321269,3.409385681152344e-05,esm3-sm-open-v1
XP_005170746,XP_056308352,4.488229751586914e-05,esm3-sm-open-v1
XP_073796890,XP_056306128,3.135204315185547e-05,esm3-sm-open-v1
XP_009296480,XP_056307416,4.5299530029296875e-05,esm3-sm-open-v1
XP_005165354,XP_056314078,0.00012010335922241211,esm3-sm-open-v1
NP_998687,XP_056314077,0.00012177228927612305,esm3-sm-open-v1
XP_073788778,XP_056336759,4.410743713378906e-05,esm3-sm-open-v1
NP_001018174,XP_056327447,3.826618194580078e-05,esm3-sm-open-v1
XP_021322873,XP_056333488,1.5735626220703125e-05,esm3-sm-open-v1
NP_001417804,XP_056322676,2.6226043701171875e-05,esm3-sm-open-v1
XP_009304364,XP_056323705,2.3603439331054688e-05,esm3-sm-open-v1
XP_073797934,XP_056307912,4.0411949157714844e-05,esm3-sm-open-v1
XP_005170524,XP_056303370,2.7298927307128906e-05,esm3-sm-open-v1
NP_571692,XP_056319738,4.8100948333740234e-05,esm3-sm-open-v1
XP_009304049,XP_056324715,2.0444393157958984e-05,esm3-sm-open-v1
XP_685212,XP_056328385,5.811452865600586e-05,esm3-sm-open-v1
XP_073803043,XP_056312067,0.00012248754501342773,esm3-sm-open-v1
XP_009291105,XP_056332644,4.8100948333740234e-05,esm3-sm-open-v1
XP_073793053,XP_056310321,5.918741226196289e-05,esm3-sm-open-v1
XP_009294796,XP_056304574,0.00011670589447021484,esm3-sm-open-v1
XP_005157976,XP_056331922,2.9206275939941406e-05,esm3-sm-open-v1
XP_701004,XP_056313726,2.944469451904297e-05,esm3-sm-open-v1
XP_687246,XP_056331653,0.00016885995864868164,esm3-sm-open-v1
XP_005163095,XP_056307323,6.628036499023438e-05,esm3-sm-open-v1
XP_009296758,XP_056329888,1.8656253814697266e-05,esm3-sm-open-v1
XP_009299938,XP_056314211,3.1113624572753906e-05,esm3-sm-open-v1
NP_956820,XP_056321390,2.7120113372802734e-05,esm3-sm-open-v1
XP_002660941,XP_056336538,3.266334533691406e-05,esm3-sm-open-v1
NP_571909,XP_056320688,3.331899642944336e-05,esm3-sm-open-v1
XP_017207000,XP_056331387,4.559755325317383e-05,esm3-sm-open-v1
XP_009294043,XP_056303214,3.463029861450195e-05,esm3-sm-open-v1
XP_073806927,XP_056312809,5.030632019042969e-05,esm3-sm-open-v1
XP_005170122,XP_056335137,2.872943878173828e-05,esm3-sm-open-v1
XP_017208903,XP_056303299,3.719329833984375e-05,esm3-sm-open-v1
XP_005167631,XP_056321973,8.428096771240234e-05,esm3-sm-open-v1
NP_001315147,XP_056302038,6.866455078125e-05,esm3-sm-open-v1
XP_686465,XP_056309974,2.5033950805664062e-05,esm3-sm-open-v1
NP_001037812,XP_056334635,7.897615432739258e-05,esm3-sm-open-v1
NP_001296328,XP_056318993,1.5079975128173828e-05,esm3-sm-open-v1
XP_073785568,XP_056334847,2.8133392333984375e-05,esm3-sm-open-v1
NP_996983,XP_056318902,6.222724914550781e-05,esm3-sm-open-v1
NP_001013310,XP_056333557,0.00019568204879760742,esm3-sm-open-v1
NP_001002563,XP_056332847,5.6624412536621094e-05,esm3-sm-open-v1
NP_001373597,XP_056307381,2.473592758178711e-05,esm3-sm-open-v1
NP_001373597,XP_056308330,2.473592758178711e-05,esm3-sm-open-v1
XP_017209580,XP_056307915,3.218650817871094e-05,esm3-sm-open-v1
XP_005156569,XP_056326878,7.12275505065918e-05,esm3-sm-open-v1
NP_001410745,XP_056316899,2.4437904357910156e-05,esm3-sm-open-v1
XP_073799483,XP_056316896,2.4437904357910156e-05,esm3-sm-open-v1
XP_005171231,XP_056328870,0.00011974573135375977,esm3-sm-open-v1
NP_957128,XP_056325629,4.488229751586914e-05,esm3-sm-open-v1
XP_073808198,XP_056313592,0.0008944272994995117,esm3-sm-open-v1
NP_571808,XP_056327888,2.9802322387695312e-05,esm3-sm-open-v1
XP_002666892,XP_056307406,2.8252601623535156e-05,esm3-sm-open-v1
XP_073810615,XP_056316374,3.0994415283203125e-05,esm3-sm-open-v1
NP_001185672,XP_056324153,2.0384788513183594e-05,esm3-sm-open-v1
NP_001073638,XP_056315399,3.93986701965332e-05,esm3-sm-open-v1
NP_001299827,XP_056315438,6.431341171264648e-05,esm3-sm-open-v1
XP_073807645,XP_056314598,4.684925079345703e-05,esm3-sm-open-v1
XP_017211857,XP_056314596,4.684925079345703e-05,esm3-sm-open-v1
NP_001352192,XP_056307959,3.069639205932617e-05,esm3-sm-open-v1
XP_005160305,XP_056312692,3.153085708618164e-05,esm3-sm-open-v1
NP_001017750,XP_056327161,3.540515899658203e-05,esm3-sm-open-v1
XP_017208125,XP_056336697,3.254413604736328e-05,esm3-sm-open-v1
XP_073790618,XP_056302766,8.416175842285156e-05,esm3-sm-open-v1
XP_009293168,XP_056337535,3.93986701965332e-05,esm3-sm-open-v1
XP_073806873,XP_056313900,3.0875205993652344e-05,esm3-sm-open-v1
XP_005172157,XP_056316429,3.30805778503418e-05,esm3-sm-open-v1
XP_009294606,XP_056304113,0.0010312795639038086,esm3-sm-open-v1
NP_001002401,XP_056335233,1.0371208190917969e-05,esm3-sm-open-v1
XP_005173357,XP_056328462,7.611513137817383e-05,esm3-sm-open-v1
XP_021328692,XP_056330702,7.003545761108398e-05,esm3-sm-open-v1
XP_073805890,XP_056313692,8.934736251831055e-05,esm3-sm-open-v1
XP_021334284,XP_056321971,8.869171142578125e-05,esm3-sm-open-v1
NP_001093492,XP_056335674,2.9802322387695312e-05,esm3-sm-open-v1
XP_073805827,XP_056312860,2.0623207092285156e-05,esm3-sm-open-v1
XP_073805887,XP_056313688,7.140636444091797e-05,esm3-sm-open-v1
XP_005167303,XP_056319238,4.881620407104492e-05,esm3-sm-open-v1
XP_009299939,XP_056314210,3.141164779663086e-05,esm3-sm-open-v1
NP_001038838,XP_056302028,0.0001919865608215332,esm3-sm-open-v1
XP_009303436,XP_056322725,2.7477741241455078e-05,esm3-sm-open-v1
NP_001373597,XP_056316896,6.54458999633789e-05,esm3-sm-open-v1
XP_002664717,XP_056329503,3.68952751159668e-05,esm3-sm-open-v1
XP_005158389,XP_056330882,3.701448440551758e-05,esm3-sm-open-v1
NP_957369,XP_056321297,6.371736526489258e-05,esm3-sm-open-v1
XP_021332842,XP_056316031,3.170967102050781e-05,esm3-sm-open-v1
XP_073793726,XP_056304174,3.355741500854492e-05,esm3-sm-open-v1
XP_073805888,XP_056313688,8.612871170043945e-05,esm3-sm-open-v1
NP_001157866,XP_056331565,3.0219554901123047e-05,esm3-sm-open-v1
XP_021324693,XP_056303050,6.097555160522461e-05,esm3-sm-open-v1
NP_001002443,XP_056323616,2.771615982055664e-05,esm3-sm-open-v1
XP_073785570,XP_056334849,2.8133392333984375e-05,esm3-sm-open-v1
XP_073795049,XP_056305191,2.1696090698242188e-05,esm3-sm-open-v1
XP_073797104,XP_056307153,3.725290298461914e-05,esm3-sm-open-v1
XP_001919229,XP_056317106,6.67572021484375e-05,esm3-sm-open-v1
XP_005167910,XP_056321591,2.491474151611328e-05,esm3-sm-open-v1
XP_005163199,XP_056307441,3.725290298461914e-05,esm3-sm-open-v1
NP_001186667,XP_056306565,2.8848648071289062e-05,esm3-sm-open-v1
XP_009301419,XP_056317302,1.6033649444580078e-05,esm3-sm-open-v1
NP_001006046,XP_056326542,0.00012743473052978516,esm3-sm-open-v1
XP_073792069,XP_056302183,2.2172927856445312e-05,esm3-sm-open-v1
XP_073789793,XP_056301361,3.415346145629883e-05,esm3-sm-open-v1
XP_017206847,XP_056332291,2.771615982055664e-05,esm3-sm-open-v1
XP_021332107,XP_056313480,3.463029861450195e-05,esm3-sm-open-v1
NP_001018484,XP_056328284,0.0001068115234375,esm3-sm-open-v1
NP_001373572,XP_056309712,1.6808509826660156e-05,esm3-sm-open-v1
XP_009304679,XP_056325078,3.5762786865234375e-05,esm3-sm-open-v1
NP_998310,XP_056319168,0.0001837015151977539,esm3-sm-open-v1
XP_690143,XP_056321285,2.6226043701171875e-05,esm3-sm-open-v1
XP_021330679,XP_056311645,4.8100948333740234e-05,esm3-sm-open-v1
NP_991181,XP_056331880,3.2067298889160156e-05,esm3-sm-open-v1
NP_001259009,XP_056304079,3.135204315185547e-05,esm3-sm-open-v1
XP_021333530,XP_056317519,2.0742416381835938e-05,esm3-sm-open-v1
XP_005174422,XP_056307495,3.814697265625e-05,esm3-sm-open-v1
XP_073788782,XP_056336764,6.54458999633789e-05,esm3-sm-open-v1
NP_998665,XP_056319460,6.139278411865234e-05,esm3-sm-open-v1
NP_956081,XP_056334440,1.2516975402832031e-05,esm3-sm-open-v1
XP_005163912,XP_056309310,1.7404556274414062e-05,esm3-sm-open-v1
XP_073792404,XP_056309311,1.7404556274414062e-05,esm3-sm-open-v1
XP_073792411,XP_056309312,1.7404556274414062e-05,esm3-sm-open-v1
NP_571337,XP_056308164,1.895427703857422e-05,esm3-sm-open-v1
XP_073786749,XP_056335452,3.129243850708008e-05,esm3-sm-open-v1
XP_021324055,XP_056337747,4.315376281738281e-05,esm3-sm-open-v1
XP_002660860,XP_056330777,1.823902130126953e-05,esm3-sm-open-v1
XP_009292938,XP_056336870,1.245737075805664e-05,esm3-sm-open-v1
XP_005163278,XP_056308337,4.1425228118896484e-05,esm3-sm-open-v1
XP_009302274,XP_056319589,0.00011926889419555664,esm3-sm-open-v1
XP_073809281,XP_056312751,2.2709369659423828e-05,esm3-sm-open-v1
NP_955924,XP_056302715,1.2576580047607422e-05,esm3-sm-open-v1
NP_001186030,XP_056305920,6.252527236938477e-05,esm3-sm-open-v1
NP_001122233,XP_056326889,1.8298625946044922e-05,esm3-sm-open-v1
XP_073808308,XP_056312760,0.0005316734313964844,esm3-sm-open-v1
NP_001001944,XP_056337407,3.0040740966796875e-05,esm3-sm-open-v1
XP_005163529,XP_056333826,3.6597251892089844e-05,esm3-sm-open-v1
XP_009289844,XP_056328973,4.559755325317383e-05,esm3-sm-open-v1
XP_001920772,XP_056307479,0.00011670589447021484,esm3-sm-open-v1
XP_005165946,XP_056316036,4.2438507080078125e-05,esm3-sm-open-v1
XP_005167440,XP_056319327,4.458427429199219e-05,esm3-sm-open-v1
XP_686522,XP_056315499,0.002048194408416748,esm3-sm-open-v1
NP_997893,XP_056314649,3.063678741455078e-05,esm3-sm-open-v1
NP_001009916,XP_056305931,0.0031948089599609375,esm3-sm-open-v1
XP_017210771,XP_056311906,3.4928321838378906e-05,esm3-sm-open-v1
NP_001003558,XP_056315411,1.52587890625e-05,esm3-sm-open-v1
XP_009293049,XP_056301321,1.2874603271484375e-05,esm3-sm-open-v1
XP_005158270,XP_056331445,4.011392593383789e-05,esm3-sm-open-v1
XP_005158696,XP_056333504,0.0023009181022644043,esm3-sm-open-v1
XP_697248,XP_056301645,5.239248275756836e-05,esm3-sm-open-v1
XP_009305424,XP_056327185,6.079673767089844e-05,esm3-sm-open-v1
XP_001922486,XP_056307506,2.8073787689208984e-05,esm3-sm-open-v1
XP_009301421,XP_056317307,1.9669532775878906e-05,esm3-sm-open-v1
XP_009290348,XP_056331159,1.8775463104248047e-05,esm3-sm-open-v1
XP_017211644,XP_056314220,2.47955322265625e-05,esm3-sm-open-v1
XP_009290439,XP_056330848,1.8298625946044922e-05,esm3-sm-open-v1
NP_001007454,XP_056317574,2.9325485229492188e-05,esm3-sm-open-v1
NP_001038283,XP_056337593,3.3736228942871094e-05,esm3-sm-open-v1
XP_005158406,XP_056331175,2.6345252990722656e-05,esm3-sm-open-v1
NP_956688,XP_056313582,4.374980926513672e-05,esm3-sm-open-v1
XP_699069,XP_056335411,0.0001074075698852539,esm3-sm-open-v1
NP_001017738,XP_056328580,8.225440979003906e-06,esm3-sm-open-v1
NP_957219,XP_056306119,0.0008916258811950684,esm3-sm-open-v1
XP_073807099,XP_056313405,2.6166439056396484e-05,esm3-sm-open-v1
NP_955863,XP_056333639,4.1365623474121094e-05,esm3-sm-open-v1
XP_021333509,XP_056317489,1.4007091522216797e-05,esm3-sm-open-v1
NP_998046,XP_056329963,5.263090133666992e-05,esm3-sm-open-v1
NP_957406,XP_056309602,4.9233436584472656e-05,esm3-sm-open-v1
NP_001082799,XP_056323229,9.608268737792969e-05,esm3-sm-open-v1
XP_009294593,XP_056303203,6.979703903198242e-05,esm3-sm-open-v1
XP_021323602,XP_056334744,0.00010287761688232422,esm3-sm-open-v1
XP_021334299,XP_056321722,1.0251998901367188e-05,esm3-sm-open-v1
XP_073801321,XP_056315774,3.3736228942871094e-05,esm3-sm-open-v1
NP_001038624,XP_056335506,2.2113323211669922e-05,esm3-sm-open-v1
XP_009289324,XP_056328792,3.88026237487793e-05,esm3-sm-open-v1
XP_073797848,XP_056307418,3.3736228942871094e-05,esm3-sm-open-v1
XP_021326885,XP_056314497,2.6702880859375e-05,esm3-sm-open-v1
NP_001232892,XP_056316901,0.00010269880294799805,esm3-sm-open-v1
NP_998576,XP_056326236,5.1021575927734375e-05,esm3-sm-open-v1
NP_001116722,XP_056316015,4.208087921142578e-05,esm3-sm-open-v1
XP_073795974,XP_056304761,0.00018662214279174805,esm3-sm-open-v1
NP_001002726,XP_056333394,3.349781036376953e-05,esm3-sm-open-v1
XP_021323643,XP_056336438,1.996755599975586e-05,esm3-sm-open-v1
XP_073796354,XP_056307006,2.2351741790771484e-05,esm3-sm-open-v1
XP_073805435,XP_056318838,2.0802021026611328e-05,esm3-sm-open-v1
XP_009302008,XP_056320106,1.7523765563964844e-05,esm3-sm-open-v1
NP_001333153,XP_056330879,1.800060272216797e-05,esm3-sm-open-v1
XP_017213029,XP_056319078,2.187490463256836e-05,esm3-sm-open-v1
XP_021331668,XP_056305491,5.906820297241211e-05,esm3-sm-open-v1
NP_001005952,XP_056324718,5.525350570678711e-05,esm3-sm-open-v1
NP_571048,XP_056329489,1.8656253814697266e-05,esm3-sm-open-v1
XP_009301954,XP_056316898,0.00010001659393310547,esm3-sm-open-v1
XP_073787309,XP_056335192,2.485513687133789e-05,esm3-sm-open-v1
XP_021334311,XP_056337440,4.655122756958008e-05,esm3-sm-open-v1
XP_021326256,XP_056308215,1.7642974853515625e-05,esm3-sm-open-v1
XP_073787339,XP_056335957,1.9490718841552734e-05,esm3-sm-open-v1
XP_005159582,XP_056335960,1.9490718841552734e-05,esm3-sm-open-v1
XP_073787339,XP_056335958,1.9490718841552734e-05,esm3-sm-open-v1
XP_017207957,XP_056337376,6.252527236938477e-05,esm3-sm-open-v1
NP_001004007,XP_056337376,6.252527236938477e-05,esm3-sm-open-v1
XP_021324704,XP_056302122,1.9550323486328125e-05,esm3-sm-open-v1
NP_001289171,XP_056337738,2.086162567138672e-05,esm3-sm-open-v1
NP_997870,XP_056331656,0.00014358758926391602,esm3-sm-open-v1
XP_005164167,XP_056309858,2.1457672119140625e-05,esm3-sm-open-v1
NP_570989,XP_056329758,1.2874603271484375e-05,esm3-sm-open-v1
NP_001074095,XP_056313820,1.0132789611816406e-05,esm3-sm-open-v1
NP_571359,XP_056333602,2.0205974578857422e-05,esm3-sm-open-v1
NP_571959,XP_056319456,1.919269561767578e-05,esm3-sm-open-v1
XP_005169787,XP_056329162,2.3663043975830078e-05,esm3-sm-open-v1
XP_021335822,XP_056325411,8.749961853027344e-05,esm3-sm-open-v1
XP_005166450,XP_056317456,1.531839370727539e-05,esm3-sm-open-v1
NP_958466,XP_056326616,4.6372413635253906e-05,esm3-sm-open-v1
NP_001002496,XP_056314478,1.2636184692382812e-05,esm3-sm-open-v1
XP_009292948,XP_056336763,4.13060188293457e-05,esm3-sm-open-v1
XP_021334181,XP_056320583,4.673004150390625e-05,esm3-sm-open-v1
XP_073810894,XP_056316660,1.4722347259521484e-05,esm3-sm-open-v1
NP_956804,XP_056305200,7.56978988647461e-05,esm3-sm-open-v1
XP_005163797,XP_056309133,4.416704177856445e-05,esm3-sm-open-v1
XP_021330936,XP_056311580,1.6987323760986328e-05,esm3-sm-open-v1
NP_571856,XP_056316180,2.300739288330078e-05,esm3-sm-open-v1
NP_958482,XP_056309180,4.416704177856445e-05,esm3-sm-open-v1
XP_009304999,XP_056325409,3.600120544433594e-05,esm3-sm-open-v1
XP_073798405,XP_056307355,2.0802021026611328e-05,esm3-sm-open-v1
NP_001014326,XP_056302597,2.199411392211914e-05,esm3-sm-open-v1
NP_001103940,XP_056315988,1.990795135498047e-05,esm3-sm-open-v1
NP_001073421,XP_056327747,1.9848346710205078e-05,esm3-sm-open-v1
NP_001243593,XP_056307288,3.314018249511719e-05,esm3-sm-open-v1
XP_021330744,XP_056311549,2.580881118774414e-05,esm3-sm-open-v1
XP_073788213,XP_056337742,2.0205974578857422e-05,esm3-sm-open-v1
XP_009297645,XP_056309317,0.001150965690612793,esm3-sm-open-v1
NP_001107092,XP_056319881,5.8650970458984375e-05,esm3-sm-open-v1
XP_021335251,XP_056324371,4.857778549194336e-05,esm3-sm-open-v1
XP_021324268,XP_056328352,5.5789947509765625e-05,esm3-sm-open-v1
XP_021332762,XP_056315738,3.606081008911133e-05,esm3-sm-open-v1
XP_021325852,XP_056306231,1.33514404296875e-05,esm3-sm-open-v1
XP_021333062,XP_056318273,1.6868114471435547e-05,esm3-sm-open-v1
NP_571308,XP_056324633,2.110004425048828e-05,esm3-sm-open-v1
XP_009305769,XP_056326920,2.0742416381835938e-05,esm3-sm-open-v1
XP_005159410,XP_056336219,1.5437602996826172e-05,esm3-sm-open-v1
NP_998404,XP_056324346,1.806020736694336e-05,esm3-sm-open-v1
XP_005161463,XP_056302211,2.378225326538086e-05,esm3-sm-open-v1
XP_691871,XP_056301814,2.956390380859375e-05,esm3-sm-open-v1
XP_017213450,XP_056333308,1.9371509552001953e-05,esm3-sm-open-v1
XP_005170633,XP_056305332,1.7344951629638672e-05,esm3-sm-open-v1
XP_073791731,XP_056301744,1.5437602996826172e-05,esm3-sm-open-v1
XP_021322820,XP_056333394,2.2530555725097656e-05,esm3-sm-open-v1
XP_009292082,XP_056333939,3.2842159271240234e-05,esm3-sm-open-v1
XP_009300452,XP_056315516,3.075599670410156e-05,esm3-sm-open-v1
XP_685746,XP_056305656,3.820657730102539e-05,esm3-sm-open-v1
XP_021323593,XP_056333774,3.153085708618164e-05,esm3-sm-open-v1
XP_021334493,XP_056320647,1.7702579498291016e-05,esm3-sm-open-v1
XP_003200233,XP_056331736,1.52587890625e-05,esm3-sm-open-v1
XP_009292307,XP_056335196,2.765655517578125e-05,esm3-sm-open-v1
XP_009296842,XP_056332889,2.7120113372802734e-05,esm3-sm-open-v1
XP_021333247,XP_056317774,1.52587890625e-05,esm3-sm-open-v1
NP_958445,XP_056329281,1.8835067749023438e-05,esm3-sm-open-v1
NP_775357,XP_056331184,2.9265880584716797e-05,esm3-sm-open-v1
NP_001076500,XP_056315575,1.0311603546142578e-05,esm3-sm-open-v1
XP_017206474,XP_056330044,2.2411346435546875e-05,esm3-sm-open-v1
NP_001122045,XP_056330526,1.9490718841552734e-05,esm3-sm-open-v1
XP_001921766,XP_056305744,3.7610530853271484e-05,esm3-sm-open-v1
NP_998525,XP_056335666,6.020069122314453e-06,esm3-sm-open-v1
XP_009292082,XP_056333937,4.506111145019531e-05,esm3-sm-open-v1
XP_073786189,XP_056334332,5.3822994232177734e-05,esm3-sm-open-v1
NP_001032316,XP_056322811,1.71661376953125e-05,esm3-sm-open-v1
XP_009290987,XP_056302852,3.153085708618164e-05,esm3-sm-open-v1
XP_005156890,XP_056326676,2.6345252990722656e-05,esm3-sm-open-v1
XP_005169361,XP_056324768,1.811981201171875e-05,esm3-sm-open-v1
XP_002665057,XP_056331590,1.4543533325195312e-05,esm3-sm-open-v1
XP_021335841,XP_056325121,2.7239322662353516e-05,esm3-sm-open-v1
XP_005165243,XP_056313494,3.0219554901123047e-05,esm3-sm-open-v1
XP_021336126,XP_056326070,9.357929229736328e-06,esm3-sm-open-v1
XP_005155582,XP_056323077,7.420778274536133e-05,esm3-sm-open-v1
NP_956829,XP_056321271,0.00010436773300170898,esm3-sm-open-v1
NP_956464,XP_056336820,0.0001315474510192871,esm3-sm-open-v1
XP_005169279,XP_056322500,4.2498111724853516e-05,esm3-sm-open-v1
NP_956447,XP_056315656,0.0002231001853942871,esm3-sm-open-v1
XP_009294228,XP_056303217,4.476308822631836e-05,esm3-sm-open-v1
NP_705938,XP_056305454,2.47955322265625e-05,esm3-sm-open-v1
XP_003201233,XP_056305198,4.678964614868164e-05,esm3-sm-open-v1
NP_001185701,XP_056315744,1.4722347259521484e-05,esm3-sm-open-v1
XP_009298264,XP_056312032,1.7464160919189453e-05,esm3-sm-open-v1
XP_005162427,XP_056305574,1.6570091247558594e-05,esm3-sm-open-v1
XP_002667227,XP_056327889,6.872415542602539e-05,esm3-sm-open-v1
NP_001070217,XP_056316914,9.584426879882812e-05,esm3-sm-open-v1
NP_998185,XP_056311704,0.0001036524772644043,esm3-sm-open-v1
XP_005164788,XP_056311704,8.404254913330078e-05,esm3-sm-open-v1
XP_073797874,XP_056307426,1.4901161193847656e-05,esm3-sm-open-v1
XP_009300420,XP_056315392,3.1948089599609375e-05,esm3-sm-open-v1
NP_001030160,XP_056312585,2.2590160369873047e-05,esm3-sm-open-v1
XP_073798248,XP_056308217,1.5556812286376953e-05,esm3-sm-open-v1
NP_001032179,XP_056324212,1.627206802368164e-05,esm3-sm-open-v1
XP_005169335,XP_056324646,1.2814998626708984e-05,esm3-sm-open-v1
NP_997832,XP_056302061,4.118680953979492e-05,esm3-sm-open-v1
XP_073806557,XP_056314394,3.62396240234375e-05,esm3-sm-open-v1
NP_001315481,XP_056310552,1.0907649993896484e-05,esm3-sm-open-v1
NP_001074085,XP_056314611,3.6835670471191406e-05,esm3-sm-open-v1
XP_682848,XP_056315120,3.5822391510009766e-05,esm3-sm-open-v1
XP_005159907,XP_056304425,3.695487976074219e-05,esm3-sm-open-v1
XP_073794731,XP_056309336,3.0934810638427734e-05,esm3-sm-open-v1
XP_005162716,XP_056306497,2.956390380859375e-05,esm3-sm-open-v1
XP_073785117,XP_056334038,1.537799835205078e-05,esm3-sm-open-v1
XP_009290638,XP_056331554,8.58306884765625e-06,esm3-sm-open-v1
XP_009301685,XP_056317974,1.3530254364013672e-05,esm3-sm-open-v1
NP_001002459,XP_056317761,1.3649463653564453e-05,esm3-sm-open-v1
NP_001025275,XP_056326784,2.9921531677246094e-05,esm3-sm-open-v1
XP_073810682,XP_056316423,1.5735626220703125e-05,esm3-sm-open-v1
NP_001004571,XP_056332543,4.3332576751708984e-05,esm3-sm-open-v1
XP_005166451,XP_056317459,1.919269561767578e-05,esm3-sm-open-v1
NP_001037813,XP_056332876,1.341104507446289e-05,esm3-sm-open-v1
NP_571836,XP_056315568,1.6570091247558594e-05,esm3-sm-open-v1
XP_021336334,XP_056326736,1.6570091247558594e-05,esm3-sm-open-v1
XP_005158154,XP_056330827,2.4259090423583984e-05,esm3-sm-open-v1
XP_073791346,XP_056302306,1.6689300537109375e-05,esm3-sm-open-v1
XP_073791342,XP_056302306,1.6689300537109375e-05,esm3-sm-open-v1
XP_009293789,XP_056302749,2.3663043975830078e-05,esm3-sm-open-v1
NP_001315012,XP_056319133,2.0444393157958984e-05,esm3-sm-open-v1
XP_009292419,XP_056335381,0.0007108449935913086,esm3-sm-open-v1
XP_017208544,XP_056302684,1.2516975402832031e-05,esm3-sm-open-v1
XP_073809475,XP_056315665,0.0008072853088378906,esm3-sm-open-v1
XP_005162270,XP_056304656,3.337860107421875e-05,esm3-sm-open-v1
XP_009297689,XP_056309427,8.404254913330078e-06,esm3-sm-open-v1
XP_009297687,XP_056309426,1.806020736694336e-05,esm3-sm-open-v1
XP_009296216,XP_056307877,3.421306610107422e-05,esm3-sm-open-v1
NP_001153139,XP_056336770,6.330013275146484e-05,esm3-sm-open-v1
NP_001121885,XP_056313371,1.2993812561035156e-05,esm3-sm-open-v1
NP_001004600,XP_056328038,2.5272369384765625e-05,esm3-sm-open-v1
XP_005173707,XP_056333942,2.1517276763916016e-05,esm3-sm-open-v1
XP_073810627,XP_056316417,1.2814998626708984e-05,esm3-sm-open-v1
NP_001013519,XP_056326426,1.0311603546142578e-05,esm3-sm-open-v1
XP_005169383,XP_056324535,1.3649463653564453e-05,esm3-sm-open-v1
XP_021329873,XP_056322837,5.424022674560547e-06,esm3-sm-open-v1
XP_005167088,XP_056319547,4.470348358154297e-05,esm3-sm-open-v1
XP_009300257,XP_056314738,6.270408630371094e-05,esm3-sm-open-v1
XP_073810887,XP_056316654,1.519918441772461e-05,esm3-sm-open-v1
XP_021336991,XP_056330345,9.000301361083984e-06,esm3-sm-open-v1
NP_571574,XP_056311100,3.701448440551758e-05,esm3-sm-open-v1
XP_009290217,XP_056329908,0.000263214111328125,esm3-sm-open-v1
XP_009293757,XP_056302439,9.238719940185547e-06,esm3-sm-open-v1
NP_001417788,XP_056334113,2.3245811462402344e-05,esm3-sm-open-v1
XP_009304425,XP_056324765,4.357099533081055e-05,esm3-sm-open-v1
XP_073808541,XP_056316691,2.6285648345947266e-05,esm3-sm-open-v1
XP_021325744,XP_056305899,9.357929229736328e-06,esm3-sm-open-v1
XP_017211970,XP_056316604,4.553794860839844e-05,esm3-sm-open-v1
NP_001018471,XP_056331312,3.534555435180664e-05,esm3-sm-open-v1
NP_001182336,XP_056317976,1.2040138244628906e-05,esm3-sm-open-v1
NP_001018580,XP_056306503,1.3113021850585938e-05,esm3-sm-open-v1
NP_001315096,XP_056332311,2.8908252716064453e-05,esm3-sm-open-v1
XP_017213206,XP_056321041,3.0875205993652344e-05,esm3-sm-open-v1
NP_001039014,XP_056330517,5.137920379638672e-05,esm3-sm-open-v1
XP_005163374,XP_056330435,2.7120113372802734e-05,esm3-sm-open-v1
XP_073785784,XP_056333775,3.4689903259277344e-05,esm3-sm-open-v1
XP_009290329,XP_056331211,9.185075759887695e-05,esm3-sm-open-v1
XP_021323777,XP_056335204,9.775161743164062e-06,esm3-sm-open-v1
XP_073796039,XP_056307012,2.580881118774414e-05,esm3-sm-open-v1
XP_009299745,XP_056301440,1.1742115020751953e-05,esm3-sm-open-v1
XP_005156856,XP_056326492,3.3915042877197266e-05,esm3-sm-open-v1
XP_691455,XP_056325528,5.4836273193359375e-05,esm3-sm-open-v1
NP_001003883,XP_056324579,2.9802322387695312e-05,esm3-sm-open-v1
XP_073794634,XP_056309571,2.3663043975830078e-05,esm3-sm-open-v1
NP_001352121,XP_056323658,0.00021982192993164062,esm3-sm-open-v1
XP_009302165,XP_056319772,3.7670135498046875e-05,esm3-sm-open-v1
NP_001313379,XP_056324106,3.159046173095703e-05,esm3-sm-open-v1
XP_005163656,XP_056332930,2.962350845336914e-05,esm3-sm-open-v1
XP_009296909,XP_056334385,6.318092346191406e-06,esm3-sm-open-v1
NP_919343,XP_056304910,6.9141387939453125e-06,esm3-sm-open-v1
XP_005162390,XP_056305691,3.4749507904052734e-05,esm3-sm-open-v1
XP_009296078,XP_056307399,7.987022399902344e-06,esm3-sm-open-v1
NP_001092228,XP_056322105,1.7404556274414062e-05,esm3-sm-open-v1
XP_699475,XP_056314614,2.5987625122070312e-05,esm3-sm-open-v1
XP_003199781,XP_056326690,5.942583084106445e-05,esm3-sm-open-v1
NP_001272463,XP_056303792,6.479024887084961e-05,esm3-sm-open-v1
XP_073792656,XP_056303713,3.0934810638427734e-05,esm3-sm-open-v1
NP_001104751,XP_056310080,1.1920928955078125e-05,esm3-sm-open-v1
XP_005159295,XP_056333820,3.4332275390625e-05,esm3-sm-open-v1
XP_005157523,XP_056329226,0.00010138750076293945,esm3-sm-open-v1
XP_009299925,XP_056314179,9.381771087646484e-05,esm3-sm-open-v1
NP_001038323,XP_056335106,2.9861927032470703e-05,esm3-sm-open-v1
XP_017213324,XP_056321574,5.990266799926758e-05,esm3-sm-open-v1
XP_021332546,XP_056316135,1.9371509552001953e-05,esm3-sm-open-v1
XP_073803145,XP_056311947,9.655952453613281e-06,esm3-sm-open-v1
XP_009302264,XP_056319465,2.4199485778808594e-05,esm3-sm-open-v1
XP_009294225,XP_056304401,1.436471939086914e-05,esm3-sm-open-v1
XP_005171035,XP_056312607,1.0848045349121094e-05,esm3-sm-open-v1
XP_005171035,XP_056312609,1.0848045349121094e-05,esm3-sm-open-v1
XP_009292116,XP_056312610,1.0848045349121094e-05,esm3-sm-open-v1
XP_005171034,XP_056312608,1.0848045349121094e-05,esm3-sm-open-v1
NP_001018394,XP_056332087,5.5909156799316406e-05,esm3-sm-open-v1
XP_073797492,XP_056306760,9.59634780883789e-06,esm3-sm-open-v1
XP_073797492,XP_056306761,9.59634780883789e-06,esm3-sm-open-v1
XP_073797486,XP_056306760,9.59634780883789e-06,esm3-sm-open-v1
NP_001012508,XP_056331067,1.9669532775878906e-05,esm3-sm-open-v1
XP_073802899,XP_056311136,3.7550926208496094e-05,esm3-sm-open-v1
XP_009304297,XP_056324747,2.1576881408691406e-05,esm3-sm-open-v1
XP_017208637,XP_056303708,3.224611282348633e-05,esm3-sm-open-v1
XP_021333867,XP_056319674,1.0728836059570312e-05,esm3-sm-open-v1
NP_001352582,XP_056318258,1.5795230865478516e-05,esm3-sm-open-v1
XP_005157636,XP_056329224,1.8596649169921875e-05,esm3-sm-open-v1
XP_073809292,XP_056316357,9.179115295410156e-06,esm3-sm-open-v1
XP_073809299,XP_056316353,9.834766387939453e-06,esm3-sm-open-v1
XP_073809300,XP_056316352,9.834766387939453e-06,esm3-sm-open-v1
XP_003197866,XP_056328399,1.4543533325195312e-05,esm3-sm-open-v1
XP_073810553,XP_056327040,6.562471389770508e-05,esm3-sm-open-v1
XP_073792666,XP_056303715,4.5180320739746094e-05,esm3-sm-open-v1
NP_001123295,XP_056315700,3.3855438232421875e-05,esm3-sm-open-v1
XP_005165053,XP_056312033,1.901388168334961e-05,esm3-sm-open-v1
XP_009304202,XP_056324285,4.291534423828125e-05,esm3-sm-open-v1
NP_001071018,XP_056327533,3.737211227416992e-05,esm3-sm-open-v1
XP_001343041,XP_056302900,1.8656253814697266e-05,esm3-sm-open-v1
NP_958455,XP_056309794,5.125999450683594e-06,esm3-sm-open-v1
NP_001070932,XP_056331522,1.6987323760986328e-05,esm3-sm-open-v1
XP_073809219,XP_056316196,2.0623207092285156e-05,esm3-sm-open-v1
XP_009293684,XP_056303149,1.919269561767578e-05,esm3-sm-open-v1
XP_009295656,XP_056307017,1.8596649169921875e-05,esm3-sm-open-v1
NP_955934,XP_056307832,9.018182754516602e-05,esm3-sm-open-v1
XP_073809057,XP_056312921,1.2874603271484375e-05,esm3-sm-open-v1
NP_001013585,XP_056318986,1.2099742889404297e-05,esm3-sm-open-v1
NP_001092892,XP_056308200,2.5272369384765625e-05,esm3-sm-open-v1
XP_021333082,XP_056318878,1.341104507446289e-05,esm3-sm-open-v1
NP_001013554,XP_056334357,0.005794048309326172,esm3-sm-open-v1
NP_001002446,XP_056330432,4.00543212890625e-05,esm3-sm-open-v1
NP_001038364,XP_056337656,8.52346420288086e-06,esm3-sm-open-v1
XP_001344260,XP_056327483,7.43865966796875e-05,esm3-sm-open-v1
XP_005157080,XP_056326304,1.3887882232666016e-05,esm3-sm-open-v1
XP_009301396,XP_056317199,1.150369644165039e-05,esm3-sm-open-v1
XP_073788786,XP_056336770,1.4841556549072266e-05,esm3-sm-open-v1
XP_017208299,XP_056301970,1.5079975128173828e-05,esm3-sm-open-v1
XP_009289755,XP_056315189,1.1026859283447266e-05,esm3-sm-open-v1
NP_955963,XP_056328843,1.1205673217773438e-05,esm3-sm-open-v1
XP_005164123,XP_056309651,1.1563301086425781e-05,esm3-sm-open-v1
XP_005159647,XP_056336383,1.5735626220703125e-05,esm3-sm-open-v1
XP_021324370,XP_056337051,2.7060508728027344e-05,esm3-sm-open-v1
NP_998551,XP_056320095,2.2530555725097656e-05,esm3-sm-open-v1
XP_005167978,XP_056321832,3.6656856536865234e-05,esm3-sm-open-v1
XP_009295591,XP_056328146,1.722574234008789e-05,esm3-sm-open-v1
NP_001002409,XP_056308087,1.9431114196777344e-05,esm3-sm-open-v1
XP_009306021,XP_056327765,1.4781951904296875e-05,esm3-sm-open-v1
XP_009293761,XP_056303071,7.331371307373047e-06,esm3-sm-open-v1
NP_001268926,XP_056323600,1.329183578491211e-05,esm3-sm-open-v1
NP_956636,XP_056334240,1.33514404296875e-05,esm3-sm-open-v1
XP_017212286,XP_056317653,1.3053417205810547e-05,esm3-sm-open-v1
NP_001410360,XP_056327649,1.2516975402832031e-05,esm3-sm-open-v1
XP_005166925,XP_056319889,2.0265579223632812e-05,esm3-sm-open-v1
XP_009292988,XP_056337571,2.9385089874267578e-05,esm3-sm-open-v1
NP_001289172,XP_056319120,2.1338462829589844e-05,esm3-sm-open-v1
NP_001349358,XP_056312865,7.092952728271484e-06,esm3-sm-open-v1
XP_005173283,XP_056328097,5.424022674560547e-06,esm3-sm-open-v1
XP_073808559,XP_056316440,1.2874603271484375e-05,esm3-sm-open-v1
XP_073808558,XP_056316440,1.2874603271484375e-05,esm3-sm-open-v1
XP_073808558,XP_056316441,1.2874603271484375e-05,esm3-sm-open-v1
NP_001314745,XP_056320567,9.000301361083984e-06,esm3-sm-open-v1
XP_009303014,XP_056321444,1.2993812561035156e-05,esm3-sm-open-v1
XP_005162385,XP_056305005,1.8298625946044922e-05,esm3-sm-open-v1
XP_005165942,XP_056316016,1.52587890625e-05,esm3-sm-open-v1
NP_001002426,XP_056304622,3.3736228942871094e-05,esm3-sm-open-v1
XP_017212968,XP_056336335,1.4126300811767578e-05,esm3-sm-open-v1
NP_001108158,XP_056316571,6.079673767089844e-06,esm3-sm-open-v1
XP_021334253,XP_056321492,4.100799560546875e-05,esm3-sm-open-v1
XP_005159195,XP_056333785,1.52587890625e-05,esm3-sm-open-v1
XP_005163024,XP_056308086,1.8894672393798828e-05,esm3-sm-open-v1
XP_005173283,XP_056328096,6.318092346191406e-06,esm3-sm-open-v1
XP_009305382,XP_056326347,4.738569259643555e-05,esm3-sm-open-v1
NP_001017549,XP_056321446,1.341104507446289e-05,esm3-sm-open-v1
XP_073790947,XP_056302628,1.0311603546142578e-05,esm3-sm-open-v1
XP_700015,XP_056309882,4.5299530029296875e-06,esm3-sm-open-v1
XP_021326214,XP_056307499,0.00029265880584716797,esm3-sm-open-v1
XP_073787985,XP_056336392,1.1205673217773438e-05,esm3-sm-open-v1
XP_021329519,XP_056308187,2.5510787963867188e-05,esm3-sm-open-v1
NP_001038499,XP_056335269,2.6345252990722656e-05,esm3-sm-open-v1
NP_571158,XP_056302526,3.0994415283203125e-05,esm3-sm-open-v1
XP_017212964,XP_056336318,1.4841556549072266e-05,esm3-sm-open-v1
XP_073790372,XP_056301900,1.3709068298339844e-05,esm3-sm-open-v1
XP_017212772,XP_056319669,1.8298625946044922e-05,esm3-sm-open-v1
NP_999874,XP_056337615,1.990795135498047e-05,esm3-sm-open-v1
XP_073797194,XP_056306208,2.4080276489257812e-05,esm3-sm-open-v1
XP_021330770,XP_056311687,1.4066696166992188e-05,esm3-sm-open-v1
XP_688089,XP_056303058,1.1444091796875e-05,esm3-sm-open-v1
XP_073802051,XP_056312236,9.834766387939453e-06,esm3-sm-open-v1
XP_073802047,XP_056312236,9.834766387939453e-06,esm3-sm-open-v1
XP_005158753,XP_056332646,1.0192394256591797e-05,esm3-sm-open-v1
XP_009304466,XP_056323949,2.5033950805664062e-05,esm3-sm-open-v1
XP_009295324,XP_056305466,1.138448715209961e-05,esm3-sm-open-v1
NP_001124329,XP_056321492,2.3245811462402344e-05,esm3-sm-open-v1
NP_957237,XP_056335149,1.6927719116210938e-05,esm3-sm-open-v1
XP_005167932,XP_056321803,8.940696716308594e-06,esm3-sm-open-v1
NP_001268922,XP_056317533,1.7940998077392578e-05,esm3-sm-open-v1
NP_001315282,XP_056304865,3.3855438232421875e-05,esm3-sm-open-v1
NP_001007314,XP_056324917,3.832578659057617e-05,esm3-sm-open-v1
XP_021324360,XP_056337057,2.8252601623535156e-05,esm3-sm-open-v1
XP_073810071,XP_056315709,1.627206802368164e-05,esm3-sm-open-v1
XP_073799880,XP_056312633,5.304813385009766e-06,esm3-sm-open-v1
NP_001014818,XP_056328295,3.3974647521972656e-05,esm3-sm-open-v1
XP_005156579,XP_056326290,1.0788440704345703e-05,esm3-sm-open-v1
NP_956701,XP_056307737,2.3066997528076172e-05,esm3-sm-open-v1
XP_005166947,XP_056319884,2.4020671844482422e-05,esm3-sm-open-v1
XP_073788784,XP_056336764,1.4960765838623047e-05,esm3-sm-open-v1
XP_009298659,XP_056311445,2.7179718017578125e-05,esm3-sm-open-v1
XP_021335341,XP_056323962,1.919269561767578e-05,esm3-sm-open-v1
NP_001082974,XP_056333084,0.00010627508163452148,esm3-sm-open-v1
XP_009291236,XP_056332770,1.33514404296875e-05,esm3-sm-open-v1
XP_005168535,XP_056309143,3.2782554626464844e-05,esm3-sm-open-v1
NP_001071075,XP_056328231,1.1265277862548828e-05,esm3-sm-open-v1
XP_073785167,XP_056334922,9.113550186157227e-05,esm3-sm-open-v1
XP_021324356,XP_056337050,2.193450927734375e-05,esm3-sm-open-v1
XP_073792659,XP_056309736,2.187490463256836e-05,esm3-sm-open-v1
XP_021322301,XP_056331565,4.410743713378906e-06,esm3-sm-open-v1
XP_021337031,XP_056330309,1.5556812286376953e-05,esm3-sm-open-v1
XP_021324357,XP_056337051,1.6868114471435547e-05,esm3-sm-open-v1
XP_073789301,XP_056336746,1.7344951629638672e-05,esm3-sm-open-v1
XP_005164250,XP_056309904,2.9206275939941406e-06,esm3-sm-open-v1
NP_957007,XP_056321505,1.2099742889404297e-05,esm3-sm-open-v1
XP_009302535,XP_056319096,1.8894672393798828e-05,esm3-sm-open-v1
XP_005164173,XP_056309983,1.3113021850585938e-05,esm3-sm-open-v1
NP_001116327,XP_056307486,2.110004425048828e-05,esm3-sm-open-v1
XP_073810080,XP_056315711,3.9577484130859375e-05,esm3-sm-open-v1
XP_073788498,XP_056336882,6.347894668579102e-05,esm3-sm-open-v1
XP_005160627,XP_056336883,6.347894668579102e-05,esm3-sm-open-v1
NP_001077045,XP_056329208,1.7344951629638672e-05,esm3-sm-open-v1
NP_998628,XP_056325223,4.279613494873047e-05,esm3-sm-open-v1
XP_073808384,XP_056313955,7.987022399902344e-06,esm3-sm-open-v1
XP_684264,XP_056313955,7.987022399902344e-06,esm3-sm-open-v1
NP_571222,XP_056331185,1.0073184967041016e-05,esm3-sm-open-v1
XP_073801040,XP_056310215,5.662441253662109e-06,esm3-sm-open-v1
NP_001116764,XP_056320024,1.0788440704345703e-05,esm3-sm-open-v1
XP_693394,XP_056309245,9.59634780883789e-06,esm3-sm-open-v1
XP_021329517,XP_056308184,1.2099742889404297e-05,esm3-sm-open-v1
NP_001038410,XP_056319906,7.450580596923828e-06,esm3-sm-open-v1
NP_998521,XP_056332263,5.245208740234375e-06,esm3-sm-open-v1
XP_073787546,XP_056335384,5.543231964111328e-06,esm3-sm-open-v1
XP_005173247,XP_056328607,8.821487426757812e-06,esm3-sm-open-v1
XP_073794842,XP_056305483,1.1622905731201172e-05,esm3-sm-open-v1
XP_073788309,XP_056337632,1.3113021850585938e-05,esm3-sm-open-v1
XP_021326924,XP_056331728,8.046627044677734e-06,esm3-sm-open-v1
NP_957275,XP_056327761,6.973743438720703e-06,esm3-sm-open-v1
XP_073802989,XP_056312153,1.33514404296875e-05,esm3-sm-open-v1
XP_073810074,XP_056315711,1.4960765838623047e-05,esm3-sm-open-v1
XP_697365,XP_056317467,4.2557716369628906e-05,esm3-sm-open-v1
XP_005174261,XP_056306886,1.0371208190917969e-05,esm3-sm-open-v1
NP_957168,XP_056325170,5.066394805908203e-06,esm3-sm-open-v1
XP_005173170,XP_056327757,6.854534149169922e-06,esm3-sm-open-v1
XP_009292473,XP_056335152,1.2159347534179688e-05,esm3-sm-open-v1
NP_001025346,XP_056327055,8.52346420288086e-06,esm3-sm-open-v1
XP_017208249,XP_056302718,0.003048241138458252,esm3-sm-open-v1
XP_005171317,XP_056334571,1.9490718841552734e-05,esm3-sm-open-v1
NP_001002333,XP_056328487,9.298324584960938e-06,esm3-sm-open-v1
NP_001121818,XP_056319496,7.450580596923828e-06,esm3-sm-open-v1
XP_698473,XP_056329412,4.380941390991211e-05,esm3-sm-open-v1
XP_005157530,XP_056329651,2.4020671844482422e-05,esm3-sm-open-v1
XP_073805961,XP_056314680,2.47955322265625e-05,esm3-sm-open-v1
NP_001002330,XP_056309356,1.2636184692382812e-05,esm3-sm-open-v1
XP_005172094,XP_056314844,7.033348083496094e-06,esm3-sm-open-v1
XP_005172094,XP_056314843,7.033348083496094e-06,esm3-sm-open-v1
XP_009293034,XP_056336993,7.152557373046875e-06,esm3-sm-open-v1
XP_009292987,XP_056337571,1.6033649444580078e-05,esm3-sm-open-v1
XP_021331027,XP_056318845,4.112720489501953e-06,esm3-sm-open-v1
NP_001038407,XP_056337301,3.2901763916015625e-05,esm3-sm-open-v1
NP_001103954,XP_056303033,2.580881118774414e-05,esm3-sm-open-v1
NP_957166,XP_056326056,1.1801719665527344e-05,esm3-sm-open-v1
XP_005160594,XP_056336764,2.4437904357910156e-05,esm3-sm-open-v1
XP_005167171,XP_056319571,1.3768672943115234e-05,esm3-sm-open-v1
XP_073810415,XP_056316041,2.7835369110107422e-05,esm3-sm-open-v1
NP_001038254,XP_056314088,6.973743438720703e-06,esm3-sm-open-v1
XP_021333146,XP_056317016,1.2218952178955078e-05,esm3-sm-open-v1
XP_073794773,XP_056305370,5.269050598144531e-05,esm3-sm-open-v1
NP_001032750,XP_056304106,1.531839370727539e-05,esm3-sm-open-v1
XP_009298429,XP_056311806,9.775161743164062e-06,esm3-sm-open-v1
XP_009295153,XP_056305226,7.68899917602539e-06,esm3-sm-open-v1
XP_009298423,XP_056311803,9.59634780883789e-06,esm3-sm-open-v1
XP_001337205,XP_056317926,1.245737075805664e-05,esm3-sm-open-v1
XP_073787244,XP_056335520,9.417533874511719e-06,esm3-sm-open-v1
XP_073788724,XP_056337163,5.304813385009766e-06,esm3-sm-open-v1
NP_958447,XP_056302276,1.9490718841552734e-05,esm3-sm-open-v1
XP_009297657,XP_056309342,8.165836334228516e-06,esm3-sm-open-v1
XP_073809342,XP_056315308,0.00019055604934692383,esm3-sm-open-v1
XP_009292908,XP_056336795,7.68899917602539e-06,esm3-sm-open-v1
XP_009301752,XP_056318910,1.71661376953125e-05,esm3-sm-open-v1
XP_073801015,XP_056309964,0.00019413232803344727,esm3-sm-open-v1
NP_001313429,XP_056332138,3.3736228942871094e-05,esm3-sm-open-v1
NP_956213,XP_056314609,7.152557373046875e-07,esm3-sm-open-v1
XP_073794468,XP_056304996,1.3053417205810547e-05,esm3-sm-open-v1
XP_017208906,XP_056303301,2.467632293701172e-05,esm3-sm-open-v1
NP_957154,XP_056330492,1.704692840576172e-05,esm3-sm-open-v1
XP_073805959,XP_056314681,2.205371856689453e-05,esm3-sm-open-v1
XP_005167521,XP_056320739,1.5854835510253906e-05,esm3-sm-open-v1
XP_001333273,XP_056332795,5.0187110900878906e-05,esm3-sm-open-v1
XP_005174158,XP_056305071,1.2874603271484375e-05,esm3-sm-open-v1
XP_073788744,XP_056337168,5.424022674560547e-06,esm3-sm-open-v1
XP_021334979,XP_056322151,1.919269561767578e-05,esm3-sm-open-v1
XP_021329522,XP_056308190,6.854534149169922e-06,esm3-sm-open-v1
XP_005163107,XP_056307671,1.9311904907226562e-05,esm3-sm-open-v1
XP_009301359,XP_056317129,1.9669532775878906e-05,esm3-sm-open-v1
XP_005173151,XP_056328636,0.0026476383209228516,esm3-sm-open-v1
XP_017213227,XP_056320660,3.612041473388672e-05,esm3-sm-open-v1
XP_073791585,XP_056309731,9.834766387939453e-06,esm3-sm-open-v1
XP_021334178,XP_056319006,4.410743713378906e-06,esm3-sm-open-v1
XP_005166503,XP_056317950,1.055002212524414e-05,esm3-sm-open-v1
XP_021330286,XP_056316198,1.2576580047607422e-05,esm3-sm-open-v1
NP_957203,XP_056314199,4.887580871582031e-06,esm3-sm-open-v1
NP_998655,XP_056327724,3.522634506225586e-05,esm3-sm-open-v1
XP_696967,XP_056309788,2.8014183044433594e-06,esm3-sm-open-v1
XP_005166651,XP_056318282,3.2186508178710938e-06,esm3-sm-open-v1
NP_001076307,XP_056301969,1.0251998901367188e-05,esm3-sm-open-v1
XP_009297857,XP_056309733,9.298324584960938e-06,esm3-sm-open-v1
XP_005170542,XP_056303223,1.3470649719238281e-05,esm3-sm-open-v1
XP_009295103,XP_056304907,4.6312808990478516e-05,esm3-sm-open-v1
XP_009305639,XP_056326576,6.616115570068359e-06,esm3-sm-open-v1
XP_017210541,XP_056311640,1.1563301086425781e-05,esm3-sm-open-v1
NP_571039,XP_056318807,4.470348358154297e-06,esm3-sm-open-v1
NP_001073170,XP_056314565,1.1146068572998047e-05,esm3-sm-open-v1
XP_005161646,XP_056303220,3.4570693969726562e-06,esm3-sm-open-v1
XP_005162281,XP_056304788,5.781650543212891e-06,esm3-sm-open-v1
XP_009293036,XP_056336989,6.556510925292969e-06,esm3-sm-open-v1
NP_001038179,XP_056335710,2.104043960571289e-05,esm3-sm-open-v1
NP_001002562,XP_056302112,1.7702579498291016e-05,esm3-sm-open-v1
XP_073803244,XP_056316571,6.079673767089844e-06,esm3-sm-open-v1
XP_073803244,XP_056316580,6.079673767089844e-06,esm3-sm-open-v1
XP_073803243,XP_056316571,6.079673767089844e-06,esm3-sm-open-v1
NP_997760,XP_056336204,7.212162017822266e-06,esm3-sm-open-v1
XP_001337404,XP_056317981,1.1682510375976562e-05,esm3-sm-open-v1
XP_005160097,XP_056312655,6.079673767089844e-06,esm3-sm-open-v1
NP_571056,XP_056334500,6.67572021484375e-06,esm3-sm-open-v1
NP_955896,XP_056318641,1.1742115020751953e-05,esm3-sm-open-v1
XP_073786291,XP_056334802,3.933906555175781e-06,esm3-sm-open-v1
XP_021323530,XP_056335920,1.1444091796875e-05,esm3-sm-open-v1
XP_021324141,XP_056301516,2.4199485778808594e-05,esm3-sm-open-v1
NP_778258,XP_056333812,1.627206802368164e-05,esm3-sm-open-v1
XP_002665395,XP_056334762,3.814697265625e-06,esm3-sm-open-v1
XP_005171029,XP_056312603,3.814697265625e-06,esm3-sm-open-v1
XP_001345114,XP_056302607,8.225440979003906e-06,esm3-sm-open-v1
XP_021334426,XP_056335361,9.238719940185547e-06,esm3-sm-open-v1
NP_955891,XP_056337088,1.728534698486328e-05,esm3-sm-open-v1
XP_005165827,XP_056315540,8.64267349243164e-06,esm3-sm-open-v1
NP_001074171,XP_056337555,1.341104507446289e-05,esm3-sm-open-v1
XP_009293035,XP_056336992,8.344650268554688e-06,esm3-sm-open-v1
XP_021332861,XP_056316101,0.0016510486602783203,esm3-sm-open-v1
NP_001007435,XP_056309678,7.62939453125e-06,esm3-sm-open-v1
XP_005165191,XP_056313681,7.456541061401367e-05,esm3-sm-open-v1
NP_001122238,XP_056314113,7.921457290649414e-05,esm3-sm-open-v1
XP_073786633,XP_056335702,7.271766662597656e-06,esm3-sm-open-v1
XP_073786632,XP_056335702,7.271766662597656e-06,esm3-sm-open-v1
XP_005165205,XP_056313487,9.953975677490234e-06,esm3-sm-open-v1
XP_009295647,XP_056306777,3.039836883544922e-06,esm3-sm-open-v1
NP_001001889,XP_056335154,5.185604095458984e-06,esm3-sm-open-v1
XP_009292375,XP_056336017,5.9604644775390625e-06,esm3-sm-open-v1
XP_073799416,XP_056307619,7.62939453125e-06,esm3-sm-open-v1
NP_001018370,XP_056332144,1.2576580047607422e-05,esm3-sm-open-v1
XP_073786625,XP_056335701,6.020069122314453e-06,esm3-sm-open-v1
XP_005163348,XP_056329700,2.9802322387695312e-06,esm3-sm-open-v1
XP_009298079,XP_056309082,1.436471939086914e-05,esm3-sm-open-v1
XP_005157853,XP_056330318,1.0728836059570312e-05,esm3-sm-open-v1
XP_073809257,XP_056316340,2.6941299438476562e-05,esm3-sm-open-v1
XP_073809248,XP_056316340,2.6941299438476562e-05,esm3-sm-open-v1
XP_005172350,XP_056317331,8.106231689453125e-06,esm3-sm-open-v1
XP_073805957,XP_056314680,1.0192394256591797e-05,esm3-sm-open-v1
NP_001296760,XP_056333905,2.0742416381835938e-05,esm3-sm-open-v1
XP_009304936,XP_056317320,1.990795135498047e-05,esm3-sm-open-v1
NP_001116750,XP_056334431,5.0067901611328125e-06,esm3-sm-open-v1
NP_001191083,XP_056302560,2.86102294921875e-06,esm3-sm-open-v1
XP_005170755,XP_056307491,0.00012421607971191406,esm3-sm-open-v1
XP_073794088,XP_056304845,2.4199485778808594e-05,esm3-sm-open-v1
XP_021323665,XP_056335695,6.258487701416016e-06,esm3-sm-open-v1
NP_001292496,XP_056332767,3.2782554626464844e-05,esm3-sm-open-v1
XP_021324037,XP_056337085,3.039836883544922e-06,esm3-sm-open-v1
XP_005173299,XP_056327629,1.0669231414794922e-05,esm3-sm-open-v1
XP_073785725,XP_056333915,6.556510925292969e-06,esm3-sm-open-v1
XP_073802654,XP_056311689,2.562999725341797e-06,esm3-sm-open-v1
XP_021324672,XP_056309269,9.834766387939453e-06,esm3-sm-open-v1
XP_009302369,XP_056319257,1.811981201171875e-05,esm3-sm-open-v1
NP_991119,XP_056323359,1.811981201171875e-05,esm3-sm-open-v1
XP_073791603,XP_056321118,6.67572021484375e-06,esm3-sm-open-v1
NP_938152,XP_056309298,4.231929779052734e-06,esm3-sm-open-v1
XP_001333587,XP_056333313,3.3974647521972656e-06,esm3-sm-open-v1
NP_001296394,XP_056312462,1.0728836059570312e-05,esm3-sm-open-v1
XP_073785378,XP_056334730,6.139278411865234e-06,esm3-sm-open-v1
NP_998088,XP_056317014,4.5299530029296875e-06,esm3-sm-open-v1
XP_073797834,XP_056309615,4.887580871582031e-06,esm3-sm-open-v1
XP_073797832,XP_056309615,4.887580871582031e-06,esm3-sm-open-v1
XP_073797882,XP_056309617,5.304813385009766e-06,esm3-sm-open-v1
XP_073802030,XP_056311561,5.245208740234375e-06,esm3-sm-open-v1
XP_021324481,XP_056302117,4.589557647705078e-06,esm3-sm-open-v1
XP_009295532,XP_056306204,8.64267349243164e-06,esm3-sm-open-v1
XP_005168948,XP_056317600,8.285045623779297e-06,esm3-sm-open-v1
XP_021329438,XP_056307173,3.3974647521972656e-06,esm3-sm-open-v1
XP_005164162,XP_056309853,2.491474151611328e-05,esm3-sm-open-v1
XP_073798816,XP_056307698,0.0015949010848999023,esm3-sm-open-v1
XP_073798394,XP_056307791,3.0994415283203125e-06,esm3-sm-open-v1
XP_686077,XP_056305672,3.6954879760742188e-06,esm3-sm-open-v1
XP_073802457,XP_056319378,2.384185791015625e-06,esm3-sm-open-v1
XP_073793421,XP_056309227,6.496906280517578e-06,esm3-sm-open-v1
XP_021326032,XP_056306492,1.0728836059570312e-06,esm3-sm-open-v1
XP_073802348,XP_056319350,2.205371856689453e-06,esm3-sm-open-v1
XP_017209404,XP_056306491,1.9073486328125e-06,esm3-sm-open-v1
NP_998664,XP_056312497,1.1205673217773438e-05,esm3-sm-open-v1
XP_009299818,XP_056313939,3.814697265625e-06,esm3-sm-open-v1
XP_021324176,XP_056301255,4.470348358154297e-06,esm3-sm-open-v1
XP_009295738,XP_056306125,1.9669532775878906e-06,esm3-sm-open-v1
XP_009301473,XP_056317642,9.179115295410156e-06,esm3-sm-open-v1
NP_956021,XP_056337474,2.9206275939941406e-06,esm3-sm-open-v1
NP_571446,XP_056313661,3.0100345611572266e-05,esm3-sm-open-v1
NP_001070794,XP_056302270,5.4836273193359375e-06,esm3-sm-open-v1
XP_005160955,XP_056301492,5.9604644775390625e-06,esm3-sm-open-v1
XP_005162836,XP_056306464,2.682209014892578e-06,esm3-sm-open-v1
NP_001417783,XP_056332556,1.4185905456542969e-05,esm3-sm-open-v1
XP_005159285,XP_056334726,3.6954879760742188e-06,esm3-sm-open-v1
XP_009290696,XP_056330606,1.3113021850585938e-06,esm3-sm-open-v1
XP_021332671,XP_056315487,4.351139068603516e-06,esm3-sm-open-v1
NP_001165056,XP_056321634,3.814697265625e-06,esm3-sm-open-v1
NP_956841,XP_056322388,4.470348358154297e-06,esm3-sm-open-v1
XP_009300481,XP_056315550,1.430511474609375e-06,esm3-sm-open-v1
XP_073788438,XP_056336736,3.0994415283203125e-06,esm3-sm-open-v1
XP_005166906,XP_056319973,1.9073486328125e-06,esm3-sm-open-v1
XP_005157040,XP_056327056,2.682209014892578e-06,esm3-sm-open-v1
NP_001154956,XP_056312856,1.633167266845703e-05,esm3-sm-open-v1
XP_005166474,XP_056317927,2.205371856689453e-06,esm3-sm-open-v1
XP_073799045,XP_056307413,2.384185791015625e-06,esm3-sm-open-v1
XP_017208907,XP_056303306,1.138448715209961e-05,esm3-sm-open-v1
NP_853634,XP_056309276,2.682209014892578e-06,esm3-sm-open-v1
XP_073789399,XP_056337080,2.682209014892578e-06,esm3-sm-open-v1
XP_009302835,XP_056320947,3.993511199951172e-06,esm3-sm-open-v1
XP_021326164,XP_056309855,4.112720489501953e-06,esm3-sm-open-v1
XP_073798173,XP_056308177,2.682209014892578e-06,esm3-sm-open-v1
XP_009305177,XP_056324946,1.9073486328125e-06,esm3-sm-open-v1
NP_001018326,XP_056332652,1.0728836059570312e-06,esm3-sm-open-v1
XP_003197917,XP_056332951,4.708766937255859e-06,esm3-sm-open-v1
XP_005162485,XP_056323166,1.1324882507324219e-06,esm3-sm-open-v1
XP_009301701,XP_056318014,8.344650268554688e-07,esm3-sm-open-v1
XP_009302831,XP_056320943,3.4570693969726562e-06,esm3-sm-open-v1
XP_073800460,XP_056309351,2.4437904357910156e-06,esm3-sm-open-v1
XP_001921020,XP_056309351,2.4437904357910156e-06,esm3-sm-open-v1
XP_021332522,XP_056316113,1.2516975402832031e-06,esm3-sm-open-v1
XP_009301470,XP_056317632,1.4901161193847656e-06,esm3-sm-open-v1
NP_001019600,XP_056323966,3.0994415283203125e-06,esm3-sm-open-v1
XP_073806684,XP_056313419,7.152557373046875e-07,esm3-sm-open-v1
XP_009295129,XP_056327170,8.940696716308594e-07,esm3-sm-open-v1
NP_001300770,XP_056314296,4.76837158203125e-07,esm3-sm-open-v1
XP_005163697,XP_056302037,4.410743713378906e-06,esm3-sm-open-v1
XP_005169340,XP_056324030,7.748603820800781e-07,esm3-sm-open-v1
XP_005170056,XP_056336158,0.0,esm3-sm-open-v1
XP_005159024,XP_056333181,-1.1920928955078125e-07,esm3-sm-open-v1
NP_001003494,XP_056331685,-1.1920928955078125e-07,esm3-sm-open-v1
XP_005173695,XP_056334480,1.1920928955078125e-07,esm3-sm-open-v1
NP_001006087,XP_056325989,0.0,esm3-sm-open-v1
NP_001034926,XP_056325599,3.8743019104003906e-05,esm3-sm-open-v1
NP_001038787,XP_056308208,0.0,esm3-sm-open-v1
XP_021332966,XP_056316465,-1.1920928955078125e-07,esm3-sm-open-v1
XP_073794851,XP_056305798,0.0,esm3-sm-open-v1
XP_073798357,XP_056318060,1.1920928955078125e-07,esm3-sm-open-v1
NP_001002519,XP_056313007,-1.1920928955078125e-07,esm3-sm-open-v1
NP_998516,XP_056329407,0.0,esm3-sm-open-v1
NP_001373648,XP_056318483,1.1920928955078125e-07,esm3-sm-open-v1
NP_956376,XP_056337219,0.0,esm3-sm-open-v1
NP_957191,XP_056312188,0.0,esm3-sm-open-v1
NP_001032320,XP_056304066,0.0,esm3-sm-open-v1
XP_017208628,XP_056304067,0.0,esm3-sm-open-v1
XP_009296449,XP_056307639,1.1920928955078125e-07,esm3-sm-open-v1
XP_009292978,XP_056301423,0.0,esm3-sm-open-v1
NP_001019591,XP_056303061,5.960464477539063e-08,esm3-sm-open-v1
XP_073795877,XP_056305951,-1.1920928955078125e-07,esm3-sm-open-v1
NP_001071211,XP_056307497,0.0,esm3-sm-open-v1
NP_001373678,XP_056316899,5.960464477539063e-08,esm3-sm-open-v1
NP_001307335,XP_056324910,0.0,esm3-sm-open-v1
NP_956239,XP_056319045,-1.1920928955078125e-07,esm3-sm-open-v1
XP_073796658,XP_056306415,0.0,esm3-sm-open-v1
XP_021333835,XP_056319525,0.0,esm3-sm-open-v1
XP_005162697,XP_056307004,0.0,esm3-sm-open-v1
NP_001373579,XP_056318488,1.1920928955078125e-07,esm3-sm-open-v1
NP_001410239,XP_056316894,0.0,esm3-sm-open-v1
XP_005160093,XP_056312651,5.960464477539063e-08,esm3-sm-open-v1
XP_073799540,XP_056312889,1.1920928955078125e-07,esm3-sm-open-v1
XP_073799484,XP_056316909,1.1920928955078125e-07,esm3-sm-open-v1
NP_001373579,XP_056318492,1.1920928955078125e-07,esm3-sm-open-v1
XP_017209642,XP_056316909,1.1920928955078125e-07,esm3-sm-open-v1
NP_001099176,XP_056308344,1.1920928955078125e-07,esm3-sm-open-v1
NP_001083038,XP_056308342,1.1920928955078125e-07,esm3-sm-open-v1
NP_001373604,XP_056316916,1.1920928955078125e-07,esm3-sm-open-v1
NP_001107268,XP_056332702,-1.1920928955078125e-07,esm3-sm-open-v1
XP_073792592,XP_056304068,5.960464477539063e-08,esm3-sm-open-v1
NP_001013489,XP_056328513,0.0,esm3-sm-open-v1
XP_073799484,XP_056316911,1.1920928955078125e-07,esm3-sm-open-v1
XP_009301164,XP_056318491,1.1920928955078125e-07,esm3-sm-open-v1
XP_005164636,XP_056311938,-1.1920928955078125e-07,esm3-sm-open-v1
NP_001083038,XP_056316912,1.1920928955078125e-07,esm3-sm-open-v1
NP_001093643,XP_056316892,0.0,esm3-sm-open-v1
NP_956840,XP_056329506,0.0,esm3-sm-open-v1
XP_002662243,XP_056316916,1.1920928955078125e-07,esm3-sm-open-v1
XP_002666964,XP_056316912,1.1920928955078125e-07,esm3-sm-open-v1
XP_073786745,XP_056335510,-1.1920928955078125e-07,esm3-sm-open-v1
XP_009301181,XP_056318489,1.1920928955078125e-07,esm3-sm-open-v1
XP_021334846,XP_056323087,0.0,esm3-sm-open-v1
XP_073794656,XP_056304797,0.0,esm3-sm-open-v1
XP_688359,XP_056318100,-1.1920928955078125e-07,esm3-sm-open-v1
NP_001025171,XP_056329507,0.0,esm3-sm-open-v1
NP_997774,XP_056320548,-1.1920928955078125e-07,esm3-sm-open-v1
NP_999868,XP_056301706,0.0,esm3-sm-open-v1
NP_997859,XP_056311844,0.0,esm3-sm-open-v1
NP_571338,XP_056335427,5.960464477539063e-08,esm3-sm-open-v1
NP_001002152,XP_056319472,0.0,esm3-sm-open-v1
XP_009291805,XP_056333801,5.960464477539063e-08,esm3-sm-open-v1
NP_571291,XP_056330354,5.960464477539063e-08,esm3-sm-open-v1
NP_998200,XP_056309447,5.960464477539063e-08,esm3-sm-open-v1
NP_998643,XP_056313486,5.960464477539063e-08,esm3-sm-open-v1
XP_073808506,XP_056315114,-1.1920928955078125e-07,esm3-sm-open-v1
NP_001002079,XP_056318796,0.0,esm3-sm-open-v1
XP_073805830,XP_056313995,0.0,esm3-sm-open-v1
NP_956228,XP_056314574,1.1920928955078125e-07,esm3-sm-open-v1
XP_005170626,XP_056305859,-1.1920928955078125e-07,esm3-sm-open-v1
XP_001339262,XP_056328028,0.0,esm3-sm-open-v1
XP_073801676,XP_056311498,0.0,esm3-sm-open-v1
NP_001315436,XP_056306361,-1.1920928955078125e-07,esm3-sm-open-v1
NP_001159626,XP_056327787,0.0,esm3-sm-open-v1
NP_957424,XP_056309301,0.0,esm3-sm-open-v1
XP_021334608,XP_056331599,0.0,esm3-sm-open-v1
NP_001004672,XP_056318823,-1.1920928955078125e-07,esm3-sm-open-v1
XP_073788666,XP_056337621,0.0,esm3-sm-open-v1
NP_001373300,XP_056316902,5.960464477539063e-08,esm3-sm-open-v1
NP_001002708,XP_056315045,-1.1920928955078125e-07,esm3-sm-open-v1
NP_001003755,XP_056307633,0.0,esm3-sm-open-v1
XP_683865,XP_056309606,0.0,esm3-sm-open-v1
XP_003201047,XP_056303927,5.960464477539063e-08,esm3-sm-open-v1
XP_009304940,XP_056317371,0.0,esm3-sm-open-v1
XP_005167867,XP_056321585,-1.1920928955078125e-07,esm3-sm-open-v1
XP_021335874,XP_056336651,0.0,esm3-sm-open-v1
NP_955842,XP_056323158,5.960464477539063e-08,esm3-sm-open-v1
NP_997745,XP_056304103,-1.1920928955078125e-07,esm3-sm-open-v1
XP_017207140,XP_056333340,5.960464477539063e-08,esm3-sm-open-v1
XP_017209293,XP_056306361,-1.1920928955078125e-07,esm3-sm-open-v1
NP_991120,XP_056331593,0.0,esm3-sm-open-v1
NP_001417902,XP_056317398,0.0,esm3-sm-open-v1
XP_009292216,XP_056336065,0.0,esm3-sm-open-v1
NP_001002061,XP_056309531,0.0,esm3-sm-open-v1
NP_001002397,XP_056334337,0.0,esm3-sm-open-v1
NP_001007399,XP_056333477,-1.1920928955078125e-07,esm3-sm-open-v1
NP_956796,XP_056315389,5.960464477539063e-08,esm3-sm-open-v1
NP_001070182,XP_056301898,5.960464477539063e-08,esm3-sm-open-v1
NP_942113,XP_056331228,-1.1920928955078125e-07,esm3-sm-open-v1
XP_009289352,XP_056327699,-1.1920928955078125e-07,esm3-sm-open-v1
XP_689050,XP_056329641,0.0,esm3-sm-open-v1
NP_001009898,XP_056313311,0.0,esm3-sm-open-v1
NP_001013481,XP_056316907,-1.1920928955078125e-07,esm3-sm-open-v1
XP_005158227,XP_056331482,5.960464477539063e-08,esm3-sm-open-v1
NP_001015058,XP_056325466,0.0,esm3-sm-open-v1
XP_002663478,XP_056321954,1.1920928955078125e-07,esm3-sm-open-v1
NP_001037783,XP_056327271,5.960464477539063e-08,esm3-sm-open-v1
NP_571255,XP_056314443,0.0,esm3-sm-open-v1
NP_991254,XP_056319402,5.960464477539063e-08,esm3-sm-open-v1
XP_009303285,XP_056321953,1.1920928955078125e-07,esm3-sm-open-v1
XP_005159468,XP_056335580,-1.1920928955078125e-07,esm3-sm-open-v1
XP_009296895,XP_056333596,-1.1920928955078125e-07,esm3-sm-open-v1
XP_005156465,XP_056324948,5.960464477539063e-08,esm3-sm-open-v1
NP_998415,XP_056326033,-1.1920928955078125e-07,esm3-sm-open-v1
NP_998142,XP_056308914,0.0,esm3-sm-open-v1
XP_005163564,XP_056333580,-1.1920928955078125e-07,esm3-sm-open-v1
XP_002666990,XP_056316907,-1.1920928955078125e-07,esm3-sm-open-v1
XP_005163563,XP_056333580,-1.1920928955078125e-07,esm3-sm-open-v1
XP_073794291,XP_056329234,5.960464477539063e-08,esm3-sm-open-v1
XP_005174365,XP_056308236,0.0,esm3-sm-open-v1
NP_956297,XP_056308304,5.960464477539063e-08,esm3-sm-open-v1
NP_001289715,XP_056302564,-1.1920928955078125e-07,esm3-sm-open-v1
XP_691726,XP_056331575,5.960464477539063e-08,esm3-sm-open-v1
