zebrafish_id,aescallii_id,esm2_cosine_distance,model
XP_073800755,XP_056308722,0.09245526790618896,esm2_t33_650M_UR50D
XP_073802884,XP_056312358,0.010388731956481934,esm2_t33_650M_UR50D
XP_073799587,XP_056316887,0.06370818614959717,esm2_t33_650M_UR50D
XP_005162934,XP_056306558,0.09997683763504028,esm2_t33_650M_UR50D
NP_001020468,XP_056306558,0.1005513072013855,esm2_t33_650M_UR50D
XP_073796138,XP_056306558,0.1005513072013855,esm2_t33_650M_UR50D
XP_073805509,XP_056317440,0.00011986494064331055,esm2_t33_650M_UR50D
XP_073805507,XP_056317440,8.440017700195312e-05,esm2_t33_650M_UR50D
XP_073805506,XP_056317440,0.00012791156768798828,esm2_t33_650M_UR50D
NP_001098605,XP_056321319,0.06748521327972412,esm2_t33_650M_UR50D
XP_005162934,XP_056307122,0.053588151931762695,esm2_t33_650M_UR50D
NP_001020468,XP_056307122,0.0535392165184021,esm2_t33_650M_UR50D
XP_073796138,XP_056307122,0.0535392165184021,esm2_t33_650M_UR50D
NP_001077333,XP_056322046,0.05958819389343262,esm2_t33_650M_UR50D
XP_073795535,XP_056305543,0.08443713188171387,esm2_t33_650M_UR50D
XP_073789377,XP_056336569,0.00014382600784301758,esm2_t33_650M_UR50D
XP_073789379,XP_056336569,0.00019913911819458008,esm2_t33_650M_UR50D
XP_073789378,XP_056336569,0.00013935565948486328,esm2_t33_650M_UR50D
XP_073789376,XP_056336569,0.00018447637557983398,esm2_t33_650M_UR50D
XP_073789375,XP_056336569,0.00018447637557983398,esm2_t33_650M_UR50D
XP_073799314,XP_056307366,0.034796297550201416,esm2_t33_650M_UR50D
XP_073810441,XP_056316142,2.8431415557861328e-05,esm2_t33_650M_UR50D
NP_001035388,XP_056302862,0.029428303241729736,esm2_t33_650M_UR50D
XP_073806762,XP_056314267,0.0002327561378479004,esm2_t33_650M_UR50D
XP_073806743,XP_056309459,0.03261709213256836,esm2_t33_650M_UR50D
XP_073806762,XP_056314268,7.826089859008789e-05,esm2_t33_650M_UR50D
XP_073794610,XP_056304885,2.1219253540039062e-05,esm2_t33_650M_UR50D
XP_073794611,XP_056304885,2.2172927856445312e-05,esm2_t33_650M_UR50D
XP_073794604,XP_056304885,2.2172927856445312e-05,esm2_t33_650M_UR50D
XP_073794605,XP_056304885,2.1219253540039062e-05,esm2_t33_650M_UR50D
XP_073794608,XP_056304885,2.2172927856445312e-05,esm2_t33_650M_UR50D
XP_073794606,XP_056304885,2.1219253540039062e-05,esm2_t33_650M_UR50D
XP_073794609,XP_056304885,2.2172927856445312e-05,esm2_t33_650M_UR50D
XP_073794603,XP_056304885,2.2172927856445312e-05,esm2_t33_650M_UR50D
XP_073801131,XP_056310103,0.057070016860961914,esm2_t33_650M_UR50D
XP_073801132,XP_056310103,0.03187847137451172,esm2_t33_650M_UR50D
XP_073794615,XP_056304882,4.088878631591797e-05,esm2_t33_650M_UR50D
XP_073794618,XP_056304882,4.017353057861328e-05,esm2_t33_650M_UR50D
XP_073794616,XP_056304882,4.017353057861328e-05,esm2_t33_650M_UR50D
XP_073794613,XP_056304882,4.088878631591797e-05,esm2_t33_650M_UR50D
XP_073794614,XP_056304882,4.017353057861328e-05,esm2_t33_650M_UR50D
XP_073794597,XP_056304882,4.017353057861328e-05,esm2_t33_650M_UR50D
XP_073794596,XP_056304882,4.088878631591797e-05,esm2_t33_650M_UR50D
XP_073794598,XP_056304882,4.088878631591797e-05,esm2_t33_650M_UR50D
XP_073794602,XP_056304882,4.017353057861328e-05,esm2_t33_650M_UR50D
XP_073794612,XP_056304882,4.017353057861328e-05,esm2_t33_650M_UR50D
XP_073794600,XP_056304882,4.017353057861328e-05,esm2_t33_650M_UR50D
XP_073794601,XP_056304882,4.088878631591797e-05,esm2_t33_650M_UR50D
XP_073794599,XP_056304882,4.088878631591797e-05,esm2_t33_650M_UR50D
XP_073794593,XP_056304882,4.088878631591797e-05,esm2_t33_650M_UR50D
XP_073794594,XP_056304882,4.088878631591797e-05,esm2_t33_650M_UR50D
XP_073794595,XP_056304882,4.088878631591797e-05,esm2_t33_650M_UR50D
XP_073794617,XP_056304884,4.088878631591797e-05,esm2_t33_650M_UR50D
XP_073794602,XP_056304884,4.017353057861328e-05,esm2_t33_650M_UR50D
XP_073794612,XP_056304884,4.017353057861328e-05,esm2_t33_650M_UR50D
XP_073794616,XP_056304884,4.017353057861328e-05,esm2_t33_650M_UR50D
XP_073794594,XP_056304884,4.088878631591797e-05,esm2_t33_650M_UR50D
XP_073794615,XP_056304884,4.088878631591797e-05,esm2_t33_650M_UR50D
XP_073794618,XP_056304884,4.017353057861328e-05,esm2_t33_650M_UR50D
XP_073794614,XP_056304884,4.017353057861328e-05,esm2_t33_650M_UR50D
XP_073794598,XP_056304884,4.088878631591797e-05,esm2_t33_650M_UR50D
XP_073794599,XP_056304884,4.088878631591797e-05,esm2_t33_650M_UR50D
XP_073794595,XP_056304884,4.088878631591797e-05,esm2_t33_650M_UR50D
XP_073794613,XP_056304884,4.088878631591797e-05,esm2_t33_650M_UR50D
XP_073794600,XP_056304884,4.017353057861328e-05,esm2_t33_650M_UR50D
XP_073794596,XP_056304884,4.088878631591797e-05,esm2_t33_650M_UR50D
XP_073794601,XP_056304884,4.088878631591797e-05,esm2_t33_650M_UR50D
XP_073794597,XP_056304884,4.017353057861328e-05,esm2_t33_650M_UR50D
XP_073794593,XP_056304884,4.088878631591797e-05,esm2_t33_650M_UR50D
XP_073794616,XP_056304883,4.017353057861328e-05,esm2_t33_650M_UR50D
XP_073794615,XP_056304883,4.088878631591797e-05,esm2_t33_650M_UR50D
XP_073794614,XP_056304883,4.017353057861328e-05,esm2_t33_650M_UR50D
XP_073794617,XP_056304883,4.088878631591797e-05,esm2_t33_650M_UR50D
XP_073794598,XP_056304883,4.088878631591797e-05,esm2_t33_650M_UR50D
XP_073794593,XP_056304883,4.088878631591797e-05,esm2_t33_650M_UR50D
XP_073794602,XP_056304883,4.017353057861328e-05,esm2_t33_650M_UR50D
XP_073794597,XP_056304883,4.017353057861328e-05,esm2_t33_650M_UR50D
XP_073794599,XP_056304883,4.088878631591797e-05,esm2_t33_650M_UR50D
XP_073794596,XP_056304883,4.088878631591797e-05,esm2_t33_650M_UR50D
XP_073794594,XP_056304883,4.088878631591797e-05,esm2_t33_650M_UR50D
XP_073794600,XP_056304883,4.017353057861328e-05,esm2_t33_650M_UR50D
XP_073794601,XP_056304883,4.088878631591797e-05,esm2_t33_650M_UR50D
XP_073794612,XP_056304883,4.017353057861328e-05,esm2_t33_650M_UR50D
XP_073794595,XP_056304883,4.088878631591797e-05,esm2_t33_650M_UR50D
XP_073794613,XP_056304883,4.088878631591797e-05,esm2_t33_650M_UR50D
XP_073801132,XP_056310102,0.028670310974121094,esm2_t33_650M_UR50D
XP_073801131,XP_056310102,0.04080379009246826,esm2_t33_650M_UR50D
XP_073794594,XP_056304881,4.088878631591797e-05,esm2_t33_650M_UR50D
XP_073794597,XP_056304880,4.017353057861328e-05,esm2_t33_650M_UR50D
XP_073794602,XP_056304880,4.017353057861328e-05,esm2_t33_650M_UR50D
XP_073794612,XP_056304881,4.017353057861328e-05,esm2_t33_650M_UR50D
XP_073794593,XP_056304881,4.088878631591797e-05,esm2_t33_650M_UR50D
XP_073794614,XP_056304881,4.017353057861328e-05,esm2_t33_650M_UR50D
XP_073794614,XP_056304880,4.017353057861328e-05,esm2_t33_650M_UR50D
XP_073794616,XP_056304880,4.017353057861328e-05,esm2_t33_650M_UR50D
XP_073794617,XP_056304880,4.088878631591797e-05,esm2_t33_650M_UR50D
XP_073794617,XP_056304881,4.088878631591797e-05,esm2_t33_650M_UR50D
XP_073794615,XP_056304880,4.088878631591797e-05,esm2_t33_650M_UR50D
XP_073794616,XP_056304881,4.017353057861328e-05,esm2_t33_650M_UR50D
XP_073794601,XP_056304881,4.088878631591797e-05,esm2_t33_650M_UR50D
XP_073794598,XP_056304880,4.088878631591797e-05,esm2_t33_650M_UR50D
XP_073794596,XP_056304881,4.088878631591797e-05,esm2_t33_650M_UR50D
XP_073794601,XP_056304880,4.088878631591797e-05,esm2_t33_650M_UR50D
XP_073794602,XP_056304881,4.017353057861328e-05,esm2_t33_650M_UR50D
XP_073794598,XP_056304881,4.088878631591797e-05,esm2_t33_650M_UR50D
XP_073794597,XP_056304881,4.017353057861328e-05,esm2_t33_650M_UR50D
XP_073794599,XP_056304880,4.088878631591797e-05,esm2_t33_650M_UR50D
XP_073794596,XP_056304880,4.088878631591797e-05,esm2_t33_650M_UR50D
XP_073794600,XP_056304881,4.017353057861328e-05,esm2_t33_650M_UR50D
XP_073794600,XP_056304880,4.017353057861328e-05,esm2_t33_650M_UR50D
XP_073794593,XP_056304880,4.088878631591797e-05,esm2_t33_650M_UR50D
XP_073794599,XP_056304881,4.088878631591797e-05,esm2_t33_650M_UR50D
XP_073794594,XP_056304880,4.088878631591797e-05,esm2_t33_650M_UR50D
XP_073794595,XP_056304880,4.088878631591797e-05,esm2_t33_650M_UR50D
XP_073794595,XP_056304881,4.088878631591797e-05,esm2_t33_650M_UR50D
XP_073794613,XP_056304880,4.088878631591797e-05,esm2_t33_650M_UR50D
XP_073794615,XP_056304881,4.088878631591797e-05,esm2_t33_650M_UR50D
XP_073794612,XP_056304880,4.017353057861328e-05,esm2_t33_650M_UR50D
XP_073794613,XP_056304881,4.088878631591797e-05,esm2_t33_650M_UR50D
XP_073794615,XP_056304886,4.088878631591797e-05,esm2_t33_650M_UR50D
XP_073794614,XP_056304886,4.017353057861328e-05,esm2_t33_650M_UR50D
XP_073794618,XP_056304886,4.017353057861328e-05,esm2_t33_650M_UR50D
XP_073794616,XP_056304886,4.017353057861328e-05,esm2_t33_650M_UR50D
XP_073794602,XP_056304886,4.017353057861328e-05,esm2_t33_650M_UR50D
XP_073794593,XP_056304886,4.088878631591797e-05,esm2_t33_650M_UR50D
XP_073794613,XP_056304886,4.088878631591797e-05,esm2_t33_650M_UR50D
XP_073794599,XP_056304886,4.088878631591797e-05,esm2_t33_650M_UR50D
XP_073794595,XP_056304886,4.088878631591797e-05,esm2_t33_650M_UR50D
XP_073794598,XP_056304886,4.088878631591797e-05,esm2_t33_650M_UR50D
XP_073794617,XP_056304886,4.088878631591797e-05,esm2_t33_650M_UR50D
XP_073794612,XP_056304886,4.017353057861328e-05,esm2_t33_650M_UR50D
XP_073794594,XP_056304886,4.088878631591797e-05,esm2_t33_650M_UR50D
XP_073794601,XP_056304886,4.088878631591797e-05,esm2_t33_650M_UR50D
XP_073794600,XP_056304886,4.017353057861328e-05,esm2_t33_650M_UR50D
XP_073794596,XP_056304886,4.088878631591797e-05,esm2_t33_650M_UR50D
XP_073794597,XP_056304886,4.017353057861328e-05,esm2_t33_650M_UR50D
XP_073795758,XP_056304665,0.00027173757553100586,esm2_t33_650M_UR50D
XP_073803197,XP_056311848,0.0005295276641845703,esm2_t33_650M_UR50D
XP_073804780,XP_056310948,0.03733563423156738,esm2_t33_650M_UR50D
XP_005172209,XP_056318564,0.03966706991195679,esm2_t33_650M_UR50D
XP_005161694,XP_056303766,0.0305289626121521,esm2_t33_650M_UR50D
NP_001170806,XP_056313328,0.015426993370056152,esm2_t33_650M_UR50D
NP_001107111,XP_056308382,0.013572275638580322,esm2_t33_650M_UR50D
XP_699087,XP_056307214,0.02298516035079956,esm2_t33_650M_UR50D
XP_073803335,XP_056311413,6.937980651855469e-05,esm2_t33_650M_UR50D
XP_073803336,XP_056311413,6.937980651855469e-05,esm2_t33_650M_UR50D
XP_073803337,XP_056311413,6.937980651855469e-05,esm2_t33_650M_UR50D
XP_073803335,XP_056311412,6.937980651855469e-05,esm2_t33_650M_UR50D
XP_073803336,XP_056311412,6.937980651855469e-05,esm2_t33_650M_UR50D
XP_073803337,XP_056311412,6.937980651855469e-05,esm2_t33_650M_UR50D
XP_073792923,XP_056303811,0.00010877847671508789,esm2_t33_650M_UR50D
XP_073792923,XP_056303810,0.00011295080184936523,esm2_t33_650M_UR50D
XP_073803337,XP_056311414,6.937980651855469e-05,esm2_t33_650M_UR50D
XP_073803336,XP_056311414,6.937980651855469e-05,esm2_t33_650M_UR50D
XP_073803335,XP_056311414,6.937980651855469e-05,esm2_t33_650M_UR50D
XP_073794998,XP_056305354,4.369020462036133e-05,esm2_t33_650M_UR50D
XP_073794997,XP_056305354,4.369020462036133e-05,esm2_t33_650M_UR50D
XP_073803334,XP_056311411,5.7756900787353516e-05,esm2_t33_650M_UR50D
XP_073803334,XP_056311408,5.7756900787353516e-05,esm2_t33_650M_UR50D
XP_073794997,XP_056305355,4.887580871582031e-05,esm2_t33_650M_UR50D
XP_073794998,XP_056305355,4.887580871582031e-05,esm2_t33_650M_UR50D
XP_073803334,XP_056311409,5.7756900787353516e-05,esm2_t33_650M_UR50D
XP_697727,XP_056332436,9.924173355102539e-05,esm2_t33_650M_UR50D
XP_073795180,XP_056304941,0.00011718273162841797,esm2_t33_650M_UR50D
XP_073807185,XP_056314718,2.5272369384765625e-05,esm2_t33_650M_UR50D
XP_073807186,XP_056314718,2.5272369384765625e-05,esm2_t33_650M_UR50D
XP_073795178,XP_056304941,6.133317947387695e-05,esm2_t33_650M_UR50D
XP_073795179,XP_056304941,6.264448165893555e-05,esm2_t33_650M_UR50D
XP_073795177,XP_056304941,9.930133819580078e-05,esm2_t33_650M_UR50D
XP_073803334,XP_056311410,5.7756900787353516e-05,esm2_t33_650M_UR50D
XP_073795177,XP_056304940,5.5730342864990234e-05,esm2_t33_650M_UR50D
XP_073795178,XP_056304940,7.110834121704102e-05,esm2_t33_650M_UR50D
XP_073795179,XP_056304940,6.788969039916992e-05,esm2_t33_650M_UR50D
XP_073795178,XP_056304938,6.920099258422852e-05,esm2_t33_650M_UR50D
XP_073795178,XP_056304939,6.920099258422852e-05,esm2_t33_650M_UR50D
XP_073795177,XP_056304938,5.7756900787353516e-05,esm2_t33_650M_UR50D
XP_073795179,XP_056304938,6.99162483215332e-05,esm2_t33_650M_UR50D
XP_073795179,XP_056304939,6.99162483215332e-05,esm2_t33_650M_UR50D
XP_073795177,XP_056304939,5.7756900787353516e-05,esm2_t33_650M_UR50D
XP_068068931,XP_056327439,0.013569056987762451,esm2_t33_650M_UR50D
XP_005156868,XP_056327439,0.013569056987762451,esm2_t33_650M_UR50D
NP_999947,XP_056327439,0.013431131839752197,esm2_t33_650M_UR50D
NP_001108575,XP_056308382,0.015546321868896484,esm2_t33_650M_UR50D
XP_073794997,XP_056305356,4.369020462036133e-05,esm2_t33_650M_UR50D
XP_073794998,XP_056305356,4.369020462036133e-05,esm2_t33_650M_UR50D
NP_001005950,XP_056325645,0.019906997680664062,esm2_t33_650M_UR50D
NP_001035450,XP_056301966,0.010698914527893066,esm2_t33_650M_UR50D
XP_073788352,XP_056305304,0.03755652904510498,esm2_t33_650M_UR50D
XP_073794974,XP_056304857,4.392862319946289e-05,esm2_t33_650M_UR50D
XP_073794993,XP_056304857,2.1398067474365234e-05,esm2_t33_650M_UR50D
XP_073794988,XP_056304857,2.1398067474365234e-05,esm2_t33_650M_UR50D
XP_073794990,XP_056304857,2.1398067474365234e-05,esm2_t33_650M_UR50D
XP_073794995,XP_056304857,2.1398067474365234e-05,esm2_t33_650M_UR50D
XP_073794994,XP_056304857,2.1398067474365234e-05,esm2_t33_650M_UR50D
XP_073794978,XP_056304857,2.1398067474365234e-05,esm2_t33_650M_UR50D
XP_073794991,XP_056304857,2.1398067474365234e-05,esm2_t33_650M_UR50D
XP_073794987,XP_056304857,1.996755599975586e-05,esm2_t33_650M_UR50D
XP_073794983,XP_056304857,3.814697265625e-05,esm2_t33_650M_UR50D
XP_073794984,XP_056304857,3.814697265625e-05,esm2_t33_650M_UR50D
XP_073794968,XP_056304857,3.814697265625e-05,esm2_t33_650M_UR50D
XP_073794996,XP_056304857,1.996755599975586e-05,esm2_t33_650M_UR50D
XP_073794992,XP_056304857,1.996755599975586e-05,esm2_t33_650M_UR50D
XP_073794986,XP_056304857,1.996755599975586e-05,esm2_t33_650M_UR50D
XP_073794976,XP_056304857,3.814697265625e-05,esm2_t33_650M_UR50D
XP_073794989,XP_056304857,1.996755599975586e-05,esm2_t33_650M_UR50D
XP_073794981,XP_056304857,3.784894943237305e-05,esm2_t33_650M_UR50D
XP_073794964,XP_056304857,5.316734313964844e-05,esm2_t33_650M_UR50D
XP_073794977,XP_056304857,3.784894943237305e-05,esm2_t33_650M_UR50D
XP_073794962,XP_056304857,5.316734313964844e-05,esm2_t33_650M_UR50D
XP_073794970,XP_056304857,3.784894943237305e-05,esm2_t33_650M_UR50D
XP_073794972,XP_056304857,3.784894943237305e-05,esm2_t33_650M_UR50D
XP_073794963,XP_056304857,4.9054622650146484e-05,esm2_t33_650M_UR50D
XP_073794985,XP_056304857,3.725290298461914e-05,esm2_t33_650M_UR50D
XP_073797517,XP_056306431,6.401538848876953e-05,esm2_t33_650M_UR50D
XP_073797519,XP_056306431,6.80685043334961e-05,esm2_t33_650M_UR50D
XP_073794973,XP_056304857,3.8683414459228516e-05,esm2_t33_650M_UR50D
XP_073794975,XP_056304857,3.8683414459228516e-05,esm2_t33_650M_UR50D
XP_073794971,XP_056304857,6.693601608276367e-05,esm2_t33_650M_UR50D
XP_073794967,XP_056304857,3.8683414459228516e-05,esm2_t33_650M_UR50D
XP_073794979,XP_056304857,3.8683414459228516e-05,esm2_t33_650M_UR50D
XP_073794965,XP_056304857,6.693601608276367e-05,esm2_t33_650M_UR50D
XP_073794953,XP_056304857,0.0002675056457519531,esm2_t33_650M_UR50D
XP_073794969,XP_056304857,3.534555435180664e-05,esm2_t33_650M_UR50D
XP_073794980,XP_056304857,3.534555435180664e-05,esm2_t33_650M_UR50D
XP_073794966,XP_056304857,5.698204040527344e-05,esm2_t33_650M_UR50D
XP_073794961,XP_056304857,5.698204040527344e-05,esm2_t33_650M_UR50D
XP_073797512,XP_056306428,5.072355270385742e-05,esm2_t33_650M_UR50D
XP_073797516,XP_056306428,7.075071334838867e-05,esm2_t33_650M_UR50D
XP_073797514,XP_056306428,5.072355270385742e-05,esm2_t33_650M_UR50D
XP_073797515,XP_056306428,7.075071334838867e-05,esm2_t33_650M_UR50D
XP_073797511,XP_056306428,5.072355270385742e-05,esm2_t33_650M_UR50D
XP_073797513,XP_056306428,5.072355270385742e-05,esm2_t33_650M_UR50D
XP_073794951,XP_056304857,0.00027698278427124023,esm2_t33_650M_UR50D
XP_073794956,XP_056304857,0.00021898746490478516,esm2_t33_650M_UR50D
XP_073797513,XP_056306429,5.072355270385742e-05,esm2_t33_650M_UR50D
XP_073797511,XP_056306429,5.072355270385742e-05,esm2_t33_650M_UR50D
XP_073797512,XP_056306429,5.072355270385742e-05,esm2_t33_650M_UR50D
XP_073797514,XP_056306429,5.072355270385742e-05,esm2_t33_650M_UR50D
XP_073797515,XP_056306429,7.075071334838867e-05,esm2_t33_650M_UR50D
XP_073797516,XP_056306429,7.075071334838867e-05,esm2_t33_650M_UR50D
XP_073794958,XP_056304857,0.0002664327621459961,esm2_t33_650M_UR50D
XP_073794955,XP_056304857,0.0002664327621459961,esm2_t33_650M_UR50D
XP_073794952,XP_056304857,0.0003116130828857422,esm2_t33_650M_UR50D
XP_073794954,XP_056304857,0.0003116130828857422,esm2_t33_650M_UR50D
XP_073794957,XP_056304857,0.0002664327621459961,esm2_t33_650M_UR50D
XP_073794949,XP_056304857,0.0003116130828857422,esm2_t33_650M_UR50D
XP_073794960,XP_056304857,0.0002664327621459961,esm2_t33_650M_UR50D
XP_073797516,XP_056306433,7.075071334838867e-05,esm2_t33_650M_UR50D
XP_073797512,XP_056306433,5.072355270385742e-05,esm2_t33_650M_UR50D
XP_073797511,XP_056306433,5.072355270385742e-05,esm2_t33_650M_UR50D
XP_073797513,XP_056306433,5.072355270385742e-05,esm2_t33_650M_UR50D
XP_073797515,XP_056306433,7.075071334838867e-05,esm2_t33_650M_UR50D
XP_073797514,XP_056306433,5.072355270385742e-05,esm2_t33_650M_UR50D
XP_073794950,XP_056304857,0.0003148317337036133,esm2_t33_650M_UR50D
XP_073797512,XP_056306430,8.690357208251953e-05,esm2_t33_650M_UR50D
XP_073797514,XP_056306430,8.690357208251953e-05,esm2_t33_650M_UR50D
XP_073797513,XP_056306430,8.690357208251953e-05,esm2_t33_650M_UR50D
XP_073797516,XP_056306430,6.377696990966797e-05,esm2_t33_650M_UR50D
XP_073797515,XP_056306430,6.377696990966797e-05,esm2_t33_650M_UR50D
XP_073797511,XP_056306430,8.690357208251953e-05,esm2_t33_650M_UR50D
XP_073797516,XP_056306425,7.075071334838867e-05,esm2_t33_650M_UR50D
XP_073797515,XP_056306425,7.075071334838867e-05,esm2_t33_650M_UR50D
XP_073797512,XP_056306425,5.072355270385742e-05,esm2_t33_650M_UR50D
XP_073797511,XP_056306425,5.072355270385742e-05,esm2_t33_650M_UR50D
XP_073797514,XP_056306425,5.072355270385742e-05,esm2_t33_650M_UR50D
XP_073797513,XP_056306425,5.072355270385742e-05,esm2_t33_650M_UR50D
XP_073797515,XP_056306427,7.075071334838867e-05,esm2_t33_650M_UR50D
XP_073797516,XP_056306427,7.075071334838867e-05,esm2_t33_650M_UR50D
XP_073797514,XP_056306427,5.072355270385742e-05,esm2_t33_650M_UR50D
XP_073797513,XP_056306427,5.072355270385742e-05,esm2_t33_650M_UR50D
XP_073797512,XP_056306427,5.072355270385742e-05,esm2_t33_650M_UR50D
XP_073797511,XP_056306427,5.072355270385742e-05,esm2_t33_650M_UR50D
XP_073797514,XP_056306426,5.072355270385742e-05,esm2_t33_650M_UR50D
XP_073797516,XP_056306426,7.075071334838867e-05,esm2_t33_650M_UR50D
XP_073797515,XP_056306426,7.075071334838867e-05,esm2_t33_650M_UR50D
XP_073797511,XP_056306426,5.072355270385742e-05,esm2_t33_650M_UR50D
XP_073797512,XP_056306426,5.072355270385742e-05,esm2_t33_650M_UR50D
XP_073797513,XP_056306426,5.072355270385742e-05,esm2_t33_650M_UR50D
XP_073808700,XP_056315576,0.00011134147644042969,esm2_t33_650M_UR50D
XP_073808702,XP_056315576,0.00011134147644042969,esm2_t33_650M_UR50D
XP_073808701,XP_056315576,0.00011134147644042969,esm2_t33_650M_UR50D
XP_073808699,XP_056315576,0.00011134147644042969,esm2_t33_650M_UR50D
NP_001007283,XP_056302248,0.03447580337524414,esm2_t33_650M_UR50D
XP_073800243,XP_056305128,0.030232250690460205,esm2_t33_650M_UR50D
XP_073804780,XP_056310941,0.036168456077575684,esm2_t33_650M_UR50D
XP_073804780,XP_056310942,0.036168456077575684,esm2_t33_650M_UR50D
XP_073804780,XP_056310943,0.036168456077575684,esm2_t33_650M_UR50D
XP_073804780,XP_056310940,0.036168575286865234,esm2_t33_650M_UR50D
XP_073804780,XP_056310945,0.036168456077575684,esm2_t33_650M_UR50D
XP_009292899,XP_056337466,0.03227055072784424,esm2_t33_650M_UR50D
XP_073789832,XP_056336618,0.0001093149185180664,esm2_t33_650M_UR50D
XP_073789833,XP_056336618,0.00011795759201049805,esm2_t33_650M_UR50D
XP_073789830,XP_056336618,0.00011795759201049805,esm2_t33_650M_UR50D
XP_073789831,XP_056336618,5.906820297241211e-05,esm2_t33_650M_UR50D
XP_003201252,XP_056304607,0.0008528232574462891,esm2_t33_650M_UR50D
NP_001038622,XP_056337466,0.032252728939056396,esm2_t33_650M_UR50D
XP_009295192,XP_056304607,0.0008581280708312988,esm2_t33_650M_UR50D
XP_017206475,XP_056330047,0.012455105781555176,esm2_t33_650M_UR50D
NP_001293035,XP_056301481,0.02382791042327881,esm2_t33_650M_UR50D
XP_073806316,XP_056313146,0.0002474784851074219,esm2_t33_650M_UR50D
XP_073806299,XP_056313146,0.00028008222579956055,esm2_t33_650M_UR50D
NP_991182,XP_056306006,0.0279848575592041,esm2_t33_650M_UR50D
XP_073806310,XP_056313146,0.00030803680419921875,esm2_t33_650M_UR50D
XP_073806302,XP_056313146,0.00022989511489868164,esm2_t33_650M_UR50D
XP_073806313,XP_056313146,0.00025004148483276367,esm2_t33_650M_UR50D
XP_073806304,XP_056313146,0.00022166967391967773,esm2_t33_650M_UR50D
XP_073806329,XP_056313146,0.0002689361572265625,esm2_t33_650M_UR50D
XP_073806324,XP_056313146,0.00031256675720214844,esm2_t33_650M_UR50D
XP_073806325,XP_056313146,0.00026112794876098633,esm2_t33_650M_UR50D
XP_073797231,XP_056307207,0.0001214742660522461,esm2_t33_650M_UR50D
NP_001417763,XP_056318168,0.0001271963119506836,esm2_t33_650M_UR50D
XP_021336792,XP_056328313,0.0839390754699707,esm2_t33_650M_UR50D
XP_021336793,XP_056328313,0.0839390754699707,esm2_t33_650M_UR50D
NP_001231965,XP_056311338,0.019039392471313477,esm2_t33_650M_UR50D
XP_073794903,XP_056305469,5.239248275756836e-05,esm2_t33_650M_UR50D
XP_073805227,XP_056320045,0.0003567337989807129,esm2_t33_650M_UR50D
XP_073805226,XP_056320045,0.0003567337989807129,esm2_t33_650M_UR50D
XP_073802941,XP_056312376,0.020820438861846924,esm2_t33_650M_UR50D
XP_073805226,XP_056320063,0.0003567337989807129,esm2_t33_650M_UR50D
XP_073805227,XP_056320063,0.0003567337989807129,esm2_t33_650M_UR50D
XP_073790413,XP_056302875,0.00013518333435058594,esm2_t33_650M_UR50D
XP_073790398,XP_056302875,0.00013518333435058594,esm2_t33_650M_UR50D
XP_073790413,XP_056302874,0.00013518333435058594,esm2_t33_650M_UR50D
XP_073790414,XP_056302874,0.00013518333435058594,esm2_t33_650M_UR50D
XP_073790411,XP_056302875,0.00013518333435058594,esm2_t33_650M_UR50D
XP_073790412,XP_056302874,0.00013518333435058594,esm2_t33_650M_UR50D
XP_073790414,XP_056302875,0.00013518333435058594,esm2_t33_650M_UR50D
XP_073790399,XP_056302874,0.00013518333435058594,esm2_t33_650M_UR50D
XP_073790398,XP_056302874,0.00013518333435058594,esm2_t33_650M_UR50D
XP_073790400,XP_056302875,0.00013518333435058594,esm2_t33_650M_UR50D
XP_073790399,XP_056302875,0.00013518333435058594,esm2_t33_650M_UR50D
XP_073790400,XP_056302874,0.00013518333435058594,esm2_t33_650M_UR50D
XP_073790397,XP_056302875,0.00013518333435058594,esm2_t33_650M_UR50D
XP_073790412,XP_056302875,0.00013518333435058594,esm2_t33_650M_UR50D
XP_073790411,XP_056302874,0.00013518333435058594,esm2_t33_650M_UR50D
XP_073790397,XP_056302874,0.00013518333435058594,esm2_t33_650M_UR50D
XP_073805985,XP_056314630,0.0013625025749206543,esm2_t33_650M_UR50D
NP_001160156,XP_056308636,0.006950676441192627,esm2_t33_650M_UR50D
XP_073790390,XP_056302872,0.00013619661331176758,esm2_t33_650M_UR50D
XP_073790406,XP_056302872,0.00013619661331176758,esm2_t33_650M_UR50D
XP_073790405,XP_056302872,0.00013619661331176758,esm2_t33_650M_UR50D
XP_073790388,XP_056302872,0.00013619661331176758,esm2_t33_650M_UR50D
XP_073790391,XP_056302872,0.00013619661331176758,esm2_t33_650M_UR50D
XP_073790392,XP_056302872,0.00013619661331176758,esm2_t33_650M_UR50D
XP_073790405,XP_056302870,0.00013619661331176758,esm2_t33_650M_UR50D
XP_073790391,XP_056302870,0.00013619661331176758,esm2_t33_650M_UR50D
XP_073790392,XP_056302870,0.00013619661331176758,esm2_t33_650M_UR50D
XP_073790406,XP_056302870,0.00013619661331176758,esm2_t33_650M_UR50D
XP_073790416,XP_056302876,0.00012832880020141602,esm2_t33_650M_UR50D
XP_073790384,XP_056302876,0.00012832880020141602,esm2_t33_650M_UR50D
XP_073790401,XP_056302876,0.00012832880020141602,esm2_t33_650M_UR50D
XP_073790402,XP_056302876,0.00012832880020141602,esm2_t33_650M_UR50D
XP_073810732,XP_056316506,5.239248275756836e-05,esm2_t33_650M_UR50D
XP_073810733,XP_056316506,5.239248275756836e-05,esm2_t33_650M_UR50D
XP_073793585,XP_056303596,0.02923274040222168,esm2_t33_650M_UR50D
XP_073793586,XP_056303596,0.02923274040222168,esm2_t33_650M_UR50D
XP_073798580,XP_056307637,0.0002588033676147461,esm2_t33_650M_UR50D
XP_699360,XP_056316506,4.07099723815918e-05,esm2_t33_650M_UR50D
XP_073805226,XP_056320055,0.00034683942794799805,esm2_t33_650M_UR50D
XP_073805227,XP_056320055,0.00034683942794799805,esm2_t33_650M_UR50D
XP_073810733,XP_056316507,4.023313522338867e-05,esm2_t33_650M_UR50D
XP_073810732,XP_056316507,4.023313522338867e-05,esm2_t33_650M_UR50D
XP_009291892,XP_056318446,0.013264656066894531,esm2_t33_650M_UR50D
XP_073810733,XP_056316505,5.239248275756836e-05,esm2_t33_650M_UR50D
XP_073810732,XP_056316505,5.239248275756836e-05,esm2_t33_650M_UR50D
XP_073810735,XP_056316506,7.283687591552734e-05,esm2_t33_650M_UR50D
NP_001231965,XP_056311339,0.02096468210220337,esm2_t33_650M_UR50D
XP_073786073,XP_056318446,0.0131683349609375,esm2_t33_650M_UR50D
XP_699360,XP_056316507,3.534555435180664e-05,esm2_t33_650M_UR50D
XP_699360,XP_056316505,4.07099723815918e-05,esm2_t33_650M_UR50D
XP_073810735,XP_056316507,6.216764450073242e-05,esm2_t33_650M_UR50D
XP_073810735,XP_056316505,7.283687591552734e-05,esm2_t33_650M_UR50D
XP_073798577,XP_056307637,0.00034499168395996094,esm2_t33_650M_UR50D
XP_073810732,XP_056316508,6.16312026977539e-05,esm2_t33_650M_UR50D
XP_073810733,XP_056316508,6.16312026977539e-05,esm2_t33_650M_UR50D
XP_699360,XP_056316508,5.429983139038086e-05,esm2_t33_650M_UR50D
XP_021323468,XP_056318446,0.012781977653503418,esm2_t33_650M_UR50D
XP_073810735,XP_056316508,3.063678741455078e-05,esm2_t33_650M_UR50D
XP_073798574,XP_056307637,0.0004648566246032715,esm2_t33_650M_UR50D
XP_073798575,XP_056307637,0.0004648566246032715,esm2_t33_650M_UR50D
XP_073798576,XP_056307637,0.0003768801689147949,esm2_t33_650M_UR50D
XP_073800142,XP_056304567,0.03029501438140869,esm2_t33_650M_UR50D
XP_073809698,XP_056315393,4.023313522338867e-05,esm2_t33_650M_UR50D
XP_073794113,XP_056304690,3.8743019104003906e-05,esm2_t33_650M_UR50D
XP_073794114,XP_056304690,3.8743019104003906e-05,esm2_t33_650M_UR50D
XP_073801180,XP_056308798,0.016130924224853516,esm2_t33_650M_UR50D
XP_073799227,XP_056309604,3.7789344787597656e-05,esm2_t33_650M_UR50D
XP_683046,XP_056315393,1.627206802368164e-05,esm2_t33_650M_UR50D
NP_001106975,XP_056325918,0.010896623134613037,esm2_t33_650M_UR50D
NP_571137,XP_056320468,0.008583009243011475,esm2_t33_650M_UR50D
XP_073809698,XP_056315392,7.88569450378418e-05,esm2_t33_650M_UR50D
XP_073808616,XP_056315332,9.566545486450195e-05,esm2_t33_650M_UR50D
XP_073808615,XP_056315332,9.566545486450195e-05,esm2_t33_650M_UR50D
XP_073808612,XP_056315332,2.7298927307128906e-05,esm2_t33_650M_UR50D
XP_073808613,XP_056315332,2.7298927307128906e-05,esm2_t33_650M_UR50D
XP_073797283,XP_056306637,2.2113323211669922e-05,esm2_t33_650M_UR50D
XP_073805358,XP_056310791,0.018123388290405273,esm2_t33_650M_UR50D
XP_021333282,XP_056310791,0.018123388290405273,esm2_t33_650M_UR50D
XP_021337120,XP_056330047,0.011757910251617432,esm2_t33_650M_UR50D
XP_073792929,XP_056304182,1.3232231140136719e-05,esm2_t33_650M_UR50D
XP_073808615,XP_056315333,2.3663043975830078e-05,esm2_t33_650M_UR50D
XP_073808613,XP_056315333,5.501508712768555e-05,esm2_t33_650M_UR50D
XP_073808612,XP_056315333,5.501508712768555e-05,esm2_t33_650M_UR50D
XP_073808616,XP_056315333,2.3663043975830078e-05,esm2_t33_650M_UR50D
XP_073800856,XP_056309873,3.9517879486083984e-05,esm2_t33_650M_UR50D
XP_073794186,XP_056305837,0.003807544708251953,esm2_t33_650M_UR50D
XP_073794190,XP_056305837,0.0038083791732788086,esm2_t33_650M_UR50D
XP_073794185,XP_056305837,0.003807544708251953,esm2_t33_650M_UR50D
XP_073794184,XP_056305837,0.003807544708251953,esm2_t33_650M_UR50D
XP_073794187,XP_056305837,0.003807544708251953,esm2_t33_650M_UR50D
XP_073794182,XP_056305837,0.003807544708251953,esm2_t33_650M_UR50D
XP_073794189,XP_056305837,0.0038083791732788086,esm2_t33_650M_UR50D
XP_073794188,XP_056305837,0.0038083791732788086,esm2_t33_650M_UR50D
XP_073793322,XP_056303267,0.006544053554534912,esm2_t33_650M_UR50D
XP_073799227,XP_056309603,4.166364669799805e-05,esm2_t33_650M_UR50D
XP_073808611,XP_056315332,7.861852645874023e-05,esm2_t33_650M_UR50D
XP_073808610,XP_056315332,7.861852645874023e-05,esm2_t33_650M_UR50D
XP_073808614,XP_056315332,0.0001328587532043457,esm2_t33_650M_UR50D
XP_073808609,XP_056315332,7.861852645874023e-05,esm2_t33_650M_UR50D
XP_073808619,XP_056315335,6.395578384399414e-05,esm2_t33_650M_UR50D
XP_073808621,XP_056315335,2.682209014892578e-05,esm2_t33_650M_UR50D
XP_073808620,XP_056315335,2.682209014892578e-05,esm2_t33_650M_UR50D
XP_073808618,XP_056315335,0.0001195669174194336,esm2_t33_650M_UR50D
XP_073808617,XP_056315335,0.0001195669174194336,esm2_t33_650M_UR50D
XP_073790391,XP_056302871,0.00013619661331176758,esm2_t33_650M_UR50D
XP_073790405,XP_056302871,0.00013619661331176758,esm2_t33_650M_UR50D
XP_073790392,XP_056302871,0.00013619661331176758,esm2_t33_650M_UR50D
XP_073790406,XP_056302871,0.00013619661331176758,esm2_t33_650M_UR50D
XP_073808619,XP_056315334,0.00014519691467285156,esm2_t33_650M_UR50D
XP_073808614,XP_056315333,6.771087646484375e-05,esm2_t33_650M_UR50D
XP_073808618,XP_056315334,3.2007694244384766e-05,esm2_t33_650M_UR50D
XP_073808621,XP_056315334,0.00010251998901367188,esm2_t33_650M_UR50D
XP_073808620,XP_056315334,0.00010251998901367188,esm2_t33_650M_UR50D
XP_073808617,XP_056315334,3.2007694244384766e-05,esm2_t33_650M_UR50D
XP_695742,XP_056317280,4.684925079345703e-05,esm2_t33_650M_UR50D
XP_073790647,XP_056301754,0.00040918588638305664,esm2_t33_650M_UR50D
XP_073790637,XP_056301754,5.1021575927734375e-05,esm2_t33_650M_UR50D
XP_073790646,XP_056301754,0.00040918588638305664,esm2_t33_650M_UR50D
XP_073790638,XP_056301749,0.0001995563507080078,esm2_t33_650M_UR50D
XP_073790637,XP_056301749,0.00017559528350830078,esm2_t33_650M_UR50D
XP_073790639,XP_056301749,0.0001995563507080078,esm2_t33_650M_UR50D
XP_701288,XP_056326301,4.887580871582031e-05,esm2_t33_650M_UR50D
NP_001289712,XP_056308417,0.014834880828857422,esm2_t33_650M_UR50D
XP_073790649,XP_056301759,0.00017559528350830078,esm2_t33_650M_UR50D
XP_073790659,XP_056301759,0.0001995563507080078,esm2_t33_650M_UR50D
XP_073790653,XP_056301759,0.0001995563507080078,esm2_t33_650M_UR50D
XP_073790658,XP_056301759,0.0001995563507080078,esm2_t33_650M_UR50D
XP_073790652,XP_056301759,0.0001995563507080078,esm2_t33_650M_UR50D
XP_073790641,XP_056301759,3.999471664428711e-05,esm2_t33_650M_UR50D
XP_073790645,XP_056301759,0.00015652179718017578,esm2_t33_650M_UR50D
XP_073790640,XP_056301759,3.999471664428711e-05,esm2_t33_650M_UR50D
XP_073790648,XP_056301759,0.00017559528350830078,esm2_t33_650M_UR50D
XP_073790652,XP_056301757,0.0001995563507080078,esm2_t33_650M_UR50D
XP_073790653,XP_056301757,0.0001995563507080078,esm2_t33_650M_UR50D
XP_073790648,XP_056301757,0.00017559528350830078,esm2_t33_650M_UR50D
XP_073790641,XP_056301757,3.999471664428711e-05,esm2_t33_650M_UR50D
XP_073790640,XP_056301757,3.999471664428711e-05,esm2_t33_650M_UR50D
XP_073790649,XP_056301757,0.00017559528350830078,esm2_t33_650M_UR50D
XP_073790645,XP_056301757,0.00015652179718017578,esm2_t33_650M_UR50D
XP_073790639,XP_056301752,0.00018477439880371094,esm2_t33_650M_UR50D
XP_073790639,XP_056301751,0.00018477439880371094,esm2_t33_650M_UR50D
XP_073790637,XP_056301752,0.00015276670455932617,esm2_t33_650M_UR50D
XP_073790638,XP_056301752,0.00018477439880371094,esm2_t33_650M_UR50D
XP_073790638,XP_056301751,0.00018477439880371094,esm2_t33_650M_UR50D
XP_073790638,XP_056301753,0.00018477439880371094,esm2_t33_650M_UR50D
XP_073790637,XP_056301753,0.00015276670455932617,esm2_t33_650M_UR50D
XP_073790637,XP_056301751,0.00015276670455932617,esm2_t33_650M_UR50D
XP_073790639,XP_056301753,0.00018477439880371094,esm2_t33_650M_UR50D
XP_073807487,XP_056315670,7.855892181396484e-05,esm2_t33_650M_UR50D
XP_073807483,XP_056315670,7.69495964050293e-05,esm2_t33_650M_UR50D
XP_073807494,XP_056315670,7.855892181396484e-05,esm2_t33_650M_UR50D
XP_073799247,XP_056307248,0.0042504072189331055,esm2_t33_650M_UR50D
XP_073790637,XP_056301750,0.00026094913482666016,esm2_t33_650M_UR50D
XP_073790642,XP_056301750,0.00023603439331054688,esm2_t33_650M_UR50D
XP_073790639,XP_056301750,0.0002549886703491211,esm2_t33_650M_UR50D
XP_073790638,XP_056301750,0.0002549886703491211,esm2_t33_650M_UR50D
XP_073790644,XP_056301750,0.00023603439331054688,esm2_t33_650M_UR50D
XP_073807487,XP_056315654,7.855892181396484e-05,esm2_t33_650M_UR50D
XP_073807483,XP_056315654,7.69495964050293e-05,esm2_t33_650M_UR50D
XP_073807494,XP_056315654,7.855892181396484e-05,esm2_t33_650M_UR50D
XP_073790650,XP_056301755,0.00030493736267089844,esm2_t33_650M_UR50D
XP_073790651,XP_056301755,0.00030493736267089844,esm2_t33_650M_UR50D
XP_073787710,XP_056304658,0.027601301670074463,esm2_t33_650M_UR50D
NP_001093546,XP_056336232,0.05847799777984619,esm2_t33_650M_UR50D
XP_073807487,XP_056315679,7.855892181396484e-05,esm2_t33_650M_UR50D
XP_073807483,XP_056315679,7.69495964050293e-05,esm2_t33_650M_UR50D
XP_073807494,XP_056315679,7.855892181396484e-05,esm2_t33_650M_UR50D
NP_957123,XP_056305557,0.005126953125,esm2_t33_650M_UR50D
XP_073807494,XP_056315663,7.551908493041992e-05,esm2_t33_650M_UR50D
XP_073807487,XP_056315663,7.551908493041992e-05,esm2_t33_650M_UR50D
XP_073807483,XP_056315663,7.528066635131836e-05,esm2_t33_650M_UR50D
XP_073807487,XP_056315645,7.855892181396484e-05,esm2_t33_650M_UR50D
XP_073807483,XP_056315645,7.69495964050293e-05,esm2_t33_650M_UR50D
XP_073807494,XP_056315645,7.855892181396484e-05,esm2_t33_650M_UR50D
XP_073807562,XP_056314404,0.00013935565948486328,esm2_t33_650M_UR50D
XP_021333865,XP_056310884,0.005929827690124512,esm2_t33_650M_UR50D
XP_073790638,XP_056301756,5.3942203521728516e-05,esm2_t33_650M_UR50D
XP_073790642,XP_056301756,0.00019741058349609375,esm2_t33_650M_UR50D
XP_073790651,XP_056301756,0.00023514032363891602,esm2_t33_650M_UR50D
XP_073790644,XP_056301756,0.00019741058349609375,esm2_t33_650M_UR50D
XP_073790647,XP_056301756,0.0002581477165222168,esm2_t33_650M_UR50D
XP_073790650,XP_056301756,0.00023514032363891602,esm2_t33_650M_UR50D
XP_073790639,XP_056301756,5.3942203521728516e-05,esm2_t33_650M_UR50D
XP_073790646,XP_056301756,0.0002581477165222168,esm2_t33_650M_UR50D
XP_073807561,XP_056314404,0.00013709068298339844,esm2_t33_650M_UR50D
XP_073807560,XP_056314404,0.00014019012451171875,esm2_t33_650M_UR50D
XP_073807559,XP_056314404,0.0001436471939086914,esm2_t33_650M_UR50D
XP_073807562,XP_056314408,0.00013017654418945312,esm2_t33_650M_UR50D
XP_073807563,XP_056314404,0.00019627809524536133,esm2_t33_650M_UR50D
XP_073795509,XP_056305554,0.011891543865203857,esm2_t33_650M_UR50D
XP_073807561,XP_056314408,0.0001226663589477539,esm2_t33_650M_UR50D
XP_073807563,XP_056314408,0.00016754865646362305,esm2_t33_650M_UR50D
XP_073807560,XP_056314408,0.00014144182205200195,esm2_t33_650M_UR50D
XP_073807562,XP_056314407,0.00012665987014770508,esm2_t33_650M_UR50D
XP_073807559,XP_056314408,0.00013870000839233398,esm2_t33_650M_UR50D
XP_073807561,XP_056314407,0.0001221299171447754,esm2_t33_650M_UR50D
XP_701288,XP_056326300,4.887580871582031e-05,esm2_t33_650M_UR50D
XP_073807560,XP_056314407,0.0001398324966430664,esm2_t33_650M_UR50D
XP_073807563,XP_056314407,0.00016111135482788086,esm2_t33_650M_UR50D
XP_073807559,XP_056314407,0.00014060735702514648,esm2_t33_650M_UR50D
XP_073790668,XP_056301761,0.00040435791015625,esm2_t33_650M_UR50D
XP_073790667,XP_056301761,0.00023514032363891602,esm2_t33_650M_UR50D
XP_073790641,XP_056301761,0.00014799833297729492,esm2_t33_650M_UR50D
XP_073790663,XP_056301761,0.00019741058349609375,esm2_t33_650M_UR50D
XP_073790649,XP_056301761,0.00012880563735961914,esm2_t33_650M_UR50D
XP_073790659,XP_056301761,5.3942203521728516e-05,esm2_t33_650M_UR50D
XP_073790656,XP_056301761,0.00019741058349609375,esm2_t33_650M_UR50D
XP_073790648,XP_056301761,0.00012880563735961914,esm2_t33_650M_UR50D
XP_073790640,XP_056301761,0.00014799833297729492,esm2_t33_650M_UR50D
XP_073790657,XP_056301761,0.00019741058349609375,esm2_t33_650M_UR50D
XP_073790653,XP_056301761,5.3942203521728516e-05,esm2_t33_650M_UR50D
XP_073790658,XP_056301761,5.3942203521728516e-05,esm2_t33_650M_UR50D
XP_073790664,XP_056301761,0.00019741058349609375,esm2_t33_650M_UR50D
XP_073790652,XP_056301761,5.3942203521728516e-05,esm2_t33_650M_UR50D
XP_073790669,XP_056301761,0.00040435791015625,esm2_t33_650M_UR50D
XP_073790662,XP_056301761,0.0002581477165222168,esm2_t33_650M_UR50D
XP_073790661,XP_056301761,0.0002581477165222168,esm2_t33_650M_UR50D
XP_073790666,XP_056301761,0.00023514032363891602,esm2_t33_650M_UR50D
XP_009294635,XP_056304550,0.042997002601623535,esm2_t33_650M_UR50D
NP_001315310,XP_056320467,0.008351802825927734,esm2_t33_650M_UR50D
XP_073807483,XP_056315685,7.528066635131836e-05,esm2_t33_650M_UR50D
XP_073807494,XP_056315685,7.551908493041992e-05,esm2_t33_650M_UR50D
XP_073807487,XP_056315685,7.551908493041992e-05,esm2_t33_650M_UR50D
XP_073807562,XP_056314410,0.000133514404296875,esm2_t33_650M_UR50D
XP_073790657,XP_056301758,0.00023603439331054688,esm2_t33_650M_UR50D
XP_073790648,XP_056301758,0.00026094913482666016,esm2_t33_650M_UR50D
XP_073790640,XP_056301758,0.00016546249389648438,esm2_t33_650M_UR50D
XP_073790645,XP_056301758,4.464387893676758e-05,esm2_t33_650M_UR50D
XP_073790649,XP_056301758,0.00026094913482666016,esm2_t33_650M_UR50D
XP_073790656,XP_056301758,0.00023603439331054688,esm2_t33_650M_UR50D
XP_073790641,XP_056301758,0.00016546249389648438,esm2_t33_650M_UR50D
XP_073807561,XP_056314410,0.00012993812561035156,esm2_t33_650M_UR50D
XP_073807563,XP_056314410,0.00016880035400390625,esm2_t33_650M_UR50D
XP_073807560,XP_056314410,0.00014585256576538086,esm2_t33_650M_UR50D
XP_073807559,XP_056314410,0.00014781951904296875,esm2_t33_650M_UR50D
XP_073807562,XP_056314405,0.00013464689254760742,esm2_t33_650M_UR50D
XP_073807561,XP_056314405,0.00012725591659545898,esm2_t33_650M_UR50D
XP_073807560,XP_056314405,0.0001506209373474121,esm2_t33_650M_UR50D
XP_073807563,XP_056314405,0.00017434358596801758,esm2_t33_650M_UR50D
XP_073807559,XP_056314405,0.00014716386795043945,esm2_t33_650M_UR50D
NP_001002097,XP_056324134,0.026742637157440186,esm2_t33_650M_UR50D
NP_001006080,XP_056305553,0.00868690013885498,esm2_t33_650M_UR50D
XP_073791874,XP_056302791,0.055555522441864014,esm2_t33_650M_UR50D
XP_073798491,XP_056328370,0.008848011493682861,esm2_t33_650M_UR50D
XP_073791840,XP_056319202,0.014475405216217041,esm2_t33_650M_UR50D
XP_690503,XP_056312321,0.034431636333465576,esm2_t33_650M_UR50D
XP_073810957,XP_056316683,0.008482098579406738,esm2_t33_650M_UR50D
XP_073810956,XP_056316683,0.008482098579406738,esm2_t33_650M_UR50D
XP_073810955,XP_056316683,0.008482098579406738,esm2_t33_650M_UR50D
XP_073810958,XP_056316683,0.008482098579406738,esm2_t33_650M_UR50D
NP_001315125,XP_056321353,0.016432762145996094,esm2_t33_650M_UR50D
XP_073810957,XP_056316684,0.008472681045532227,esm2_t33_650M_UR50D
XP_073810956,XP_056316684,0.008472681045532227,esm2_t33_650M_UR50D
XP_073810955,XP_056316684,0.008472681045532227,esm2_t33_650M_UR50D
XP_073810958,XP_056316684,0.008472681045532227,esm2_t33_650M_UR50D
XP_073793333,XP_056312323,0.011144518852233887,esm2_t33_650M_UR50D
XP_073793334,XP_056312323,0.011144518852233887,esm2_t33_650M_UR50D
XP_073810953,XP_056316684,0.008404433727264404,esm2_t33_650M_UR50D
XP_073810954,XP_056316684,0.008404433727264404,esm2_t33_650M_UR50D
XP_073810951,XP_056316684,0.008404433727264404,esm2_t33_650M_UR50D
XP_073810952,XP_056316684,0.008404433727264404,esm2_t33_650M_UR50D
XP_021334993,XP_056323129,0.007210433483123779,esm2_t33_650M_UR50D
NP_001017616,XP_056318181,0.01389700174331665,esm2_t33_650M_UR50D
XP_073801025,XP_056309952,7.748603820800781e-05,esm2_t33_650M_UR50D
XP_073801019,XP_056309952,7.545948028564453e-05,esm2_t33_650M_UR50D
XP_073801020,XP_056309952,7.545948028564453e-05,esm2_t33_650M_UR50D
XP_073801024,XP_056309952,7.545948028564453e-05,esm2_t33_650M_UR50D
XP_073801023,XP_056309952,5.233287811279297e-05,esm2_t33_650M_UR50D
XP_073801021,XP_056309952,5.14984130859375e-05,esm2_t33_650M_UR50D
XP_073801022,XP_056309952,5.14984130859375e-05,esm2_t33_650M_UR50D
XP_073801018,XP_056309952,5.233287811279297e-05,esm2_t33_650M_UR50D
XP_073801025,XP_056309951,7.748603820800781e-05,esm2_t33_650M_UR50D
XP_073801019,XP_056309951,7.545948028564453e-05,esm2_t33_650M_UR50D
XP_073801020,XP_056309951,7.545948028564453e-05,esm2_t33_650M_UR50D
XP_073801024,XP_056309951,7.545948028564453e-05,esm2_t33_650M_UR50D
XP_073802123,XP_056312665,1.0788440704345703e-05,esm2_t33_650M_UR50D
XP_073802123,XP_056312664,1.0788440704345703e-05,esm2_t33_650M_UR50D
XP_073801400,XP_056308705,0.006639719009399414,esm2_t33_650M_UR50D
XP_021326380,XP_056307596,0.003689110279083252,esm2_t33_650M_UR50D
XP_073801020,XP_056309949,7.545948028564453e-05,esm2_t33_650M_UR50D
XP_073801019,XP_056309949,7.545948028564453e-05,esm2_t33_650M_UR50D
XP_073801024,XP_056309949,7.545948028564453e-05,esm2_t33_650M_UR50D
XP_073801021,XP_056309951,5.14984130859375e-05,esm2_t33_650M_UR50D
XP_073801018,XP_056309951,5.233287811279297e-05,esm2_t33_650M_UR50D
XP_073801022,XP_056309951,5.14984130859375e-05,esm2_t33_650M_UR50D
XP_073801023,XP_056309951,5.233287811279297e-05,esm2_t33_650M_UR50D
NP_705949,XP_056309172,0.05354863405227661,esm2_t33_650M_UR50D
XP_073801023,XP_056309949,5.233287811279297e-05,esm2_t33_650M_UR50D
XP_073801018,XP_056309949,5.233287811279297e-05,esm2_t33_650M_UR50D
XP_073801021,XP_056309949,5.14984130859375e-05,esm2_t33_650M_UR50D
XP_073801022,XP_056309949,5.14984130859375e-05,esm2_t33_650M_UR50D
XP_009290388,XP_056332070,0.009823381900787354,esm2_t33_650M_UR50D
XP_073807572,XP_056314409,0.00011348724365234375,esm2_t33_650M_UR50D
XP_073807573,XP_056314409,0.00011730194091796875,esm2_t33_650M_UR50D
XP_073797233,XP_056307190,0.0001189112663269043,esm2_t33_650M_UR50D
XP_073797235,XP_056307190,0.0001189112663269043,esm2_t33_650M_UR50D
XP_073797234,XP_056307191,0.0001189112663269043,esm2_t33_650M_UR50D
XP_073797233,XP_056307191,0.0001189112663269043,esm2_t33_650M_UR50D
XP_073797235,XP_056307191,0.0001189112663269043,esm2_t33_650M_UR50D
XP_073797234,XP_056307190,0.0001189112663269043,esm2_t33_650M_UR50D
XP_073797233,XP_056307189,0.0001189112663269043,esm2_t33_650M_UR50D
XP_073797234,XP_056307189,0.0001189112663269043,esm2_t33_650M_UR50D
XP_073797234,XP_056307188,0.0001189112663269043,esm2_t33_650M_UR50D
XP_073797233,XP_056307188,0.0001189112663269043,esm2_t33_650M_UR50D
XP_073801020,XP_056309950,7.75456428527832e-05,esm2_t33_650M_UR50D
XP_073801019,XP_056309950,7.75456428527832e-05,esm2_t33_650M_UR50D
XP_073801023,XP_056309950,5.5670738220214844e-05,esm2_t33_650M_UR50D
XP_073801018,XP_056309950,5.5670738220214844e-05,esm2_t33_650M_UR50D
XP_073801021,XP_056309950,5.358457565307617e-05,esm2_t33_650M_UR50D
XP_073801022,XP_056309950,5.358457565307617e-05,esm2_t33_650M_UR50D
NP_001038839,XP_056307445,0.0015377402305603027,esm2_t33_650M_UR50D
XP_073797233,XP_056307187,9.40561294555664e-05,esm2_t33_650M_UR50D
XP_073797235,XP_056307187,9.40561294555664e-05,esm2_t33_650M_UR50D
XP_073797234,XP_056307187,9.40561294555664e-05,esm2_t33_650M_UR50D
XP_009304943,XP_056326200,0.021608054637908936,esm2_t33_650M_UR50D
NP_001002488,XP_056326200,0.021608054637908936,esm2_t33_650M_UR50D
XP_009290387,XP_056332070,0.009823381900787354,esm2_t33_650M_UR50D
XP_009290386,XP_056332070,0.009823381900787354,esm2_t33_650M_UR50D
XP_073805415,XP_056310878,0.02181476354598999,esm2_t33_650M_UR50D
XP_009290389,XP_056332070,0.009823381900787354,esm2_t33_650M_UR50D
NP_001180454,XP_056327216,0.026226580142974854,esm2_t33_650M_UR50D
NP_001341481,XP_056327216,0.026226580142974854,esm2_t33_650M_UR50D
NP_001341482,XP_056327216,0.026226580142974854,esm2_t33_650M_UR50D
XP_017211153,XP_056310457,0.011872172355651855,esm2_t33_650M_UR50D
XP_009290390,XP_056332070,0.008675158023834229,esm2_t33_650M_UR50D
XP_021325206,XP_056303950,0.015018045902252197,esm2_t33_650M_UR50D
XP_009289566,XP_056328805,0.006424665451049805,esm2_t33_650M_UR50D
XP_021324081,XP_056326066,0.027947604656219482,esm2_t33_650M_UR50D
XP_005174189,XP_056305557,0.003831624984741211,esm2_t33_650M_UR50D
XP_005163889,XP_056309172,0.05354869365692139,esm2_t33_650M_UR50D
XP_073807571,XP_056314409,0.00011938810348510742,esm2_t33_650M_UR50D
XP_073795138,XP_056304639,0.00021380186080932617,esm2_t33_650M_UR50D
XP_003201260,XP_056305573,0.01807945966720581,esm2_t33_650M_UR50D
XP_073807569,XP_056314409,0.00010251998901367188,esm2_t33_650M_UR50D
XP_073807568,XP_056314409,0.00010222196578979492,esm2_t33_650M_UR50D
XP_073801594,XP_056323202,0.013081967830657959,esm2_t33_650M_UR50D
XP_003201035,XP_056304483,0.042693495750427246,esm2_t33_650M_UR50D
NP_001017855,XP_056308570,0.02069181203842163,esm2_t33_650M_UR50D
XP_073795139,XP_056304639,0.00020748376846313477,esm2_t33_650M_UR50D
XP_021332406,XP_056314895,0.035918235778808594,esm2_t33_650M_UR50D
XP_073808008,XP_056314895,0.035918235778808594,esm2_t33_650M_UR50D
XP_073808007,XP_056314895,0.035918235778808594,esm2_t33_650M_UR50D
XP_073808006,XP_056314895,0.035918235778808594,esm2_t33_650M_UR50D
XP_017207531,XP_056318446,0.0075528621673583984,esm2_t33_650M_UR50D
XP_073800556,XP_056309444,3.534555435180664e-05,esm2_t33_650M_UR50D
XP_073800552,XP_056309444,3.534555435180664e-05,esm2_t33_650M_UR50D
XP_021331590,XP_056320346,0.011111617088317871,esm2_t33_650M_UR50D
XP_003198028,XP_056326066,0.027285397052764893,esm2_t33_650M_UR50D
XP_073796608,XP_056306873,0.00010335445404052734,esm2_t33_650M_UR50D
XP_073800552,XP_056309441,3.510713577270508e-05,esm2_t33_650M_UR50D
XP_073800556,XP_056309441,3.510713577270508e-05,esm2_t33_650M_UR50D
XP_005164293,XP_056308793,0.005493104457855225,esm2_t33_650M_UR50D
NP_001410430,XP_056323202,0.010347843170166016,esm2_t33_650M_UR50D
XP_073800554,XP_056309444,3.337860107421875e-05,esm2_t33_650M_UR50D
XP_003198201,XP_056308793,0.005387365818023682,esm2_t33_650M_UR50D
XP_073800554,XP_056309441,3.3915042877197266e-05,esm2_t33_650M_UR50D
XP_073800555,XP_056309444,3.4809112548828125e-05,esm2_t33_650M_UR50D
XP_073800555,XP_056309441,3.463029861450195e-05,esm2_t33_650M_UR50D
XP_073801039,XP_056310218,0.01538848876953125,esm2_t33_650M_UR50D
XP_073805416,XP_056320177,0.019168436527252197,esm2_t33_650M_UR50D
XP_073805416,XP_056320178,0.019168436527252197,esm2_t33_650M_UR50D
XP_073805417,XP_056320177,0.018983781337738037,esm2_t33_650M_UR50D
XP_073805417,XP_056320178,0.018983781337738037,esm2_t33_650M_UR50D
NP_001410430,XP_056323228,0.010699093341827393,esm2_t33_650M_UR50D
NP_571006,XP_056308605,0.031996846199035645,esm2_t33_650M_UR50D
NP_001123874,XP_056336287,0.008314430713653564,esm2_t33_650M_UR50D
XP_073805849,XP_056313411,5.6684017181396484e-05,esm2_t33_650M_UR50D
XP_073805849,XP_056313412,5.6684017181396484e-05,esm2_t33_650M_UR50D
XP_073805850,XP_056313411,5.6684017181396484e-05,esm2_t33_650M_UR50D
XP_073805850,XP_056313412,5.6684017181396484e-05,esm2_t33_650M_UR50D
XP_073802946,XP_056312241,0.02019822597503662,esm2_t33_650M_UR50D
NP_001314986,XP_056319180,0.0392909049987793,esm2_t33_650M_UR50D
NP_001076546,XP_056336610,0.01965630054473877,esm2_t33_650M_UR50D
XP_073795141,XP_056304639,0.0001513361930847168,esm2_t33_650M_UR50D
XP_073795137,XP_056304639,0.00019562244415283203,esm2_t33_650M_UR50D
XP_073795135,XP_056304639,0.0001513361930847168,esm2_t33_650M_UR50D
XP_073795140,XP_056304639,0.0001513361930847168,esm2_t33_650M_UR50D
XP_021325441,XP_056305557,0.004720747470855713,esm2_t33_650M_UR50D
XP_073804167,XP_056311151,0.0018538832664489746,esm2_t33_650M_UR50D
XP_073804166,XP_056311151,0.0018291473388671875,esm2_t33_650M_UR50D
XP_073799823,XP_056308976,0.010743379592895508,esm2_t33_650M_UR50D
XP_073802856,XP_056310457,0.011274516582489014,esm2_t33_650M_UR50D
XP_073791713,XP_056324308,0.018259525299072266,esm2_t33_650M_UR50D
XP_073809661,XP_056315378,2.3186206817626953e-05,esm2_t33_650M_UR50D
XP_005166970,XP_056319180,0.03840780258178711,esm2_t33_650M_UR50D
XP_073807459,XP_056314161,0.006816506385803223,esm2_t33_650M_UR50D
NP_001003450,XP_056304486,0.02005183696746826,esm2_t33_650M_UR50D
XP_073800563,XP_056309445,4.088878631591797e-05,esm2_t33_650M_UR50D
XP_073800563,XP_056309442,4.2319297790527344e-05,esm2_t33_650M_UR50D
XP_686084,XP_056309651,4.076957702636719e-05,esm2_t33_650M_UR50D
XP_073800559,XP_056309445,3.886222839355469e-05,esm2_t33_650M_UR50D
XP_073800562,XP_056309445,3.886222839355469e-05,esm2_t33_650M_UR50D
NP_001154960,XP_056323459,0.030358552932739258,esm2_t33_650M_UR50D
XP_073800559,XP_056309442,4.029273986816406e-05,esm2_t33_650M_UR50D
XP_073800562,XP_056309442,4.029273986816406e-05,esm2_t33_650M_UR50D
XP_073793320,XP_056304483,0.05439633131027222,esm2_t33_650M_UR50D
XP_073800560,XP_056309445,4.1425228118896484e-05,esm2_t33_650M_UR50D
XP_073800560,XP_056309442,4.225969314575195e-05,esm2_t33_650M_UR50D
XP_073809660,XP_056315377,2.110004425048828e-05,esm2_t33_650M_UR50D
XP_073800561,XP_056309445,4.0471553802490234e-05,esm2_t33_650M_UR50D
XP_073800561,XP_056309442,4.106760025024414e-05,esm2_t33_650M_UR50D
XP_686084,XP_056309650,3.9577484130859375e-05,esm2_t33_650M_UR50D
NP_001093576,XP_056317123,0.021706700325012207,esm2_t33_650M_UR50D
NP_001116765,XP_056320841,0.05437338352203369,esm2_t33_650M_UR50D
XP_073792146,XP_056302869,0.0011115074157714844,esm2_t33_650M_UR50D
XP_073800564,XP_056309445,6.842613220214844e-05,esm2_t33_650M_UR50D
XP_073800564,XP_056309442,7.277727127075195e-05,esm2_t33_650M_UR50D
XP_073800565,XP_056309445,6.99162483215332e-05,esm2_t33_650M_UR50D
XP_073807459,XP_056314160,0.006442070007324219,esm2_t33_650M_UR50D
XP_073800565,XP_056309442,7.534027099609375e-05,esm2_t33_650M_UR50D
XP_073807459,XP_056314159,0.006494760513305664,esm2_t33_650M_UR50D
XP_073788353,XP_056308426,0.014934718608856201,esm2_t33_650M_UR50D
XP_073803071,XP_056312367,0.013109862804412842,esm2_t33_650M_UR50D
XP_017211320,XP_056311164,0.008907616138458252,esm2_t33_650M_UR50D
XP_021334574,XP_056320841,0.054918766021728516,esm2_t33_650M_UR50D
NP_001092713,XP_056320841,0.054918766021728516,esm2_t33_650M_UR50D
XP_021324375,XP_056301538,0.00816255807876587,esm2_t33_650M_UR50D
XP_073792222,XP_056309181,0.02612406015396118,esm2_t33_650M_UR50D
NP_958454,XP_056309181,0.026124119758605957,esm2_t33_650M_UR50D
XP_073797048,XP_056332513,0.0001156926155090332,esm2_t33_650M_UR50D
XP_021332017,XP_056314884,0.01110619306564331,esm2_t33_650M_UR50D
XP_693710,XP_056316917,0.02029275894165039,esm2_t33_650M_UR50D
XP_684360,XP_056306627,2.7418136596679688e-05,esm2_t33_650M_UR50D
XP_073806063,XP_056314200,2.8371810913085938e-05,esm2_t33_650M_UR50D
XP_073806064,XP_056314200,3.063678741455078e-05,esm2_t33_650M_UR50D
XP_073806062,XP_056314200,3.063678741455078e-05,esm2_t33_650M_UR50D
XP_073806066,XP_056314200,2.5153160095214844e-05,esm2_t33_650M_UR50D
XP_073801386,XP_056305422,0.0052376389503479,esm2_t33_650M_UR50D
XP_073808005,XP_056314895,0.035918235778808594,esm2_t33_650M_UR50D
XP_073806067,XP_056314200,2.9385089874267578e-05,esm2_t33_650M_UR50D
XP_073806065,XP_056314200,2.9385089874267578e-05,esm2_t33_650M_UR50D
XP_691552,XP_056313573,8.594989776611328e-05,esm2_t33_650M_UR50D
XP_073791875,XP_056302791,0.04028141498565674,esm2_t33_650M_UR50D
XP_697383,XP_056326227,2.300739288330078e-05,esm2_t33_650M_UR50D
XP_697383,XP_056326225,2.300739288330078e-05,esm2_t33_650M_UR50D
XP_697383,XP_056326228,2.300739288330078e-05,esm2_t33_650M_UR50D
XP_697383,XP_056326226,2.300739288330078e-05,esm2_t33_650M_UR50D
XP_073792805,XP_056304322,5.4717063903808594e-05,esm2_t33_650M_UR50D
NP_001314903,XP_056302348,0.022231638431549072,esm2_t33_650M_UR50D
NP_001314903,XP_056302340,0.022231638431549072,esm2_t33_650M_UR50D
XP_073803088,XP_056311996,8.32676887512207e-05,esm2_t33_650M_UR50D
XP_073803087,XP_056311996,8.368492126464844e-05,esm2_t33_650M_UR50D
XP_073786515,XP_056308712,0.023165524005889893,esm2_t33_650M_UR50D
XP_073786516,XP_056308712,0.023165524005889893,esm2_t33_650M_UR50D
XP_073806060,XP_056314200,8.440017700195312e-05,esm2_t33_650M_UR50D
XP_073806058,XP_056314200,8.440017700195312e-05,esm2_t33_650M_UR50D
NP_001314904,XP_056302348,0.02100580930709839,esm2_t33_650M_UR50D
NP_001314904,XP_056302340,0.02100580930709839,esm2_t33_650M_UR50D
XP_002664631,XP_056329443,0.02471292018890381,esm2_t33_650M_UR50D
NP_001410531,XP_056323473,0.006520330905914307,esm2_t33_650M_UR50D
XP_073806057,XP_056314200,6.35981559753418e-05,esm2_t33_650M_UR50D
XP_073806059,XP_056314200,9.238719940185547e-05,esm2_t33_650M_UR50D
NP_001410321,XP_056336199,0.01259702444076538,esm2_t33_650M_UR50D
XP_073801181,XP_056308798,0.00785738229751587,esm2_t33_650M_UR50D
XP_001346027,XP_056334499,0.00803840160369873,esm2_t33_650M_UR50D
XP_017208504,XP_056302791,0.04000335931777954,esm2_t33_650M_UR50D
XP_073800580,XP_056309443,3.457069396972656e-05,esm2_t33_650M_UR50D
XP_073800582,XP_056309443,3.457069396972656e-05,esm2_t33_650M_UR50D
XP_073800568,XP_056309443,6.03795051574707e-05,esm2_t33_650M_UR50D
XP_073800581,XP_056309443,3.6597251892089844e-05,esm2_t33_650M_UR50D
XP_073800569,XP_056309443,6.03795051574707e-05,esm2_t33_650M_UR50D
NP_957131,XP_056310967,0.01006174087524414,esm2_t33_650M_UR50D
XP_073789692,XP_056301564,0.00966501235961914,esm2_t33_650M_UR50D
NP_001007782,XP_056310302,0.01963353157043457,esm2_t33_650M_UR50D
NP_001019577,XP_056302917,0.01012355089187622,esm2_t33_650M_UR50D
XP_073807485,XP_056314154,0.006164669990539551,esm2_t33_650M_UR50D
XP_073799830,XP_056308982,0.0238877534866333,esm2_t33_650M_UR50D
XP_009290494,XP_056331874,0.0209314227104187,esm2_t33_650M_UR50D
XP_073805857,XP_056313839,4.178285598754883e-05,esm2_t33_650M_UR50D
XP_073803020,XP_056312027,0.003121316432952881,esm2_t33_650M_UR50D
XP_073795778,XP_056306060,0.00011819601058959961,esm2_t33_650M_UR50D
XP_073800583,XP_056309443,6.633996963500977e-05,esm2_t33_650M_UR50D
XP_073797237,XP_056307192,8.028745651245117e-05,esm2_t33_650M_UR50D
XP_073797238,XP_056307192,8.028745651245117e-05,esm2_t33_650M_UR50D
XP_073797236,XP_056307192,0.0001004338264465332,esm2_t33_650M_UR50D
XP_073800584,XP_056309443,6.759166717529297e-05,esm2_t33_650M_UR50D
XP_073803020,XP_056312028,0.003175795078277588,esm2_t33_650M_UR50D
NP_001002489,XP_056312772,0.03044837713241577,esm2_t33_650M_UR50D
XP_073803072,XP_056312367,0.013683438301086426,esm2_t33_650M_UR50D
XP_005174182,XP_056304687,0.01017528772354126,esm2_t33_650M_UR50D
XP_073787226,XP_056336199,0.012380659580230713,esm2_t33_650M_UR50D
XP_021331600,XP_056319499,0.004730045795440674,esm2_t33_650M_UR50D
XP_073800585,XP_056309443,6.449222564697266e-05,esm2_t33_650M_UR50D
NP_001311383,XP_056319189,0.029214322566986084,esm2_t33_650M_UR50D
XP_073803083,XP_056311991,8.624792098999023e-05,esm2_t33_650M_UR50D
XP_073803082,XP_056311991,0.0001329183578491211,esm2_t33_650M_UR50D
NP_001410321,XP_056336037,0.01406186819076538,esm2_t33_650M_UR50D
XP_073803082,XP_056311990,8.32676887512207e-05,esm2_t33_650M_UR50D
XP_073803087,XP_056311995,8.368492126464844e-05,esm2_t33_650M_UR50D
XP_073803088,XP_056311995,8.32676887512207e-05,esm2_t33_650M_UR50D
XP_009296341,XP_056307312,0.02054053544998169,esm2_t33_650M_UR50D
XP_073793861,XP_056303965,0.018790721893310547,esm2_t33_650M_UR50D
XP_005157765,XP_056329215,0.011185944080352783,esm2_t33_650M_UR50D
NP_001014345,XP_056307951,0.016403019428253174,esm2_t33_650M_UR50D
XP_009292731,XP_056335481,0.018908321857452393,esm2_t33_650M_UR50D
XP_689347,XP_056336532,0.00014913082122802734,esm2_t33_650M_UR50D
XP_073798839,XP_056307688,0.009169697761535645,esm2_t33_650M_UR50D
XP_017206934,XP_056332098,0.004032313823699951,esm2_t33_650M_UR50D
XP_689347,XP_056336533,0.00015300512313842773,esm2_t33_650M_UR50D
XP_689347,XP_056336534,0.0001398921012878418,esm2_t33_650M_UR50D
XP_073809052,XP_056316716,0.0014417767524719238,esm2_t33_650M_UR50D
NP_001128154,XP_056317109,0.0073282718658447266,esm2_t33_650M_UR50D
XP_021331600,XP_056319507,0.004572629928588867,esm2_t33_650M_UR50D
XP_073802828,XP_056311089,0.003733992576599121,esm2_t33_650M_UR50D
XP_073802827,XP_056311089,0.003733992576599121,esm2_t33_650M_UR50D
XP_073787226,XP_056336037,0.014001667499542236,esm2_t33_650M_UR50D
XP_073803082,XP_056311988,8.32676887512207e-05,esm2_t33_650M_UR50D
XP_073803046,XP_056312366,0.01519399881362915,esm2_t33_650M_UR50D
XP_073803047,XP_056312366,0.01519399881362915,esm2_t33_650M_UR50D
XP_073793862,XP_056303965,0.018590033054351807,esm2_t33_650M_UR50D
XP_017206874,XP_056332098,0.0034263134002685547,esm2_t33_650M_UR50D
XP_073803082,XP_056311989,8.690357208251953e-05,esm2_t33_650M_UR50D
XP_073803083,XP_056311989,0.0001093149185180664,esm2_t33_650M_UR50D
XP_073791235,XP_056302469,0.0015652775764465332,esm2_t33_650M_UR50D
XP_073805400,XP_056319545,0.023762822151184082,esm2_t33_650M_UR50D
XP_021330987,XP_056310982,0.008958399295806885,esm2_t33_650M_UR50D
NP_001315083,XP_056304407,0.0054326653480529785,esm2_t33_650M_UR50D
XP_692550,XP_056320752,0.0006809830665588379,esm2_t33_650M_UR50D
XP_073791235,XP_056302463,0.0013644695281982422,esm2_t33_650M_UR50D
XP_073796065,XP_056309857,7.784366607666016e-05,esm2_t33_650M_UR50D
NP_956172,XP_056328252,0.0019698739051818848,esm2_t33_650M_UR50D
XP_073791235,XP_056302462,0.0013564825057983398,esm2_t33_650M_UR50D
NP_956888,XP_056316873,0.012927591800689697,esm2_t33_650M_UR50D
XP_021323772,XP_056325664,0.026086032390594482,esm2_t33_650M_UR50D
XP_073793319,XP_056304123,0.01098722219467163,esm2_t33_650M_UR50D
XP_021334455,XP_056320774,0.012431681156158447,esm2_t33_650M_UR50D
XP_073801620,XP_056325931,0.009073019027709961,esm2_t33_650M_UR50D
NP_001352989,XP_056331989,0.0068318843841552734,esm2_t33_650M_UR50D
XP_073803084,XP_056311994,7.587671279907227e-05,esm2_t33_650M_UR50D
XP_073807124,XP_056313092,0.005760848522186279,esm2_t33_650M_UR50D
NP_001093643,XP_056307377,0.027694404125213623,esm2_t33_650M_UR50D
NP_001410239,XP_056307377,0.027694404125213623,esm2_t33_650M_UR50D
XP_002666951,XP_056307377,0.027694404125213623,esm2_t33_650M_UR50D
NP_001020342,XP_056307377,0.027694404125213623,esm2_t33_650M_UR50D
XP_691943,XP_056307377,0.027694404125213623,esm2_t33_650M_UR50D
XP_017209710,XP_056307377,0.027694404125213623,esm2_t33_650M_UR50D
XP_073807406,XP_056312779,0.0047498345375061035,esm2_t33_650M_UR50D
XP_073793157,XP_056304456,0.010784804821014404,esm2_t33_650M_UR50D
XP_073796832,XP_056306238,0.005660057067871094,esm2_t33_650M_UR50D
XP_073796833,XP_056306238,0.005674839019775391,esm2_t33_650M_UR50D
NP_001018640,XP_056322262,0.02255648374557495,esm2_t33_650M_UR50D
XP_073800209,XP_056304484,0.015975534915924072,esm2_t33_650M_UR50D
XP_001345427,XP_056303267,0.00636446475982666,esm2_t33_650M_UR50D
XP_073790041,XP_056337348,0.00039076805114746094,esm2_t33_650M_UR50D
XP_073790038,XP_056337348,0.0004468560218811035,esm2_t33_650M_UR50D
XP_073790034,XP_056337348,0.000517427921295166,esm2_t33_650M_UR50D
XP_073805858,XP_056313840,3.5881996154785156e-05,esm2_t33_650M_UR50D
NP_898897,XP_056322464,0.007660925388336182,esm2_t33_650M_UR50D
NP_001243658,XP_056320274,0.006748080253601074,esm2_t33_650M_UR50D
XP_073801060,XP_056308793,0.005493104457855225,esm2_t33_650M_UR50D
NP_001116717,XP_056320500,0.0007457733154296875,esm2_t33_650M_UR50D
XP_005157778,XP_056329350,0.018796086311340332,esm2_t33_650M_UR50D
XP_005157778,XP_056329349,0.018796086311340332,esm2_t33_650M_UR50D
XP_073801059,XP_056308793,0.005387365818023682,esm2_t33_650M_UR50D
NP_001348325,XP_056307102,0.008782386779785156,esm2_t33_650M_UR50D
NP_571934,XP_056309492,0.009708166122436523,esm2_t33_650M_UR50D
XP_073794673,XP_056304967,0.0001239776611328125,esm2_t33_650M_UR50D
XP_073794674,XP_056304967,9.721517562866211e-05,esm2_t33_650M_UR50D
XP_073794670,XP_056304967,9.238719940185547e-05,esm2_t33_650M_UR50D
XP_073790045,XP_056337348,0.0004824399948120117,esm2_t33_650M_UR50D
XP_073790056,XP_056337348,0.0003529787063598633,esm2_t33_650M_UR50D
XP_073790033,XP_056337348,0.0005208253860473633,esm2_t33_650M_UR50D
XP_073790032,XP_056337348,0.0005715489387512207,esm2_t33_650M_UR50D
XP_021325094,XP_056303395,0.010052919387817383,esm2_t33_650M_UR50D
NP_001314959,XP_056325901,0.006307125091552734,esm2_t33_650M_UR50D
XP_001344904,XP_056307312,0.020210862159729004,esm2_t33_650M_UR50D
NP_001104686,XP_056307377,0.027472376823425293,esm2_t33_650M_UR50D
XP_073799539,XP_056307377,0.027472376823425293,esm2_t33_650M_UR50D
NP_001373716,XP_056307377,0.027472376823425293,esm2_t33_650M_UR50D
XP_073793863,XP_056303965,0.01792830228805542,esm2_t33_650M_UR50D
XP_073800915,XP_056324795,0.01385873556137085,esm2_t33_650M_UR50D
XP_073794672,XP_056304967,8.368492126464844e-05,esm2_t33_650M_UR50D
XP_685629,XP_056322866,0.0001666545867919922,esm2_t33_650M_UR50D
XP_685629,XP_056322865,0.0001666545867919922,esm2_t33_650M_UR50D
NP_001003838,XP_056325517,0.013155758380889893,esm2_t33_650M_UR50D
XP_017207692,XP_056335069,0.00791788101196289,esm2_t33_650M_UR50D
XP_073794671,XP_056304967,0.00011748075485229492,esm2_t33_650M_UR50D
XP_073794675,XP_056304967,9.876489639282227e-05,esm2_t33_650M_UR50D
NP_001188469,XP_056312043,0.009097158908843994,esm2_t33_650M_UR50D
XP_073791236,XP_056302470,0.0016108155250549316,esm2_t33_650M_UR50D
XP_698274,XP_056330240,0.007303416728973389,esm2_t33_650M_UR50D
XP_073791237,XP_056302467,0.0013990998268127441,esm2_t33_650M_UR50D
XP_073801446,XP_056315227,0.00010287761688232422,esm2_t33_650M_UR50D
XP_073801445,XP_056315227,0.00010287761688232422,esm2_t33_650M_UR50D
XP_073791236,XP_056302466,0.0014383792877197266,esm2_t33_650M_UR50D
XP_073803160,XP_056311882,3.0994415283203125e-05,esm2_t33_650M_UR50D
XP_073790044,XP_056337348,0.0004660487174987793,esm2_t33_650M_UR50D
XP_073793335,XP_056312324,0.010586857795715332,esm2_t33_650M_UR50D
XP_021336061,XP_056324914,0.007954061031341553,esm2_t33_650M_UR50D
NP_001025428,XP_056334391,0.013908743858337402,esm2_t33_650M_UR50D
XP_003201784,XP_056303255,0.014468789100646973,esm2_t33_650M_UR50D
XP_073790049,XP_056337348,0.00043886899948120117,esm2_t33_650M_UR50D
XP_073790042,XP_056337348,0.0005172491073608398,esm2_t33_650M_UR50D
XP_073790053,XP_056337348,0.00041037797927856445,esm2_t33_650M_UR50D
XP_073793864,XP_056303965,0.01750260591506958,esm2_t33_650M_UR50D
XP_073809051,XP_056302348,0.018224596977233887,esm2_t33_650M_UR50D
XP_073809051,XP_056302340,0.018224596977233887,esm2_t33_650M_UR50D
XP_073800532,XP_056309420,3.832578659057617e-05,esm2_t33_650M_UR50D
XP_073800544,XP_056309420,6.0677528381347656e-05,esm2_t33_650M_UR50D
XP_073791236,XP_056302465,0.0014154911041259766,esm2_t33_650M_UR50D
XP_073800527,XP_056309420,5.251169204711914e-05,esm2_t33_650M_UR50D
XP_073800546,XP_056309420,5.811452865600586e-05,esm2_t33_650M_UR50D
XP_073800534,XP_056309421,4.32133674621582e-05,esm2_t33_650M_UR50D
XP_073800532,XP_056309421,3.2842159271240234e-05,esm2_t33_650M_UR50D
XP_073800544,XP_056309421,5.745887756347656e-05,esm2_t33_650M_UR50D
XP_073807835,XP_056313154,0.0070490241050720215,esm2_t33_650M_UR50D
XP_073800546,XP_056309421,5.5670738220214844e-05,esm2_t33_650M_UR50D
XP_073800527,XP_056309421,4.89354133605957e-05,esm2_t33_650M_UR50D
XP_073800530,XP_056309420,4.392862319946289e-05,esm2_t33_650M_UR50D
XP_073800530,XP_056309421,4.094839096069336e-05,esm2_t33_650M_UR50D
XP_073800528,XP_056309420,4.76837158203125e-05,esm2_t33_650M_UR50D
XP_073800538,XP_056309420,4.756450653076172e-05,esm2_t33_650M_UR50D
XP_073800528,XP_056309421,4.404783248901367e-05,esm2_t33_650M_UR50D
XP_073800538,XP_056309421,4.506111145019531e-05,esm2_t33_650M_UR50D
XP_001341514,XP_056320310,0.0006919503211975098,esm2_t33_650M_UR50D
XP_073800545,XP_056309420,5.984306335449219e-05,esm2_t33_650M_UR50D
XP_073800535,XP_056309420,4.476308822631836e-05,esm2_t33_650M_UR50D
XP_073800533,XP_056309420,3.415346145629883e-05,esm2_t33_650M_UR50D
XP_073800539,XP_056309420,4.482269287109375e-05,esm2_t33_650M_UR50D
XP_073800529,XP_056309420,4.297494888305664e-05,esm2_t33_650M_UR50D
XP_073800533,XP_056309421,3.2842159271240234e-05,esm2_t33_650M_UR50D
XP_073800545,XP_056309421,5.799531936645508e-05,esm2_t33_650M_UR50D
XP_073800539,XP_056309421,4.51207160949707e-05,esm2_t33_650M_UR50D
XP_073800529,XP_056309421,4.0590763092041016e-05,esm2_t33_650M_UR50D
NP_001373176,XP_056329707,0.01746368408203125,esm2_t33_650M_UR50D
NP_001028283,XP_056335943,0.0017428994178771973,esm2_t33_650M_UR50D
XP_073800532,XP_056309419,3.510713577270508e-05,esm2_t33_650M_UR50D
XP_073800544,XP_056309419,5.841255187988281e-05,esm2_t33_650M_UR50D
XP_017214041,XP_056324913,0.007891714572906494,esm2_t33_650M_UR50D
XP_073800546,XP_056309419,5.6743621826171875e-05,esm2_t33_650M_UR50D
XP_073800527,XP_056309419,5.0067901611328125e-05,esm2_t33_650M_UR50D
XP_073790065,XP_056337348,0.0003578662872314453,esm2_t33_650M_UR50D
XP_073800537,XP_056309420,4.857778549194336e-05,esm2_t33_650M_UR50D
XP_017214042,XP_056324913,0.007848083972930908,esm2_t33_650M_UR50D
NP_001036210,XP_056332399,4.279613494873047e-05,esm2_t33_650M_UR50D
XP_073800537,XP_056309421,4.7206878662109375e-05,esm2_t33_650M_UR50D
XP_073800538,XP_056309419,4.482269287109375e-05,esm2_t33_650M_UR50D
XP_073800528,XP_056309419,4.4286251068115234e-05,esm2_t33_650M_UR50D
XP_073790057,XP_056337348,0.00043189525604248047,esm2_t33_650M_UR50D
XP_073798553,XP_056308035,0.014648020267486572,esm2_t33_650M_UR50D
XP_073800533,XP_056309419,3.343820571899414e-05,esm2_t33_650M_UR50D
XP_073800545,XP_056309419,5.841255187988281e-05,esm2_t33_650M_UR50D
NP_001269112,XP_056335294,0.025142133235931396,esm2_t33_650M_UR50D
XP_073800539,XP_056309419,4.369020462036133e-05,esm2_t33_650M_UR50D
XP_073800529,XP_056309419,3.9637088775634766e-05,esm2_t33_650M_UR50D
NP_001352989,XP_056331987,0.007745563983917236,esm2_t33_650M_UR50D
XP_009290275,XP_056330005,0.040904104709625244,esm2_t33_650M_UR50D
XP_073790037,XP_056337348,0.0005674362182617188,esm2_t33_650M_UR50D
XP_073790067,XP_056337348,0.000474393367767334,esm2_t33_650M_UR50D
XP_073800537,XP_056309419,4.607439041137695e-05,esm2_t33_650M_UR50D
XP_073790061,XP_056337348,0.00038427114486694336,esm2_t33_650M_UR50D
XP_003201373,XP_056306748,0.02258765697479248,esm2_t33_650M_UR50D
XP_073796269,XP_056307145,0.00037598609924316406,esm2_t33_650M_UR50D
XP_073803160,XP_056311883,3.737211227416992e-05,esm2_t33_650M_UR50D
XP_073807836,XP_056313154,0.006585478782653809,esm2_t33_650M_UR50D
NP_001129450,XP_056331885,0.0008671879768371582,esm2_t33_650M_UR50D
XP_073809568,XP_056315277,0.01206272840499878,esm2_t33_650M_UR50D
XP_073809569,XP_056315277,0.01206272840499878,esm2_t33_650M_UR50D
XP_017208962,XP_056304123,0.005195140838623047,esm2_t33_650M_UR50D
NP_001003597,XP_056336027,0.03243619203567505,esm2_t33_650M_UR50D
XP_073810471,XP_056316205,3.5881996154785156e-05,esm2_t33_650M_UR50D
XP_073810472,XP_056316205,4.172325134277344e-05,esm2_t33_650M_UR50D
XP_073810473,XP_056316205,3.707408905029297e-05,esm2_t33_650M_UR50D
XP_003200133,XP_056329913,0.006640076637268066,esm2_t33_650M_UR50D
XP_003200133,XP_056329911,0.006640076637268066,esm2_t33_650M_UR50D
XP_003200133,XP_056329912,0.006640076637268066,esm2_t33_650M_UR50D
XP_003200133,XP_056329909,0.006640195846557617,esm2_t33_650M_UR50D
XP_003200133,XP_056329910,0.006640076637268066,esm2_t33_650M_UR50D
XP_073793733,XP_056304085,0.03632557392120361,esm2_t33_650M_UR50D
XP_691343,XP_056304085,0.03632545471191406,esm2_t33_650M_UR50D
XP_021336550,XP_056327113,0.008313536643981934,esm2_t33_650M_UR50D
XP_073799800,XP_056304841,0.0030797719955444336,esm2_t33_650M_UR50D
XP_073803092,XP_056311997,6.288290023803711e-05,esm2_t33_650M_UR50D
XP_073803091,XP_056311997,6.0558319091796875e-05,esm2_t33_650M_UR50D
XP_073800544,XP_056309426,5.5909156799316406e-05,esm2_t33_650M_UR50D
XP_073800534,XP_056309426,6.759166717529297e-05,esm2_t33_650M_UR50D
XP_073800532,XP_056309424,5.525350570678711e-05,esm2_t33_650M_UR50D
XP_073800536,XP_056309426,7.075071334838867e-05,esm2_t33_650M_UR50D
XP_073800546,XP_056309426,5.257129669189453e-05,esm2_t33_650M_UR50D
XP_073796267,XP_056307145,0.0003960132598876953,esm2_t33_650M_UR50D
XP_073800545,XP_056309424,6.240606307983398e-05,esm2_t33_650M_UR50D
XP_073800544,XP_056309425,3.165006637573242e-05,esm2_t33_650M_UR50D
XP_073800537,XP_056309427,7.480382919311523e-05,esm2_t33_650M_UR50D
XP_073800533,XP_056309425,6.157159805297852e-05,esm2_t33_650M_UR50D
XP_073789721,XP_056337050,5.2869319915771484e-05,esm2_t33_650M_UR50D
XP_073810745,XP_056316721,0.00034946203231811523,esm2_t33_650M_UR50D
XP_073790883,XP_056302086,7.724761962890625e-05,esm2_t33_650M_UR50D
XP_073800326,XP_056309206,0.0014064908027648926,esm2_t33_650M_UR50D
XP_073800329,XP_056309206,0.0013535618782043457,esm2_t33_650M_UR50D
XP_073789724,XP_056337053,1.710653305053711e-05,esm2_t33_650M_UR50D
XP_073805721,XP_056317134,0.0074898600578308105,esm2_t33_650M_UR50D
XP_021322429,XP_056331304,0.012018442153930664,esm2_t33_650M_UR50D
XP_073808289,XP_056312759,0.0046533942222595215,esm2_t33_650M_UR50D
XP_073798900,XP_056309897,0.00012993812561035156,esm2_t33_650M_UR50D
NP_001035342,XP_056311056,0.022762417793273926,esm2_t33_650M_UR50D
XP_073807829,XP_056313153,0.007210910320281982,esm2_t33_650M_UR50D
NP_001373251,XP_056330160,0.004432559013366699,esm2_t33_650M_UR50D
NP_001070057,XP_056309623,0.0048944950103759766,esm2_t33_650M_UR50D
XP_073791828,XP_056302854,0.00012862682342529297,esm2_t33_650M_UR50D
XP_073793656,XP_056303299,4.7147274017333984e-05,esm2_t33_650M_UR50D
XP_021323890,XP_056335160,0.008381426334381104,esm2_t33_650M_UR50D
NP_999957,XP_056321317,0.013931751251220703,esm2_t33_650M_UR50D
XP_073799502,XP_056307416,0.00019800662994384766,esm2_t33_650M_UR50D
XP_073805402,XP_056319545,0.014363884925842285,esm2_t33_650M_UR50D
XP_003200581,XP_056336192,0.0015551447868347168,esm2_t33_650M_UR50D
XP_073807802,XP_056314860,0.00012099742889404297,esm2_t33_650M_UR50D
NP_571437,XP_056326982,0.002474188804626465,esm2_t33_650M_UR50D
XP_073787799,XP_056335160,0.00793832540512085,esm2_t33_650M_UR50D
XP_073788261,XP_056302513,0.0013202428817749023,esm2_t33_650M_UR50D
XP_073789571,XP_056337188,8.970499038696289e-05,esm2_t33_650M_UR50D
XP_073789565,XP_056337191,7.611513137817383e-05,esm2_t33_650M_UR50D
XP_009305696,XP_056327427,0.0009579658508300781,esm2_t33_650M_UR50D
XP_073803615,XP_056321892,0.007674455642700195,esm2_t33_650M_UR50D
XP_073793321,XP_056304489,0.005528628826141357,esm2_t33_650M_UR50D
XP_073807514,XP_056306474,0.0030759572982788086,esm2_t33_650M_UR50D
NP_001313294,XP_056315003,0.0025216341018676758,esm2_t33_650M_UR50D
NP_001315015,XP_056327037,0.007755398750305176,esm2_t33_650M_UR50D
XP_073791108,XP_056305496,0.002936244010925293,esm2_t33_650M_UR50D
XP_073803558,XP_056336236,0.00769495964050293,esm2_t33_650M_UR50D
XP_073808240,XP_056307180,0.0026964545249938965,esm2_t33_650M_UR50D
XP_073807519,XP_056306479,0.0025182366371154785,esm2_t33_650M_UR50D
NP_001373658,XP_056323540,0.002860426902770996,esm2_t33_650M_UR50D
XP_073794028,XP_056304977,0.00391542911529541,esm2_t33_650M_UR50D
XP_073801994,XP_056312281,0.00011104345321655273,esm2_t33_650M_UR50D
XP_695417,XP_056333973,5.549192428588867e-05,esm2_t33_650M_UR50D
XP_073810522,XP_056316328,8.022785186767578e-05,esm2_t33_650M_UR50D
XP_073810520,XP_056316327,8.022785186767578e-05,esm2_t33_650M_UR50D
XP_073810521,XP_056316328,8.022785186767578e-05,esm2_t33_650M_UR50D
XP_073810517,XP_056316327,8.022785186767578e-05,esm2_t33_650M_UR50D
XP_073810519,XP_056316327,8.368492126464844e-05,esm2_t33_650M_UR50D
XP_073810516,XP_056316328,8.368492126464844e-05,esm2_t33_650M_UR50D
XP_073804887,XP_056329786,0.0026386380195617676,esm2_t33_650M_UR50D
XP_698802,XP_056335677,0.0035312771797180176,esm2_t33_650M_UR50D
XP_005164954,XP_056311575,0.00787806510925293,esm2_t33_650M_UR50D
XP_073797016,XP_056306184,0.00299835205078125,esm2_t33_650M_UR50D
NP_001093617,XP_056335290,0.004672527313232422,esm2_t33_650M_UR50D
XP_073810807,XP_056316573,7.981061935424805e-05,esm2_t33_650M_UR50D
XP_073797361,XP_056306442,0.0020766854286193848,esm2_t33_650M_UR50D
XP_073796582,XP_056306245,0.0003260374069213867,esm2_t33_650M_UR50D
NP_956249,XP_056312377,0.006566286087036133,esm2_t33_650M_UR50D
NP_001070181,XP_056325478,0.0011203885078430176,esm2_t33_650M_UR50D
XP_073810406,XP_056316024,0.0002136826515197754,esm2_t33_650M_UR50D
XP_073791601,XP_056334027,0.010077834129333496,esm2_t33_650M_UR50D
XP_073798360,XP_056308420,0.0006780028343200684,esm2_t33_650M_UR50D
NP_001019395,XP_056315002,0.02109372615814209,esm2_t33_650M_UR50D
XP_021322751,XP_056331113,0.00473475456237793,esm2_t33_650M_UR50D
XP_073790691,XP_056302392,0.0002092123031616211,esm2_t33_650M_UR50D
XP_073790689,XP_056302392,0.0002092123031616211,esm2_t33_650M_UR50D
XP_073807277,XP_056312974,0.009845495223999023,esm2_t33_650M_UR50D
XP_073790690,XP_056302394,0.00022351741790771484,esm2_t33_650M_UR50D
NP_001035015,XP_056312749,0.004691720008850098,esm2_t33_650M_UR50D
XP_073810343,XP_056315987,0.00012069940567016602,esm2_t33_650M_UR50D
XP_073790691,XP_056302395,0.00020563602447509766,esm2_t33_650M_UR50D
XP_073790718,XP_056302397,0.0002357959747314453,esm2_t33_650M_UR50D
XP_009299521,XP_056313396,0.0069127678871154785,esm2_t33_650M_UR50D
XP_073810177,XP_056315788,7.18832015991211e-05,esm2_t33_650M_UR50D
XP_073810174,XP_056315815,0.00046259164810180664,esm2_t33_650M_UR50D
XP_073793946,XP_056303355,0.001365959644317627,esm2_t33_650M_UR50D
XP_073800203,XP_056302540,0.0027090907096862793,esm2_t33_650M_UR50D
NP_001373367,XP_056330740,0.011061131954193115,esm2_t33_650M_UR50D
XP_001340683,XP_056324979,0.007391214370727539,esm2_t33_650M_UR50D
XP_073797208,XP_056306136,8.249282836914062e-05,esm2_t33_650M_UR50D
NP_998412,XP_056312331,0.01454472541809082,esm2_t33_650M_UR50D
XP_073787941,XP_056301675,0.0025982260704040527,esm2_t33_650M_UR50D
XP_073803139,XP_056311943,0.00010544061660766602,esm2_t33_650M_UR50D
XP_073803139,XP_056311942,0.00010544061660766602,esm2_t33_650M_UR50D
NP_956197,XP_056334122,0.008068859577178955,esm2_t33_650M_UR50D
XP_073793136,XP_056304191,0.0018718242645263672,esm2_t33_650M_UR50D
XP_073810403,XP_056316036,2.9325485229492188e-05,esm2_t33_650M_UR50D
XP_005165852,XP_056314959,0.0018330216407775879,esm2_t33_650M_UR50D
XP_068068946,XP_056327581,0.008835196495056152,esm2_t33_650M_UR50D
XP_699547,XP_056316513,0.004433631896972656,esm2_t33_650M_UR50D
XP_073802558,XP_056311918,0.00013458728790283203,esm2_t33_650M_UR50D
XP_073786300,XP_056334517,0.006573379039764404,esm2_t33_650M_UR50D
XP_073810940,XP_056337726,0.0034407377243041992,esm2_t33_650M_UR50D
XP_073801125,XP_056312531,0.0004455447196960449,esm2_t33_650M_UR50D
XP_073799400,XP_056307238,0.0002948641777038574,esm2_t33_650M_UR50D
XP_073799402,XP_056307238,0.0002948641777038574,esm2_t33_650M_UR50D
XP_073790845,XP_056302738,0.0010752677917480469,esm2_t33_650M_UR50D
XP_073789428,XP_056337275,0.0001430511474609375,esm2_t33_650M_UR50D
XP_005162224,XP_056306039,0.005384385585784912,esm2_t33_650M_UR50D
XP_073798579,XP_056312587,2.1696090698242188e-05,esm2_t33_650M_UR50D
XP_073785677,XP_056333974,0.007118642330169678,esm2_t33_650M_UR50D
XP_073800724,XP_056309735,0.0010548233985900879,esm2_t33_650M_UR50D
XP_073800723,XP_056309735,0.0010283589363098145,esm2_t33_650M_UR50D
NP_001307020,XP_056317059,0.012790203094482422,esm2_t33_650M_UR50D
XP_073800498,XP_056309397,0.0026775598526000977,esm2_t33_650M_UR50D
XP_001340167,XP_056321240,0.0015757083892822266,esm2_t33_650M_UR50D
NP_001373668,XP_056315814,0.002391219139099121,esm2_t33_650M_UR50D
XP_073802910,XP_056312230,0.00015598535537719727,esm2_t33_650M_UR50D
XP_009303928,XP_056322463,0.0031313300132751465,esm2_t33_650M_UR50D
NP_001188470,XP_056312045,0.0030530691146850586,esm2_t33_650M_UR50D
XP_073797508,XP_056306382,0.010851085186004639,esm2_t33_650M_UR50D
NP_001037796,XP_056334029,0.0020662546157836914,esm2_t33_650M_UR50D
XP_073793857,XP_056303208,0.00015079975128173828,esm2_t33_650M_UR50D
XP_073810352,XP_056315986,0.00014352798461914062,esm2_t33_650M_UR50D
XP_021325529,XP_056305061,0.012125790119171143,esm2_t33_650M_UR50D
XP_073791239,XP_056302463,4.881620407104492e-05,esm2_t33_650M_UR50D
XP_021333799,XP_056318536,0.0012691020965576172,esm2_t33_650M_UR50D
XP_073797011,XP_056306975,0.00048530101776123047,esm2_t33_650M_UR50D
XP_073800499,XP_056309397,0.002588987350463867,esm2_t33_650M_UR50D
XP_073807654,XP_056313132,0.0035080313682556152,esm2_t33_650M_UR50D
XP_005170030,XP_056308600,0.004833400249481201,esm2_t33_650M_UR50D
XP_073807832,XP_056313153,0.0024141669273376465,esm2_t33_650M_UR50D
XP_073800937,XP_056309998,0.00017023086547851562,esm2_t33_650M_UR50D
NP_001018660,XP_056327709,0.004176914691925049,esm2_t33_650M_UR50D
XP_073800945,XP_056309999,0.0001367330551147461,esm2_t33_650M_UR50D
XP_073800950,XP_056309999,0.0001367330551147461,esm2_t33_650M_UR50D
XP_005168169,XP_056318525,0.029404878616333008,esm2_t33_650M_UR50D
NP_001170934,XP_056325987,0.0012920498847961426,esm2_t33_650M_UR50D
NP_001034921,XP_056329998,0.002586662769317627,esm2_t33_650M_UR50D
XP_073792531,XP_056304225,0.001353621482849121,esm2_t33_650M_UR50D
XP_073792533,XP_056304225,0.001353621482849121,esm2_t33_650M_UR50D
NP_001070044,XP_056305077,0.0006858706474304199,esm2_t33_650M_UR50D
NP_958493,XP_056303546,0.0009098649024963379,esm2_t33_650M_UR50D
XP_073805306,XP_056320679,0.002699911594390869,esm2_t33_650M_UR50D
XP_073810855,XP_056315162,0.0015458464622497559,esm2_t33_650M_UR50D
XP_005172702,XP_056322533,0.00940483808517456,esm2_t33_650M_UR50D
XP_073808242,XP_056337726,0.0027447938919067383,esm2_t33_650M_UR50D
NP_001077014,XP_056312592,0.0029151439666748047,esm2_t33_650M_UR50D
NP_001116318,XP_056313938,0.005109608173370361,esm2_t33_650M_UR50D
XP_005172702,XP_056322534,0.009182512760162354,esm2_t33_650M_UR50D
XP_073807738,XP_056328853,0.001782238483428955,esm2_t33_650M_UR50D
XP_073807738,XP_056328466,0.0017822980880737305,esm2_t33_650M_UR50D
XP_073810774,XP_056336521,0.0027869343757629395,esm2_t33_650M_UR50D
NP_991215,XP_056312317,0.00982975959777832,esm2_t33_650M_UR50D
NP_001107957,XP_056304289,0.005578339099884033,esm2_t33_650M_UR50D
XP_021336076,XP_056325313,0.00455242395401001,esm2_t33_650M_UR50D
NP_001314733,XP_056326686,0.0011959075927734375,esm2_t33_650M_UR50D
XP_073801514,XP_056329786,0.0013670921325683594,esm2_t33_650M_UR50D
XP_073789981,XP_056329786,0.0013670921325683594,esm2_t33_650M_UR50D
XP_021333468,XP_056318780,0.0013833045959472656,esm2_t33_650M_UR50D
XP_073807360,XP_056312960,0.0023610591888427734,esm2_t33_650M_UR50D
XP_073807361,XP_056312960,0.002360999584197998,esm2_t33_650M_UR50D
XP_073808232,XP_056329786,0.00205153226852417,esm2_t33_650M_UR50D
XP_073802930,XP_056312375,0.002030611038208008,esm2_t33_650M_UR50D
NP_957040,XP_056334317,0.0056961774826049805,esm2_t33_650M_UR50D
XP_009303641,XP_056322533,0.007941007614135742,esm2_t33_650M_UR50D
XP_009290813,XP_056331007,0.0022224783897399902,esm2_t33_650M_UR50D
NP_001182175,XP_056305098,0.013825178146362305,esm2_t33_650M_UR50D
XP_073792526,XP_056304225,0.0016936659812927246,esm2_t33_650M_UR50D
XP_073801286,XP_056310245,0.0032714009284973145,esm2_t33_650M_UR50D
XP_021328778,XP_056332963,0.0013932585716247559,esm2_t33_650M_UR50D
XP_697139,XP_056327437,0.00642704963684082,esm2_t33_650M_UR50D
XP_073785494,XP_056336222,0.002513408660888672,esm2_t33_650M_UR50D
XP_073791245,XP_056302470,5.7637691497802734e-05,esm2_t33_650M_UR50D
NP_001373212,XP_056301524,0.0020665526390075684,esm2_t33_650M_UR50D
NP_001017591,XP_056311516,0.004840075969696045,esm2_t33_650M_UR50D
NP_001410627,XP_056328632,0.005010664463043213,esm2_t33_650M_UR50D
NP_998126,XP_056313020,0.0016462206840515137,esm2_t33_650M_UR50D
NP_001018518,XP_056322916,0.0005043745040893555,esm2_t33_650M_UR50D
XP_073788447,XP_056337500,0.0009772181510925293,esm2_t33_650M_UR50D
XP_073802594,XP_056311685,0.0001913905143737793,esm2_t33_650M_UR50D
XP_073802591,XP_056311685,0.00017136335372924805,esm2_t33_650M_UR50D
NP_001017731,XP_056308240,0.0013513565063476562,esm2_t33_650M_UR50D
XP_073800976,XP_056310003,0.00017446279525756836,esm2_t33_650M_UR50D
XP_073808232,XP_056319372,0.0015981197357177734,esm2_t33_650M_UR50D
XP_073801490,XP_056310573,0.00218963623046875,esm2_t33_650M_UR50D
XP_073793589,XP_056332166,0.0029267072677612305,esm2_t33_650M_UR50D
XP_073808222,XP_056332166,0.0029267072677612305,esm2_t33_650M_UR50D
XP_073791533,XP_056329778,0.0016467571258544922,esm2_t33_650M_UR50D
XP_073796967,XP_056329778,0.0016467571258544922,esm2_t33_650M_UR50D
XP_073810778,XP_056329778,0.0016467571258544922,esm2_t33_650M_UR50D
XP_073791532,XP_056329778,0.0016467571258544922,esm2_t33_650M_UR50D
XP_073807797,XP_056316855,0.0016731023788452148,esm2_t33_650M_UR50D
XP_073810933,XP_056311484,0.0016730427742004395,esm2_t33_650M_UR50D
XP_073800379,XP_056322201,0.0016731023788452148,esm2_t33_650M_UR50D
XP_073800280,XP_056302209,0.0016730427742004395,esm2_t33_650M_UR50D
XP_073808231,XP_056328853,0.0016730427742004395,esm2_t33_650M_UR50D
XP_073800281,XP_056325655,0.0016731023788452148,esm2_t33_650M_UR50D
XP_073810932,XP_056333343,0.0016730427742004395,esm2_t33_650M_UR50D
XP_073807798,XP_056325547,0.0016730427742004395,esm2_t33_650M_UR50D
XP_073793593,XP_056313241,0.0016731023788452148,esm2_t33_650M_UR50D
XP_073793593,XP_056328466,0.0016731023788452148,esm2_t33_650M_UR50D
XP_073793592,XP_056322201,0.0016730427742004395,esm2_t33_650M_UR50D
XP_073793593,XP_056311466,0.0016731023788452148,esm2_t33_650M_UR50D
XP_073810781,XP_056313241,0.0016731023788452148,esm2_t33_650M_UR50D
XP_073793592,XP_056313241,0.0016730427742004395,esm2_t33_650M_UR50D
XP_073807799,XP_056313241,0.0016730427742004395,esm2_t33_650M_UR50D
XP_073810781,XP_056311484,0.0016731023788452148,esm2_t33_650M_UR50D
XP_073810931,XP_056318306,0.0016730427742004395,esm2_t33_650M_UR50D
XP_073810932,XP_056316855,0.0016730427742004395,esm2_t33_650M_UR50D
XP_073800379,XP_056313242,0.0016731023788452148,esm2_t33_650M_UR50D
XP_073800281,XP_056311466,0.0016731023788452148,esm2_t33_650M_UR50D
XP_073810931,XP_056306804,0.0016730427742004395,esm2_t33_650M_UR50D
XP_073800379,XP_056306804,0.0016731023788452148,esm2_t33_650M_UR50D
XP_073810931,XP_056313242,0.0016730427742004395,esm2_t33_650M_UR50D
XP_017208769,XP_056303289,0.003002464771270752,esm2_t33_650M_UR50D
XP_073810936,XP_056318230,0.0022840499877929688,esm2_t33_650M_UR50D
XP_073804891,XP_056318230,0.0022840499877929688,esm2_t33_650M_UR50D
XP_073791936,XP_056303050,0.00013631582260131836,esm2_t33_650M_UR50D
XP_073793934,XP_056303356,0.0010243058204650879,esm2_t33_650M_UR50D
XP_073793556,XP_056329778,0.0018065571784973145,esm2_t33_650M_UR50D
XP_073793557,XP_056329778,0.0018065571784973145,esm2_t33_650M_UR50D
XP_073794101,XP_056305843,0.0002543330192565918,esm2_t33_650M_UR50D
NP_001124266,XP_056337580,0.002013981342315674,esm2_t33_650M_UR50D
XP_073793345,XP_056304495,0.0019669532775878906,esm2_t33_650M_UR50D
NP_001004013,XP_056328543,0.0046492815017700195,esm2_t33_650M_UR50D
NP_571189,XP_056306788,0.0022394657135009766,esm2_t33_650M_UR50D
XP_021325127,XP_056303292,0.003162562847137451,esm2_t33_650M_UR50D
XP_073800376,XP_056319124,0.0018225312232971191,esm2_t33_650M_UR50D
XP_073810926,XP_056319124,0.0018225312232971191,esm2_t33_650M_UR50D
XP_073804886,XP_056319125,0.0018224716186523438,esm2_t33_650M_UR50D
XP_073796967,XP_056319125,0.0018224716186523438,esm2_t33_650M_UR50D
XP_073806902,XP_056312777,0.0020276308059692383,esm2_t33_650M_UR50D
XP_005171457,XP_056325366,0.0008719563484191895,esm2_t33_650M_UR50D
NP_001018608,XP_056333637,0.002741396427154541,esm2_t33_650M_UR50D
NP_001159589,XP_056324544,0.0017755627632141113,esm2_t33_650M_UR50D
NP_001074056,XP_056314969,0.0005633234977722168,esm2_t33_650M_UR50D
NP_001070752,XP_056337338,0.006769895553588867,esm2_t33_650M_UR50D
NP_739570,XP_056320281,0.0016616582870483398,esm2_t33_650M_UR50D
NP_001096119,XP_056332106,0.0011076927185058594,esm2_t33_650M_UR50D
XP_073791873,XP_056301905,0.0020079612731933594,esm2_t33_650M_UR50D
XP_002661886,XP_056310981,0.001071333885192871,esm2_t33_650M_UR50D
NP_001017775,XP_056331050,0.0021737217903137207,esm2_t33_650M_UR50D
NP_878288,XP_056328384,0.0012149214744567871,esm2_t33_650M_UR50D
NP_998424,XP_056306199,0.0009939074516296387,esm2_t33_650M_UR50D
XP_684581,XP_056323856,0.0008004903793334961,esm2_t33_650M_UR50D
XP_073790481,XP_056301942,7.575750350952148e-05,esm2_t33_650M_UR50D
XP_073808971,XP_056313138,0.0016974210739135742,esm2_t33_650M_UR50D
XP_073790492,XP_056301946,9.381771087646484e-05,esm2_t33_650M_UR50D
NP_571817,XP_056302527,0.0013396739959716797,esm2_t33_650M_UR50D
XP_073809669,XP_056315357,0.0017653703689575195,esm2_t33_650M_UR50D
XP_002664303,XP_056328806,0.0010193586349487305,esm2_t33_650M_UR50D
XP_073791439,XP_056302886,0.01371997594833374,esm2_t33_650M_UR50D
XP_009299425,XP_056313238,0.0009572505950927734,esm2_t33_650M_UR50D
XP_073808725,XP_056316678,0.001156926155090332,esm2_t33_650M_UR50D
XP_073792771,XP_056304547,0.0005208849906921387,esm2_t33_650M_UR50D
XP_003201130,XP_056303259,0.0007808208465576172,esm2_t33_650M_UR50D
NP_861431,XP_056325388,0.003105640411376953,esm2_t33_650M_UR50D
NP_001017783,XP_056310579,0.002447843551635742,esm2_t33_650M_UR50D
XP_073807411,XP_056308771,0.004932403564453125,esm2_t33_650M_UR50D
NP_001296971,XP_056337470,0.0036171674728393555,esm2_t33_650M_UR50D
NP_001295578,XP_056317584,0.001292109489440918,esm2_t33_650M_UR50D
NP_001003729,XP_056333200,0.007272601127624512,esm2_t33_650M_UR50D
XP_003199543,XP_056323771,0.0029108524322509766,esm2_t33_650M_UR50D
XP_073789900,XP_056336860,0.0017668604850769043,esm2_t33_650M_UR50D
XP_001332231,XP_056315343,0.001063227653503418,esm2_t33_650M_UR50D
XP_001923170,XP_056326350,0.001035451889038086,esm2_t33_650M_UR50D
XP_009298792,XP_056325231,0.002299487590789795,esm2_t33_650M_UR50D
XP_073810923,XP_056336644,0.0019878149032592773,esm2_t33_650M_UR50D
XP_073800375,XP_056336644,0.0019876956939697266,esm2_t33_650M_UR50D
XP_073800374,XP_056336644,0.0019878149032592773,esm2_t33_650M_UR50D
XP_073800375,XP_056336643,0.0019878149032592773,esm2_t33_650M_UR50D
XP_073806366,XP_056313057,0.009379923343658447,esm2_t33_650M_UR50D
NP_001124070,XP_056336738,0.0014192461967468262,esm2_t33_650M_UR50D
NP_001410451,XP_056327827,0.001033484935760498,esm2_t33_650M_UR50D
XP_017213978,XP_056325565,0.0019990205764770508,esm2_t33_650M_UR50D
NP_001353719,XP_056324289,0.0016925334930419922,esm2_t33_650M_UR50D
XP_073790133,XP_056336906,0.0004470944404602051,esm2_t33_650M_UR50D
XP_073798268,XP_056307555,0.0035015344619750977,esm2_t33_650M_UR50D
NP_001166107,XP_056326298,0.0012999176979064941,esm2_t33_650M_UR50D
NP_001289971,XP_056308415,0.0006557703018188477,esm2_t33_650M_UR50D
XP_009302848,XP_056320893,0.00672757625579834,esm2_t33_650M_UR50D
NP_001106972,XP_056313072,0.0003885626792907715,esm2_t33_650M_UR50D
XP_073791919,XP_056302503,0.00023406744003295898,esm2_t33_650M_UR50D
XP_073791918,XP_056302501,0.00023406744003295898,esm2_t33_650M_UR50D
XP_073791917,XP_056302502,0.00023406744003295898,esm2_t33_650M_UR50D
XP_073793957,XP_056303361,0.0008701682090759277,esm2_t33_650M_UR50D
XP_073803519,XP_056311382,0.0013350844383239746,esm2_t33_650M_UR50D
XP_021322842,XP_056333637,0.0026277899742126465,esm2_t33_650M_UR50D
XP_073803277,XP_056311009,0.0015919208526611328,esm2_t33_650M_UR50D
XP_698724,XP_056335689,0.0006442666053771973,esm2_t33_650M_UR50D
XP_021335365,XP_056323909,0.0015099048614501953,esm2_t33_650M_UR50D
XP_001332088,XP_056321430,0.0011712908744812012,esm2_t33_650M_UR50D
XP_073804383,XP_056310834,0.0011062026023864746,esm2_t33_650M_UR50D
XP_021323920,XP_056335524,0.0014498233795166016,esm2_t33_650M_UR50D
XP_073799710,XP_056309544,0.0006694793701171875,esm2_t33_650M_UR50D
NP_001116416,XP_056314732,0.00375974178314209,esm2_t33_650M_UR50D
XP_005160930,XP_056301476,0.0011531710624694824,esm2_t33_650M_UR50D
NP_001373283,XP_056301959,0.001740097999572754,esm2_t33_650M_UR50D
NP_001153304,XP_056321086,0.00459367036819458,esm2_t33_650M_UR50D
NP_001373519,XP_056328625,0.0017616748809814453,esm2_t33_650M_UR50D
XP_005161421,XP_056302108,0.0008992552757263184,esm2_t33_650M_UR50D
XP_073800344,XP_056309206,0.00021630525588989258,esm2_t33_650M_UR50D
NP_571339,XP_056303610,0.00028508901596069336,esm2_t33_650M_UR50D
XP_021335848,XP_056326084,0.0009793639183044434,esm2_t33_650M_UR50D
XP_073804987,XP_056311227,0.0029370784759521484,esm2_t33_650M_UR50D
XP_073792897,XP_056330376,0.0014153718948364258,esm2_t33_650M_UR50D
XP_073792529,XP_056304224,0.0008671283721923828,esm2_t33_650M_UR50D
XP_073798237,XP_056307542,8.970499038696289e-05,esm2_t33_650M_UR50D
XP_073795225,XP_056305840,0.0011911392211914062,esm2_t33_650M_UR50D
XP_005161090,XP_056302958,0.000574648380279541,esm2_t33_650M_UR50D
XP_690395,XP_056336694,9.357929229736328e-06,esm2_t33_650M_UR50D
XP_073797945,XP_056307223,0.0013245940208435059,esm2_t33_650M_UR50D
XP_073788072,XP_056336190,0.0016831755638122559,esm2_t33_650M_UR50D
NP_001070218,XP_056332159,0.0007326006889343262,esm2_t33_650M_UR50D
NP_001014373,XP_056313616,0.0006690621376037598,esm2_t33_650M_UR50D
NP_001019618,XP_056329798,0.0006739497184753418,esm2_t33_650M_UR50D
XP_017207394,XP_056334133,0.0019549131393432617,esm2_t33_650M_UR50D
NP_001013299,XP_056323143,0.0008875727653503418,esm2_t33_650M_UR50D
XP_695071,XP_056332365,0.00019538402557373047,esm2_t33_650M_UR50D
XP_009302934,XP_056320817,0.002819240093231201,esm2_t33_650M_UR50D
XP_073804655,XP_056325318,0.0014053583145141602,esm2_t33_650M_UR50D
NP_001353685,XP_056314655,0.0007406473159790039,esm2_t33_650M_UR50D
NP_001070718,XP_056329681,0.000792384147644043,esm2_t33_650M_UR50D
NP_001005577,XP_056318590,0.0010190606117248535,esm2_t33_650M_UR50D
XP_073800017,XP_056305861,0.0038397908210754395,esm2_t33_650M_UR50D
XP_021328358,XP_056305820,0.003817915916442871,esm2_t33_650M_UR50D
XP_073807639,XP_056313135,0.0013650059700012207,esm2_t33_650M_UR50D
XP_073795102,XP_056304657,5.1856040954589844e-05,esm2_t33_650M_UR50D
XP_073804119,XP_056310856,0.0010209083557128906,esm2_t33_650M_UR50D
XP_009302401,XP_056319239,0.0014410018920898438,esm2_t33_650M_UR50D
XP_073794796,XP_056308778,0.024958550930023193,esm2_t33_650M_UR50D
XP_009294897,XP_056305410,0.0008646845817565918,esm2_t33_650M_UR50D
XP_073789812,XP_056336613,0.0007567405700683594,esm2_t33_650M_UR50D
XP_073789807,XP_056336613,0.0007566213607788086,esm2_t33_650M_UR50D
NP_938161,XP_056308536,0.0009382963180541992,esm2_t33_650M_UR50D
XP_005174015,XP_056303273,0.002074718475341797,esm2_t33_650M_UR50D
XP_003197979,XP_056335703,0.0009363889694213867,esm2_t33_650M_UR50D
XP_005166176,XP_056316333,0.00013786554336547852,esm2_t33_650M_UR50D
XP_073794443,XP_056310361,0.003374636173248291,esm2_t33_650M_UR50D
XP_001337969,XP_056333860,0.0019270777702331543,esm2_t33_650M_UR50D
XP_073792711,XP_056303372,3.916025161743164e-05,esm2_t33_650M_UR50D
XP_001341328,XP_056325773,0.00013494491577148438,esm2_t33_650M_UR50D
XP_017210951,XP_056310461,0.001913607120513916,esm2_t33_650M_UR50D
XP_001334616,XP_056306058,0.0009565353393554688,esm2_t33_650M_UR50D
NP_001257524,XP_056317323,0.0003979802131652832,esm2_t33_650M_UR50D
XP_005160412,XP_056301277,0.001308143138885498,esm2_t33_650M_UR50D
XP_073804431,XP_056310441,0.0005150437355041504,esm2_t33_650M_UR50D
XP_005156356,XP_056325189,0.0004121065139770508,esm2_t33_650M_UR50D
XP_073789977,XP_056336822,0.0008326172828674316,esm2_t33_650M_UR50D
NP_001070801,XP_056325565,0.0016894936561584473,esm2_t33_650M_UR50D
NP_001002753,XP_056309721,0.0018478035926818848,esm2_t33_650M_UR50D
XP_002663081,XP_056332453,0.008441030979156494,esm2_t33_650M_UR50D
XP_073791227,XP_056303002,0.008354604244232178,esm2_t33_650M_UR50D
XP_073800702,XP_056309671,0.0004049539566040039,esm2_t33_650M_UR50D
NP_957029,XP_056337727,0.003849625587463379,esm2_t33_650M_UR50D
XP_003200380,XP_056333328,0.0013255476951599121,esm2_t33_650M_UR50D
XP_021323091,XP_056332362,0.0009011030197143555,esm2_t33_650M_UR50D
XP_005155999,XP_056324060,0.0038952231407165527,esm2_t33_650M_UR50D
NP_001129725,XP_056311479,0.001100003719329834,esm2_t33_650M_UR50D
XP_003198902,XP_056316830,0.0009545087814331055,esm2_t33_650M_UR50D
XP_017206694,XP_056330082,0.0016718506813049316,esm2_t33_650M_UR50D
XP_073795601,XP_056305036,0.001252293586730957,esm2_t33_650M_UR50D
XP_003200754,XP_056337651,0.001597583293914795,esm2_t33_650M_UR50D
XP_005166296,XP_056315000,0.009991824626922607,esm2_t33_650M_UR50D
NP_001188466,XP_056311462,0.00242006778717041,esm2_t33_650M_UR50D
NP_001188466,XP_056311463,0.00242006778717041,esm2_t33_650M_UR50D
XP_021326004,XP_056306113,0.0011290907859802246,esm2_t33_650M_UR50D
XP_073796460,XP_056306225,0.0017223954200744629,esm2_t33_650M_UR50D
XP_073796458,XP_056306225,0.0017225146293640137,esm2_t33_650M_UR50D
XP_021329042,XP_056301501,0.0014508962631225586,esm2_t33_650M_UR50D
XP_001346279,XP_056304292,0.0013390779495239258,esm2_t33_650M_UR50D
NP_001311424,XP_056337634,6.0439109802246094e-05,esm2_t33_650M_UR50D
NP_001098585,XP_056325386,0.0012011528015136719,esm2_t33_650M_UR50D
XP_021324551,XP_056302964,0.0004886984825134277,esm2_t33_650M_UR50D
XP_688797,XP_056302371,0.001734614372253418,esm2_t33_650M_UR50D
XP_073795576,XP_056304953,0.0001436471939086914,esm2_t33_650M_UR50D
NP_001025291,XP_056301331,0.0007880330085754395,esm2_t33_650M_UR50D
NP_001038631,XP_056315475,0.004510045051574707,esm2_t33_650M_UR50D
XP_073803571,XP_056312301,0.001172780990600586,esm2_t33_650M_UR50D
NP_001186941,XP_056329042,0.002260565757751465,esm2_t33_650M_UR50D
XP_690155,XP_056323885,0.001194000244140625,esm2_t33_650M_UR50D
XP_017207906,XP_056335925,0.0014998316764831543,esm2_t33_650M_UR50D
XP_073787851,XP_056335925,0.0014998316764831543,esm2_t33_650M_UR50D
NP_001036815,XP_056326425,0.0003973841667175293,esm2_t33_650M_UR50D
NP_001314977,XP_056328910,0.0013386011123657227,esm2_t33_650M_UR50D
XP_005162677,XP_056306604,0.0016751289367675781,esm2_t33_650M_UR50D
XP_001344844,XP_056324880,0.00038367509841918945,esm2_t33_650M_UR50D
XP_073799129,XP_056308180,5.841255187988281e-05,esm2_t33_650M_UR50D
NP_991185,XP_056326362,0.000709235668182373,esm2_t33_650M_UR50D
XP_073809809,XP_056314952,0.0011345148086547852,esm2_t33_650M_UR50D
XP_021330084,XP_056334389,0.0002913475036621094,esm2_t33_650M_UR50D
XP_017211916,XP_056316021,0.0007570385932922363,esm2_t33_650M_UR50D
NP_001346857,XP_056311477,0.0009142756462097168,esm2_t33_650M_UR50D
XP_073787326,XP_056336008,0.0006390213966369629,esm2_t33_650M_UR50D
XP_073787331,XP_056336008,0.0006390213966369629,esm2_t33_650M_UR50D
XP_073798009,XP_056307954,0.0005547404289245605,esm2_t33_650M_UR50D
XP_073795575,XP_056304953,0.0002079606056213379,esm2_t33_650M_UR50D
XP_684629,XP_056315473,0.0008399486541748047,esm2_t33_650M_UR50D
NP_001124063,XP_056302958,0.0008348226547241211,esm2_t33_650M_UR50D
NP_001164537,XP_056314804,0.0012856721878051758,esm2_t33_650M_UR50D
XP_073789739,XP_056337280,3.886222839355469e-05,esm2_t33_650M_UR50D
XP_073789747,XP_056337280,3.886222839355469e-05,esm2_t33_650M_UR50D
XP_005155966,XP_056323885,0.0011107921600341797,esm2_t33_650M_UR50D
NP_001038722,XP_056337096,0.0013560056686401367,esm2_t33_650M_UR50D
XP_073810282,XP_056315190,0.003380000591278076,esm2_t33_650M_UR50D
NP_001003838,XP_056325518,0.000856935977935791,esm2_t33_650M_UR50D
NP_001373473,XP_056305858,0.0007323026657104492,esm2_t33_650M_UR50D
XP_073809805,XP_056314953,0.001117110252380371,esm2_t33_650M_UR50D
XP_001923752,XP_056328740,0.0016164779663085938,esm2_t33_650M_UR50D
XP_021333237,XP_056318724,0.007269501686096191,esm2_t33_650M_UR50D
XP_005159833,XP_056336107,0.0005717873573303223,esm2_t33_650M_UR50D
NP_001038238,XP_056337267,0.0005934238433837891,esm2_t33_650M_UR50D
NP_001292542,XP_056306807,0.00018525123596191406,esm2_t33_650M_UR50D
XP_073809810,XP_056314955,0.001103818416595459,esm2_t33_650M_UR50D
NP_001003526,XP_056309985,0.001099705696105957,esm2_t33_650M_UR50D
XP_005160524,XP_056337202,0.00036090612411499023,esm2_t33_650M_UR50D
NP_001107088,XP_056330390,0.00012618303298950195,esm2_t33_650M_UR50D
NP_001003572,XP_056325054,0.0003299117088317871,esm2_t33_650M_UR50D
NP_999983,XP_056334545,0.0004723668098449707,esm2_t33_650M_UR50D
XP_001335854,XP_056310183,0.0006790757179260254,esm2_t33_650M_UR50D
NP_001108355,XP_056312042,0.0004023313522338867,esm2_t33_650M_UR50D
XP_009290149,XP_056330068,0.0012640953063964844,esm2_t33_650M_UR50D
XP_073790448,XP_056302164,0.00019228458404541016,esm2_t33_650M_UR50D
XP_021334632,XP_056321337,0.0011922121047973633,esm2_t33_650M_UR50D
XP_073791697,XP_056301689,0.010799109935760498,esm2_t33_650M_UR50D
NP_001093523,XP_056313129,0.0009132027626037598,esm2_t33_650M_UR50D
NP_001124145,XP_056310694,0.0007545948028564453,esm2_t33_650M_UR50D
XP_009297676,XP_056309414,0.00042814016342163086,esm2_t33_650M_UR50D
NP_001074137,XP_056324182,0.00035077333450317383,esm2_t33_650M_UR50D
XP_001342303,XP_056322443,0.0015709400177001953,esm2_t33_650M_UR50D
NP_001138281,XP_056328268,0.0001920461654663086,esm2_t33_650M_UR50D
XP_001340218,XP_056307068,0.0008087754249572754,esm2_t33_650M_UR50D
NP_001076331,XP_056313390,0.0007341504096984863,esm2_t33_650M_UR50D
XP_073785676,XP_056336631,0.0003606081008911133,esm2_t33_650M_UR50D
NP_001017843,XP_056319218,0.0005615949630737305,esm2_t33_650M_UR50D
NP_001373261,XP_056324685,0.0006201267242431641,esm2_t33_650M_UR50D
NP_001002108,XP_056331268,0.0006393790245056152,esm2_t33_650M_UR50D
NP_001025415,XP_056324323,0.00044143199920654297,esm2_t33_650M_UR50D
XP_073790449,XP_056302165,0.0002251267433166504,esm2_t33_650M_UR50D
NP_001154873,XP_056324495,0.0014309287071228027,esm2_t33_650M_UR50D
XP_005165901,XP_056315629,0.001314997673034668,esm2_t33_650M_UR50D
NP_001007436,XP_056306795,0.0008162260055541992,esm2_t33_650M_UR50D
XP_073787208,XP_056335448,0.004292011260986328,esm2_t33_650M_UR50D
NP_001104662,XP_056325314,0.0012723803520202637,esm2_t33_650M_UR50D
NP_001073144,XP_056337109,0.0003453493118286133,esm2_t33_650M_UR50D
XP_073809974,XP_056315469,0.0033466219902038574,esm2_t33_650M_UR50D
XP_021327030,XP_056308841,0.0018974542617797852,esm2_t33_650M_UR50D
XP_073785667,XP_056336631,0.000992119312286377,esm2_t33_650M_UR50D
XP_073787400,XP_056335356,0.0007236599922180176,esm2_t33_650M_UR50D
XP_009290393,XP_056331224,0.0005349516868591309,esm2_t33_650M_UR50D
XP_021332139,XP_056312881,0.0005741119384765625,esm2_t33_650M_UR50D
XP_073803131,XP_056311083,0.0005748867988586426,esm2_t33_650M_UR50D
XP_003197745,XP_056312726,0.0008171200752258301,esm2_t33_650M_UR50D
XP_021334186,XP_056320539,0.0007476806640625,esm2_t33_650M_UR50D
XP_073799133,XP_056308185,5.239248275756836e-05,esm2_t33_650M_UR50D
XP_001921439,XP_056326629,0.00020015239715576172,esm2_t33_650M_UR50D
XP_021334748,XP_056321753,0.0009703636169433594,esm2_t33_650M_UR50D
XP_073786480,XP_056336302,0.00034362077713012695,esm2_t33_650M_UR50D
XP_073801703,XP_056312042,0.0004019737243652344,esm2_t33_650M_UR50D
XP_073801523,XP_056312017,0.000424802303314209,esm2_t33_650M_UR50D
XP_009293954,XP_056303183,0.013083279132843018,esm2_t33_650M_UR50D
NP_001348442,XP_056318274,0.001251816749572754,esm2_t33_650M_UR50D
NP_956683,XP_056323167,0.0010178089141845703,esm2_t33_650M_UR50D
XP_021324189,XP_056337431,0.0006532073020935059,esm2_t33_650M_UR50D
NP_001159810,XP_056327208,0.0018769502639770508,esm2_t33_650M_UR50D
XP_005172727,XP_056322672,0.0008584856986999512,esm2_t33_650M_UR50D
XP_073798913,XP_056307400,4.4345855712890625e-05,esm2_t33_650M_UR50D
XP_073798914,XP_056307399,4.4345855712890625e-05,esm2_t33_650M_UR50D
NP_001096044,XP_056324448,0.0006499886512756348,esm2_t33_650M_UR50D
NP_001038799,XP_056316974,0.0005266070365905762,esm2_t33_650M_UR50D
NP_001139258,XP_056319869,0.000713050365447998,esm2_t33_650M_UR50D
NP_001073448,XP_056321274,0.0004423856735229492,esm2_t33_650M_UR50D
XP_021322168,XP_056330029,0.00046443939208984375,esm2_t33_650M_UR50D
XP_005156015,XP_056324806,0.001139521598815918,esm2_t33_650M_UR50D
NP_001306061,XP_056330585,0.00040978193283081055,esm2_t33_650M_UR50D
XP_073790323,XP_056302574,0.00039899349212646484,esm2_t33_650M_UR50D
NP_001314862,XP_056333615,0.002016305923461914,esm2_t33_650M_UR50D
XP_002666883,XP_056307847,0.0009331107139587402,esm2_t33_650M_UR50D
XP_005163456,XP_056332501,0.0008378028869628906,esm2_t33_650M_UR50D
XP_005173133,XP_056328329,0.0015795230865478516,esm2_t33_650M_UR50D
XP_073796428,XP_056307094,0.00011152029037475586,esm2_t33_650M_UR50D
NP_001258768,XP_056314589,0.0005164146423339844,esm2_t33_650M_UR50D
XP_073798007,XP_056307954,0.0006476044654846191,esm2_t33_650M_UR50D
XP_073808704,XP_056316152,0.0007512569427490234,esm2_t33_650M_UR50D
NP_001243177,XP_056325477,0.0010607242584228516,esm2_t33_650M_UR50D
XP_698063,XP_056311426,0.00023990869522094727,esm2_t33_650M_UR50D
NP_001191237,XP_056313196,0.0005826354026794434,esm2_t33_650M_UR50D
NP_001003769,XP_056337386,0.00024634599685668945,esm2_t33_650M_UR50D
XP_073787401,XP_056335356,0.0006871819496154785,esm2_t33_650M_UR50D
NP_957297,XP_056333370,0.0008470416069030762,esm2_t33_650M_UR50D
NP_001076408,XP_056321053,0.0009706020355224609,esm2_t33_650M_UR50D
NP_001277347,XP_056324614,0.00041157007217407227,esm2_t33_650M_UR50D
NP_775362,XP_056309194,0.0010980963706970215,esm2_t33_650M_UR50D
NP_001074456,XP_056320562,0.0009852051734924316,esm2_t33_650M_UR50D
NP_001035475,XP_056302892,0.0006744265556335449,esm2_t33_650M_UR50D
NP_001003738,XP_056308281,0.0007144808769226074,esm2_t33_650M_UR50D
XP_005171071,XP_056324023,0.0005804896354675293,esm2_t33_650M_UR50D
NP_001071198,XP_056319493,0.00016230344772338867,esm2_t33_650M_UR50D
NP_001313518,XP_056314570,0.0006955862045288086,esm2_t33_650M_UR50D
XP_073807189,XP_056314570,0.0006957054138183594,esm2_t33_650M_UR50D
NP_001373462,XP_056306525,0.0006488561630249023,esm2_t33_650M_UR50D
XP_073796947,XP_056310350,0.0005698204040527344,esm2_t33_650M_UR50D
NP_001073284,XP_056324900,0.0002613663673400879,esm2_t33_650M_UR50D
XP_073805739,XP_056314794,0.001613616943359375,esm2_t33_650M_UR50D
NP_001076554,XP_056336608,0.002423703670501709,esm2_t33_650M_UR50D
XP_073805458,XP_056307509,0.0007872581481933594,esm2_t33_650M_UR50D
NP_001082800,XP_056308309,0.0007570385932922363,esm2_t33_650M_UR50D
NP_001313303,XP_056329514,0.00036007165908813477,esm2_t33_650M_UR50D
XP_073800388,XP_056309289,0.0003433823585510254,esm2_t33_650M_UR50D
XP_073800390,XP_056309290,0.0003432631492614746,esm2_t33_650M_UR50D
XP_005163543,XP_056333378,0.0008538961410522461,esm2_t33_650M_UR50D
NP_001245157,XP_056332368,0.0008913278579711914,esm2_t33_650M_UR50D
NP_001006033,XP_056309041,0.0006442070007324219,esm2_t33_650M_UR50D
XP_021324253,XP_056337348,0.0004391670227050781,esm2_t33_650M_UR50D
NP_998474,XP_056319789,0.0009824633598327637,esm2_t33_650M_UR50D
NP_001239390,XP_056331938,0.0005657672882080078,esm2_t33_650M_UR50D
XP_073786328,XP_056334434,0.0006636977195739746,esm2_t33_650M_UR50D
XP_073800591,XP_056306919,0.0019931793212890625,esm2_t33_650M_UR50D
XP_009304583,XP_056324303,0.0007602572441101074,esm2_t33_650M_UR50D
XP_001339876,XP_056335941,0.00032252073287963867,esm2_t33_650M_UR50D
XP_005157021,XP_056326232,0.0006077885627746582,esm2_t33_650M_UR50D
NP_001014359,XP_056333708,0.00040525197982788086,esm2_t33_650M_UR50D
XP_002660769,XP_056328995,0.00029844045639038086,esm2_t33_650M_UR50D
NP_001314830,XP_056333710,0.0011363029479980469,esm2_t33_650M_UR50D
XP_073786718,XP_056337467,0.0002707242965698242,esm2_t33_650M_UR50D
XP_003199150,XP_056320454,0.0009799599647521973,esm2_t33_650M_UR50D
NP_001108161,XP_056312994,0.0010676383972167969,esm2_t33_650M_UR50D
NP_001003545,XP_056325492,0.0005189180374145508,esm2_t33_650M_UR50D
XP_073802092,XP_056312102,0.00013256072998046875,esm2_t33_650M_UR50D
XP_073799471,XP_056310021,0.00032573938369750977,esm2_t33_650M_UR50D
XP_073792392,XP_056303548,0.00018143653869628906,esm2_t33_650M_UR50D
XP_005165821,XP_056315560,0.00010031461715698242,esm2_t33_650M_UR50D
NP_001155221,XP_056308380,0.0006825923919677734,esm2_t33_650M_UR50D
XP_073794695,XP_056304737,0.0003400444984436035,esm2_t33_650M_UR50D
NP_001091718,XP_056302344,0.00034809112548828125,esm2_t33_650M_UR50D
NP_001189413,XP_056332657,0.0006116032600402832,esm2_t33_650M_UR50D
XP_005167077,XP_056319563,0.0003846883773803711,esm2_t33_650M_UR50D
XP_073792908,XP_056303329,0.0007469654083251953,esm2_t33_650M_UR50D
NP_001070845,XP_056320740,0.0011193156242370605,esm2_t33_650M_UR50D
XP_001920282,XP_056306028,0.0008620619773864746,esm2_t33_650M_UR50D
XP_002667428,XP_056324199,0.0007034540176391602,esm2_t33_650M_UR50D
NP_001008653,XP_056322984,0.0008791089057922363,esm2_t33_650M_UR50D
XP_073787365,XP_056335140,0.0007224678993225098,esm2_t33_650M_UR50D
XP_073806843,XP_056314466,0.0005373358726501465,esm2_t33_650M_UR50D
NP_956910,XP_056330541,0.00025141239166259766,esm2_t33_650M_UR50D
XP_073807508,XP_056313011,0.0005298852920532227,esm2_t33_650M_UR50D
XP_073793719,XP_056303599,0.002657294273376465,esm2_t33_650M_UR50D
NP_956467,XP_056311667,0.0005050301551818848,esm2_t33_650M_UR50D
XP_073794273,XP_056305238,0.0004323124885559082,esm2_t33_650M_UR50D
XP_073797191,XP_056307205,0.0005679130554199219,esm2_t33_650M_UR50D
XP_073808192,XP_056312752,0.00017493963241577148,esm2_t33_650M_UR50D
NP_001082841,XP_056308244,0.0012769103050231934,esm2_t33_650M_UR50D
NP_938169,XP_056318702,0.0009670257568359375,esm2_t33_650M_UR50D
NP_001166240,XP_056324440,0.0009224414825439453,esm2_t33_650M_UR50D
XP_005166123,XP_056316272,0.0003929734230041504,esm2_t33_650M_UR50D
XP_005169066,XP_056318836,0.0009417533874511719,esm2_t33_650M_UR50D
XP_005163903,XP_056309200,0.0003806948661804199,esm2_t33_650M_UR50D
XP_005161262,XP_056303159,0.0003352165222167969,esm2_t33_650M_UR50D
XP_073792374,XP_056303503,0.001510024070739746,esm2_t33_650M_UR50D
XP_005158206,XP_056330868,0.0007593631744384766,esm2_t33_650M_UR50D
NP_001122221,XP_056316382,0.0023136138916015625,esm2_t33_650M_UR50D
XP_009289358,XP_056328784,0.0004284381866455078,esm2_t33_650M_UR50D
XP_002665864,XP_056337625,0.0013216733932495117,esm2_t33_650M_UR50D
NP_001076508,XP_056336733,0.0007371306419372559,esm2_t33_650M_UR50D
NP_001121712,XP_056320459,0.00019443035125732422,esm2_t33_650M_UR50D
XP_002667440,XP_056304957,0.0017361044883728027,esm2_t33_650M_UR50D
XP_073809576,XP_056315263,0.0005715489387512207,esm2_t33_650M_UR50D
XP_073799692,XP_056309457,0.0007361173629760742,esm2_t33_650M_UR50D
XP_005173451,XP_056330002,0.0009015798568725586,esm2_t33_650M_UR50D
XP_002661302,XP_056310316,0.000736236572265625,esm2_t33_650M_UR50D
XP_001922019,XP_056308027,0.0007160305976867676,esm2_t33_650M_UR50D
NP_001129949,XP_056319250,0.0014521479606628418,esm2_t33_650M_UR50D
XP_073804343,XP_056310429,0.0006227493286132812,esm2_t33_650M_UR50D
NP_001012372,XP_056334220,0.00031685829162597656,esm2_t33_650M_UR50D
NP_001418075,XP_056337746,0.0007076263427734375,esm2_t33_650M_UR50D
NP_998267,XP_056318802,0.0003654360771179199,esm2_t33_650M_UR50D
NP_001025433,XP_056329776,0.0007792115211486816,esm2_t33_650M_UR50D
NP_001006091,XP_056333616,0.0018652081489562988,esm2_t33_650M_UR50D
NP_001410660,XP_056303027,0.0018348097801208496,esm2_t33_650M_UR50D
NP_571231,XP_056304791,0.0004527568817138672,esm2_t33_650M_UR50D
NP_001077337,XP_056320892,0.0006529688835144043,esm2_t33_650M_UR50D
NP_001315274,XP_056313013,0.0004856586456298828,esm2_t33_650M_UR50D
XP_009303552,XP_056322276,0.00017946958541870117,esm2_t33_650M_UR50D
XP_005163555,XP_056333772,0.0008549690246582031,esm2_t33_650M_UR50D
XP_073805573,XP_056303348,0.0003724098205566406,esm2_t33_650M_UR50D
NP_001076419,XP_056334355,0.00036829710006713867,esm2_t33_650M_UR50D
XP_073791556,XP_056302477,0.00027996301651000977,esm2_t33_650M_UR50D
XP_073808944,XP_056316124,0.0011749863624572754,esm2_t33_650M_UR50D
NP_001007290,XP_056327087,0.00190049409866333,esm2_t33_650M_UR50D
XP_073797702,XP_056306691,0.0009810924530029297,esm2_t33_650M_UR50D
NP_001025308,XP_056334874,0.0006141066551208496,esm2_t33_650M_UR50D
XP_021336400,XP_056326604,0.0007393956184387207,esm2_t33_650M_UR50D
NP_001188278,XP_056323378,0.0007221102714538574,esm2_t33_650M_UR50D
XP_005166511,XP_056317964,0.00048351287841796875,esm2_t33_650M_UR50D
XP_005166511,XP_056317965,0.00048351287841796875,esm2_t33_650M_UR50D
XP_073794112,XP_056305461,0.0006324052810668945,esm2_t33_650M_UR50D
XP_009302026,XP_056320057,0.0002319812774658203,esm2_t33_650M_UR50D
NP_001243652,XP_056321522,0.00025528669357299805,esm2_t33_650M_UR50D
NP_001129443,XP_056307193,0.0005622506141662598,esm2_t33_650M_UR50D
XP_005155457,XP_056312530,0.0005196928977966309,esm2_t33_650M_UR50D
XP_073797700,XP_056306690,0.0009443163871765137,esm2_t33_650M_UR50D
XP_017208134,XP_056336618,5.906820297241211e-05,esm2_t33_650M_UR50D
NP_001410928,XP_056328709,0.00026667118072509766,esm2_t33_650M_UR50D
XP_073809598,XP_056315310,0.00040078163146972656,esm2_t33_650M_UR50D
XP_009305674,XP_056326499,0.001143813133239746,esm2_t33_650M_UR50D
XP_073788329,XP_056326044,0.001219630241394043,esm2_t33_650M_UR50D
NP_001103947,XP_056333541,0.00037604570388793945,esm2_t33_650M_UR50D
XP_073788148,XP_056337428,0.0006548166275024414,esm2_t33_650M_UR50D
XP_073788146,XP_056337428,0.0006548166275024414,esm2_t33_650M_UR50D
XP_005172140,XP_056315372,0.0002815723419189453,esm2_t33_650M_UR50D
XP_073789384,XP_056337600,0.00036770105361938477,esm2_t33_650M_UR50D
XP_005163268,XP_056308001,0.0003757476806640625,esm2_t33_650M_UR50D
XP_073794328,XP_056305940,0.000362396240234375,esm2_t33_650M_UR50D
XP_073799389,XP_056308317,0.0004076957702636719,esm2_t33_650M_UR50D
XP_073809674,XP_056315374,0.0002720355987548828,esm2_t33_650M_UR50D
XP_009296400,XP_056308318,0.00041556358337402344,esm2_t33_650M_UR50D
NP_001094417,XP_056313075,0.00041675567626953125,esm2_t33_650M_UR50D
XP_005160228,XP_056312215,0.00018149614334106445,esm2_t33_650M_UR50D
NP_001334810,XP_056327261,0.0012838244438171387,esm2_t33_650M_UR50D
NP_001132934,XP_056335792,0.0006057620048522949,esm2_t33_650M_UR50D
XP_021323377,XP_056334145,0.0006305575370788574,esm2_t33_650M_UR50D
NP_963874,XP_056311236,0.00032955408096313477,esm2_t33_650M_UR50D
XP_009296338,XP_056307317,0.0008918046951293945,esm2_t33_650M_UR50D
XP_009293482,XP_056302396,0.0002263188362121582,esm2_t33_650M_UR50D
XP_005164438,XP_056310135,0.00041228532791137695,esm2_t33_650M_UR50D
NP_957431,XP_056330677,0.0009268522262573242,esm2_t33_650M_UR50D
XP_017213593,XP_056323320,0.0014259815216064453,esm2_t33_650M_UR50D
XP_005155912,XP_056323633,0.000828862190246582,esm2_t33_650M_UR50D
NP_001373647,XP_056312863,0.00032788515090942383,esm2_t33_650M_UR50D
XP_073798240,XP_056307325,0.00041371583938598633,esm2_t33_650M_UR50D
XP_021335468,XP_056324314,0.00010383129119873047,esm2_t33_650M_UR50D
XP_073786743,XP_056301248,0.0009946227073669434,esm2_t33_650M_UR50D
NP_956923,XP_056331353,0.00020360946655273438,esm2_t33_650M_UR50D
NP_001074161,XP_056318353,0.0002740621566772461,esm2_t33_650M_UR50D
NP_956219,XP_056334832,0.0005138516426086426,esm2_t33_650M_UR50D
XP_073795722,XP_056304794,0.0001195073127746582,esm2_t33_650M_UR50D
XP_073786839,XP_056336484,0.00247269868850708,esm2_t33_650M_UR50D
XP_073796214,XP_056306326,0.0002917051315307617,esm2_t33_650M_UR50D
XP_003199702,XP_056324938,0.0006094574928283691,esm2_t33_650M_UR50D
XP_001338050,XP_056305898,0.0007979273796081543,esm2_t33_650M_UR50D
NP_001300637,XP_056320215,0.001472771167755127,esm2_t33_650M_UR50D
XP_073804867,XP_056313625,0.00024771690368652344,esm2_t33_650M_UR50D
NP_001289407,XP_056303158,0.000629127025604248,esm2_t33_650M_UR50D
NP_001373225,XP_056329373,0.0006296634674072266,esm2_t33_650M_UR50D
NP_001315525,XP_056312101,0.0002840757369995117,esm2_t33_650M_UR50D
XP_073792768,XP_056304029,0.00030869245529174805,esm2_t33_650M_UR50D
NP_001038706,XP_056334260,0.00011414289474487305,esm2_t33_650M_UR50D
XP_073807992,XP_056313266,0.00025475025177001953,esm2_t33_650M_UR50D
XP_073785462,XP_056336487,0.0008802413940429688,esm2_t33_650M_UR50D
XP_021332043,XP_056312785,0.0007647871971130371,esm2_t33_650M_UR50D
NP_001006060,XP_056329486,0.0003541111946105957,esm2_t33_650M_UR50D
NP_001093466,XP_056313827,0.00016838312149047852,esm2_t33_650M_UR50D
XP_005157135,XP_056313902,0.0006792545318603516,esm2_t33_650M_UR50D
NP_001373590,XP_056308222,0.0006935596466064453,esm2_t33_650M_UR50D
XP_005158182,XP_056308495,0.00040602684020996094,esm2_t33_650M_UR50D
XP_073801950,XP_056311221,0.0005412697792053223,esm2_t33_650M_UR50D
XP_073810189,XP_056315791,0.00010794401168823242,esm2_t33_650M_UR50D
XP_073801617,XP_056312276,0.0006870031356811523,esm2_t33_650M_UR50D
NP_997940,XP_056334702,0.00019043684005737305,esm2_t33_650M_UR50D
NP_835232,XP_056315789,0.0004361867904663086,esm2_t33_650M_UR50D
XP_005167308,XP_056319147,0.00032335519790649414,esm2_t33_650M_UR50D
XP_005169360,XP_056324136,0.0002626776695251465,esm2_t33_650M_UR50D
XP_073787877,XP_056336488,0.0002785325050354004,esm2_t33_650M_UR50D
XP_005168400,XP_056316893,0.0002537369728088379,esm2_t33_650M_UR50D
XP_002662532,XP_056316117,0.00069427490234375,esm2_t33_650M_UR50D
XP_073799686,XP_056309568,0.00015348196029663086,esm2_t33_650M_UR50D
NP_956801,XP_056321352,0.0005981326103210449,esm2_t33_650M_UR50D
NP_001003753,XP_056314391,0.0013824701309204102,esm2_t33_650M_UR50D
NP_955956,XP_056312683,0.00041306018829345703,esm2_t33_650M_UR50D
NP_001038834,XP_056329695,0.0004933476448059082,esm2_t33_650M_UR50D
XP_009302544,XP_056319082,0.0002586841583251953,esm2_t33_650M_UR50D
XP_073810181,XP_056315799,0.0003415346145629883,esm2_t33_650M_UR50D
XP_073788151,XP_056337428,0.0006081461906433105,esm2_t33_650M_UR50D
XP_009291413,XP_056333364,0.0004419088363647461,esm2_t33_650M_UR50D
NP_001373182,XP_056329177,0.00030809640884399414,esm2_t33_650M_UR50D
XP_009295472,XP_056306326,0.00027239322662353516,esm2_t33_650M_UR50D
XP_689494,XP_056310018,0.00045758485794067383,esm2_t33_650M_UR50D
XP_073805283,XP_056313179,0.00013458728790283203,esm2_t33_650M_UR50D
NP_001038732,XP_056315098,0.0006434917449951172,esm2_t33_650M_UR50D
NP_001315077,XP_056321495,0.0005087852478027344,esm2_t33_650M_UR50D
NP_001074100,XP_056301359,0.00037926435470581055,esm2_t33_650M_UR50D
XP_009293386,XP_056302871,0.00013619661331176758,esm2_t33_650M_UR50D
XP_073798688,XP_056308228,0.001203298568725586,esm2_t33_650M_UR50D
XP_073789117,XP_056336924,0.0005437731742858887,esm2_t33_650M_UR50D
NP_001155959,XP_056336924,0.0005437731742858887,esm2_t33_650M_UR50D
NP_001002343,XP_056335464,0.00019401311874389648,esm2_t33_650M_UR50D
XP_017213911,XP_056325430,0.0004851222038269043,esm2_t33_650M_UR50D
XP_073800483,XP_056309394,0.00025081634521484375,esm2_t33_650M_UR50D
NP_001313647,XP_056318929,0.0008453130722045898,esm2_t33_650M_UR50D
XP_001344126,XP_056328376,0.00033485889434814453,esm2_t33_650M_UR50D
XP_073788171,XP_056337428,0.0005383491516113281,esm2_t33_650M_UR50D
XP_073788170,XP_056337428,0.0005383491516113281,esm2_t33_650M_UR50D
NP_001002122,XP_056315994,0.00047785043716430664,esm2_t33_650M_UR50D
XP_696773,XP_056336548,0.0006191134452819824,esm2_t33_650M_UR50D
XP_073800369,XP_056309239,0.00039380788803100586,esm2_t33_650M_UR50D
XP_697468,XP_056323589,0.0007866621017456055,esm2_t33_650M_UR50D
XP_005163269,XP_056308253,0.0008192062377929688,esm2_t33_650M_UR50D
XP_009301640,XP_056317883,0.0003453493118286133,esm2_t33_650M_UR50D
NP_001107062,XP_056320886,0.0004349350929260254,esm2_t33_650M_UR50D
XP_005165179,XP_056313637,0.0004264712333679199,esm2_t33_650M_UR50D
XP_073805462,XP_056306530,0.0006427168846130371,esm2_t33_650M_UR50D
NP_001252536,XP_056307291,0.0002205371856689453,esm2_t33_650M_UR50D
NP_001017763,XP_056308297,0.00031119585037231445,esm2_t33_650M_UR50D
NP_001025446,XP_056337612,0.000876307487487793,esm2_t33_650M_UR50D
XP_073808186,XP_056313563,0.0006445050239562988,esm2_t33_650M_UR50D
NP_001070739,XP_056314093,0.0005443692207336426,esm2_t33_650M_UR50D
NP_001035011,XP_056328561,0.0005587339401245117,esm2_t33_650M_UR50D
NP_001036213,XP_056303695,0.0005347728729248047,esm2_t33_650M_UR50D
XP_021328841,XP_056309113,0.0005498528480529785,esm2_t33_650M_UR50D
NP_998083,XP_056319357,0.00038886070251464844,esm2_t33_650M_UR50D
NP_001017776,XP_056302667,0.0008392333984375,esm2_t33_650M_UR50D
XP_073799678,XP_056309292,0.0008614063262939453,esm2_t33_650M_UR50D
XP_005173217,XP_056328348,0.0005616545677185059,esm2_t33_650M_UR50D
XP_005160202,XP_056312428,0.0008292794227600098,esm2_t33_650M_UR50D
XP_073785397,XP_056334011,0.00037795305252075195,esm2_t33_650M_UR50D
NP_001373205,XP_056328704,0.0002955794334411621,esm2_t33_650M_UR50D
NP_001017786,XP_056310186,0.000340878963470459,esm2_t33_650M_UR50D
XP_021326136,XP_056307403,0.0005103945732116699,esm2_t33_650M_UR50D
XP_073808513,XP_056315644,0.0013414621353149414,esm2_t33_650M_UR50D
XP_005172154,XP_056316419,0.00037729740142822266,esm2_t33_650M_UR50D
NP_001096668,XP_056335095,0.00032258033752441406,esm2_t33_650M_UR50D
NP_001313648,XP_056318936,0.0007932186126708984,esm2_t33_650M_UR50D
XP_683309,XP_056309383,0.0007194876670837402,esm2_t33_650M_UR50D
NP_001103871,XP_056315859,0.0005000829696655273,esm2_t33_650M_UR50D
NP_001373248,XP_056322274,0.0008927583694458008,esm2_t33_650M_UR50D
XP_693491,XP_056301249,0.0002390742301940918,esm2_t33_650M_UR50D
XP_009302520,XP_056319228,0.0013190507888793945,esm2_t33_650M_UR50D
XP_073794349,XP_056305507,0.00013405084609985352,esm2_t33_650M_UR50D
NP_001318129,XP_056305119,0.0004380941390991211,esm2_t33_650M_UR50D
XP_021332887,XP_056316174,0.00021690130233764648,esm2_t33_650M_UR50D
XP_009290791,XP_056330845,0.00020039081573486328,esm2_t33_650M_UR50D
NP_001005988,XP_056316273,0.00040912628173828125,esm2_t33_650M_UR50D
NP_001005988,XP_056316274,0.00040912628173828125,esm2_t33_650M_UR50D
XP_005170607,XP_056304082,0.0004741549491882324,esm2_t33_650M_UR50D
XP_009291852,XP_056334951,0.00036281347274780273,esm2_t33_650M_UR50D
XP_021326091,XP_056309213,0.0007731914520263672,esm2_t33_650M_UR50D
XP_073796503,XP_056306722,0.0003612637519836426,esm2_t33_650M_UR50D
XP_073796504,XP_056306721,0.0003612637519836426,esm2_t33_650M_UR50D
NP_957075,XP_056318995,0.00013387203216552734,esm2_t33_650M_UR50D
NP_001091730,XP_056313902,0.0006792545318603516,esm2_t33_650M_UR50D
NP_571139,XP_056304916,0.0003288388252258301,esm2_t33_650M_UR50D
XP_005161976,XP_056304917,0.0003288388252258301,esm2_t33_650M_UR50D
XP_009289277,XP_056328560,0.0008201003074645996,esm2_t33_650M_UR50D
NP_956369,XP_056309126,0.00047522783279418945,esm2_t33_650M_UR50D
NP_001315622,XP_056318837,0.0006151795387268066,esm2_t33_650M_UR50D
NP_957145,XP_056315297,0.00048810243606567383,esm2_t33_650M_UR50D
NP_001018462,XP_056302703,0.0007113218307495117,esm2_t33_650M_UR50D
XP_021334793,XP_056323581,0.0010569095611572266,esm2_t33_650M_UR50D
XP_017209063,XP_056306012,0.00038433074951171875,esm2_t33_650M_UR50D
XP_017212638,XP_056318426,0.00033414363861083984,esm2_t33_650M_UR50D
NP_001313511,XP_056315059,0.000333249568939209,esm2_t33_650M_UR50D
NP_001002218,XP_056309139,0.00035077333450317383,esm2_t33_650M_UR50D
NP_001006006,XP_056326028,0.0003542304039001465,esm2_t33_650M_UR50D
XP_005157914,XP_056331053,0.00038868188858032227,esm2_t33_650M_UR50D
NP_001009918,XP_056306401,0.0002613067626953125,esm2_t33_650M_UR50D
XP_073808166,XP_056313484,0.00011545419692993164,esm2_t33_650M_UR50D
XP_073786341,XP_056333998,0.00036829710006713867,esm2_t33_650M_UR50D
NP_957082,XP_056312819,0.00045859813690185547,esm2_t33_650M_UR50D
XP_005159014,XP_056332670,0.0005885958671569824,esm2_t33_650M_UR50D
XP_021322044,XP_056330463,0.0008969902992248535,esm2_t33_650M_UR50D
XP_005155462,XP_056322293,0.000604093074798584,esm2_t33_650M_UR50D
NP_001002430,XP_056329927,0.0005794167518615723,esm2_t33_650M_UR50D
XP_073785574,XP_056334845,3.1054019927978516e-05,esm2_t33_650M_UR50D
XP_001333235,XP_056336210,0.0017088651657104492,esm2_t33_650M_UR50D
XP_009296422,XP_056323017,0.00019341707229614258,esm2_t33_650M_UR50D
NP_957061,XP_056329597,0.00018346309661865234,esm2_t33_650M_UR50D
XP_073797019,XP_056306835,0.0005739331245422363,esm2_t33_650M_UR50D
NP_001265531,XP_056337693,0.0014215707778930664,esm2_t33_650M_UR50D
NP_001013287,XP_056316758,0.0002346634864807129,esm2_t33_650M_UR50D
XP_021327596,XP_056317483,0.00011515617370605469,esm2_t33_650M_UR50D
XP_005162247,XP_056304857,6.693601608276367e-05,esm2_t33_650M_UR50D
XP_073791602,XP_056324992,0.0005272626876831055,esm2_t33_650M_UR50D
XP_073806043,XP_056313638,0.00041478872299194336,esm2_t33_650M_UR50D
XP_073806043,XP_056313640,0.00041478872299194336,esm2_t33_650M_UR50D
NP_001038357,XP_056335909,0.0005245208740234375,esm2_t33_650M_UR50D
XP_005173239,XP_056328263,0.0011556744575500488,esm2_t33_650M_UR50D
XP_017208065,XP_056328120,0.00047832727432250977,esm2_t33_650M_UR50D
XP_009298154,XP_056310362,0.00028336048126220703,esm2_t33_650M_UR50D
XP_009302825,XP_056320940,3.0100345611572266e-05,esm2_t33_650M_UR50D
XP_073786287,XP_056334802,0.0007311105728149414,esm2_t33_650M_UR50D
XP_021327347,XP_056314158,0.00029772520065307617,esm2_t33_650M_UR50D
XP_073791216,XP_056302414,0.0010764598846435547,esm2_t33_650M_UR50D
XP_073788354,XP_056301575,0.0002847909927368164,esm2_t33_650M_UR50D
XP_073785221,XP_056333872,0.00025093555450439453,esm2_t33_650M_UR50D
NP_001007315,XP_056332185,0.00038999319076538086,esm2_t33_650M_UR50D
XP_073798610,XP_056308288,5.9664249420166016e-05,esm2_t33_650M_UR50D
XP_073809510,XP_056315610,0.000540614128112793,esm2_t33_650M_UR50D
XP_009294522,XP_056304205,0.0004748702049255371,esm2_t33_650M_UR50D
XP_003200424,XP_056332814,0.00031489133834838867,esm2_t33_650M_UR50D
XP_005168471,XP_056329368,0.0005657076835632324,esm2_t33_650M_UR50D
NP_998304,XP_056312697,0.000532984733581543,esm2_t33_650M_UR50D
NP_001014323,XP_056308250,7.623434066772461e-05,esm2_t33_650M_UR50D
XP_073808927,XP_056313249,0.00041282176971435547,esm2_t33_650M_UR50D
XP_005160189,XP_056312467,0.0002956986427307129,esm2_t33_650M_UR50D
NP_001373560,XP_056306673,0.000579833984375,esm2_t33_650M_UR50D
NP_998248,XP_056314587,0.0007091164588928223,esm2_t33_650M_UR50D
NP_001315523,XP_056323750,0.00014668703079223633,esm2_t33_650M_UR50D
XP_073785661,XP_056334559,0.0007537603378295898,esm2_t33_650M_UR50D
XP_073809358,XP_056316337,0.0003966689109802246,esm2_t33_650M_UR50D
XP_073809367,XP_056316337,0.0003966689109802246,esm2_t33_650M_UR50D
XP_005166119,XP_056316337,0.0003966689109802246,esm2_t33_650M_UR50D
XP_073809391,XP_056316338,0.0003966689109802246,esm2_t33_650M_UR50D
XP_073809379,XP_056316338,0.0003966689109802246,esm2_t33_650M_UR50D
XP_073809355,XP_056316337,0.0003966689109802246,esm2_t33_650M_UR50D
XP_073786524,XP_056336246,0.0004305839538574219,esm2_t33_650M_UR50D
XP_073786524,XP_056336245,0.0004305839538574219,esm2_t33_650M_UR50D
XP_073786524,XP_056336244,0.0004305839538574219,esm2_t33_650M_UR50D
XP_009305755,XP_056327080,0.000585019588470459,esm2_t33_650M_UR50D
NP_001005592,XP_056319280,0.00016188621520996094,esm2_t33_650M_UR50D
NP_001070800,XP_056318840,0.0007242560386657715,esm2_t33_650M_UR50D
XP_009295491,XP_056306345,0.00022977590560913086,esm2_t33_650M_UR50D
XP_021328883,XP_056332918,0.0004667043685913086,esm2_t33_650M_UR50D
XP_001332484,XP_056307781,0.0022593140602111816,esm2_t33_650M_UR50D
XP_073786428,XP_056334019,0.0005007386207580566,esm2_t33_650M_UR50D
XP_005173827,XP_056335938,0.00018703937530517578,esm2_t33_650M_UR50D
XP_073809525,XP_056315131,0.00033092498779296875,esm2_t33_650M_UR50D
XP_073809525,XP_056315132,0.00033092498779296875,esm2_t33_650M_UR50D
NP_997784,XP_056334795,0.0005647540092468262,esm2_t33_650M_UR50D
NP_001070809,XP_056324086,0.00013965368270874023,esm2_t33_650M_UR50D
XP_005164005,XP_056309502,0.0002041459083557129,esm2_t33_650M_UR50D
XP_005164005,XP_056309503,0.0002041459083557129,esm2_t33_650M_UR50D
NP_001155959,XP_056336925,0.0006839632987976074,esm2_t33_650M_UR50D
XP_009293301,XP_056336925,0.0006839632987976074,esm2_t33_650M_UR50D
XP_005165978,XP_056315935,0.00024306774139404297,esm2_t33_650M_UR50D
NP_001108048,XP_056303849,0.0005402565002441406,esm2_t33_650M_UR50D
NP_001104657,XP_056327080,0.0005195736885070801,esm2_t33_650M_UR50D
XP_073793080,XP_056303314,0.00015658140182495117,esm2_t33_650M_UR50D
XP_021323777,XP_056335206,8.499622344970703e-05,esm2_t33_650M_UR50D
NP_001410864,XP_056324733,0.0011576414108276367,esm2_t33_650M_UR50D
NP_998461,XP_056310263,0.00048100948333740234,esm2_t33_650M_UR50D
XP_005164822,XP_056311047,0.00030434131622314453,esm2_t33_650M_UR50D
XP_001337612,XP_056329432,0.00038188695907592773,esm2_t33_650M_UR50D
XP_009303464,XP_056322126,0.0013148188591003418,esm2_t33_650M_UR50D
NP_999902,XP_056324655,0.0007598400115966797,esm2_t33_650M_UR50D
NP_001018504,XP_056307271,0.0002945065498352051,esm2_t33_650M_UR50D
NP_956596,XP_056337303,0.00024503469467163086,esm2_t33_650M_UR50D
NP_997905,XP_056335617,0.0007153749465942383,esm2_t33_650M_UR50D
NP_001002684,XP_056303111,0.00031870603561401367,esm2_t33_650M_UR50D
XP_073807894,XP_056313187,0.0005869865417480469,esm2_t33_650M_UR50D
NP_001013318,XP_056318703,0.0004971623420715332,esm2_t33_650M_UR50D
NP_001243709,XP_056332469,0.0004233121871948242,esm2_t33_650M_UR50D
XP_021333890,XP_056319394,0.0003674626350402832,esm2_t33_650M_UR50D
NP_001373169,XP_056303060,0.00024825334548950195,esm2_t33_650M_UR50D
XP_073790877,XP_056302939,0.00047391653060913086,esm2_t33_650M_UR50D
XP_073806134,XP_056314262,0.0010865330696105957,esm2_t33_650M_UR50D
NP_001275592,XP_056302153,0.0003033876419067383,esm2_t33_650M_UR50D
XP_021335796,XP_056324966,0.00028389692306518555,esm2_t33_650M_UR50D
NP_957434,XP_056323778,0.00024515390396118164,esm2_t33_650M_UR50D
XP_005165223,XP_056313725,0.0011495351791381836,esm2_t33_650M_UR50D
NP_001002592,XP_056322963,0.0003528594970703125,esm2_t33_650M_UR50D
XP_021330990,XP_056311385,0.00034296512603759766,esm2_t33_650M_UR50D
NP_001035185,XP_056335084,0.0002841949462890625,esm2_t33_650M_UR50D
NP_001304693,XP_056301305,0.0022208690643310547,esm2_t33_650M_UR50D
XP_009304516,XP_056323673,0.0005698800086975098,esm2_t33_650M_UR50D
XP_685049,XP_056304696,0.0001334547996520996,esm2_t33_650M_UR50D
NP_956095,XP_056307993,0.0003040432929992676,esm2_t33_650M_UR50D
NP_001348443,XP_056318317,0.0006325244903564453,esm2_t33_650M_UR50D
NP_998445,XP_056314754,0.00013464689254760742,esm2_t33_650M_UR50D
XP_005167328,XP_056319159,0.00017881393432617188,esm2_t33_650M_UR50D
XP_073796694,XP_056306150,0.00021183490753173828,esm2_t33_650M_UR50D
NP_991274,XP_056303705,0.0004361867904663086,esm2_t33_650M_UR50D
XP_005170948,XP_056315463,0.0007860064506530762,esm2_t33_650M_UR50D
XP_003200756,XP_056301471,0.0003107786178588867,esm2_t33_650M_UR50D
XP_017208279,XP_056301910,0.0005789399147033691,esm2_t33_650M_UR50D
NP_001122292,XP_056327283,0.0004532337188720703,esm2_t33_650M_UR50D
NP_001108040,XP_056324018,0.00031572580337524414,esm2_t33_650M_UR50D
NP_956669,XP_056315807,0.00032061338424682617,esm2_t33_650M_UR50D
XP_689465,XP_056303309,0.0002930760383605957,esm2_t33_650M_UR50D
NP_571108,XP_056312823,0.00015944242477416992,esm2_t33_650M_UR50D
XP_073787288,XP_056336498,0.00041359663009643555,esm2_t33_650M_UR50D
XP_005158581,XP_056332950,0.00016945600509643555,esm2_t33_650M_UR50D
XP_009292113,XP_056308632,0.0002905726432800293,esm2_t33_650M_UR50D
XP_009295234,XP_056304828,0.00016355514526367188,esm2_t33_650M_UR50D
XP_073787871,XP_056301943,0.0002461671829223633,esm2_t33_650M_UR50D
NP_001103597,XP_056305785,0.0006913542747497559,esm2_t33_650M_UR50D
XP_073809201,XP_056315563,0.00026732683181762695,esm2_t33_650M_UR50D
XP_073790728,XP_056302703,0.0005812644958496094,esm2_t33_650M_UR50D
XP_073808082,XP_056312816,0.00026983022689819336,esm2_t33_650M_UR50D
XP_021328768,XP_056332350,0.0002665519714355469,esm2_t33_650M_UR50D
XP_073790762,XP_056302983,0.0007886290550231934,esm2_t33_650M_UR50D
XP_073790761,XP_056302982,0.0007886290550231934,esm2_t33_650M_UR50D
NP_001333080,XP_056311537,0.0003432035446166992,esm2_t33_650M_UR50D
NP_001025142,XP_056332290,0.00036591291427612305,esm2_t33_650M_UR50D
NP_001074083,XP_056316572,0.00014418363571166992,esm2_t33_650M_UR50D
NP_956085,XP_056306904,0.0004888772964477539,esm2_t33_650M_UR50D
XP_073800481,XP_056309389,0.00037848949432373047,esm2_t33_650M_UR50D
XP_017214016,XP_056325246,0.00028127431869506836,esm2_t33_650M_UR50D
XP_021322905,XP_056332746,0.00040596723556518555,esm2_t33_650M_UR50D
NP_001012312,XP_056302319,0.00031960010528564453,esm2_t33_650M_UR50D
XP_073785016,XP_056334504,0.00028717517852783203,esm2_t33_650M_UR50D
NP_991148,XP_056313822,0.000565648078918457,esm2_t33_650M_UR50D
XP_009301762,XP_056318926,0.00031185150146484375,esm2_t33_650M_UR50D
XP_073796695,XP_056306150,0.00023829936981201172,esm2_t33_650M_UR50D
XP_021332547,XP_056312892,0.00012701749801635742,esm2_t33_650M_UR50D
NP_001116722,XP_056316007,0.0012035965919494629,esm2_t33_650M_UR50D
NP_956732,XP_056336837,0.00043660402297973633,esm2_t33_650M_UR50D
XP_692939,XP_056325147,0.00017076730728149414,esm2_t33_650M_UR50D
XP_009304046,XP_056323833,0.0005280971527099609,esm2_t33_650M_UR50D
XP_002660750,XP_056328721,0.0005168318748474121,esm2_t33_650M_UR50D
XP_073805396,XP_056308926,0.0017150044441223145,esm2_t33_650M_UR50D
XP_009305510,XP_056326827,0.00018149614334106445,esm2_t33_650M_UR50D
XP_017209214,XP_056305669,0.00036412477493286133,esm2_t33_650M_UR50D
XP_021329266,XP_056305228,0.0003234744071960449,esm2_t33_650M_UR50D
XP_005166542,XP_056318000,0.00026106834411621094,esm2_t33_650M_UR50D
XP_005172311,XP_056318786,0.0010907649993896484,esm2_t33_650M_UR50D
XP_005162523,XP_056319131,0.0003929734230041504,esm2_t33_650M_UR50D
XP_005156580,XP_056327118,0.00041365623474121094,esm2_t33_650M_UR50D
NP_001038288,XP_056336368,0.00021320581436157227,esm2_t33_650M_UR50D
XP_699919,XP_056319548,0.00016123056411743164,esm2_t33_650M_UR50D
XP_073796273,XP_056315218,0.000319063663482666,esm2_t33_650M_UR50D
XP_009300272,XP_056314768,0.00019055604934692383,esm2_t33_650M_UR50D
NP_957500,XP_056326541,0.00026732683181762695,esm2_t33_650M_UR50D
XP_073794535,XP_056306012,0.0003851652145385742,esm2_t33_650M_UR50D
NP_001004580,XP_056336010,0.00032842159271240234,esm2_t33_650M_UR50D
XP_021326390,XP_056309655,0.00018137693405151367,esm2_t33_650M_UR50D
NP_001073486,XP_056317384,0.0003558993339538574,esm2_t33_650M_UR50D
NP_001070769,XP_056305085,0.0005856752395629883,esm2_t33_650M_UR50D
XP_017207509,XP_056334003,0.003016948699951172,esm2_t33_650M_UR50D
XP_073787024,XP_056335898,0.0002745985984802246,esm2_t33_650M_UR50D
NP_001038822,XP_056326802,0.0001347064971923828,esm2_t33_650M_UR50D
XP_073806755,XP_056313565,0.00016391277313232422,esm2_t33_650M_UR50D
NP_001070053,XP_056318289,0.00040149688720703125,esm2_t33_650M_UR50D
XP_005171500,XP_056324211,0.00031948089599609375,esm2_t33_650M_UR50D
XP_073805215,XP_056317862,0.0006931424140930176,esm2_t33_650M_UR50D
XP_073797888,XP_056307762,0.00047665834426879883,esm2_t33_650M_UR50D
NP_001417870,XP_056304952,0.000640869140625,esm2_t33_650M_UR50D
NP_001417870,XP_056304951,0.000640869140625,esm2_t33_650M_UR50D
XP_073808782,XP_056315620,0.00022852420806884766,esm2_t33_650M_UR50D
XP_073808778,XP_056315620,0.00022852420806884766,esm2_t33_650M_UR50D
XP_005167220,XP_056319408,0.0002111196517944336,esm2_t33_650M_UR50D
XP_021326390,XP_056309654,0.0001798868179321289,esm2_t33_650M_UR50D
NP_001107071,XP_056325494,0.0010094642639160156,esm2_t33_650M_UR50D
NP_001020663,XP_056337464,0.0002452731132507324,esm2_t33_650M_UR50D
XP_021332756,XP_056314996,0.0003622770309448242,esm2_t33_650M_UR50D
NP_001373526,XP_056305849,0.00044530630111694336,esm2_t33_650M_UR50D
XP_073809027,XP_056316531,0.00023609399795532227,esm2_t33_650M_UR50D
XP_005173186,XP_056328276,0.00014394521713256836,esm2_t33_650M_UR50D
NP_571667,XP_056329961,0.0004419088363647461,esm2_t33_650M_UR50D
XP_073801716,XP_056311218,0.00033867359161376953,esm2_t33_650M_UR50D
NP_001001838,XP_056306884,0.0004871487617492676,esm2_t33_650M_UR50D
XP_009292403,XP_056336215,0.0010445117950439453,esm2_t33_650M_UR50D
NP_001025246,XP_056309654,0.00018423795700073242,esm2_t33_650M_UR50D
XP_021323655,XP_056336432,9.721517562866211e-05,esm2_t33_650M_UR50D
XP_073801853,XP_056312286,0.00022923946380615234,esm2_t33_650M_UR50D
NP_571201,XP_056320643,0.0004425048828125,esm2_t33_650M_UR50D
NP_001352516,XP_056314739,0.0002548098564147949,esm2_t33_650M_UR50D
XP_021334491,XP_056332103,0.0005051493644714355,esm2_t33_650M_UR50D
XP_073809680,XP_056315372,0.00029391050338745117,esm2_t33_650M_UR50D
XP_021325872,XP_056306246,0.0003247261047363281,esm2_t33_650M_UR50D
XP_021333706,XP_056318333,0.00018328428268432617,esm2_t33_650M_UR50D
XP_073807896,XP_056313177,0.00022363662719726562,esm2_t33_650M_UR50D
XP_073806727,XP_056313990,0.00010192394256591797,esm2_t33_650M_UR50D
XP_073806730,XP_056313989,0.00010192394256591797,esm2_t33_650M_UR50D
XP_073806728,XP_056313990,0.00010192394256591797,esm2_t33_650M_UR50D
XP_002667042,XP_056308827,0.00011712312698364258,esm2_t33_650M_UR50D
XP_005164012,XP_056309513,0.0003218650817871094,esm2_t33_650M_UR50D
XP_068069081,XP_056326508,0.0005022287368774414,esm2_t33_650M_UR50D
XP_017210021,XP_056309878,0.0002582073211669922,esm2_t33_650M_UR50D
NP_998193,XP_056309357,0.0004229545593261719,esm2_t33_650M_UR50D
XP_005171209,XP_056327465,0.00028014183044433594,esm2_t33_650M_UR50D
NP_001038525,XP_056335830,0.000306546688079834,esm2_t33_650M_UR50D
XP_073798835,XP_056307712,0.0003897547721862793,esm2_t33_650M_UR50D
XP_073797505,XP_056306678,0.0002986788749694824,esm2_t33_650M_UR50D
NP_001003988,XP_056331651,0.0003552436828613281,esm2_t33_650M_UR50D
XP_073808682,XP_056315355,8.767843246459961e-05,esm2_t33_650M_UR50D
XP_073796483,XP_056306770,0.0002148151397705078,esm2_t33_650M_UR50D
NP_001124143,XP_056301393,0.0007787942886352539,esm2_t33_650M_UR50D
XP_073793089,XP_056303314,9.85264778137207e-05,esm2_t33_650M_UR50D
XP_073793078,XP_056303314,0.00014925003051757812,esm2_t33_650M_UR50D
XP_073793083,XP_056303314,0.00010031461715698242,esm2_t33_650M_UR50D
NP_001018145,XP_056309109,0.00019681453704833984,esm2_t33_650M_UR50D
NP_001002358,XP_056335513,0.000437319278717041,esm2_t33_650M_UR50D
NP_001002617,XP_056311742,0.000387728214263916,esm2_t33_650M_UR50D
XP_073797828,XP_056307943,3.1948089599609375e-05,esm2_t33_650M_UR50D
XP_021325399,XP_056305029,0.0007199645042419434,esm2_t33_650M_UR50D
NP_001074134,XP_056332953,0.0001944899559020996,esm2_t33_650M_UR50D
NP_956726,XP_056305758,0.0004762411117553711,esm2_t33_650M_UR50D
NP_001107919,XP_056321239,9.673833847045898e-05,esm2_t33_650M_UR50D
NP_001018165,XP_056313385,0.0003382563591003418,esm2_t33_650M_UR50D
XP_021323796,XP_056335998,8.475780487060547e-05,esm2_t33_650M_UR50D
XP_073801982,XP_056311541,0.0003552436828613281,esm2_t33_650M_UR50D
XP_073801492,XP_056311486,0.0002961158752441406,esm2_t33_650M_UR50D
XP_005158638,XP_056332444,0.00013595819473266602,esm2_t33_650M_UR50D
NP_001038816,XP_056323078,8.988380432128906e-05,esm2_t33_650M_UR50D
XP_021330924,XP_056311631,0.00021153688430786133,esm2_t33_650M_UR50D
XP_005159745,XP_056335598,0.0001323223114013672,esm2_t33_650M_UR50D
NP_001002712,XP_056326363,0.0004372596740722656,esm2_t33_650M_UR50D
XP_003198149,XP_056309315,0.0002105236053466797,esm2_t33_650M_UR50D
NP_957262,XP_056309046,0.0003609657287597656,esm2_t33_650M_UR50D
XP_073788901,XP_056337040,0.0005932450294494629,esm2_t33_650M_UR50D
NP_001099066,XP_056315035,0.0002434253692626953,esm2_t33_650M_UR50D
NP_001002435,XP_056319108,0.00015598535537719727,esm2_t33_650M_UR50D
XP_073801614,XP_056311342,0.0005943775177001953,esm2_t33_650M_UR50D
NP_991151,XP_056323519,0.00035184621810913086,esm2_t33_650M_UR50D
NP_932335,XP_056321906,0.0005858540534973145,esm2_t33_650M_UR50D
XP_005158499,XP_056330735,0.00047475099563598633,esm2_t33_650M_UR50D
XP_005169484,XP_056325573,0.0002110004425048828,esm2_t33_650M_UR50D
XP_073788980,XP_056337417,0.0004540085792541504,esm2_t33_650M_UR50D
NP_998538,XP_056312435,0.000679314136505127,esm2_t33_650M_UR50D
XP_073801484,XP_056312658,0.00020676851272583008,esm2_t33_650M_UR50D
XP_073793724,XP_056304174,0.0008510947227478027,esm2_t33_650M_UR50D
XP_694757,XP_056333214,0.00021666288375854492,esm2_t33_650M_UR50D
NP_998318,XP_056304976,0.0004990100860595703,esm2_t33_650M_UR50D
XP_073799689,XP_056309849,0.00023287534713745117,esm2_t33_650M_UR50D
NP_001073502,XP_056312859,0.00012916326522827148,esm2_t33_650M_UR50D
XP_073789157,XP_056301265,0.0005030035972595215,esm2_t33_650M_UR50D
XP_005157361,XP_056327882,0.0008072853088378906,esm2_t33_650M_UR50D
XP_073789167,XP_056301265,0.0005030035972595215,esm2_t33_650M_UR50D
NP_001410760,XP_056317860,0.00029528141021728516,esm2_t33_650M_UR50D
XP_073795554,XP_056305438,0.0006894469261169434,esm2_t33_650M_UR50D
NP_001411420,XP_056330287,0.0008317232131958008,esm2_t33_650M_UR50D
NP_001082792,XP_056324103,0.004979968070983887,esm2_t33_650M_UR50D
NP_001124067,XP_056336857,0.0002995133399963379,esm2_t33_650M_UR50D
XP_688031,XP_056337173,0.00036579370498657227,esm2_t33_650M_UR50D
XP_021334932,XP_056322210,0.00011271238327026367,esm2_t33_650M_UR50D
NP_001315623,XP_056313215,0.00037366151809692383,esm2_t33_650M_UR50D
NP_991258,XP_056329424,0.00019431114196777344,esm2_t33_650M_UR50D
NP_001107081,XP_056320385,0.0001506805419921875,esm2_t33_650M_UR50D
XP_073794629,XP_056305726,0.00018328428268432617,esm2_t33_650M_UR50D
XP_005159177,XP_056334671,9.465217590332031e-05,esm2_t33_650M_UR50D
XP_001342267,XP_056334682,0.00047773122787475586,esm2_t33_650M_UR50D
NP_001137390,XP_056316546,5.704164505004883e-05,esm2_t33_650M_UR50D
XP_073795522,XP_056304920,0.000272214412689209,esm2_t33_650M_UR50D
XP_017214324,XP_056326799,0.0002473592758178711,esm2_t33_650M_UR50D
XP_005159810,XP_056335055,0.00017815828323364258,esm2_t33_650M_UR50D
XP_690320,XP_056334640,0.00022077560424804688,esm2_t33_650M_UR50D
XP_005167828,XP_056321398,0.0003898739814758301,esm2_t33_650M_UR50D
NP_001313321,XP_056304148,0.00046759843826293945,esm2_t33_650M_UR50D
XP_005156008,XP_056324368,0.00010341405868530273,esm2_t33_650M_UR50D
XP_005162451,XP_056305567,0.0008033514022827148,esm2_t33_650M_UR50D
NP_999980,XP_056335117,0.00018680095672607422,esm2_t33_650M_UR50D
XP_005158123,XP_056331976,0.00017917156219482422,esm2_t33_650M_UR50D
NP_001082887,XP_056323491,0.0016441941261291504,esm2_t33_650M_UR50D
XP_707353,XP_056332442,6.097555160522461e-05,esm2_t33_650M_UR50D
NP_001314865,XP_056333601,0.0004100799560546875,esm2_t33_650M_UR50D
XP_073792677,XP_056303996,0.00016838312149047852,esm2_t33_650M_UR50D
XP_073801266,XP_056318082,0.00011932849884033203,esm2_t33_650M_UR50D
XP_005164223,XP_056309998,0.00016039609909057617,esm2_t33_650M_UR50D
NP_001018495,XP_056337496,0.0002130270004272461,esm2_t33_650M_UR50D
XP_005160101,XP_056312659,0.0002238154411315918,esm2_t33_650M_UR50D
XP_005160100,XP_056312663,0.0002238154411315918,esm2_t33_650M_UR50D
XP_073801544,XP_056312660,0.0002238154411315918,esm2_t33_650M_UR50D
XP_005160101,XP_056312660,0.0002238154411315918,esm2_t33_650M_UR50D
XP_021323778,XP_056335206,7.963180541992188e-05,esm2_t33_650M_UR50D
NP_001314688,XP_056320055,0.00021159648895263672,esm2_t33_650M_UR50D
XP_005171651,XP_056309314,0.0002465248107910156,esm2_t33_650M_UR50D
XP_692102,XP_056330333,0.00020450353622436523,esm2_t33_650M_UR50D
XP_017207523,XP_056334035,0.00020587444305419922,esm2_t33_650M_UR50D
NP_001007452,XP_056327504,0.0003847479820251465,esm2_t33_650M_UR50D
XP_001919896,XP_056325680,0.0007647275924682617,esm2_t33_650M_UR50D
NP_956853,XP_056322047,0.00015151500701904297,esm2_t33_650M_UR50D
XP_073797459,XP_056306385,0.00013953447341918945,esm2_t33_650M_UR50D
XP_009303363,XP_056322888,0.00019991397857666016,esm2_t33_650M_UR50D
XP_073809315,XP_056315345,0.0004723072052001953,esm2_t33_650M_UR50D
NP_001245153,XP_056325359,0.00018805265426635742,esm2_t33_650M_UR50D
XP_001340709,XP_056303516,0.00020629167556762695,esm2_t33_650M_UR50D
NP_001315484,XP_056320052,0.00016486644744873047,esm2_t33_650M_UR50D
XP_005169569,XP_056327141,0.0002822279930114746,esm2_t33_650M_UR50D
XP_021336696,XP_056327852,0.00019788742065429688,esm2_t33_650M_UR50D
XP_005169468,XP_056324101,0.00012928247451782227,esm2_t33_650M_UR50D
XP_073785592,XP_056334851,1.239776611328125e-05,esm2_t33_650M_UR50D
XP_005155626,XP_056322953,0.0003725886344909668,esm2_t33_650M_UR50D
NP_001002703,XP_056313400,0.00011390447616577148,esm2_t33_650M_UR50D
XP_005170009,XP_056334563,0.00023472309112548828,esm2_t33_650M_UR50D
XP_073806015,XP_056313341,0.0005092620849609375,esm2_t33_650M_UR50D
NP_001032892,XP_056306521,0.0003439188003540039,esm2_t33_650M_UR50D
NP_001093454,XP_056323406,0.0004977583885192871,esm2_t33_650M_UR50D
XP_009300512,XP_056315641,0.00018543004989624023,esm2_t33_650M_UR50D
XP_001919144,XP_056314254,0.00021797418594360352,esm2_t33_650M_UR50D
NP_001002476,XP_056305983,0.0003903508186340332,esm2_t33_650M_UR50D
XP_073794532,XP_056306009,0.00015282630920410156,esm2_t33_650M_UR50D
NP_001020351,XP_056317819,0.0009924769401550293,esm2_t33_650M_UR50D
XP_073801588,XP_056312659,0.00022464990615844727,esm2_t33_650M_UR50D
XP_001921072,XP_056318046,0.00030624866485595703,esm2_t33_650M_UR50D
XP_009304311,XP_056324174,0.0001360774040222168,esm2_t33_650M_UR50D
XP_017211729,XP_056313525,0.00018870830535888672,esm2_t33_650M_UR50D
NP_001018871,XP_056322233,0.0004909038543701172,esm2_t33_650M_UR50D
NP_001032201,XP_056322648,0.00025337934494018555,esm2_t33_650M_UR50D
XP_009296056,XP_056307728,0.00030106306076049805,esm2_t33_650M_UR50D
NP_001077334,XP_056337545,0.00012552738189697266,esm2_t33_650M_UR50D
XP_021336036,XP_056324891,0.00016134977340698242,esm2_t33_650M_UR50D
XP_005158608,XP_056332431,0.00010526180267333984,esm2_t33_650M_UR50D
XP_073802574,XP_056311921,0.00013488531112670898,esm2_t33_650M_UR50D
NP_001242932,XP_056332335,0.0001964569091796875,esm2_t33_650M_UR50D
NP_001025312,XP_056311748,0.00023090839385986328,esm2_t33_650M_UR50D
XP_683261,XP_056325820,0.0001894831657409668,esm2_t33_650M_UR50D
XP_021327608,XP_056317503,0.00011157989501953125,esm2_t33_650M_UR50D
NP_001121859,XP_056316725,0.00043320655822753906,esm2_t33_650M_UR50D
XP_001336283,XP_056304953,0.0001436471939086914,esm2_t33_650M_UR50D
XP_021327557,XP_056317166,0.00015276670455932617,esm2_t33_650M_UR50D
XP_017207446,XP_056334844,3.1054019927978516e-05,esm2_t33_650M_UR50D
NP_998181,XP_056306527,0.0001544952392578125,esm2_t33_650M_UR50D
NP_957120,XP_056308709,0.0002936720848083496,esm2_t33_650M_UR50D
XP_005159264,XP_056334420,0.00027185678482055664,esm2_t33_650M_UR50D
XP_005170233,XP_056301295,0.0003743171691894531,esm2_t33_650M_UR50D
XP_001341616,XP_056305319,0.0002529025077819824,esm2_t33_650M_UR50D
XP_005167050,XP_056319638,0.0002232193946838379,esm2_t33_650M_UR50D
XP_696266,XP_056331943,0.00013560056686401367,esm2_t33_650M_UR50D
NP_001315314,XP_056312534,0.0003974437713623047,esm2_t33_650M_UR50D
XP_005159824,XP_056335444,0.00016176700592041016,esm2_t33_650M_UR50D
XP_021336036,XP_056324889,0.00015980005264282227,esm2_t33_650M_UR50D
NP_001340792,XP_056331842,0.0001327991485595703,esm2_t33_650M_UR50D
NP_001157369,XP_056306137,0.00028651952743530273,esm2_t33_650M_UR50D
NP_001138287,XP_056334681,0.00010114908218383789,esm2_t33_650M_UR50D
XP_021330694,XP_056312657,0.00020396709442138672,esm2_t33_650M_UR50D
XP_005160148,XP_056312560,0.0006202459335327148,esm2_t33_650M_UR50D
XP_009304973,XP_056325024,6.848573684692383e-05,esm2_t33_650M_UR50D
NP_001006018,XP_056335020,0.00046432018280029297,esm2_t33_650M_UR50D
XP_005171244,XP_056327630,0.00019478797912597656,esm2_t33_650M_UR50D
NP_001091651,XP_056325699,0.0010673999786376953,esm2_t33_650M_UR50D
NP_001093507,XP_056313339,0.0003135800361633301,esm2_t33_650M_UR50D
XP_017208482,XP_056303118,0.0005065798759460449,esm2_t33_650M_UR50D
XP_009297712,XP_056309491,0.00014668703079223633,esm2_t33_650M_UR50D
XP_005156878,XP_056326244,0.00027936697006225586,esm2_t33_650M_UR50D
XP_073801300,XP_056310378,0.0001221299171447754,esm2_t33_650M_UR50D
NP_001154983,XP_056314454,0.00016796588897705078,esm2_t33_650M_UR50D
XP_073786980,XP_056335257,9.60230827331543e-05,esm2_t33_650M_UR50D
XP_021334005,XP_056334691,0.00023806095123291016,esm2_t33_650M_UR50D
NP_001076324,XP_056328924,0.00019359588623046875,esm2_t33_650M_UR50D
XP_005159573,XP_056335906,0.00026154518127441406,esm2_t33_650M_UR50D
XP_689880,XP_056326837,0.00025904178619384766,esm2_t33_650M_UR50D
XP_009302707,XP_056320650,0.00013333559036254883,esm2_t33_650M_UR50D
NP_001121710,XP_056331601,0.0002887248992919922,esm2_t33_650M_UR50D
NP_001422880,XP_056318256,0.00015020370483398438,esm2_t33_650M_UR50D
NP_571230,XP_056330760,0.0008211135864257812,esm2_t33_650M_UR50D
XP_073805687,XP_056314065,0.0005355477333068848,esm2_t33_650M_UR50D
XP_073807070,XP_056314462,0.0003864765167236328,esm2_t33_650M_UR50D
NP_001041532,XP_056314462,0.00035953521728515625,esm2_t33_650M_UR50D
XP_009303367,XP_056322892,0.0002124309539794922,esm2_t33_650M_UR50D
NP_001103413,XP_056334382,0.00017976760864257812,esm2_t33_650M_UR50D
XP_073798545,XP_056307845,0.00015044212341308594,esm2_t33_650M_UR50D
XP_073796097,XP_056306399,0.00037103891372680664,esm2_t33_650M_UR50D
XP_073792899,XP_056303759,0.00015425682067871094,esm2_t33_650M_UR50D
NP_001071032,XP_056304913,0.0002754330635070801,esm2_t33_650M_UR50D
XP_073796933,XP_056306532,0.00015741586685180664,esm2_t33_650M_UR50D
NP_001352362,XP_056319923,0.0001353621482849121,esm2_t33_650M_UR50D
NP_001002863,XP_056325421,0.00016248226165771484,esm2_t33_650M_UR50D
NP_956114,XP_056326284,0.0001977086067199707,esm2_t33_650M_UR50D
NP_001002354,XP_056336954,0.00043594837188720703,esm2_t33_650M_UR50D
NP_001003559,XP_056335618,0.00021201372146606445,esm2_t33_650M_UR50D
XP_005158216,XP_056330821,0.00016689300537109375,esm2_t33_650M_UR50D
XP_021326189,XP_056308258,0.0001989603042602539,esm2_t33_650M_UR50D
XP_073785585,XP_056334849,3.1054019927978516e-05,esm2_t33_650M_UR50D
XP_005156576,XP_056326750,0.00017708539962768555,esm2_t33_650M_UR50D
NP_001189455,XP_056336364,0.00019788742065429688,esm2_t33_650M_UR50D
NP_997919,XP_056325682,0.0001455545425415039,esm2_t33_650M_UR50D
NP_001032313,XP_056311766,0.0002682805061340332,esm2_t33_650M_UR50D
NP_001076402,XP_056326548,0.000606238842010498,esm2_t33_650M_UR50D
NP_957370,XP_056314706,0.00032532215118408203,esm2_t33_650M_UR50D
XP_073795664,XP_056304748,0.00017267465591430664,esm2_t33_650M_UR50D
XP_017214027,XP_056324835,0.0001399517059326172,esm2_t33_650M_UR50D
NP_001035400,XP_056323593,0.0004226565361022949,esm2_t33_650M_UR50D
XP_005166175,XP_056316327,8.368492126464844e-05,esm2_t33_650M_UR50D
XP_073802106,XP_056311962,0.0002490878105163574,esm2_t33_650M_UR50D
NP_001230108,XP_056308689,0.0008243322372436523,esm2_t33_650M_UR50D
XP_073795624,XP_056305413,0.000152587890625,esm2_t33_650M_UR50D
NP_001077312,XP_056324656,0.00012570619583129883,esm2_t33_650M_UR50D
NP_001003869,XP_056326842,0.00012052059173583984,esm2_t33_650M_UR50D
NP_571885,XP_056315715,0.0002689957618713379,esm2_t33_650M_UR50D
XP_021326900,XP_056313240,0.00028312206268310547,esm2_t33_650M_UR50D
XP_005156871,XP_056326756,0.0002194046974182129,esm2_t33_650M_UR50D
NP_001139043,XP_056326959,0.00022268295288085938,esm2_t33_650M_UR50D
XP_686699,XP_056320721,0.00023669004440307617,esm2_t33_650M_UR50D
XP_017209571,XP_056307756,0.0002773404121398926,esm2_t33_650M_UR50D
XP_073798876,XP_056307695,8.33272933959961e-05,esm2_t33_650M_UR50D
XP_021327362,XP_056313034,0.00026339292526245117,esm2_t33_650M_UR50D
XP_021322895,XP_056332607,0.0004330277442932129,esm2_t33_650M_UR50D
NP_001004549,XP_056322623,0.00029730796813964844,esm2_t33_650M_UR50D
XP_073786282,XP_056334760,0.0004152059555053711,esm2_t33_650M_UR50D
NP_001152786,XP_056317527,0.00015681982040405273,esm2_t33_650M_UR50D
XP_005157788,XP_056329667,0.0001798868179321289,esm2_t33_650M_UR50D
XP_073802790,XP_056311774,4.8041343688964844e-05,esm2_t33_650M_UR50D
XP_073802789,XP_056311773,4.8041343688964844e-05,esm2_t33_650M_UR50D
NP_957367,XP_056313899,0.0001055598258972168,esm2_t33_650M_UR50D
XP_073801301,XP_056310378,0.00011307001113891602,esm2_t33_650M_UR50D
NP_001313637,XP_056323343,0.00020128488540649414,esm2_t33_650M_UR50D
NP_001077325,XP_056320492,0.0002943277359008789,esm2_t33_650M_UR50D
NP_001007183,XP_056321781,0.00010591745376586914,esm2_t33_650M_UR50D
NP_001139055,XP_056326516,0.0005355477333068848,esm2_t33_650M_UR50D
XP_017209396,XP_056306149,0.00022286176681518555,esm2_t33_650M_UR50D
XP_005159677,XP_056336032,0.00010347366333007812,esm2_t33_650M_UR50D
XP_073785353,XP_056334903,0.0008412599563598633,esm2_t33_650M_UR50D
NP_001177735,XP_056302442,0.000359952449798584,esm2_t33_650M_UR50D
NP_001119905,XP_056321101,0.0008090734481811523,esm2_t33_650M_UR50D
NP_001074138,XP_056323955,0.00023448467254638672,esm2_t33_650M_UR50D
XP_009298015,XP_056310199,0.0001081228256225586,esm2_t33_650M_UR50D
NP_001071261,XP_056309997,0.00022965669631958008,esm2_t33_650M_UR50D
XP_009299408,XP_056312789,0.0006699562072753906,esm2_t33_650M_UR50D
NP_999936,XP_056318175,0.0001830458641052246,esm2_t33_650M_UR50D
XP_021334645,XP_056321386,9.644031524658203e-05,esm2_t33_650M_UR50D
NP_001159805,XP_056306115,0.00017827749252319336,esm2_t33_650M_UR50D
XP_073786739,XP_056335626,0.00019532442092895508,esm2_t33_650M_UR50D
NP_001074162,XP_056302142,0.0009122490882873535,esm2_t33_650M_UR50D
NP_001007416,XP_056328971,7.31348991394043e-05,esm2_t33_650M_UR50D
NP_998290,XP_056316139,0.00015681982040405273,esm2_t33_650M_UR50D
XP_009296395,XP_056329610,9.262561798095703e-05,esm2_t33_650M_UR50D
XP_021330747,XP_056311127,0.0003247261047363281,esm2_t33_650M_UR50D
XP_009300150,XP_056314578,0.0003604292869567871,esm2_t33_650M_UR50D
XP_021326183,XP_056307555,0.0002090930938720703,esm2_t33_650M_UR50D
NP_955965,XP_056334798,0.00019812583923339844,esm2_t33_650M_UR50D
XP_073804994,XP_056319650,0.00016605854034423828,esm2_t33_650M_UR50D
NP_571678,XP_056319613,0.00016605854034423828,esm2_t33_650M_UR50D
NP_001108195,XP_056322158,0.0006563067436218262,esm2_t33_650M_UR50D
NP_001307335,XP_056309839,0.0004883408546447754,esm2_t33_650M_UR50D
XP_009295317,XP_056305834,0.0005614161491394043,esm2_t33_650M_UR50D
NP_956858,XP_056302355,0.00013333559036254883,esm2_t33_650M_UR50D
XP_005155714,XP_056324503,0.0002434253692626953,esm2_t33_650M_UR50D
XP_073798863,XP_056307690,8.475780487060547e-05,esm2_t33_650M_UR50D
XP_073794750,XP_056305989,0.00018721818923950195,esm2_t33_650M_UR50D
NP_956747,XP_056326662,0.0002619028091430664,esm2_t33_650M_UR50D
XP_021329454,XP_056306192,0.00016802549362182617,esm2_t33_650M_UR50D
NP_001417993,XP_056327316,0.0005053877830505371,esm2_t33_650M_UR50D
XP_073799567,XP_056308741,0.00015914440155029297,esm2_t33_650M_UR50D
NP_001231707,XP_056312722,0.0001938343048095703,esm2_t33_650M_UR50D
XP_005158588,XP_056333525,0.00017946958541870117,esm2_t33_650M_UR50D
NP_001074457,XP_056327852,0.00018364191055297852,esm2_t33_650M_UR50D
XP_073794760,XP_056305990,0.00020313262939453125,esm2_t33_650M_UR50D
XP_005169866,XP_056332382,0.0002740621566772461,esm2_t33_650M_UR50D
XP_021333602,XP_056317799,0.00031834840774536133,esm2_t33_650M_UR50D
XP_005169081,XP_056317801,0.0003184080123901367,esm2_t33_650M_UR50D
NP_956161,XP_056309528,0.00036460161209106445,esm2_t33_650M_UR50D
NP_571055,XP_056321164,0.00013870000839233398,esm2_t33_650M_UR50D
NP_991135,XP_056310371,0.000276029109954834,esm2_t33_650M_UR50D
XP_005172631,XP_056323402,0.0008951425552368164,esm2_t33_650M_UR50D
XP_005157191,XP_056328922,0.0007261037826538086,esm2_t33_650M_UR50D
XP_005162546,XP_056307045,8.058547973632812e-05,esm2_t33_650M_UR50D
NP_001003991,XP_056322661,0.00018912553787231445,esm2_t33_650M_UR50D
XP_021333121,XP_056316863,0.0004273653030395508,esm2_t33_650M_UR50D
XP_005167977,XP_056321845,0.0001233816146850586,esm2_t33_650M_UR50D
NP_001313335,XP_056324398,0.00021785497665405273,esm2_t33_650M_UR50D
NP_001124239,XP_056313680,9.21487808227539e-05,esm2_t33_650M_UR50D
XP_005164691,XP_056311768,0.0002257823944091797,esm2_t33_650M_UR50D
NP_001258742,XP_056315030,0.0002351999282836914,esm2_t33_650M_UR50D
XP_002660968,XP_056306948,0.0002676248550415039,esm2_t33_650M_UR50D
XP_001919340,XP_056305075,0.00011366605758666992,esm2_t33_650M_UR50D
XP_005159136,XP_056334100,8.83340835571289e-05,esm2_t33_650M_UR50D
NP_956185,XP_056332355,0.00019723176956176758,esm2_t33_650M_UR50D
XP_073786461,XP_056333863,0.00012201070785522461,esm2_t33_650M_UR50D
XP_005160006,XP_056314575,0.00014203786849975586,esm2_t33_650M_UR50D
XP_073792822,XP_056303263,0.00015437602996826172,esm2_t33_650M_UR50D
NP_001070764,XP_056305737,0.00028908252716064453,esm2_t33_650M_UR50D
XP_021333991,XP_056319215,0.0001367330551147461,esm2_t33_650M_UR50D
XP_021322525,XP_056332082,9.781122207641602e-05,esm2_t33_650M_UR50D
XP_073808101,XP_056313442,0.00010406970977783203,esm2_t33_650M_UR50D
XP_005166761,XP_056320044,0.00017249584197998047,esm2_t33_650M_UR50D
XP_017209453,XP_056306592,0.00013762712478637695,esm2_t33_650M_UR50D
XP_021323679,XP_056336249,0.00021225214004516602,esm2_t33_650M_UR50D
XP_021331292,XP_056310677,0.0003641843795776367,esm2_t33_650M_UR50D
XP_003200388,XP_056332776,0.0001074075698852539,esm2_t33_650M_UR50D
XP_073790656,XP_056301762,7.790327072143555e-05,esm2_t33_650M_UR50D
XP_697507,XP_056322949,0.0006140470504760742,esm2_t33_650M_UR50D
XP_009292057,XP_056334185,0.0001176595687866211,esm2_t33_650M_UR50D
XP_073808372,XP_056313905,0.00024336576461791992,esm2_t33_650M_UR50D
XP_021322907,XP_056333306,0.00012612342834472656,esm2_t33_650M_UR50D
NP_001264013,XP_056322131,7.069110870361328e-05,esm2_t33_650M_UR50D
XP_005160038,XP_056313428,7.808208465576172e-05,esm2_t33_650M_UR50D
XP_005157985,XP_056331267,0.00031262636184692383,esm2_t33_650M_UR50D
NP_001243552,XP_056331047,0.00010675191879272461,esm2_t33_650M_UR50D
XP_021333965,XP_056320387,0.00021505355834960938,esm2_t33_650M_UR50D
NP_001002198,XP_056326962,0.0001448988914489746,esm2_t33_650M_UR50D
XP_005165615,XP_056314553,0.0001112818717956543,esm2_t33_650M_UR50D
XP_073810192,XP_056315778,0.00014221668243408203,esm2_t33_650M_UR50D
XP_021334325,XP_056321076,0.00010955333709716797,esm2_t33_650M_UR50D
XP_017208472,XP_056302841,0.00024205446243286133,esm2_t33_650M_UR50D
NP_001269415,XP_056334602,0.0002688169479370117,esm2_t33_650M_UR50D
XP_021327886,XP_056313974,8.684396743774414e-05,esm2_t33_650M_UR50D
XP_009298735,XP_056311409,5.7756900787353516e-05,esm2_t33_650M_UR50D
NP_001002207,XP_056307049,0.0002964138984680176,esm2_t33_650M_UR50D
XP_005160608,XP_056337159,0.00015163421630859375,esm2_t33_650M_UR50D
XP_009295233,XP_056304814,5.6684017181396484e-05,esm2_t33_650M_UR50D
XP_073808084,XP_056313348,0.00011068582534790039,esm2_t33_650M_UR50D
NP_001095863,XP_056301635,8.660554885864258e-05,esm2_t33_650M_UR50D
XP_691817,XP_056308211,0.00037020444869995117,esm2_t33_650M_UR50D
XP_073806584,XP_056314349,9.310245513916016e-05,esm2_t33_650M_UR50D
XP_021324032,XP_056336863,0.00026106834411621094,esm2_t33_650M_UR50D
XP_009300877,XP_056316219,9.310245513916016e-05,esm2_t33_650M_UR50D
XP_005170092,XP_056335883,0.00045496225357055664,esm2_t33_650M_UR50D
XP_073795863,XP_056305823,3.647804260253906e-05,esm2_t33_650M_UR50D
NP_001410904,XP_056327927,0.006916642189025879,esm2_t33_650M_UR50D
NP_571128,XP_056336912,7.921457290649414e-05,esm2_t33_650M_UR50D
NP_001006097,XP_056311820,0.00014334917068481445,esm2_t33_650M_UR50D
XP_073801728,XP_056312003,0.00011414289474487305,esm2_t33_650M_UR50D
XP_005174340,XP_056307689,7.343292236328125e-05,esm2_t33_650M_UR50D
NP_001076280,XP_056337181,0.0003012418746948242,esm2_t33_650M_UR50D
XP_002660488,XP_056315670,7.69495964050293e-05,esm2_t33_650M_UR50D
NP_999977,XP_056302736,0.0004635453224182129,esm2_t33_650M_UR50D
XP_005159462,XP_056336398,0.00020968914031982422,esm2_t33_650M_UR50D
XP_694459,XP_056334616,0.000522911548614502,esm2_t33_650M_UR50D
XP_073798034,XP_056307464,0.00011408329010009766,esm2_t33_650M_UR50D
NP_775328,XP_056309743,0.00026476383209228516,esm2_t33_650M_UR50D
XP_017207366,XP_056333604,0.00028634071350097656,esm2_t33_650M_UR50D
XP_073798722,XP_056310038,0.00034993886947631836,esm2_t33_650M_UR50D
XP_001335682,XP_056309433,0.00015872716903686523,esm2_t33_650M_UR50D
XP_005169889,XP_056332606,0.0007233619689941406,esm2_t33_650M_UR50D
XP_005155878,XP_056324513,0.0001990795135498047,esm2_t33_650M_UR50D
XP_021326690,XP_056309897,0.00012993812561035156,esm2_t33_650M_UR50D
XP_002663301,XP_056320541,0.0004571080207824707,esm2_t33_650M_UR50D
XP_073807824,XP_056314854,0.00013452768325805664,esm2_t33_650M_UR50D
XP_021328422,XP_056327752,0.00017195940017700195,esm2_t33_650M_UR50D
NP_001184183,XP_056306773,8.660554885864258e-05,esm2_t33_650M_UR50D
XP_073799666,XP_056309293,0.00022155046463012695,esm2_t33_650M_UR50D
XP_073792359,XP_056303836,0.0002142190933227539,esm2_t33_650M_UR50D
XP_073797374,XP_056309704,0.0001431107521057129,esm2_t33_650M_UR50D
NP_001002121,XP_056317894,0.00014448165893554688,esm2_t33_650M_UR50D
NP_001410713,XP_056307520,0.0005421042442321777,esm2_t33_650M_UR50D
XP_073790447,XP_056301890,0.0016709566116333008,esm2_t33_650M_UR50D
XP_073802134,XP_056311250,0.002070903778076172,esm2_t33_650M_UR50D
NP_001032448,XP_056305396,0.00026857852935791016,esm2_t33_650M_UR50D
XP_021325652,XP_056304639,0.0001513361930847168,esm2_t33_650M_UR50D
XP_073806657,XP_056313418,0.0001944899559020996,esm2_t33_650M_UR50D
XP_073806660,XP_056313418,0.0001944899559020996,esm2_t33_650M_UR50D
XP_073798670,XP_056309334,0.00017344951629638672,esm2_t33_650M_UR50D
XP_002667698,XP_056303822,0.0005099773406982422,esm2_t33_650M_UR50D
XP_002667698,XP_056303821,0.0005099773406982422,esm2_t33_650M_UR50D
XP_017212723,XP_056318302,0.00010842084884643555,esm2_t33_650M_UR50D
XP_005157638,XP_056330244,0.00026744604110717773,esm2_t33_650M_UR50D
XP_021333497,XP_056317420,5.4895877838134766e-05,esm2_t33_650M_UR50D
NP_001189424,XP_056328172,0.00028514862060546875,esm2_t33_650M_UR50D
XP_073808687,XP_056316131,9.40561294555664e-05,esm2_t33_650M_UR50D
XP_073797328,XP_056307115,0.00041478872299194336,esm2_t33_650M_UR50D
NP_956747,XP_056326663,0.00010526180267333984,esm2_t33_650M_UR50D
NP_001002215,XP_056311824,0.0002192854881286621,esm2_t33_650M_UR50D
XP_005169998,XP_056334885,0.00027751922607421875,esm2_t33_650M_UR50D
XP_073789086,XP_056337689,0.00015425682067871094,esm2_t33_650M_UR50D
XP_009303960,XP_056323170,0.00026541948318481445,esm2_t33_650M_UR50D
XP_002666176,XP_056304090,0.0002307891845703125,esm2_t33_650M_UR50D
NP_001157467,XP_056322057,0.0001964569091796875,esm2_t33_650M_UR50D
XP_005173263,XP_056328367,0.0003082156181335449,esm2_t33_650M_UR50D
XP_021326394,XP_056308263,0.000194549560546875,esm2_t33_650M_UR50D
NP_991132,XP_056301348,0.0001665949821472168,esm2_t33_650M_UR50D
NP_001296364,XP_056334536,0.0002281665802001953,esm2_t33_650M_UR50D
XP_005164077,XP_056309802,8.064508438110352e-05,esm2_t33_650M_UR50D
XP_073806659,XP_056313417,0.00018543004989624023,esm2_t33_650M_UR50D
XP_005158632,XP_056333441,0.0002862215042114258,esm2_t33_650M_UR50D
XP_073806286,XP_056313045,9.578466415405273e-05,esm2_t33_650M_UR50D
XP_009300470,XP_056314951,0.0002262592315673828,esm2_t33_650M_UR50D
NP_001017572,XP_056313107,0.00035512447357177734,esm2_t33_650M_UR50D
XP_009302699,XP_056321152,0.0001658797264099121,esm2_t33_650M_UR50D
XP_073796175,XP_056306234,0.00022143125534057617,esm2_t33_650M_UR50D
XP_021335712,XP_056328975,7.31348991394043e-05,esm2_t33_650M_UR50D
XP_009302003,XP_056320108,0.00023376941680908203,esm2_t33_650M_UR50D
NP_001002087,XP_056302641,0.0002219676971435547,esm2_t33_650M_UR50D
XP_009295016,XP_056304729,0.00012630224227905273,esm2_t33_650M_UR50D
NP_001107095,XP_056319278,0.00020569562911987305,esm2_t33_650M_UR50D
NP_998603,XP_056303978,0.00013780593872070312,esm2_t33_650M_UR50D
XP_691507,XP_056324879,0.00023633241653442383,esm2_t33_650M_UR50D
NP_001265751,XP_056329328,0.00022518634796142578,esm2_t33_650M_UR50D
XP_073808928,XP_056316391,2.580881118774414e-05,esm2_t33_650M_UR50D
XP_005164803,XP_056311600,8.678436279296875e-05,esm2_t33_650M_UR50D
NP_001076420,XP_056333827,0.00013691186904907227,esm2_t33_650M_UR50D
XP_073791986,XP_056302723,0.00013315677642822266,esm2_t33_650M_UR50D
XP_073791982,XP_056302722,0.00013315677642822266,esm2_t33_650M_UR50D
XP_073791990,XP_056302722,0.00013315677642822266,esm2_t33_650M_UR50D
NP_001188290,XP_056317924,0.0001195669174194336,esm2_t33_650M_UR50D
XP_005164077,XP_056309800,8.195638656616211e-05,esm2_t33_650M_UR50D
XP_005171501,XP_056301248,0.00016313791275024414,esm2_t33_650M_UR50D
XP_003200727,XP_056336942,0.00011092424392700195,esm2_t33_650M_UR50D
XP_002666963,XP_056307889,0.00017249584197998047,esm2_t33_650M_UR50D
NP_001082836,XP_056336047,0.0001118779182434082,esm2_t33_650M_UR50D
NP_001032894,XP_056309613,0.0001004934310913086,esm2_t33_650M_UR50D
XP_073802746,XP_056312136,0.00013065338134765625,esm2_t33_650M_UR50D
NP_001006061,XP_056307415,0.00023734569549560547,esm2_t33_650M_UR50D
XP_017214478,XP_056328575,0.0001830458641052246,esm2_t33_650M_UR50D
XP_073797506,XP_056309405,0.00021070241928100586,esm2_t33_650M_UR50D
XP_021323439,XP_056323470,0.0002391338348388672,esm2_t33_650M_UR50D
NP_957020,XP_056337216,0.0006586313247680664,esm2_t33_650M_UR50D
NP_001038217,XP_056317997,0.0001824498176574707,esm2_t33_650M_UR50D
NP_001083009,XP_056320755,7.855892181396484e-05,esm2_t33_650M_UR50D
XP_021336032,XP_056326125,9.369850158691406e-05,esm2_t33_650M_UR50D
XP_005172456,XP_056318483,0.00028449296951293945,esm2_t33_650M_UR50D
NP_001373497,XP_056307389,0.00028449296951293945,esm2_t33_650M_UR50D
XP_694888,XP_056309338,9.316205978393555e-05,esm2_t33_650M_UR50D
XP_009304978,XP_056325249,9.840726852416992e-05,esm2_t33_650M_UR50D
NP_001020707,XP_056332065,0.0004372596740722656,esm2_t33_650M_UR50D
XP_005160577,XP_056337748,0.00013560056686401367,esm2_t33_650M_UR50D
NP_001124269,XP_056303046,0.00033205747604370117,esm2_t33_650M_UR50D
XP_017212769,XP_056319610,0.00029289722442626953,esm2_t33_650M_UR50D
XP_073802021,XP_056311816,0.000156402587890625,esm2_t33_650M_UR50D
NP_001313410,XP_056314230,0.00025910139083862305,esm2_t33_650M_UR50D
NP_878276,XP_056331548,0.00010150671005249023,esm2_t33_650M_UR50D
XP_073801093,XP_056314555,0.00011479854583740234,esm2_t33_650M_UR50D
XP_073806156,XP_056314704,0.00021904706954956055,esm2_t33_650M_UR50D
XP_073805498,XP_056317571,8.32676887512207e-05,esm2_t33_650M_UR50D
XP_073790614,XP_056302205,0.00018095970153808594,esm2_t33_650M_UR50D
NP_001007350,XP_056313492,0.00021702051162719727,esm2_t33_650M_UR50D
NP_001410783,XP_056302659,0.0001614093780517578,esm2_t33_650M_UR50D
XP_021329052,XP_056337694,0.0001938939094543457,esm2_t33_650M_UR50D
XP_005168705,XP_056314716,0.00031954050064086914,esm2_t33_650M_UR50D
NP_956418,XP_056335536,7.814168930053711e-05,esm2_t33_650M_UR50D
NP_001352231,XP_056324709,0.00010764598846435547,esm2_t33_650M_UR50D
XP_073797384,XP_056309704,0.00020706653594970703,esm2_t33_650M_UR50D
NP_571516,XP_056301798,3.3020973205566406e-05,esm2_t33_650M_UR50D
XP_021336482,XP_056326575,9.989738464355469e-05,esm2_t33_650M_UR50D
XP_017211855,XP_056314597,0.00030797719955444336,esm2_t33_650M_UR50D
XP_073794131,XP_056305015,0.00018227100372314453,esm2_t33_650M_UR50D
XP_692833,XP_056301257,9.000301361083984e-05,esm2_t33_650M_UR50D
XP_073809589,XP_056315295,0.0009774565696716309,esm2_t33_650M_UR50D
NP_001077287,XP_056314752,0.0001119375228881836,esm2_t33_650M_UR50D
NP_001315423,XP_056322834,8.881092071533203e-05,esm2_t33_650M_UR50D
NP_001333132,XP_056324264,0.0002765059471130371,esm2_t33_650M_UR50D
NP_001076392,XP_056311059,0.00010704994201660156,esm2_t33_650M_UR50D
NP_001091654,XP_056336635,0.00011324882507324219,esm2_t33_650M_UR50D
XP_073809710,XP_056315453,0.00010824203491210938,esm2_t33_650M_UR50D
XP_073809712,XP_056315451,0.00010824203491210938,esm2_t33_650M_UR50D
XP_073809711,XP_056315452,0.00010824203491210938,esm2_t33_650M_UR50D
XP_005156286,XP_056325343,0.0015347599983215332,esm2_t33_650M_UR50D
XP_001339880,XP_056302845,0.00035327672958374023,esm2_t33_650M_UR50D
XP_009295229,XP_056304941,0.00010532140731811523,esm2_t33_650M_UR50D
NP_001093508,XP_056314124,8.016824722290039e-05,esm2_t33_650M_UR50D
NP_001002633,XP_056312600,0.00023502111434936523,esm2_t33_650M_UR50D
XP_021330878,XP_056316748,0.000533759593963623,esm2_t33_650M_UR50D
XP_073809590,XP_056315295,0.0005705952644348145,esm2_t33_650M_UR50D
NP_001103936,XP_056304955,0.00010323524475097656,esm2_t33_650M_UR50D
XP_009306038,XP_056328849,0.0004392862319946289,esm2_t33_650M_UR50D
XP_001923418,XP_056314972,0.00012058019638061523,esm2_t33_650M_UR50D
NP_571185,XP_056332595,0.00030863285064697266,esm2_t33_650M_UR50D
XP_073784980,XP_056334945,7.75456428527832e-05,esm2_t33_650M_UR50D
XP_073802427,XP_056311620,0.00010246038436889648,esm2_t33_650M_UR50D
XP_073802424,XP_056311620,0.00010246038436889648,esm2_t33_650M_UR50D
XP_005167533,XP_056321172,0.0004856586456298828,esm2_t33_650M_UR50D
XP_021329649,XP_056309697,7.265806198120117e-05,esm2_t33_650M_UR50D
XP_005160218,XP_056312409,0.00019675493240356445,esm2_t33_650M_UR50D
XP_073796866,XP_056306125,0.00019276142120361328,esm2_t33_650M_UR50D
XP_073791719,XP_056302573,9.018182754516602e-05,esm2_t33_650M_UR50D
XP_009297824,XP_056309620,0.0002339482307434082,esm2_t33_650M_UR50D
XP_005163206,XP_056307458,0.0001157522201538086,esm2_t33_650M_UR50D
XP_005158510,XP_056330596,0.0003198981285095215,esm2_t33_650M_UR50D
XP_021336201,XP_056326446,0.0003451108932495117,esm2_t33_650M_UR50D
NP_956142,XP_056334055,0.00013941526412963867,esm2_t33_650M_UR50D
XP_073809708,XP_056315452,9.78708267211914e-05,esm2_t33_650M_UR50D
XP_017206869,XP_056329618,0.00011837482452392578,esm2_t33_650M_UR50D
NP_001002422,XP_056318790,0.00011461973190307617,esm2_t33_650M_UR50D
NP_571136,XP_056333912,0.00012284517288208008,esm2_t33_650M_UR50D
XP_073793741,XP_056304061,0.00015807151794433594,esm2_t33_650M_UR50D
XP_002666454,XP_056305979,0.0009096860885620117,esm2_t33_650M_UR50D
XP_005166244,XP_056315822,0.00017565488815307617,esm2_t33_650M_UR50D
XP_005167791,XP_056321482,0.00012350082397460938,esm2_t33_650M_UR50D
NP_001006093,XP_056305835,0.00010031461715698242,esm2_t33_650M_UR50D
XP_021328763,XP_056332681,0.00014293193817138672,esm2_t33_650M_UR50D
NP_001303874,XP_056336544,0.0004559159278869629,esm2_t33_650M_UR50D
XP_009300033,XP_056314363,9.137392044067383e-05,esm2_t33_650M_UR50D
XP_009300033,XP_056314362,9.137392044067383e-05,esm2_t33_650M_UR50D
XP_005164126,XP_056309653,0.00028210878372192383,esm2_t33_650M_UR50D
XP_005165345,XP_056314101,0.0001227855682373047,esm2_t33_650M_UR50D
NP_001092712,XP_056310197,0.00031435489654541016,esm2_t33_650M_UR50D
XP_073790074,XP_056301609,9.363889694213867e-05,esm2_t33_650M_UR50D
NP_001373731,XP_056322583,7.003545761108398e-05,esm2_t33_650M_UR50D
XP_005165556,XP_056314423,0.0001448988914489746,esm2_t33_650M_UR50D
XP_073802603,XP_056312157,0.00010007619857788086,esm2_t33_650M_UR50D
XP_073808474,XP_056312494,0.00011980533599853516,esm2_t33_650M_UR50D
NP_001029346,XP_056305959,0.00010657310485839844,esm2_t33_650M_UR50D
XP_073807077,XP_056313836,0.00017064809799194336,esm2_t33_650M_UR50D
XP_005169649,XP_056328446,0.0002161264419555664,esm2_t33_650M_UR50D
XP_073799424,XP_056307625,8.112192153930664e-05,esm2_t33_650M_UR50D
XP_005159829,XP_056336200,0.0001392960548400879,esm2_t33_650M_UR50D
XP_073799539,XP_056308325,0.0001665949821472168,esm2_t33_650M_UR50D
NP_001373716,XP_056308326,0.0001666545867919922,esm2_t33_650M_UR50D
XP_073794152,XP_056305019,0.00022494792938232422,esm2_t33_650M_UR50D
XP_073794151,XP_056305019,0.00022494792938232422,esm2_t33_650M_UR50D
NP_001025339,XP_056336653,0.00014382600784301758,esm2_t33_650M_UR50D
XP_073809035,XP_056316509,9.79304313659668e-05,esm2_t33_650M_UR50D
NP_956316,XP_056315425,0.00013977289199829102,esm2_t33_650M_UR50D
XP_005174019,XP_056303512,0.0001767277717590332,esm2_t33_650M_UR50D
XP_017207761,XP_056335531,8.469820022583008e-05,esm2_t33_650M_UR50D
NP_957004,XP_056314262,0.00011932849884033203,esm2_t33_650M_UR50D
NP_957004,XP_056314263,0.00011932849884033203,esm2_t33_650M_UR50D
NP_001002167,XP_056335813,0.00016319751739501953,esm2_t33_650M_UR50D
XP_021323173,XP_056333413,9.79304313659668e-05,esm2_t33_650M_UR50D
NP_956526,XP_056330824,0.00011706352233886719,esm2_t33_650M_UR50D
XP_021322669,XP_056330996,0.00010305643081665039,esm2_t33_650M_UR50D
XP_073786928,XP_056335880,9.751319885253906e-05,esm2_t33_650M_UR50D
XP_001919035,XP_056333417,8.690357208251953e-05,esm2_t33_650M_UR50D
NP_001018426,XP_056334379,0.00010389089584350586,esm2_t33_650M_UR50D
NP_001025233,XP_056337382,0.0001010894775390625,esm2_t33_650M_UR50D
NP_001018874,XP_056323550,9.328126907348633e-05,esm2_t33_650M_UR50D
XP_009300642,XP_056315803,6.669759750366211e-05,esm2_t33_650M_UR50D
NP_001020725,XP_056336785,0.00017434358596801758,esm2_t33_650M_UR50D
NP_001186664,XP_056334196,0.00028449296951293945,esm2_t33_650M_UR50D
NP_001303598,XP_056307553,0.00017446279525756836,esm2_t33_650M_UR50D
NP_001313279,XP_056324353,7.510185241699219e-05,esm2_t33_650M_UR50D
XP_005160914,XP_056301508,0.0003820657730102539,esm2_t33_650M_UR50D
NP_001092700,XP_056336059,0.00016057491302490234,esm2_t33_650M_UR50D
XP_009294068,XP_056303347,0.00010782480239868164,esm2_t33_650M_UR50D
NP_001314829,XP_056332774,0.00010633468627929688,esm2_t33_650M_UR50D
NP_998105,XP_056328134,0.0001569986343383789,esm2_t33_650M_UR50D
XP_005173309,XP_056328134,0.0001569986343383789,esm2_t33_650M_UR50D
XP_073809567,XP_056312717,9.590387344360352e-05,esm2_t33_650M_UR50D
XP_005161742,XP_056303645,0.00011336803436279297,esm2_t33_650M_UR50D
NP_001012505,XP_056325459,0.00012701749801635742,esm2_t33_650M_UR50D
XP_009292801,XP_056336642,2.8192996978759766e-05,esm2_t33_650M_UR50D
XP_009293518,XP_056301944,0.00010502338409423828,esm2_t33_650M_UR50D
NP_001002538,XP_056321826,0.00023281574249267578,esm2_t33_650M_UR50D
NP_001124080,XP_056334482,0.00020319223403930664,esm2_t33_650M_UR50D
NP_001309362,XP_056306417,0.0003120303153991699,esm2_t33_650M_UR50D
XP_009303840,XP_056323189,0.00010055303573608398,esm2_t33_650M_UR50D
NP_001352553,XP_056312836,0.0001742243766784668,esm2_t33_650M_UR50D
XP_073788685,XP_056337713,9.703636169433594e-05,esm2_t33_650M_UR50D
NP_956014,XP_056306488,5.507469177246094e-05,esm2_t33_650M_UR50D
XP_021332842,XP_056316030,9.03010368347168e-05,esm2_t33_650M_UR50D
XP_073806710,XP_056313545,9.053945541381836e-05,esm2_t33_650M_UR50D
XP_021323595,XP_056334205,0.00026363134384155273,esm2_t33_650M_UR50D
NP_001091648,XP_056336412,8.159875869750977e-05,esm2_t33_650M_UR50D
XP_021324464,XP_056301941,0.00012981891632080078,esm2_t33_650M_UR50D
XP_073809589,XP_056315293,0.0006318092346191406,esm2_t33_650M_UR50D
NP_571007,XP_056314099,0.000244140625,esm2_t33_650M_UR50D
NP_001007323,XP_056311653,0.00019377470016479492,esm2_t33_650M_UR50D
XP_005168788,XP_056315688,9.262561798095703e-05,esm2_t33_650M_UR50D
XP_017213941,XP_056325460,0.00012809038162231445,esm2_t33_650M_UR50D
NP_571063,XP_056333843,0.00011086463928222656,esm2_t33_650M_UR50D
XP_009305420,XP_056326484,8.64267349243164e-05,esm2_t33_650M_UR50D
XP_005166482,XP_056318859,9.78708267211914e-05,esm2_t33_650M_UR50D
XP_005171364,XP_056334347,0.00021529197692871094,esm2_t33_650M_UR50D
XP_001333925,XP_056324099,0.0001251697540283203,esm2_t33_650M_UR50D
NP_001003541,XP_056305171,0.0009993910789489746,esm2_t33_650M_UR50D
NP_991269,XP_056308647,0.0002644062042236328,esm2_t33_650M_UR50D
XP_005162002,XP_056304854,8.994340896606445e-05,esm2_t33_650M_UR50D
XP_017211592,XP_056314350,6.955862045288086e-05,esm2_t33_650M_UR50D
XP_009294937,XP_056304851,8.33272933959961e-05,esm2_t33_650M_UR50D
XP_005164311,XP_056310232,8.7738037109375e-05,esm2_t33_650M_UR50D
XP_073807229,XP_056314365,9.41157341003418e-05,esm2_t33_650M_UR50D
XP_017208322,XP_056302320,8.153915405273438e-05,esm2_t33_650M_UR50D
NP_001305057,XP_056335995,0.00023794174194335938,esm2_t33_650M_UR50D
XP_021323509,XP_056334372,0.00014954805374145508,esm2_t33_650M_UR50D
NP_001116712,XP_056318222,0.0001652240753173828,esm2_t33_650M_UR50D
XP_001345419,XP_056322142,0.00011181831359863281,esm2_t33_650M_UR50D
XP_005162959,XP_056307191,9.834766387939453e-05,esm2_t33_650M_UR50D
XP_009293516,XP_056301941,0.00010222196578979492,esm2_t33_650M_UR50D
XP_005162172,XP_056305806,5.823373794555664e-05,esm2_t33_650M_UR50D
XP_005171853,XP_056313873,0.0001341700553894043,esm2_t33_650M_UR50D
XP_009298848,XP_056324698,0.0001017451286315918,esm2_t33_650M_UR50D
XP_005158335,XP_056330993,0.00010335445404052734,esm2_t33_650M_UR50D
XP_073786690,XP_056336004,0.00024712085723876953,esm2_t33_650M_UR50D
NP_001116766,XP_056320553,0.0001360177993774414,esm2_t33_650M_UR50D
XP_021325835,XP_056307051,0.0002607107162475586,esm2_t33_650M_UR50D
NP_001313319,XP_056329861,0.00030815601348876953,esm2_t33_650M_UR50D
XP_009298565,XP_056311632,0.00020080804824829102,esm2_t33_650M_UR50D
NP_922918,XP_056314547,0.00016182661056518555,esm2_t33_650M_UR50D
NP_957330,XP_056327268,0.00015664100646972656,esm2_t33_650M_UR50D
XP_005163449,XP_056332003,9.85860824584961e-05,esm2_t33_650M_UR50D
XP_021322123,XP_056329212,0.00029480457305908203,esm2_t33_650M_UR50D
XP_005157015,XP_056327151,0.00010949373245239258,esm2_t33_650M_UR50D
NP_001018459,XP_056305150,0.0004974007606506348,esm2_t33_650M_UR50D
XP_009298559,XP_056311756,4.89354133605957e-05,esm2_t33_650M_UR50D
XP_073799312,XP_056310077,3.927946090698242e-05,esm2_t33_650M_UR50D
XP_073792773,XP_056303339,9.733438491821289e-05,esm2_t33_650M_UR50D
XP_073807750,XP_056314782,0.00012481212615966797,esm2_t33_650M_UR50D
XP_073807754,XP_056314783,0.00012481212615966797,esm2_t33_650M_UR50D
XP_009295890,XP_056307082,9.840726852416992e-05,esm2_t33_650M_UR50D
NP_956970,XP_056329264,0.00025600194931030273,esm2_t33_650M_UR50D
XP_009305257,XP_056325138,8.594989776611328e-05,esm2_t33_650M_UR50D
NP_571051,XP_056325319,0.00013244152069091797,esm2_t33_650M_UR50D
XP_005163110,XP_056307852,0.00010269880294799805,esm2_t33_650M_UR50D
NP_001035072,XP_056309880,0.00013881921768188477,esm2_t33_650M_UR50D
NP_001035474,XP_056331058,0.00011336803436279297,esm2_t33_650M_UR50D
XP_009293550,XP_056303046,0.010189235210418701,esm2_t33_650M_UR50D
NP_001288285,XP_056331731,0.00011837482452392578,esm2_t33_650M_UR50D
XP_073809718,XP_056315455,7.265806198120117e-05,esm2_t33_650M_UR50D
XP_005162893,XP_056306181,7.611513137817383e-05,esm2_t33_650M_UR50D
XP_005156414,XP_056324940,0.00011175870895385742,esm2_t33_650M_UR50D
NP_001038884,XP_056325124,0.0001900792121887207,esm2_t33_650M_UR50D
XP_073809713,XP_056315455,8.90493392944336e-05,esm2_t33_650M_UR50D
XP_002666175,XP_056303346,9.22083854675293e-05,esm2_t33_650M_UR50D
NP_001025332,XP_056337362,8.64863395690918e-05,esm2_t33_650M_UR50D
NP_001002746,XP_056314637,0.00015485286712646484,esm2_t33_650M_UR50D
XP_009301715,XP_056318084,0.00021463632583618164,esm2_t33_650M_UR50D
XP_699295,XP_056333653,0.00013333559036254883,esm2_t33_650M_UR50D
XP_073795525,XP_056304721,7.367134094238281e-05,esm2_t33_650M_UR50D
NP_001333081,XP_056328812,5.5909156799316406e-05,esm2_t33_650M_UR50D
NP_878299,XP_056323225,7.12275505065918e-05,esm2_t33_650M_UR50D
XP_005159168,XP_056334197,0.0005168914794921875,esm2_t33_650M_UR50D
NP_998122,XP_056328161,0.0002543330192565918,esm2_t33_650M_UR50D
XP_073797393,XP_056309705,0.00013464689254760742,esm2_t33_650M_UR50D
XP_073797430,XP_056309705,0.00013464689254760742,esm2_t33_650M_UR50D
XP_009299941,XP_056314215,5.447864532470703e-05,esm2_t33_650M_UR50D
NP_001032776,XP_056303837,0.00010764598846435547,esm2_t33_650M_UR50D
NP_001019576,XP_056321893,0.00016117095947265625,esm2_t33_650M_UR50D
NP_001373634,XP_056320018,0.00013720989227294922,esm2_t33_650M_UR50D
NP_001013589,XP_056330569,6.759166717529297e-05,esm2_t33_650M_UR50D
XP_005171853,XP_056313869,0.00014495849609375,esm2_t33_650M_UR50D
XP_021334623,XP_056321269,9.745359420776367e-05,esm2_t33_650M_UR50D
XP_005170746,XP_056308352,8.0108642578125e-05,esm2_t33_650M_UR50D
XP_073796890,XP_056306128,0.0002536177635192871,esm2_t33_650M_UR50D
XP_009296480,XP_056307416,0.0001944899559020996,esm2_t33_650M_UR50D
XP_005165354,XP_056314078,0.00013715028762817383,esm2_t33_650M_UR50D
NP_998687,XP_056314077,0.00015401840209960938,esm2_t33_650M_UR50D
XP_073788778,XP_056336759,0.00019055604934692383,esm2_t33_650M_UR50D
NP_001018174,XP_056327447,5.310773849487305e-05,esm2_t33_650M_UR50D
XP_021322873,XP_056333488,0.00012552738189697266,esm2_t33_650M_UR50D
NP_001417804,XP_056322676,0.00038230419158935547,esm2_t33_650M_UR50D
XP_009304364,XP_056323705,4.9948692321777344e-05,esm2_t33_650M_UR50D
XP_073797934,XP_056307912,5.78761100769043e-05,esm2_t33_650M_UR50D
XP_005170524,XP_056303370,4.3451786041259766e-05,esm2_t33_650M_UR50D
NP_571692,XP_056319738,0.0002873539924621582,esm2_t33_650M_UR50D
XP_009304049,XP_056324715,0.0001513957977294922,esm2_t33_650M_UR50D
XP_685212,XP_056328385,0.00011026859283447266,esm2_t33_650M_UR50D
XP_073803043,XP_056312067,0.0008419156074523926,esm2_t33_650M_UR50D
XP_009291105,XP_056332644,8.255243301391602e-05,esm2_t33_650M_UR50D
XP_073793053,XP_056310321,0.00015848875045776367,esm2_t33_650M_UR50D
XP_009294796,XP_056304574,0.00012886524200439453,esm2_t33_650M_UR50D
XP_005157976,XP_056331922,0.00013059377670288086,esm2_t33_650M_UR50D
XP_701004,XP_056313726,8.600950241088867e-05,esm2_t33_650M_UR50D
XP_687246,XP_056331653,0.00018489360809326172,esm2_t33_650M_UR50D
XP_005163095,XP_056307323,0.00016826391220092773,esm2_t33_650M_UR50D
XP_009296758,XP_056329888,7.516145706176758e-05,esm2_t33_650M_UR50D
XP_009299938,XP_056314211,5.27501106262207e-05,esm2_t33_650M_UR50D
NP_956820,XP_056321390,0.00010913610458374023,esm2_t33_650M_UR50D
XP_002660941,XP_056336538,6.598234176635742e-05,esm2_t33_650M_UR50D
NP_571909,XP_056320688,0.00017148256301879883,esm2_t33_650M_UR50D
XP_017207000,XP_056331387,9.560585021972656e-05,esm2_t33_650M_UR50D
XP_009294043,XP_056303214,0.000705420970916748,esm2_t33_650M_UR50D
XP_073806927,XP_056312809,0.0001424551010131836,esm2_t33_650M_UR50D
XP_005170122,XP_056335137,9.572505950927734e-05,esm2_t33_650M_UR50D
XP_017208903,XP_056303299,0.0001939535140991211,esm2_t33_650M_UR50D
XP_005167631,XP_056321973,0.00018286705017089844,esm2_t33_650M_UR50D
NP_001315147,XP_056302038,0.00013822317123413086,esm2_t33_650M_UR50D
XP_686465,XP_056309974,5.710124969482422e-05,esm2_t33_650M_UR50D
NP_001037812,XP_056334635,0.0005046725273132324,esm2_t33_650M_UR50D
NP_001296328,XP_056318993,0.00010162591934204102,esm2_t33_650M_UR50D
XP_073785568,XP_056334847,3.1054019927978516e-05,esm2_t33_650M_UR50D
NP_996983,XP_056318902,0.00012034177780151367,esm2_t33_650M_UR50D
NP_001013310,XP_056333557,0.00013750791549682617,esm2_t33_650M_UR50D
NP_001002563,XP_056332847,6.198883056640625e-05,esm2_t33_650M_UR50D
NP_001373597,XP_056307381,4.369020462036133e-05,esm2_t33_650M_UR50D
NP_001373597,XP_056308330,4.369020462036133e-05,esm2_t33_650M_UR50D
XP_017209580,XP_056307915,8.767843246459961e-05,esm2_t33_650M_UR50D
XP_005156569,XP_056326878,0.00035768747329711914,esm2_t33_650M_UR50D
NP_001410745,XP_056316899,4.357099533081055e-05,esm2_t33_650M_UR50D
XP_073799483,XP_056316896,4.357099533081055e-05,esm2_t33_650M_UR50D
XP_005171231,XP_056328870,0.0004056096076965332,esm2_t33_650M_UR50D
NP_957128,XP_056325629,9.846687316894531e-05,esm2_t33_650M_UR50D
XP_073808198,XP_056313592,0.0020143985748291016,esm2_t33_650M_UR50D
NP_571808,XP_056327888,0.0004805326461791992,esm2_t33_650M_UR50D
XP_002666892,XP_056307406,0.00010925531387329102,esm2_t33_650M_UR50D
XP_073810615,XP_056316374,0.0007014870643615723,esm2_t33_650M_UR50D
NP_001185672,XP_056324153,0.0001424551010131836,esm2_t33_650M_UR50D
NP_001073638,XP_056315399,8.052587509155273e-05,esm2_t33_650M_UR50D
NP_001299827,XP_056315438,8.654594421386719e-05,esm2_t33_650M_UR50D
XP_073807645,XP_056314598,7.557868957519531e-05,esm2_t33_650M_UR50D
XP_017211857,XP_056314596,7.557868957519531e-05,esm2_t33_650M_UR50D
NP_001352192,XP_056307959,0.0003867149353027344,esm2_t33_650M_UR50D
XP_005160305,XP_056312692,0.00012803077697753906,esm2_t33_650M_UR50D
NP_001017750,XP_056327161,0.00026166439056396484,esm2_t33_650M_UR50D
XP_017208125,XP_056336697,0.00011992454528808594,esm2_t33_650M_UR50D
XP_073790618,XP_056302766,0.002243220806121826,esm2_t33_650M_UR50D
XP_009293168,XP_056337535,0.00012880563735961914,esm2_t33_650M_UR50D
XP_073806873,XP_056313900,7.361173629760742e-05,esm2_t33_650M_UR50D
XP_005172157,XP_056316429,6.747245788574219e-05,esm2_t33_650M_UR50D
XP_009294606,XP_056304113,0.0002231001853942871,esm2_t33_650M_UR50D
NP_001002401,XP_056335233,0.00017875432968139648,esm2_t33_650M_UR50D
XP_005173357,XP_056328462,0.00012564659118652344,esm2_t33_650M_UR50D
XP_021328692,XP_056330702,7.265806198120117e-05,esm2_t33_650M_UR50D
XP_073805890,XP_056313692,7.259845733642578e-05,esm2_t33_650M_UR50D
XP_021334284,XP_056321971,8.511543273925781e-05,esm2_t33_650M_UR50D
NP_001093492,XP_056335674,0.00013434886932373047,esm2_t33_650M_UR50D
XP_073805827,XP_056312860,0.00014263391494750977,esm2_t33_650M_UR50D
XP_073805887,XP_056313688,8.344650268554688e-05,esm2_t33_650M_UR50D
XP_005167303,XP_056319238,0.0003998875617980957,esm2_t33_650M_UR50D
XP_009299939,XP_056314210,6.461143493652344e-05,esm2_t33_650M_UR50D
NP_001038838,XP_056302028,0.0002231597900390625,esm2_t33_650M_UR50D
XP_009303436,XP_056322725,0.00011610984802246094,esm2_t33_650M_UR50D
NP_001373597,XP_056316896,9.244680404663086e-05,esm2_t33_650M_UR50D
XP_002664717,XP_056329503,8.314847946166992e-05,esm2_t33_650M_UR50D
XP_005158389,XP_056330882,4.76837158203125e-05,esm2_t33_650M_UR50D
NP_957369,XP_056321297,6.872415542602539e-05,esm2_t33_650M_UR50D
XP_021332842,XP_056316031,0.00012797117233276367,esm2_t33_650M_UR50D
XP_073793726,XP_056304174,4.357099533081055e-05,esm2_t33_650M_UR50D
XP_073805888,XP_056313688,7.867813110351562e-05,esm2_t33_650M_UR50D
NP_001157866,XP_056331565,7.909536361694336e-05,esm2_t33_650M_UR50D
XP_021324693,XP_056303050,0.00013768672943115234,esm2_t33_650M_UR50D
NP_001002443,XP_056323616,0.00035709142684936523,esm2_t33_650M_UR50D
XP_073785570,XP_056334849,3.1054019927978516e-05,esm2_t33_650M_UR50D
XP_073795049,XP_056305191,7.092952728271484e-05,esm2_t33_650M_UR50D
XP_073797104,XP_056307153,0.00014448165893554688,esm2_t33_650M_UR50D
XP_001919229,XP_056317106,0.0006440281867980957,esm2_t33_650M_UR50D
XP_005167910,XP_056321591,4.7206878662109375e-05,esm2_t33_650M_UR50D
XP_005163199,XP_056307441,0.00010782480239868164,esm2_t33_650M_UR50D
NP_001186667,XP_056306565,7.05718994140625e-05,esm2_t33_650M_UR50D
XP_009301419,XP_056317302,7.557868957519531e-05,esm2_t33_650M_UR50D
NP_001006046,XP_056326542,0.00017154216766357422,esm2_t33_650M_UR50D
XP_073792069,XP_056302183,9.191036224365234e-05,esm2_t33_650M_UR50D
XP_073789793,XP_056301361,5.6803226470947266e-05,esm2_t33_650M_UR50D
XP_017206847,XP_056332291,8.952617645263672e-05,esm2_t33_650M_UR50D
XP_021332107,XP_056313480,0.00013941526412963867,esm2_t33_650M_UR50D
NP_001018484,XP_056328284,0.00015419721603393555,esm2_t33_650M_UR50D
NP_001373572,XP_056309712,7.969141006469727e-05,esm2_t33_650M_UR50D
XP_009304679,XP_056325078,5.7578086853027344e-05,esm2_t33_650M_UR50D
NP_998310,XP_056319168,0.00012099742889404297,esm2_t33_650M_UR50D
XP_690143,XP_056321285,5.125999450683594e-05,esm2_t33_650M_UR50D
XP_021330679,XP_056311645,0.0001767277717590332,esm2_t33_650M_UR50D
NP_991181,XP_056331880,0.00015681982040405273,esm2_t33_650M_UR50D
NP_001259009,XP_056304079,0.00022864341735839844,esm2_t33_650M_UR50D
XP_021333530,XP_056317519,0.0001920461654663086,esm2_t33_650M_UR50D
XP_005174422,XP_056307495,9.632110595703125e-05,esm2_t33_650M_UR50D
XP_073788782,XP_056336764,0.00010716915130615234,esm2_t33_650M_UR50D
NP_998665,XP_056319460,0.00017726421356201172,esm2_t33_650M_UR50D
NP_956081,XP_056334440,8.094310760498047e-05,esm2_t33_650M_UR50D
XP_005163912,XP_056309310,0.0002454519271850586,esm2_t33_650M_UR50D
XP_073792404,XP_056309311,0.0002454519271850586,esm2_t33_650M_UR50D
XP_073792411,XP_056309312,0.0002454519271850586,esm2_t33_650M_UR50D
NP_571337,XP_056308164,6.705522537231445e-05,esm2_t33_650M_UR50D
XP_073786749,XP_056335452,0.0006362795829772949,esm2_t33_650M_UR50D
XP_021324055,XP_056337747,0.00011986494064331055,esm2_t33_650M_UR50D
XP_002660860,XP_056330777,6.890296936035156e-05,esm2_t33_650M_UR50D
XP_009292938,XP_056336870,5.549192428588867e-05,esm2_t33_650M_UR50D
XP_005163278,XP_056308337,7.241964340209961e-05,esm2_t33_650M_UR50D
XP_009302274,XP_056319589,3.147125244140625e-05,esm2_t33_650M_UR50D
XP_073809281,XP_056312751,4.5299530029296875e-05,esm2_t33_650M_UR50D
NP_955924,XP_056302715,7.790327072143555e-05,esm2_t33_650M_UR50D
NP_001186030,XP_056305920,8.255243301391602e-05,esm2_t33_650M_UR50D
NP_001122233,XP_056326889,0.00010025501251220703,esm2_t33_650M_UR50D
XP_073808308,XP_056312760,0.001723945140838623,esm2_t33_650M_UR50D
NP_001001944,XP_056337407,7.522106170654297e-05,esm2_t33_650M_UR50D
XP_005163529,XP_056333826,9.775161743164062e-05,esm2_t33_650M_UR50D
XP_009289844,XP_056328973,6.67572021484375e-05,esm2_t33_650M_UR50D
XP_001920772,XP_056307479,4.172325134277344e-05,esm2_t33_650M_UR50D
XP_005165946,XP_056316036,0.00015592575073242188,esm2_t33_650M_UR50D
XP_005167440,XP_056319327,0.00011551380157470703,esm2_t33_650M_UR50D
XP_686522,XP_056315499,0.00031119585037231445,esm2_t33_650M_UR50D
NP_997893,XP_056314649,0.00012224912643432617,esm2_t33_650M_UR50D
NP_001009916,XP_056305931,0.00023853778839111328,esm2_t33_650M_UR50D
XP_017210771,XP_056311906,4.559755325317383e-05,esm2_t33_650M_UR50D
NP_001003558,XP_056315411,6.312131881713867e-05,esm2_t33_650M_UR50D
XP_009293049,XP_056301321,4.7147274017333984e-05,esm2_t33_650M_UR50D
XP_005158270,XP_056331445,0.00011557340621948242,esm2_t33_650M_UR50D
XP_005158696,XP_056333504,0.0011487603187561035,esm2_t33_650M_UR50D
XP_697248,XP_056301645,0.0001462101936340332,esm2_t33_650M_UR50D
XP_009305424,XP_056327185,8.171796798706055e-05,esm2_t33_650M_UR50D
XP_001922486,XP_056307506,5.02467155456543e-05,esm2_t33_650M_UR50D
XP_009301421,XP_056317307,7.581710815429688e-05,esm2_t33_650M_UR50D
XP_009290348,XP_056331159,7.587671279907227e-05,esm2_t33_650M_UR50D
XP_017211644,XP_056314220,4.863739013671875e-05,esm2_t33_650M_UR50D
XP_009290439,XP_056330848,9.828805923461914e-05,esm2_t33_650M_UR50D
NP_001007454,XP_056317574,0.00022369623184204102,esm2_t33_650M_UR50D
NP_001038283,XP_056337593,7.832050323486328e-05,esm2_t33_650M_UR50D
XP_005158406,XP_056331175,6.330013275146484e-05,esm2_t33_650M_UR50D
NP_956688,XP_056313582,0.0002581477165222168,esm2_t33_650M_UR50D
XP_699069,XP_056335411,0.00016611814498901367,esm2_t33_650M_UR50D
NP_001017738,XP_056328580,3.1948089599609375e-05,esm2_t33_650M_UR50D
NP_957219,XP_056306119,6.955862045288086e-05,esm2_t33_650M_UR50D
XP_073807099,XP_056313405,8.744001388549805e-05,esm2_t33_650M_UR50D
NP_955863,XP_056333639,0.00014078617095947266,esm2_t33_650M_UR50D
XP_021333509,XP_056317489,7.325410842895508e-05,esm2_t33_650M_UR50D
NP_998046,XP_056329963,0.00015479326248168945,esm2_t33_650M_UR50D
NP_957406,XP_056309602,0.00037539005279541016,esm2_t33_650M_UR50D
NP_001082799,XP_056323229,5.704164505004883e-05,esm2_t33_650M_UR50D
XP_009294593,XP_056303203,5.0067901611328125e-05,esm2_t33_650M_UR50D
XP_021323602,XP_056334744,0.00016957521438598633,esm2_t33_650M_UR50D
XP_021334299,XP_056321722,2.5570392608642578e-05,esm2_t33_650M_UR50D
XP_073801321,XP_056315774,6.884336471557617e-05,esm2_t33_650M_UR50D
NP_001038624,XP_056335506,5.2988529205322266e-05,esm2_t33_650M_UR50D
XP_009289324,XP_056328792,7.37905502319336e-05,esm2_t33_650M_UR50D
XP_073797848,XP_056307418,5.918741226196289e-05,esm2_t33_650M_UR50D
XP_021326885,XP_056314497,0.0001639723777770996,esm2_t33_650M_UR50D
NP_001232892,XP_056316901,0.00021773576736450195,esm2_t33_650M_UR50D
NP_998576,XP_056326236,0.00014907121658325195,esm2_t33_650M_UR50D
NP_001116722,XP_056316015,9.304285049438477e-05,esm2_t33_650M_UR50D
XP_073795974,XP_056304761,0.0001392960548400879,esm2_t33_650M_UR50D
NP_001002726,XP_056333394,9.85860824584961e-05,esm2_t33_650M_UR50D
XP_021323643,XP_056336438,7.015466690063477e-05,esm2_t33_650M_UR50D
XP_073796354,XP_056307006,4.166364669799805e-05,esm2_t33_650M_UR50D
XP_073805435,XP_056318838,0.00016349554061889648,esm2_t33_650M_UR50D
XP_009302008,XP_056320106,6.085634231567383e-05,esm2_t33_650M_UR50D
NP_001333153,XP_056330879,0.0001475811004638672,esm2_t33_650M_UR50D
XP_017213029,XP_056319078,5.751848220825195e-05,esm2_t33_650M_UR50D
XP_021331668,XP_056305491,0.00023239850997924805,esm2_t33_650M_UR50D
NP_001005952,XP_056324718,0.00019043684005737305,esm2_t33_650M_UR50D
NP_571048,XP_056329489,0.00013047456741333008,esm2_t33_650M_UR50D
XP_009301954,XP_056316898,0.0002142786979675293,esm2_t33_650M_UR50D
XP_073787309,XP_056335192,6.562471389770508e-05,esm2_t33_650M_UR50D
XP_021334311,XP_056337440,6.407499313354492e-05,esm2_t33_650M_UR50D
XP_021326256,XP_056308215,5.030632019042969e-05,esm2_t33_650M_UR50D
XP_073787339,XP_056335957,3.254413604736328e-05,esm2_t33_650M_UR50D
XP_005159582,XP_056335960,3.260374069213867e-05,esm2_t33_650M_UR50D
XP_073787339,XP_056335958,3.254413604736328e-05,esm2_t33_650M_UR50D
XP_017207957,XP_056337376,0.0001811981201171875,esm2_t33_650M_UR50D
NP_001004007,XP_056337376,0.0001811981201171875,esm2_t33_650M_UR50D
XP_021324704,XP_056302122,7.581710815429688e-05,esm2_t33_650M_UR50D
NP_001289171,XP_056337738,8.386373519897461e-05,esm2_t33_650M_UR50D
NP_997870,XP_056331656,8.887052536010742e-05,esm2_t33_650M_UR50D
XP_005164167,XP_056309858,8.440017700195312e-05,esm2_t33_650M_UR50D
NP_570989,XP_056329758,7.778406143188477e-05,esm2_t33_650M_UR50D
NP_001074095,XP_056313820,5.602836608886719e-05,esm2_t33_650M_UR50D
NP_571359,XP_056333602,2.7954578399658203e-05,esm2_t33_650M_UR50D
NP_571959,XP_056319456,4.881620407104492e-05,esm2_t33_650M_UR50D
XP_005169787,XP_056329162,0.0001074671745300293,esm2_t33_650M_UR50D
XP_021335822,XP_056325411,0.00010097026824951172,esm2_t33_650M_UR50D
XP_005166450,XP_056317456,5.811452865600586e-05,esm2_t33_650M_UR50D
NP_958466,XP_056326616,0.00010848045349121094,esm2_t33_650M_UR50D
NP_001002496,XP_056314478,4.1961669921875e-05,esm2_t33_650M_UR50D
XP_009292948,XP_056336763,0.00018298625946044922,esm2_t33_650M_UR50D
XP_021334181,XP_056320583,3.635883331298828e-05,esm2_t33_650M_UR50D
XP_073810894,XP_056316660,0.00010752677917480469,esm2_t33_650M_UR50D
NP_956804,XP_056305200,4.3511390686035156e-05,esm2_t33_650M_UR50D
XP_005163797,XP_056309133,0.0003158450126647949,esm2_t33_650M_UR50D
XP_021330936,XP_056311580,9.721517562866211e-05,esm2_t33_650M_UR50D
NP_571856,XP_056316180,9.262561798095703e-05,esm2_t33_650M_UR50D
NP_958482,XP_056309180,6.312131881713867e-05,esm2_t33_650M_UR50D
XP_009304999,XP_056325409,7.605552673339844e-05,esm2_t33_650M_UR50D
XP_073798405,XP_056307355,0.00011163949966430664,esm2_t33_650M_UR50D
NP_001014326,XP_056302597,0.00011402368545532227,esm2_t33_650M_UR50D
NP_001103940,XP_056315988,6.0498714447021484e-05,esm2_t33_650M_UR50D
NP_001073421,XP_056327747,0.00019377470016479492,esm2_t33_650M_UR50D
NP_001243593,XP_056307288,0.001300215721130371,esm2_t33_650M_UR50D
XP_021330744,XP_056311549,7.659196853637695e-05,esm2_t33_650M_UR50D
XP_073788213,XP_056337742,4.798173904418945e-05,esm2_t33_650M_UR50D
XP_009297645,XP_056309317,7.838010787963867e-05,esm2_t33_650M_UR50D
NP_001107092,XP_056319881,5.638599395751953e-05,esm2_t33_650M_UR50D
XP_021335251,XP_056324371,3.999471664428711e-05,esm2_t33_650M_UR50D
XP_021324268,XP_056328352,0.00011217594146728516,esm2_t33_650M_UR50D
XP_021332762,XP_056315738,7.110834121704102e-05,esm2_t33_650M_UR50D
XP_021325852,XP_056306231,4.4345855712890625e-05,esm2_t33_650M_UR50D
XP_021333062,XP_056318273,0.00017714500427246094,esm2_t33_650M_UR50D
NP_571308,XP_056324633,8.26716423034668e-05,esm2_t33_650M_UR50D
XP_009305769,XP_056326920,5.906820297241211e-05,esm2_t33_650M_UR50D
XP_005159410,XP_056336219,2.968311309814453e-05,esm2_t33_650M_UR50D
NP_998404,XP_056324346,4.875659942626953e-05,esm2_t33_650M_UR50D
XP_005161463,XP_056302211,2.7954578399658203e-05,esm2_t33_650M_UR50D
XP_691871,XP_056301814,0.00010514259338378906,esm2_t33_650M_UR50D
XP_017213450,XP_056333308,0.00011473894119262695,esm2_t33_650M_UR50D
XP_005170633,XP_056305332,0.00010722875595092773,esm2_t33_650M_UR50D
XP_073791731,XP_056301744,5.8770179748535156e-05,esm2_t33_650M_UR50D
XP_021322820,XP_056333394,9.256601333618164e-05,esm2_t33_650M_UR50D
XP_009292082,XP_056333939,5.882978439331055e-05,esm2_t33_650M_UR50D
XP_009300452,XP_056315516,0.00012254714965820312,esm2_t33_650M_UR50D
XP_685746,XP_056305656,7.534027099609375e-05,esm2_t33_650M_UR50D
XP_021323593,XP_056333774,0.0007691383361816406,esm2_t33_650M_UR50D
XP_021334493,XP_056320647,6.99162483215332e-05,esm2_t33_650M_UR50D
XP_003200233,XP_056331736,5.525350570678711e-05,esm2_t33_650M_UR50D
XP_009292307,XP_056335196,7.015466690063477e-05,esm2_t33_650M_UR50D
XP_009296842,XP_056332889,0.00012677907943725586,esm2_t33_650M_UR50D
XP_021333247,XP_056317774,3.8623809814453125e-05,esm2_t33_650M_UR50D
NP_958445,XP_056329281,3.361701965332031e-05,esm2_t33_650M_UR50D
NP_775357,XP_056331184,0.00011098384857177734,esm2_t33_650M_UR50D
NP_001076500,XP_056315575,4.3451786041259766e-05,esm2_t33_650M_UR50D
XP_017206474,XP_056330044,0.00011092424392700195,esm2_t33_650M_UR50D
NP_001122045,XP_056330526,8.308887481689453e-05,esm2_t33_650M_UR50D
XP_001921766,XP_056305744,9.769201278686523e-05,esm2_t33_650M_UR50D
NP_998525,XP_056335666,3.838539123535156e-05,esm2_t33_650M_UR50D
XP_009292082,XP_056333937,6.99758529663086e-05,esm2_t33_650M_UR50D
XP_073786189,XP_056334332,7.927417755126953e-05,esm2_t33_650M_UR50D
NP_001032316,XP_056322811,3.260374069213867e-05,esm2_t33_650M_UR50D
XP_009290987,XP_056302852,0.00012862682342529297,esm2_t33_650M_UR50D
XP_005156890,XP_056326676,0.0002307295799255371,esm2_t33_650M_UR50D
XP_005169361,XP_056324768,6.0558319091796875e-05,esm2_t33_650M_UR50D
XP_002665057,XP_056331590,6.079673767089844e-05,esm2_t33_650M_UR50D
XP_021335841,XP_056325121,8.875131607055664e-05,esm2_t33_650M_UR50D
XP_005165243,XP_056313494,8.732080459594727e-05,esm2_t33_650M_UR50D
XP_021336126,XP_056326070,7.301568984985352e-05,esm2_t33_650M_UR50D
XP_005155582,XP_056323077,6.026029586791992e-05,esm2_t33_650M_UR50D
NP_956829,XP_056321271,0.00013190507888793945,esm2_t33_650M_UR50D
NP_956464,XP_056336820,0.00020682811737060547,esm2_t33_650M_UR50D
XP_005169279,XP_056322500,0.00014841556549072266,esm2_t33_650M_UR50D
NP_956447,XP_056315656,0.00011247396469116211,esm2_t33_650M_UR50D
XP_009294228,XP_056303217,0.00012135505676269531,esm2_t33_650M_UR50D
NP_705938,XP_056305454,0.00010985136032104492,esm2_t33_650M_UR50D
XP_003201233,XP_056305198,0.00011283159255981445,esm2_t33_650M_UR50D
NP_001185701,XP_056315744,0.00010335445404052734,esm2_t33_650M_UR50D
XP_009298264,XP_056312032,6.347894668579102e-05,esm2_t33_650M_UR50D
XP_005162427,XP_056305574,5.2869319915771484e-05,esm2_t33_650M_UR50D
XP_002667227,XP_056327889,6.0498714447021484e-05,esm2_t33_650M_UR50D
NP_001070217,XP_056316914,6.872415542602539e-05,esm2_t33_650M_UR50D
NP_998185,XP_056311704,5.841255187988281e-05,esm2_t33_650M_UR50D
XP_005164788,XP_056311704,4.9233436584472656e-05,esm2_t33_650M_UR50D
XP_073797874,XP_056307426,5.412101745605469e-05,esm2_t33_650M_UR50D
XP_009300420,XP_056315392,0.00015497207641601562,esm2_t33_650M_UR50D
NP_001030160,XP_056312585,6.54458999633789e-05,esm2_t33_650M_UR50D
XP_073798248,XP_056308217,7.748603820800781e-05,esm2_t33_650M_UR50D
NP_001032179,XP_056324212,9.691715240478516e-05,esm2_t33_650M_UR50D
XP_005169335,XP_056324646,3.075599670410156e-05,esm2_t33_650M_UR50D
NP_997832,XP_056302061,8.392333984375e-05,esm2_t33_650M_UR50D
XP_073806557,XP_056314394,8.970499038696289e-05,esm2_t33_650M_UR50D
NP_001315481,XP_056310552,3.266334533691406e-05,esm2_t33_650M_UR50D
NP_001074085,XP_056314611,2.3186206817626953e-05,esm2_t33_650M_UR50D
XP_682848,XP_056315120,8.58306884765625e-05,esm2_t33_650M_UR50D
XP_005159907,XP_056304425,7.76052474975586e-05,esm2_t33_650M_UR50D
XP_073794731,XP_056309336,5.692243576049805e-05,esm2_t33_650M_UR50D
XP_005162716,XP_056306497,3.820657730102539e-05,esm2_t33_650M_UR50D
XP_073785117,XP_056334038,5.40614128112793e-05,esm2_t33_650M_UR50D
XP_009290638,XP_056331554,4.6312808990478516e-05,esm2_t33_650M_UR50D
XP_009301685,XP_056317974,2.950429916381836e-05,esm2_t33_650M_UR50D
NP_001002459,XP_056317761,4.0471553802490234e-05,esm2_t33_650M_UR50D
NP_001025275,XP_056326784,0.00010323524475097656,esm2_t33_650M_UR50D
XP_073810682,XP_056316423,3.230571746826172e-05,esm2_t33_650M_UR50D
NP_001004571,XP_056332543,8.589029312133789e-05,esm2_t33_650M_UR50D
XP_005166451,XP_056317459,0.00011670589447021484,esm2_t33_650M_UR50D
NP_001037813,XP_056332876,0.0001118779182434082,esm2_t33_650M_UR50D
NP_571836,XP_056315568,5.143880844116211e-05,esm2_t33_650M_UR50D
XP_021336334,XP_056326736,8.994340896606445e-05,esm2_t33_650M_UR50D
XP_005158154,XP_056330827,5.257129669189453e-05,esm2_t33_650M_UR50D
XP_073791346,XP_056302306,4.965066909790039e-05,esm2_t33_650M_UR50D
XP_073791342,XP_056302306,4.965066909790039e-05,esm2_t33_650M_UR50D
XP_009293789,XP_056302749,6.890296936035156e-05,esm2_t33_650M_UR50D
NP_001315012,XP_056319133,0.000605165958404541,esm2_t33_650M_UR50D
XP_009292419,XP_056335381,8.89897346496582e-05,esm2_t33_650M_UR50D
XP_017208544,XP_056302684,7.146596908569336e-05,esm2_t33_650M_UR50D
XP_073809475,XP_056315665,0.00017577409744262695,esm2_t33_650M_UR50D
XP_005162270,XP_056304656,5.1856040954589844e-05,esm2_t33_650M_UR50D
XP_009297689,XP_056309427,3.463029861450195e-05,esm2_t33_650M_UR50D
XP_009297687,XP_056309426,6.121397018432617e-05,esm2_t33_650M_UR50D
XP_009296216,XP_056307877,5.3048133850097656e-05,esm2_t33_650M_UR50D
NP_001153139,XP_056336770,5.6743621826171875e-05,esm2_t33_650M_UR50D
NP_001121885,XP_056313371,9.542703628540039e-05,esm2_t33_650M_UR50D
NP_001004600,XP_056328038,0.00010097026824951172,esm2_t33_650M_UR50D
XP_005173707,XP_056333942,6.300210952758789e-05,esm2_t33_650M_UR50D
XP_073810627,XP_056316417,3.254413604736328e-05,esm2_t33_650M_UR50D
NP_001013519,XP_056326426,6.753206253051758e-05,esm2_t33_650M_UR50D
XP_005169383,XP_056324535,4.45246696472168e-05,esm2_t33_650M_UR50D
XP_021329873,XP_056322837,4.214048385620117e-05,esm2_t33_650M_UR50D
XP_005167088,XP_056319547,4.929304122924805e-05,esm2_t33_650M_UR50D
XP_009300257,XP_056314738,3.528594970703125e-05,esm2_t33_650M_UR50D
XP_073810887,XP_056316654,0.000110626220703125,esm2_t33_650M_UR50D
XP_021336991,XP_056330345,9.018182754516602e-05,esm2_t33_650M_UR50D
NP_571574,XP_056311100,0.0002741217613220215,esm2_t33_650M_UR50D
XP_009290217,XP_056329908,5.829334259033203e-05,esm2_t33_650M_UR50D
XP_009293757,XP_056302439,4.32133674621582e-05,esm2_t33_650M_UR50D
NP_001417788,XP_056334113,5.4836273193359375e-05,esm2_t33_650M_UR50D
XP_009304425,XP_056324765,4.4465065002441406e-05,esm2_t33_650M_UR50D
XP_073808541,XP_056316691,6.4849853515625e-05,esm2_t33_650M_UR50D
XP_021325744,XP_056305899,7.361173629760742e-05,esm2_t33_650M_UR50D
XP_017211970,XP_056316604,0.00017780065536499023,esm2_t33_650M_UR50D
NP_001018471,XP_056331312,0.0007488131523132324,esm2_t33_650M_UR50D
NP_001182336,XP_056317976,2.372264862060547e-05,esm2_t33_650M_UR50D
NP_001018580,XP_056306503,0.00010150671005249023,esm2_t33_650M_UR50D
NP_001315096,XP_056332311,0.00021660327911376953,esm2_t33_650M_UR50D
XP_017213206,XP_056321041,3.6835670471191406e-05,esm2_t33_650M_UR50D
NP_001039014,XP_056330517,0.00013971328735351562,esm2_t33_650M_UR50D
XP_005163374,XP_056330435,6.586313247680664e-05,esm2_t33_650M_UR50D
XP_073785784,XP_056333775,0.00012195110321044922,esm2_t33_650M_UR50D
XP_009290329,XP_056331211,8.094310760498047e-05,esm2_t33_650M_UR50D
XP_021323777,XP_056335204,3.916025161743164e-05,esm2_t33_650M_UR50D
XP_073796039,XP_056307012,0.00011712312698364258,esm2_t33_650M_UR50D
XP_009299745,XP_056301440,2.3424625396728516e-05,esm2_t33_650M_UR50D
XP_005156856,XP_056326492,4.953145980834961e-05,esm2_t33_650M_UR50D
XP_691455,XP_056325528,6.771087646484375e-05,esm2_t33_650M_UR50D
NP_001003883,XP_056324579,0.00011485815048217773,esm2_t33_650M_UR50D
XP_073794634,XP_056309571,6.41942024230957e-05,esm2_t33_650M_UR50D
NP_001352121,XP_056323658,7.31348991394043e-05,esm2_t33_650M_UR50D
XP_009302165,XP_056319772,9.894371032714844e-05,esm2_t33_650M_UR50D
NP_001313379,XP_056324106,5.78761100769043e-05,esm2_t33_650M_UR50D
XP_005163656,XP_056332930,7.414817810058594e-05,esm2_t33_650M_UR50D
XP_009296909,XP_056334385,0.00018674135208129883,esm2_t33_650M_UR50D
NP_919343,XP_056304910,5.143880844116211e-05,esm2_t33_650M_UR50D
XP_005162390,XP_056305691,0.00030732154846191406,esm2_t33_650M_UR50D
XP_009296078,XP_056307399,4.4345855712890625e-05,esm2_t33_650M_UR50D
NP_001092228,XP_056322105,7.534027099609375e-05,esm2_t33_650M_UR50D
XP_699475,XP_056314614,4.7206878662109375e-05,esm2_t33_650M_UR50D
XP_003199781,XP_056326690,9.959936141967773e-05,esm2_t33_650M_UR50D
NP_001272463,XP_056303792,0.00011861324310302734,esm2_t33_650M_UR50D
XP_073792656,XP_056303713,4.303455352783203e-05,esm2_t33_650M_UR50D
NP_001104751,XP_056310080,2.9742717742919922e-05,esm2_t33_650M_UR50D
XP_005159295,XP_056333820,6.258487701416016e-05,esm2_t33_650M_UR50D
XP_005157523,XP_056329226,4.458427429199219e-05,esm2_t33_650M_UR50D
XP_009299925,XP_056314179,5.9604644775390625e-05,esm2_t33_650M_UR50D
NP_001038323,XP_056335106,7.557868957519531e-05,esm2_t33_650M_UR50D
XP_017213324,XP_056321574,3.3795833587646484e-05,esm2_t33_650M_UR50D
XP_021332546,XP_056316135,2.3603439331054688e-05,esm2_t33_650M_UR50D
XP_073803145,XP_056311947,2.9861927032470703e-05,esm2_t33_650M_UR50D
XP_009302264,XP_056319465,7.927417755126953e-05,esm2_t33_650M_UR50D
XP_009294225,XP_056304401,8.863210678100586e-05,esm2_t33_650M_UR50D
XP_005171035,XP_056312607,0.00014460086822509766,esm2_t33_650M_UR50D
XP_005171035,XP_056312609,0.00014460086822509766,esm2_t33_650M_UR50D
XP_009292116,XP_056312610,0.00014472007751464844,esm2_t33_650M_UR50D
XP_005171034,XP_056312608,0.00014460086822509766,esm2_t33_650M_UR50D
NP_001018394,XP_056332087,8.07642936706543e-05,esm2_t33_650M_UR50D
XP_073797492,XP_056306760,4.4226646423339844e-05,esm2_t33_650M_UR50D
XP_073797492,XP_056306761,4.4226646423339844e-05,esm2_t33_650M_UR50D
XP_073797486,XP_056306760,4.4226646423339844e-05,esm2_t33_650M_UR50D
NP_001012508,XP_056331067,5.263090133666992e-05,esm2_t33_650M_UR50D
XP_073802899,XP_056311136,3.55839729309082e-05,esm2_t33_650M_UR50D
XP_009304297,XP_056324747,0.00012165307998657227,esm2_t33_650M_UR50D
XP_017208637,XP_056303708,3.802776336669922e-05,esm2_t33_650M_UR50D
XP_021333867,XP_056319674,4.947185516357422e-05,esm2_t33_650M_UR50D
NP_001352582,XP_056318258,8.004903793334961e-05,esm2_t33_650M_UR50D
XP_005157636,XP_056329224,5.91278076171875e-05,esm2_t33_650M_UR50D
XP_073809292,XP_056316357,4.8279762268066406e-05,esm2_t33_650M_UR50D
XP_073809299,XP_056316353,4.464387893676758e-05,esm2_t33_650M_UR50D
XP_073809300,XP_056316352,4.464387893676758e-05,esm2_t33_650M_UR50D
XP_003197866,XP_056328399,2.956390380859375e-05,esm2_t33_650M_UR50D
XP_073810553,XP_056327040,7.104873657226562e-05,esm2_t33_650M_UR50D
XP_073792666,XP_056303715,3.844499588012695e-05,esm2_t33_650M_UR50D
NP_001123295,XP_056315700,0.0002652406692504883,esm2_t33_650M_UR50D
XP_005165053,XP_056312033,4.5418739318847656e-05,esm2_t33_650M_UR50D
XP_009304202,XP_056324285,5.9664249420166016e-05,esm2_t33_650M_UR50D
NP_001071018,XP_056327533,5.751848220825195e-05,esm2_t33_650M_UR50D
XP_001343041,XP_056302900,3.415346145629883e-05,esm2_t33_650M_UR50D
NP_958455,XP_056309794,5.555152893066406e-05,esm2_t33_650M_UR50D
NP_001070932,XP_056331522,9.393692016601562e-05,esm2_t33_650M_UR50D
XP_073809219,XP_056316196,5.805492401123047e-05,esm2_t33_650M_UR50D
XP_009293684,XP_056303149,6.586313247680664e-05,esm2_t33_650M_UR50D
XP_009295656,XP_056307017,0.0001372694969177246,esm2_t33_650M_UR50D
NP_955934,XP_056307832,0.00011771917343139648,esm2_t33_650M_UR50D
XP_073809057,XP_056312921,4.500150680541992e-05,esm2_t33_650M_UR50D
NP_001013585,XP_056318986,0.00018972158432006836,esm2_t33_650M_UR50D
NP_001092892,XP_056308200,4.786252975463867e-05,esm2_t33_650M_UR50D
XP_021333082,XP_056318878,0.0001952052116394043,esm2_t33_650M_UR50D
NP_001013554,XP_056334357,0.00012409687042236328,esm2_t33_650M_UR50D
NP_001002446,XP_056330432,0.00012689828872680664,esm2_t33_650M_UR50D
NP_001038364,XP_056337656,2.4497509002685547e-05,esm2_t33_650M_UR50D
XP_001344260,XP_056327483,3.68952751159668e-05,esm2_t33_650M_UR50D
XP_005157080,XP_056326304,0.00014358758926391602,esm2_t33_650M_UR50D
XP_009301396,XP_056317199,4.6193599700927734e-05,esm2_t33_650M_UR50D
XP_073788786,XP_056336770,2.491474151611328e-05,esm2_t33_650M_UR50D
XP_017208299,XP_056301970,7.742643356323242e-05,esm2_t33_650M_UR50D
XP_009289755,XP_056315189,0.00011587142944335938,esm2_t33_650M_UR50D
NP_955963,XP_056328843,0.00021219253540039062,esm2_t33_650M_UR50D
XP_005164123,XP_056309651,4.017353057861328e-05,esm2_t33_650M_UR50D
XP_005159647,XP_056336383,2.7060508728027344e-05,esm2_t33_650M_UR50D
XP_021324370,XP_056337051,7.18832015991211e-05,esm2_t33_650M_UR50D
NP_998551,XP_056320095,3.55839729309082e-05,esm2_t33_650M_UR50D
XP_005167978,XP_056321832,1.5914440155029297e-05,esm2_t33_650M_UR50D
XP_009295591,XP_056328146,4.2438507080078125e-05,esm2_t33_650M_UR50D
NP_001002409,XP_056308087,0.0008438825607299805,esm2_t33_650M_UR50D
XP_009306021,XP_056327765,3.975629806518555e-05,esm2_t33_650M_UR50D
XP_009293761,XP_056303071,0.00021201372146606445,esm2_t33_650M_UR50D
NP_001268926,XP_056323600,0.00012296438217163086,esm2_t33_650M_UR50D
NP_956636,XP_056334240,3.802776336669922e-05,esm2_t33_650M_UR50D
XP_017212286,XP_056317653,3.141164779663086e-05,esm2_t33_650M_UR50D
NP_001410360,XP_056327649,7.635354995727539e-05,esm2_t33_650M_UR50D
XP_005166925,XP_056319889,0.00012183189392089844,esm2_t33_650M_UR50D
XP_009292988,XP_056337571,5.14984130859375e-05,esm2_t33_650M_UR50D
NP_001289172,XP_056319120,3.808736801147461e-05,esm2_t33_650M_UR50D
NP_001349358,XP_056312865,4.8160552978515625e-05,esm2_t33_650M_UR50D
XP_005173283,XP_056328097,2.1457672119140625e-05,esm2_t33_650M_UR50D
XP_073808559,XP_056316440,7.49826431274414e-05,esm2_t33_650M_UR50D
XP_073808558,XP_056316440,7.49826431274414e-05,esm2_t33_650M_UR50D
XP_073808558,XP_056316441,7.480382919311523e-05,esm2_t33_650M_UR50D
NP_001314745,XP_056320567,3.8564205169677734e-05,esm2_t33_650M_UR50D
XP_009303014,XP_056321444,9.226799011230469e-05,esm2_t33_650M_UR50D
XP_005162385,XP_056305005,5.561113357543945e-05,esm2_t33_650M_UR50D
XP_005165942,XP_056316016,0.00018042325973510742,esm2_t33_650M_UR50D
NP_001002426,XP_056304622,4.774332046508789e-05,esm2_t33_650M_UR50D
XP_017212968,XP_056336335,0.00010353326797485352,esm2_t33_650M_UR50D
NP_001108158,XP_056316571,3.0100345611572266e-05,esm2_t33_650M_UR50D
XP_021334253,XP_056321492,8.881092071533203e-05,esm2_t33_650M_UR50D
XP_005159195,XP_056333785,2.968311309814453e-05,esm2_t33_650M_UR50D
XP_005163024,XP_056308086,0.0007736086845397949,esm2_t33_650M_UR50D
XP_005173283,XP_056328096,2.86102294921875e-05,esm2_t33_650M_UR50D
XP_009305382,XP_056326347,0.00017750263214111328,esm2_t33_650M_UR50D
NP_001017549,XP_056321446,0.0001175999641418457,esm2_t33_650M_UR50D
XP_073790947,XP_056302628,0.00014978647232055664,esm2_t33_650M_UR50D
XP_700015,XP_056309882,2.86102294921875e-05,esm2_t33_650M_UR50D
XP_021326214,XP_056307499,0.000357210636138916,esm2_t33_650M_UR50D
XP_073787985,XP_056336392,9.649991989135742e-05,esm2_t33_650M_UR50D
XP_021329519,XP_056308187,6.204843521118164e-05,esm2_t33_650M_UR50D
NP_001038499,XP_056335269,5.3763389587402344e-05,esm2_t33_650M_UR50D
NP_571158,XP_056302526,0.00017559528350830078,esm2_t33_650M_UR50D
XP_017212964,XP_056336318,0.00010228157043457031,esm2_t33_650M_UR50D
XP_073790372,XP_056301900,4.51207160949707e-05,esm2_t33_650M_UR50D
XP_017212772,XP_056319669,4.744529724121094e-05,esm2_t33_650M_UR50D
NP_999874,XP_056337615,6.008148193359375e-05,esm2_t33_650M_UR50D
XP_073797194,XP_056306208,6.0617923736572266e-05,esm2_t33_650M_UR50D
XP_021330770,XP_056311687,2.0503997802734375e-05,esm2_t33_650M_UR50D
XP_688089,XP_056303058,3.790855407714844e-05,esm2_t33_650M_UR50D
XP_073802051,XP_056312236,3.9458274841308594e-05,esm2_t33_650M_UR50D
XP_073802047,XP_056312236,3.9458274841308594e-05,esm2_t33_650M_UR50D
XP_005158753,XP_056332646,3.8504600524902344e-05,esm2_t33_650M_UR50D
XP_009304466,XP_056323949,2.562999725341797e-05,esm2_t33_650M_UR50D
XP_009295324,XP_056305466,3.4689903259277344e-05,esm2_t33_650M_UR50D
NP_001124329,XP_056321492,5.2034854888916016e-05,esm2_t33_650M_UR50D
NP_957237,XP_056335149,4.273653030395508e-05,esm2_t33_650M_UR50D
XP_005167932,XP_056321803,8.469820022583008e-05,esm2_t33_650M_UR50D
NP_001268922,XP_056317533,4.208087921142578e-05,esm2_t33_650M_UR50D
NP_001315282,XP_056304865,9.542703628540039e-05,esm2_t33_650M_UR50D
NP_001007314,XP_056324917,3.695487976074219e-05,esm2_t33_650M_UR50D
XP_021324360,XP_056337057,6.73532485961914e-05,esm2_t33_650M_UR50D
XP_073810071,XP_056315709,6.884336471557617e-05,esm2_t33_650M_UR50D
XP_073799880,XP_056312633,3.516674041748047e-05,esm2_t33_650M_UR50D
NP_001014818,XP_056328295,3.266334533691406e-05,esm2_t33_650M_UR50D
XP_005156579,XP_056326290,9.948015213012695e-05,esm2_t33_650M_UR50D
NP_956701,XP_056307737,3.343820571899414e-05,esm2_t33_650M_UR50D
XP_005166947,XP_056319884,5.257129669189453e-05,esm2_t33_650M_UR50D
XP_073788784,XP_056336764,1.6629695892333984e-05,esm2_t33_650M_UR50D
XP_009298659,XP_056311445,7.647275924682617e-05,esm2_t33_650M_UR50D
XP_021335341,XP_056323962,0.0002548098564147949,esm2_t33_650M_UR50D
NP_001082974,XP_056333084,2.2172927856445312e-05,esm2_t33_650M_UR50D
XP_009291236,XP_056332770,3.3020973205566406e-05,esm2_t33_650M_UR50D
XP_005168535,XP_056309143,4.5239925384521484e-05,esm2_t33_650M_UR50D
NP_001071075,XP_056328231,6.42538070678711e-05,esm2_t33_650M_UR50D
XP_073785167,XP_056334922,4.172325134277344e-05,esm2_t33_650M_UR50D
XP_021324356,XP_056337050,4.559755325317383e-05,esm2_t33_650M_UR50D
XP_073792659,XP_056309736,3.802776336669922e-05,esm2_t33_650M_UR50D
XP_021322301,XP_056331565,7.62939453125e-06,esm2_t33_650M_UR50D
XP_021337031,XP_056330309,3.427267074584961e-05,esm2_t33_650M_UR50D
XP_021324357,XP_056337051,6.127357482910156e-05,esm2_t33_650M_UR50D
XP_073789301,XP_056336746,0.00011426210403442383,esm2_t33_650M_UR50D
XP_005164250,XP_056309904,2.4616718292236328e-05,esm2_t33_650M_UR50D
NP_957007,XP_056321505,1.9073486328125e-05,esm2_t33_650M_UR50D
XP_009302535,XP_056319096,4.202127456665039e-05,esm2_t33_650M_UR50D
XP_005164173,XP_056309983,5.0961971282958984e-05,esm2_t33_650M_UR50D
NP_001116327,XP_056307486,2.8789043426513672e-05,esm2_t33_650M_UR50D
XP_073810080,XP_056315711,0.0001779794692993164,esm2_t33_650M_UR50D
XP_073788498,XP_056336882,2.2649765014648438e-05,esm2_t33_650M_UR50D
XP_005160627,XP_056336883,2.2649765014648438e-05,esm2_t33_650M_UR50D
NP_001077045,XP_056329208,4.00543212890625e-05,esm2_t33_650M_UR50D
NP_998628,XP_056325223,5.316734313964844e-05,esm2_t33_650M_UR50D
XP_073808384,XP_056313955,1.633167266845703e-05,esm2_t33_650M_UR50D
XP_684264,XP_056313955,1.633167266845703e-05,esm2_t33_650M_UR50D
NP_571222,XP_056331185,5.054473876953125e-05,esm2_t33_650M_UR50D
XP_073801040,XP_056310215,4.094839096069336e-05,esm2_t33_650M_UR50D
NP_001116764,XP_056320024,0.0003339052200317383,esm2_t33_650M_UR50D
XP_693394,XP_056309245,2.962350845336914e-05,esm2_t33_650M_UR50D
XP_021329517,XP_056308184,3.921985626220703e-05,esm2_t33_650M_UR50D
NP_001038410,XP_056319906,2.4616718292236328e-05,esm2_t33_650M_UR50D
NP_998521,XP_056332263,2.3365020751953125e-05,esm2_t33_650M_UR50D
XP_073787546,XP_056335384,3.0994415283203125e-05,esm2_t33_650M_UR50D
XP_005173247,XP_056328607,2.9265880584716797e-05,esm2_t33_650M_UR50D
XP_073794842,XP_056305483,3.88026237487793e-05,esm2_t33_650M_UR50D
XP_073788309,XP_056337632,4.988908767700195e-05,esm2_t33_650M_UR50D
XP_021326924,XP_056331728,3.838539123535156e-05,esm2_t33_650M_UR50D
NP_957275,XP_056327761,3.600120544433594e-05,esm2_t33_650M_UR50D
XP_073802989,XP_056312153,3.522634506225586e-05,esm2_t33_650M_UR50D
XP_073810074,XP_056315711,4.267692565917969e-05,esm2_t33_650M_UR50D
XP_697365,XP_056317467,7.337331771850586e-05,esm2_t33_650M_UR50D
XP_005174261,XP_056306886,3.612041473388672e-05,esm2_t33_650M_UR50D
NP_957168,XP_056325170,4.416704177856445e-05,esm2_t33_650M_UR50D
XP_005173170,XP_056327757,3.4689903259277344e-05,esm2_t33_650M_UR50D
XP_009292473,XP_056335152,5.060434341430664e-05,esm2_t33_650M_UR50D
NP_001025346,XP_056327055,7.683038711547852e-05,esm2_t33_650M_UR50D
XP_017208249,XP_056302718,0.00017154216766357422,esm2_t33_650M_UR50D
XP_005171317,XP_056334571,4.506111145019531e-05,esm2_t33_650M_UR50D
NP_001002333,XP_056328487,7.021427154541016e-05,esm2_t33_650M_UR50D
NP_001121818,XP_056319496,3.975629806518555e-05,esm2_t33_650M_UR50D
XP_698473,XP_056329412,6.16908073425293e-05,esm2_t33_650M_UR50D
XP_005157530,XP_056329651,0.00011396408081054688,esm2_t33_650M_UR50D
XP_073805961,XP_056314680,3.8564205169677734e-05,esm2_t33_650M_UR50D
NP_001002330,XP_056309356,8.231401443481445e-05,esm2_t33_650M_UR50D
XP_005172094,XP_056314844,3.4689903259277344e-05,esm2_t33_650M_UR50D
XP_005172094,XP_056314843,3.4689903259277344e-05,esm2_t33_650M_UR50D
XP_009293034,XP_056336993,1.6391277313232422e-05,esm2_t33_650M_UR50D
XP_009292987,XP_056337571,3.987550735473633e-05,esm2_t33_650M_UR50D
XP_021331027,XP_056318845,3.170967102050781e-05,esm2_t33_650M_UR50D
NP_001038407,XP_056337301,2.574920654296875e-05,esm2_t33_650M_UR50D
NP_001103954,XP_056303033,5.036592483520508e-05,esm2_t33_650M_UR50D
NP_957166,XP_056326056,5.036592483520508e-05,esm2_t33_650M_UR50D
XP_005160594,XP_056336764,0.00016582012176513672,esm2_t33_650M_UR50D
XP_005167171,XP_056319571,2.2590160369873047e-05,esm2_t33_650M_UR50D
XP_073810415,XP_056316041,4.64320182800293e-05,esm2_t33_650M_UR50D
NP_001038254,XP_056314088,4.3451786041259766e-05,esm2_t33_650M_UR50D
XP_021333146,XP_056317016,4.601478576660156e-05,esm2_t33_650M_UR50D
XP_073794773,XP_056305370,2.7358531951904297e-05,esm2_t33_650M_UR50D
NP_001032750,XP_056304106,4.0411949157714844e-05,esm2_t33_650M_UR50D
XP_009298429,XP_056311806,4.8100948333740234e-05,esm2_t33_650M_UR50D
XP_009295153,XP_056305226,8.243322372436523e-05,esm2_t33_650M_UR50D
XP_009298423,XP_056311803,4.476308822631836e-05,esm2_t33_650M_UR50D
XP_001337205,XP_056317926,2.4497509002685547e-05,esm2_t33_650M_UR50D
XP_073787244,XP_056335520,2.9981136322021484e-05,esm2_t33_650M_UR50D
XP_073788724,XP_056337163,2.866983413696289e-05,esm2_t33_650M_UR50D
NP_958447,XP_056302276,6.312131881713867e-05,esm2_t33_650M_UR50D
XP_009297657,XP_056309342,3.439188003540039e-05,esm2_t33_650M_UR50D
XP_073809342,XP_056315308,7.355213165283203e-05,esm2_t33_650M_UR50D
XP_009292908,XP_056336795,5.233287811279297e-05,esm2_t33_650M_UR50D
XP_009301752,XP_056318910,2.9861927032470703e-05,esm2_t33_650M_UR50D
XP_073801015,XP_056309964,0.00042432546615600586,esm2_t33_650M_UR50D
NP_001313429,XP_056332138,1.9609928131103516e-05,esm2_t33_650M_UR50D
NP_956213,XP_056314609,2.9802322387695312e-06,esm2_t33_650M_UR50D
XP_073794468,XP_056304996,6.669759750366211e-05,esm2_t33_650M_UR50D
XP_017208906,XP_056303301,3.7610530853271484e-05,esm2_t33_650M_UR50D
NP_957154,XP_056330492,1.919269561767578e-05,esm2_t33_650M_UR50D
XP_073805959,XP_056314681,3.4332275390625e-05,esm2_t33_650M_UR50D
XP_005167521,XP_056320739,4.029273986816406e-05,esm2_t33_650M_UR50D
XP_001333273,XP_056332795,0.0013611912727355957,esm2_t33_650M_UR50D
XP_005174158,XP_056305071,3.68952751159668e-05,esm2_t33_650M_UR50D
XP_073788744,XP_056337168,2.6285648345947266e-05,esm2_t33_650M_UR50D
XP_021334979,XP_056322151,4.1484832763671875e-05,esm2_t33_650M_UR50D
XP_021329522,XP_056308190,3.2901763916015625e-05,esm2_t33_650M_UR50D
XP_005163107,XP_056307671,5.251169204711914e-05,esm2_t33_650M_UR50D
XP_009301359,XP_056317129,1.5676021575927734e-05,esm2_t33_650M_UR50D
XP_005173151,XP_056328636,3.552436828613281e-05,esm2_t33_650M_UR50D
XP_017213227,XP_056320660,6.133317947387695e-05,esm2_t33_650M_UR50D
XP_073791585,XP_056309731,1.8775463104248047e-05,esm2_t33_650M_UR50D
XP_021334178,XP_056319006,3.30805778503418e-05,esm2_t33_650M_UR50D
XP_005166503,XP_056317950,1.728534698486328e-05,esm2_t33_650M_UR50D
XP_021330286,XP_056316198,3.898143768310547e-05,esm2_t33_650M_UR50D
NP_957203,XP_056314199,9.119510650634766e-06,esm2_t33_650M_UR50D
NP_998655,XP_056327724,6.657838821411133e-05,esm2_t33_650M_UR50D
XP_696967,XP_056309788,1.7464160919189453e-05,esm2_t33_650M_UR50D
XP_005166651,XP_056318282,6.413459777832031e-05,esm2_t33_650M_UR50D
NP_001076307,XP_056301969,2.5331974029541016e-05,esm2_t33_650M_UR50D
XP_009297857,XP_056309733,2.2113323211669922e-05,esm2_t33_650M_UR50D
XP_005170542,XP_056303223,3.314018249511719e-05,esm2_t33_650M_UR50D
XP_009295103,XP_056304907,3.2067298889160156e-05,esm2_t33_650M_UR50D
XP_009305639,XP_056326576,1.9431114196777344e-05,esm2_t33_650M_UR50D
XP_017210541,XP_056311640,4.184246063232422e-05,esm2_t33_650M_UR50D
NP_571039,XP_056318807,2.300739288330078e-05,esm2_t33_650M_UR50D
NP_001073170,XP_056314565,8.976459503173828e-05,esm2_t33_650M_UR50D
XP_005161646,XP_056303220,8.881092071533203e-06,esm2_t33_650M_UR50D
XP_005162281,XP_056304788,4.696846008300781e-05,esm2_t33_650M_UR50D
XP_009293036,XP_056336989,1.8835067749023438e-05,esm2_t33_650M_UR50D
NP_001038179,XP_056335710,1.990795135498047e-05,esm2_t33_650M_UR50D
NP_001002562,XP_056302112,4.76837158203125e-05,esm2_t33_650M_UR50D
XP_073803244,XP_056316571,3.0100345611572266e-05,esm2_t33_650M_UR50D
XP_073803244,XP_056316580,3.0100345611572266e-05,esm2_t33_650M_UR50D
XP_073803243,XP_056316571,3.0219554901123047e-05,esm2_t33_650M_UR50D
NP_997760,XP_056336204,0.00037401914596557617,esm2_t33_650M_UR50D
XP_001337404,XP_056317981,4.017353057861328e-05,esm2_t33_650M_UR50D
XP_005160097,XP_056312655,1.4781951904296875e-05,esm2_t33_650M_UR50D
NP_571056,XP_056334500,2.568960189819336e-05,esm2_t33_650M_UR50D
NP_955896,XP_056318641,2.6106834411621094e-05,esm2_t33_650M_UR50D
XP_073786291,XP_056334802,3.606081008911133e-05,esm2_t33_650M_UR50D
XP_021323530,XP_056335920,4.673004150390625e-05,esm2_t33_650M_UR50D
XP_021324141,XP_056301516,3.314018249511719e-05,esm2_t33_650M_UR50D
NP_778258,XP_056333812,3.606081008911133e-05,esm2_t33_650M_UR50D
XP_002665395,XP_056334762,1.5676021575927734e-05,esm2_t33_650M_UR50D
XP_005171029,XP_056312603,2.2470951080322266e-05,esm2_t33_650M_UR50D
XP_001345114,XP_056302607,2.086162567138672e-05,esm2_t33_650M_UR50D
XP_021334426,XP_056335361,3.0934810638427734e-05,esm2_t33_650M_UR50D
NP_955891,XP_056337088,0.0001703500747680664,esm2_t33_650M_UR50D
XP_005165827,XP_056315540,3.7550926208496094e-05,esm2_t33_650M_UR50D
NP_001074171,XP_056337555,0.00010770559310913086,esm2_t33_650M_UR50D
XP_009293035,XP_056336992,1.537799835205078e-05,esm2_t33_650M_UR50D
XP_021332861,XP_056316101,0.004036366939544678,esm2_t33_650M_UR50D
NP_001007435,XP_056309678,3.62396240234375e-05,esm2_t33_650M_UR50D
XP_005165191,XP_056313681,0.00010603666305541992,esm2_t33_650M_UR50D
NP_001122238,XP_056314113,2.4080276489257812e-05,esm2_t33_650M_UR50D
XP_073786633,XP_056335702,1.4483928680419922e-05,esm2_t33_650M_UR50D
XP_073786632,XP_056335702,1.4483928680419922e-05,esm2_t33_650M_UR50D
XP_005165205,XP_056313487,2.1159648895263672e-05,esm2_t33_650M_UR50D
XP_009295647,XP_056306777,1.996755599975586e-05,esm2_t33_650M_UR50D
NP_001001889,XP_056335154,7.778406143188477e-05,esm2_t33_650M_UR50D
XP_009292375,XP_056336017,6.61015510559082e-05,esm2_t33_650M_UR50D
XP_073799416,XP_056307619,3.3974647521972656e-05,esm2_t33_650M_UR50D
NP_001018370,XP_056332144,3.55839729309082e-05,esm2_t33_650M_UR50D
XP_073786625,XP_056335701,1.3887882232666016e-05,esm2_t33_650M_UR50D
XP_005163348,XP_056329700,2.2649765014648438e-05,esm2_t33_650M_UR50D
XP_009298079,XP_056309082,2.4497509002685547e-05,esm2_t33_650M_UR50D
XP_005157853,XP_056330318,7.873773574829102e-05,esm2_t33_650M_UR50D
XP_073809257,XP_056316340,5.221366882324219e-05,esm2_t33_650M_UR50D
XP_073809248,XP_056316340,5.221366882324219e-05,esm2_t33_650M_UR50D
XP_005172350,XP_056317331,1.8775463104248047e-05,esm2_t33_650M_UR50D
XP_073805957,XP_056314680,2.4616718292236328e-05,esm2_t33_650M_UR50D
NP_001296760,XP_056333905,3.331899642944336e-05,esm2_t33_650M_UR50D
XP_009304936,XP_056317320,1.6987323760986328e-05,esm2_t33_650M_UR50D
NP_001116750,XP_056334431,1.6748905181884766e-05,esm2_t33_650M_UR50D
NP_001191083,XP_056302560,1.0073184967041016e-05,esm2_t33_650M_UR50D
XP_005170755,XP_056307491,7.867813110351562e-06,esm2_t33_650M_UR50D
XP_073794088,XP_056304845,3.445148468017578e-05,esm2_t33_650M_UR50D
XP_021323665,XP_056335695,1.341104507446289e-05,esm2_t33_650M_UR50D
NP_001292496,XP_056332767,4.857778549194336e-05,esm2_t33_650M_UR50D
XP_021324037,XP_056337085,2.9981136322021484e-05,esm2_t33_650M_UR50D
XP_005173299,XP_056327629,2.1636486053466797e-05,esm2_t33_650M_UR50D
XP_073785725,XP_056333915,1.710653305053711e-05,esm2_t33_650M_UR50D
XP_073802654,XP_056311689,6.139278411865234e-06,esm2_t33_650M_UR50D
XP_021324672,XP_056309269,2.3365020751953125e-05,esm2_t33_650M_UR50D
XP_009302369,XP_056319257,2.7477741241455078e-05,esm2_t33_650M_UR50D
NP_991119,XP_056323359,8.386373519897461e-05,esm2_t33_650M_UR50D
XP_073791603,XP_056321118,1.2874603271484375e-05,esm2_t33_650M_UR50D
NP_938152,XP_056309298,2.2113323211669922e-05,esm2_t33_650M_UR50D
XP_001333587,XP_056333313,6.496906280517578e-06,esm2_t33_650M_UR50D
NP_001296394,XP_056312462,1.4901161193847656e-05,esm2_t33_650M_UR50D
XP_073785378,XP_056334730,1.9609928131103516e-05,esm2_t33_650M_UR50D
NP_998088,XP_056317014,6.347894668579102e-05,esm2_t33_650M_UR50D
XP_073797834,XP_056309615,2.1219253540039062e-05,esm2_t33_650M_UR50D
XP_073797832,XP_056309615,2.1219253540039062e-05,esm2_t33_650M_UR50D
XP_073797882,XP_056309617,2.086162567138672e-05,esm2_t33_650M_UR50D
XP_073802030,XP_056311561,2.294778823852539e-05,esm2_t33_650M_UR50D
XP_021324481,XP_056302117,1.5020370483398438e-05,esm2_t33_650M_UR50D
XP_009295532,XP_056306204,2.6166439056396484e-05,esm2_t33_650M_UR50D
XP_005168948,XP_056317600,1.3053417205810547e-05,esm2_t33_650M_UR50D
XP_021329438,XP_056307173,7.712841033935547e-05,esm2_t33_650M_UR50D
XP_005164162,XP_056309853,0.0003540515899658203,esm2_t33_650M_UR50D
XP_073798816,XP_056307698,2.8192996978759766e-05,esm2_t33_650M_UR50D
XP_073798394,XP_056307791,8.165836334228516e-06,esm2_t33_650M_UR50D
XP_686077,XP_056305672,1.8298625946044922e-05,esm2_t33_650M_UR50D
XP_073802457,XP_056319378,1.0073184967041016e-05,esm2_t33_650M_UR50D
XP_073793421,XP_056309227,0.00012475252151489258,esm2_t33_650M_UR50D
XP_021326032,XP_056306492,1.341104507446289e-05,esm2_t33_650M_UR50D
XP_073802348,XP_056319350,9.179115295410156e-06,esm2_t33_650M_UR50D
XP_017209404,XP_056306491,1.52587890625e-05,esm2_t33_650M_UR50D
NP_998664,XP_056312497,4.023313522338867e-05,esm2_t33_650M_UR50D
XP_009299818,XP_056313939,3.272294998168945e-05,esm2_t33_650M_UR50D
XP_021324176,XP_056301255,4.971027374267578e-05,esm2_t33_650M_UR50D
XP_009295738,XP_056306125,2.6345252990722656e-05,esm2_t33_650M_UR50D
XP_009301473,XP_056317642,8.702278137207031e-06,esm2_t33_650M_UR50D
NP_956021,XP_056337474,2.3663043975830078e-05,esm2_t33_650M_UR50D
NP_571446,XP_056313661,4.6312808990478516e-05,esm2_t33_650M_UR50D
NP_001070794,XP_056302270,3.045797348022461e-05,esm2_t33_650M_UR50D
XP_005160955,XP_056301492,1.2218952178955078e-05,esm2_t33_650M_UR50D
XP_005162836,XP_056306464,7.748603820800781e-06,esm2_t33_650M_UR50D
NP_001417783,XP_056332556,2.5510787963867188e-05,esm2_t33_650M_UR50D
XP_005159285,XP_056334726,8.940696716308594e-06,esm2_t33_650M_UR50D
XP_009290696,XP_056330606,5.424022674560547e-06,esm2_t33_650M_UR50D
XP_021332671,XP_056315487,0.0002332925796508789,esm2_t33_650M_UR50D
NP_001165056,XP_056321634,1.3470649719238281e-05,esm2_t33_650M_UR50D
NP_956841,XP_056322388,2.1219253540039062e-05,esm2_t33_650M_UR50D
XP_009300481,XP_056315550,1.519918441772461e-05,esm2_t33_650M_UR50D
XP_073788438,XP_056336736,1.537799835205078e-05,esm2_t33_650M_UR50D
XP_005166906,XP_056319973,1.341104507446289e-05,esm2_t33_650M_UR50D
XP_005157040,XP_056327056,1.0609626770019531e-05,esm2_t33_650M_UR50D
NP_001154956,XP_056312856,1.7642974853515625e-05,esm2_t33_650M_UR50D
XP_005166474,XP_056317927,1.913309097290039e-05,esm2_t33_650M_UR50D
XP_073799045,XP_056307413,6.616115570068359e-06,esm2_t33_650M_UR50D
XP_017208907,XP_056303306,1.0728836059570312e-05,esm2_t33_650M_UR50D
NP_853634,XP_056309276,1.2814998626708984e-05,esm2_t33_650M_UR50D
XP_073789399,XP_056337080,1.5079975128173828e-05,esm2_t33_650M_UR50D
XP_009302835,XP_056320947,7.867813110351562e-06,esm2_t33_650M_UR50D
XP_021326164,XP_056309855,7.492303848266602e-05,esm2_t33_650M_UR50D
XP_073798173,XP_056308177,7.033348083496094e-06,esm2_t33_650M_UR50D
XP_009305177,XP_056324946,7.68899917602539e-06,esm2_t33_650M_UR50D
NP_001018326,XP_056332652,8.046627044677734e-06,esm2_t33_650M_UR50D
XP_003197917,XP_056332951,6.377696990966797e-06,esm2_t33_650M_UR50D
XP_005162485,XP_056323166,1.728534698486328e-05,esm2_t33_650M_UR50D
XP_009301701,XP_056318014,3.159046173095703e-06,esm2_t33_650M_UR50D
XP_009302831,XP_056320943,1.0669231414794922e-05,esm2_t33_650M_UR50D
XP_073800460,XP_056309351,5.185604095458984e-06,esm2_t33_650M_UR50D
XP_001921020,XP_056309351,5.185604095458984e-06,esm2_t33_650M_UR50D
XP_021332522,XP_056316113,3.039836883544922e-06,esm2_t33_650M_UR50D
XP_009301470,XP_056317632,3.337860107421875e-06,esm2_t33_650M_UR50D
NP_001019600,XP_056323966,4.410743713378906e-06,esm2_t33_650M_UR50D
XP_073806684,XP_056313419,5.543231964111328e-06,esm2_t33_650M_UR50D
XP_009295129,XP_056327170,4.291534423828125e-06,esm2_t33_650M_UR50D
NP_001300770,XP_056314296,6.556510925292969e-07,esm2_t33_650M_UR50D
XP_005163697,XP_056302037,4.172325134277344e-06,esm2_t33_650M_UR50D
XP_005169340,XP_056324030,1.6093254089355469e-06,esm2_t33_650M_UR50D
XP_005170056,XP_056336158,0.0,esm2_t33_650M_UR50D
XP_005159024,XP_056333181,5.960464477539063e-08,esm2_t33_650M_UR50D
NP_001003494,XP_056331685,-1.1920928955078125e-07,esm2_t33_650M_UR50D
XP_005173695,XP_056334480,0.0,esm2_t33_650M_UR50D
NP_001006087,XP_056325989,-1.1920928955078125e-07,esm2_t33_650M_UR50D
NP_001034926,XP_056325599,0.00023573637008666992,esm2_t33_650M_UR50D
NP_001038787,XP_056308208,1.1920928955078125e-07,esm2_t33_650M_UR50D
XP_021332966,XP_056316465,0.0,esm2_t33_650M_UR50D
XP_073794851,XP_056305798,-1.1920928955078125e-07,esm2_t33_650M_UR50D
XP_073798357,XP_056318060,0.0,esm2_t33_650M_UR50D
NP_001002519,XP_056313007,0.0,esm2_t33_650M_UR50D
NP_998516,XP_056329407,0.0,esm2_t33_650M_UR50D
NP_001373648,XP_056318483,0.0,esm2_t33_650M_UR50D
NP_956376,XP_056337219,0.0,esm2_t33_650M_UR50D
NP_957191,XP_056312188,0.0,esm2_t33_650M_UR50D
NP_001032320,XP_056304066,0.0,esm2_t33_650M_UR50D
XP_017208628,XP_056304067,0.0,esm2_t33_650M_UR50D
XP_009296449,XP_056307639,-1.1920928955078125e-07,esm2_t33_650M_UR50D
XP_009292978,XP_056301423,0.0,esm2_t33_650M_UR50D
NP_001019591,XP_056303061,0.0,esm2_t33_650M_UR50D
XP_073795877,XP_056305951,0.0,esm2_t33_650M_UR50D
NP_001071211,XP_056307497,0.0,esm2_t33_650M_UR50D
NP_001373678,XP_056316899,5.960464477539063e-08,esm2_t33_650M_UR50D
NP_001307335,XP_056324910,5.960464477539063e-08,esm2_t33_650M_UR50D
NP_956239,XP_056319045,1.1920928955078125e-07,esm2_t33_650M_UR50D
XP_073796658,XP_056306415,0.0,esm2_t33_650M_UR50D
XP_021333835,XP_056319525,0.0,esm2_t33_650M_UR50D
XP_005162697,XP_056307004,0.0,esm2_t33_650M_UR50D
NP_001373579,XP_056318488,-1.1920928955078125e-07,esm2_t33_650M_UR50D
NP_001410239,XP_056316894,5.960464477539063e-08,esm2_t33_650M_UR50D
XP_005160093,XP_056312651,-1.1920928955078125e-07,esm2_t33_650M_UR50D
XP_073799540,XP_056312889,-1.1920928955078125e-07,esm2_t33_650M_UR50D
XP_073799484,XP_056316909,-1.1920928955078125e-07,esm2_t33_650M_UR50D
NP_001373579,XP_056318492,-1.1920928955078125e-07,esm2_t33_650M_UR50D
XP_017209642,XP_056316909,-1.1920928955078125e-07,esm2_t33_650M_UR50D
NP_001099176,XP_056308344,-1.1920928955078125e-07,esm2_t33_650M_UR50D
NP_001083038,XP_056308342,-1.1920928955078125e-07,esm2_t33_650M_UR50D
NP_001373604,XP_056316916,-1.1920928955078125e-07,esm2_t33_650M_UR50D
NP_001107268,XP_056332702,0.0,esm2_t33_650M_UR50D
XP_073792592,XP_056304068,1.1920928955078125e-07,esm2_t33_650M_UR50D
NP_001013489,XP_056328513,-1.1920928955078125e-07,esm2_t33_650M_UR50D
XP_073799484,XP_056316911,-1.1920928955078125e-07,esm2_t33_650M_UR50D
XP_009301164,XP_056318491,-1.1920928955078125e-07,esm2_t33_650M_UR50D
XP_005164636,XP_056311938,-1.1920928955078125e-07,esm2_t33_650M_UR50D
NP_001083038,XP_056316912,-1.1920928955078125e-07,esm2_t33_650M_UR50D
NP_001093643,XP_056316892,5.960464477539063e-08,esm2_t33_650M_UR50D
NP_956840,XP_056329506,0.0,esm2_t33_650M_UR50D
XP_002662243,XP_056316916,-1.1920928955078125e-07,esm2_t33_650M_UR50D
XP_002666964,XP_056316912,-1.1920928955078125e-07,esm2_t33_650M_UR50D
XP_073786745,XP_056335510,0.0,esm2_t33_650M_UR50D
XP_009301181,XP_056318489,-1.1920928955078125e-07,esm2_t33_650M_UR50D
XP_021334846,XP_056323087,-1.1920928955078125e-07,esm2_t33_650M_UR50D
XP_073794656,XP_056304797,-1.1920928955078125e-07,esm2_t33_650M_UR50D
XP_688359,XP_056318100,0.0,esm2_t33_650M_UR50D
NP_001025171,XP_056329507,0.0,esm2_t33_650M_UR50D
NP_997774,XP_056320548,1.1920928955078125e-07,esm2_t33_650M_UR50D
NP_999868,XP_056301706,0.0,esm2_t33_650M_UR50D
NP_997859,XP_056311844,5.960464477539063e-08,esm2_t33_650M_UR50D
NP_571338,XP_056335427,5.960464477539063e-08,esm2_t33_650M_UR50D
NP_001002152,XP_056319472,0.0,esm2_t33_650M_UR50D
XP_009291805,XP_056333801,0.0,esm2_t33_650M_UR50D
NP_571291,XP_056330354,-1.1920928955078125e-07,esm2_t33_650M_UR50D
NP_998200,XP_056309447,-1.1920928955078125e-07,esm2_t33_650M_UR50D
NP_998643,XP_056313486,0.0,esm2_t33_650M_UR50D
XP_073808506,XP_056315114,1.1920928955078125e-07,esm2_t33_650M_UR50D
NP_001002079,XP_056318796,0.0,esm2_t33_650M_UR50D
XP_073805830,XP_056313995,-1.1920928955078125e-07,esm2_t33_650M_UR50D
NP_956228,XP_056314574,-1.1920928955078125e-07,esm2_t33_650M_UR50D
XP_005170626,XP_056305859,0.0,esm2_t33_650M_UR50D
XP_001339262,XP_056328028,-1.1920928955078125e-07,esm2_t33_650M_UR50D
XP_073801676,XP_056311498,5.960464477539063e-08,esm2_t33_650M_UR50D
NP_001315436,XP_056306361,0.0,esm2_t33_650M_UR50D
NP_001159626,XP_056327787,-1.1920928955078125e-07,esm2_t33_650M_UR50D
NP_957424,XP_056309301,0.0,esm2_t33_650M_UR50D
XP_021334608,XP_056331599,0.0,esm2_t33_650M_UR50D
NP_001004672,XP_056318823,0.0,esm2_t33_650M_UR50D
XP_073788666,XP_056337621,0.0,esm2_t33_650M_UR50D
NP_001373300,XP_056316902,0.0,esm2_t33_650M_UR50D
NP_001002708,XP_056315045,0.0,esm2_t33_650M_UR50D
NP_001003755,XP_056307633,0.0,esm2_t33_650M_UR50D
XP_683865,XP_056309606,5.960464477539063e-08,esm2_t33_650M_UR50D
XP_003201047,XP_056303927,1.1920928955078125e-07,esm2_t33_650M_UR50D
XP_009304940,XP_056317371,5.960464477539063e-08,esm2_t33_650M_UR50D
XP_005167867,XP_056321585,0.0,esm2_t33_650M_UR50D
XP_021335874,XP_056336651,0.0,esm2_t33_650M_UR50D
NP_955842,XP_056323158,-1.1920928955078125e-07,esm2_t33_650M_UR50D
NP_997745,XP_056304103,1.1920928955078125e-07,esm2_t33_650M_UR50D
XP_017207140,XP_056333340,-1.1920928955078125e-07,esm2_t33_650M_UR50D
XP_017209293,XP_056306361,0.0,esm2_t33_650M_UR50D
NP_991120,XP_056331593,0.0,esm2_t33_650M_UR50D
NP_001417902,XP_056317398,0.0,esm2_t33_650M_UR50D
XP_009292216,XP_056336065,0.0,esm2_t33_650M_UR50D
NP_001002061,XP_056309531,5.960464477539063e-08,esm2_t33_650M_UR50D
NP_001002397,XP_056334337,0.0,esm2_t33_650M_UR50D
NP_001007399,XP_056333477,1.1920928955078125e-07,esm2_t33_650M_UR50D
NP_956796,XP_056315389,-1.1920928955078125e-07,esm2_t33_650M_UR50D
NP_001070182,XP_056301898,5.960464477539063e-08,esm2_t33_650M_UR50D
NP_942113,XP_056331228,-1.1920928955078125e-07,esm2_t33_650M_UR50D
XP_009289352,XP_056327699,-1.1920928955078125e-07,esm2_t33_650M_UR50D
XP_689050,XP_056329641,5.960464477539063e-08,esm2_t33_650M_UR50D
NP_001009898,XP_056313311,0.0,esm2_t33_650M_UR50D
NP_001013481,XP_056316907,0.0,esm2_t33_650M_UR50D
XP_005158227,XP_056331482,5.960464477539063e-08,esm2_t33_650M_UR50D
NP_001015058,XP_056325466,0.0,esm2_t33_650M_UR50D
XP_002663478,XP_056321954,1.1920928955078125e-07,esm2_t33_650M_UR50D
NP_001037783,XP_056327271,0.0,esm2_t33_650M_UR50D
NP_571255,XP_056314443,0.0,esm2_t33_650M_UR50D
NP_991254,XP_056319402,0.0,esm2_t33_650M_UR50D
XP_009303285,XP_056321953,0.0,esm2_t33_650M_UR50D
XP_005159468,XP_056335580,0.0,esm2_t33_650M_UR50D
XP_009296895,XP_056333596,0.0,esm2_t33_650M_UR50D
XP_005156465,XP_056324948,0.0,esm2_t33_650M_UR50D
NP_998415,XP_056326033,0.0,esm2_t33_650M_UR50D
NP_998142,XP_056308914,1.1920928955078125e-07,esm2_t33_650M_UR50D
XP_005163564,XP_056333580,0.0,esm2_t33_650M_UR50D
XP_002666990,XP_056316907,0.0,esm2_t33_650M_UR50D
XP_005163563,XP_056333580,0.0,esm2_t33_650M_UR50D
XP_073794291,XP_056329234,0.0,esm2_t33_650M_UR50D
XP_005174365,XP_056308236,-1.1920928955078125e-07,esm2_t33_650M_UR50D
NP_956297,XP_056308304,0.0,esm2_t33_650M_UR50D
NP_001289715,XP_056302564,0.0,esm2_t33_650M_UR50D
XP_691726,XP_056331575,5.960464477539063e-08,esm2_t33_650M_UR50D
