zebrafish_id,aescallii_id,plm_cosine_distance,selection_reasons,target_name,in_stratified,in_top,in_random,in_target
XP_073800755,XP_056308722,0.707825094461441,top,,False,True,False,False
XP_073802884,XP_056312358,0.5321629047393799,top,,False,True,False,False
XP_073799587,XP_056316887,0.2925274968147278,top,,False,True,False,False
XP_005162934,XP_056306558,0.2890889048576355,top,,False,True,False,False
NP_001020468,XP_056306558,0.2887305021286011,top,,False,True,False,False
XP_073796138,XP_056306558,0.2887305021286011,top,,False,True,False,False
XP_073805509,XP_056317440,0.2684953808784485,top,,False,True,False,False
XP_073805507,XP_056317440,0.265969455242157,top,,False,True,False,False
XP_073805506,XP_056317440,0.2643866539001465,top,,False,True,False,False
NP_001098605,XP_056321319,0.2318271398544311,top,,False,True,False,False
XP_005162934,XP_056307122,0.2180123329162597,top,,False,True,False,False
NP_001020468,XP_056307122,0.2173510789871215,stratified;top,,True,True,False,False
XP_073796138,XP_056307122,0.2173510789871215,top,,False,True,False,False
NP_001077333,XP_056322046,0.2167057991027832,top,,False,True,False,False
XP_073795535,XP_056305543,0.1898771524429321,top,,False,True,False,False
XP_073789377,XP_056336569,0.1705944538116455,top,,False,True,False,False
XP_073789379,XP_056336569,0.1691216826438903,top,,False,True,False,False
XP_073789378,XP_056336569,0.1686418652534485,top,,False,True,False,False
XP_073789376,XP_056336569,0.1681166291236877,top,,False,True,False,False
XP_073789375,XP_056336569,0.1681166291236877,top,,False,True,False,False
XP_073799314,XP_056307366,0.1577844023704528,top,,False,True,False,False
XP_073810441,XP_056316142,0.1450013518333435,top,,False,True,False,False
NP_001035388,XP_056302862,0.1441215276718139,top,,False,True,False,False
XP_073806762,XP_056314267,0.143060564994812,top,,False,True,False,False
XP_073806743,XP_056309459,0.1408203840255737,top,,False,True,False,False
XP_073806762,XP_056314268,0.1400843858718872,top,,False,True,False,False
XP_073794610,XP_056304885,0.1398321986198425,top,,False,True,False,False
XP_073794611,XP_056304885,0.1398321986198425,top,,False,True,False,False
XP_073794604,XP_056304885,0.1398321986198425,top,,False,True,False,False
XP_073794605,XP_056304885,0.1398321986198425,top;random,,False,True,True,False
XP_073794608,XP_056304885,0.1398321986198425,top,,False,True,False,False
XP_073794606,XP_056304885,0.1398321986198425,top,,False,True,False,False
XP_073794609,XP_056304885,0.1398321986198425,top,,False,True,False,False
XP_073794603,XP_056304885,0.1398321986198425,top,,False,True,False,False
XP_073801131,XP_056310103,0.1385478973388672,top,,False,True,False,False
XP_073801132,XP_056310103,0.1385478973388672,top,,False,True,False,False
XP_073794615,XP_056304882,0.1365087032318115,top,,False,True,False,False
XP_073794618,XP_056304882,0.1365087032318115,top,,False,True,False,False
XP_073794616,XP_056304882,0.1365087032318115,top,,False,True,False,False
XP_073794613,XP_056304882,0.1365087032318115,top,,False,True,False,False
XP_073794614,XP_056304882,0.1365087032318115,top,,False,True,False,False
XP_073794597,XP_056304882,0.1365087032318115,top,,False,True,False,False
XP_073794596,XP_056304882,0.1365087032318115,top,,False,True,False,False
XP_073794598,XP_056304882,0.1365087032318115,top,,False,True,False,False
XP_073794602,XP_056304882,0.1365087032318115,top,,False,True,False,False
XP_073794612,XP_056304882,0.1365087032318115,top,,False,True,False,False
XP_073794600,XP_056304882,0.1365087032318115,top,,False,True,False,False
XP_073794601,XP_056304882,0.1365087032318115,top,,False,True,False,False
XP_073794599,XP_056304882,0.1365087032318115,top,,False,True,False,False
XP_073794593,XP_056304882,0.1365087032318115,top,,False,True,False,False
XP_073794594,XP_056304882,0.1365087032318115,top,,False,True,False,False
XP_073794595,XP_056304882,0.1365087032318115,top,,False,True,False,False
XP_073794617,XP_056304884,0.1351547241210937,top,,False,True,False,False
XP_073794602,XP_056304884,0.1351547241210937,top,,False,True,False,False
XP_073794612,XP_056304884,0.1351547241210937,top,,False,True,False,False
XP_073794616,XP_056304884,0.1351547241210937,top,,False,True,False,False
XP_073794594,XP_056304884,0.1351547241210937,top,,False,True,False,False
XP_073794615,XP_056304884,0.1351547241210937,top,,False,True,False,False
XP_073794618,XP_056304884,0.1351547241210937,top,,False,True,False,False
XP_073794614,XP_056304884,0.1351547241210937,top,,False,True,False,False
XP_073794598,XP_056304884,0.1351547241210937,top,,False,True,False,False
XP_073794599,XP_056304884,0.1351547241210937,top,,False,True,False,False
XP_073794595,XP_056304884,0.1351547241210937,top,,False,True,False,False
XP_073794613,XP_056304884,0.1351547241210937,top,,False,True,False,False
XP_073794600,XP_056304884,0.1351547241210937,top,,False,True,False,False
XP_073794596,XP_056304884,0.1351547241210937,top,,False,True,False,False
XP_073794601,XP_056304884,0.1351547241210937,top,,False,True,False,False
XP_073794597,XP_056304884,0.1351547241210937,top,,False,True,False,False
XP_073794593,XP_056304884,0.1351547241210937,top,,False,True,False,False
XP_073794616,XP_056304883,0.1334024667739868,top,,False,True,False,False
XP_073794615,XP_056304883,0.1334024667739868,top,,False,True,False,False
XP_073794614,XP_056304883,0.1334024667739868,top,,False,True,False,False
XP_073794617,XP_056304883,0.1334024667739868,top,,False,True,False,False
XP_073794598,XP_056304883,0.1334024667739868,top,,False,True,False,False
XP_073794593,XP_056304883,0.1334024667739868,stratified;top,,True,True,False,False
XP_073794602,XP_056304883,0.1334024667739868,top,,False,True,False,False
XP_073794597,XP_056304883,0.1334024667739868,top,,False,True,False,False
XP_073794599,XP_056304883,0.1334024667739868,top,,False,True,False,False
XP_073794596,XP_056304883,0.1334024667739868,top,,False,True,False,False
XP_073794594,XP_056304883,0.1334024667739868,stratified;top,,True,True,False,False
XP_073794600,XP_056304883,0.1334024667739868,top,,False,True,False,False
XP_073794601,XP_056304883,0.1334024667739868,top,,False,True,False,False
XP_073794612,XP_056304883,0.1334024667739868,top,,False,True,False,False
XP_073794595,XP_056304883,0.1334024667739868,top,,False,True,False,False
XP_073794613,XP_056304883,0.1334024667739868,top,,False,True,False,False
XP_073801132,XP_056310102,0.1316596865653991,top,,False,True,False,False
XP_073801131,XP_056310102,0.1316596865653991,top,,False,True,False,False
XP_073794594,XP_056304881,0.1304373741149902,top,,False,True,False,False
XP_073794597,XP_056304880,0.1304373741149902,top,,False,True,False,False
XP_073794602,XP_056304880,0.1304373741149902,stratified;top,,True,True,False,False
XP_073794612,XP_056304881,0.1304373741149902,top,,False,True,False,False
XP_073794593,XP_056304881,0.1304373741149902,top,,False,True,False,False
XP_073794614,XP_056304881,0.1304373741149902,top,,False,True,False,False
XP_073794614,XP_056304880,0.1304373741149902,top,,False,True,False,False
XP_073794616,XP_056304880,0.1304373741149902,top,,False,True,False,False
XP_073794617,XP_056304880,0.1304373741149902,stratified;top,,True,True,False,False
XP_073794617,XP_056304881,0.1304373741149902,top,,False,True,False,False
XP_073794615,XP_056304880,0.1304373741149902,top,,False,True,False,False
XP_073794616,XP_056304881,0.1304373741149902,top,,False,True,False,False
XP_073794601,XP_056304881,0.1304373741149902,top,,False,True,False,False
XP_073794598,XP_056304880,0.1304373741149902,top,,False,True,False,False
XP_073794596,XP_056304881,0.1304373741149902,top,,False,True,False,False
XP_073794601,XP_056304880,0.1304373741149902,top,,False,True,False,False
XP_073794602,XP_056304881,0.1304373741149902,top,,False,True,False,False
XP_073794598,XP_056304881,0.1304373741149902,stratified;top,,True,True,False,False
XP_073794597,XP_056304881,0.1304373741149902,top,,False,True,False,False
XP_073794599,XP_056304880,0.1304373741149902,top,,False,True,False,False
XP_073794596,XP_056304880,0.1304373741149902,top,,False,True,False,False
XP_073794600,XP_056304881,0.1304373741149902,top,,False,True,False,False
XP_073794600,XP_056304880,0.1304373741149902,top,,False,True,False,False
XP_073794593,XP_056304880,0.1304373741149902,top,,False,True,False,False
XP_073794599,XP_056304881,0.1304373741149902,top,,False,True,False,False
XP_073794594,XP_056304880,0.1304373741149902,top,,False,True,False,False
XP_073794595,XP_056304880,0.1304373741149902,top,,False,True,False,False
XP_073794595,XP_056304881,0.1304373741149902,top,,False,True,False,False
XP_073794613,XP_056304880,0.1304373741149902,top,,False,True,False,False
XP_073794615,XP_056304881,0.1304373741149902,top,,False,True,False,False
XP_073794612,XP_056304880,0.1304373741149902,top,,False,True,False,False
XP_073794613,XP_056304881,0.1304373741149902,top,,False,True,False,False
XP_073794615,XP_056304886,0.1295089721679687,top,,False,True,False,False
XP_073794614,XP_056304886,0.1295089721679687,top,,False,True,False,False
XP_073794618,XP_056304886,0.1295089721679687,top,,False,True,False,False
XP_073794616,XP_056304886,0.1295089721679687,top,,False,True,False,False
XP_073794602,XP_056304886,0.1295089721679687,top,,False,True,False,False
XP_073794593,XP_056304886,0.1295089721679687,top,,False,True,False,False
XP_073794613,XP_056304886,0.1295089721679687,top,,False,True,False,False
XP_073794599,XP_056304886,0.1295089721679687,top,,False,True,False,False
XP_073794595,XP_056304886,0.1295089721679687,top,,False,True,False,False
XP_073794598,XP_056304886,0.1295089721679687,top,,False,True,False,False
XP_073794617,XP_056304886,0.1295089721679687,top,,False,True,False,False
XP_073794612,XP_056304886,0.1295089721679687,top,,False,True,False,False
XP_073794594,XP_056304886,0.1295089721679687,top,,False,True,False,False
XP_073794601,XP_056304886,0.1295089721679687,top,,False,True,False,False
XP_073794600,XP_056304886,0.1295089721679687,top,,False,True,False,False
XP_073794596,XP_056304886,0.1295089721679687,top,,False,True,False,False
XP_073794597,XP_056304886,0.1295089721679687,top,,False,True,False,False
XP_073795758,XP_056304665,0.1294261813163757,top,,False,True,False,False
XP_073803197,XP_056311848,0.1287579536437988,top,,False,True,False,False
XP_073804780,XP_056310948,0.1199256777763366,top,,False,True,False,False
XP_005172209,XP_056318564,0.1181472539901733,top,,False,True,False,False
XP_005161694,XP_056303766,0.1107110381126403,top,,False,True,False,False
NP_001170806,XP_056313328,0.10554701089859,top,,False,True,False,False
NP_001107111,XP_056308382,0.104275107383728,top,,False,True,False,False
XP_699087,XP_056307214,0.1039884686470031,top,,False,True,False,False
XP_073803335,XP_056311413,0.1026497483253479,top,,False,True,False,False
XP_073803336,XP_056311413,0.1026497483253479,top,,False,True,False,False
XP_073803337,XP_056311413,0.1026497483253479,top,,False,True,False,False
XP_073803335,XP_056311412,0.1023929119110107,stratified;top,,True,True,False,False
XP_073803336,XP_056311412,0.1023929119110107,top,,False,True,False,False
XP_073803337,XP_056311412,0.1023929119110107,top,,False,True,False,False
XP_073792923,XP_056303811,0.1016167998313903,top,,False,True,False,False
XP_073792923,XP_056303810,0.1013765335083007,top,,False,True,False,False
XP_073803337,XP_056311414,0.101044476032257,top,,False,True,False,False
XP_073803336,XP_056311414,0.101044476032257,top,,False,True,False,False
XP_073803335,XP_056311414,0.101044476032257,top,,False,True,False,False
XP_073794998,XP_056305354,0.1001971960067749,top,,False,True,False,False
XP_073794997,XP_056305354,0.1001971960067749,top,,False,True,False,False
XP_073803334,XP_056311411,0.0998194813728332,stratified;top,,True,True,False,False
XP_073803334,XP_056311408,0.0995818972587585,top,,False,True,False,False
XP_073794997,XP_056305355,0.0994977951049804,top,,False,True,False,False
XP_073794998,XP_056305355,0.0994977951049804,top,,False,True,False,False
XP_073803334,XP_056311409,0.0991847515106201,top,,False,True,False,False
XP_697727,XP_056332436,0.0985206961631774,top,,False,True,False,False
XP_073795180,XP_056304941,0.098419189453125,top,,False,True,False,False
XP_073807185,XP_056314718,0.0974858999252319,top,,False,True,False,False
XP_073807186,XP_056314718,0.0974858999252319,stratified;top,,True,True,False,False
XP_073795178,XP_056304941,0.0974751710891723,top,,False,True,False,False
XP_073795179,XP_056304941,0.0974751710891723,top,,False,True,False,False
XP_073795177,XP_056304941,0.0974751710891723,top,,False,True,False,False
XP_073803334,XP_056311410,0.0968682765960693,top,,False,True,False,False
XP_073795177,XP_056304940,0.0964997410774231,top;random,,False,True,True,False
XP_073795178,XP_056304940,0.0964997410774231,top,,False,True,False,False
XP_073795179,XP_056304940,0.0964997410774231,top,,False,True,False,False
XP_073795178,XP_056304938,0.096393883228302,top,,False,True,False,False
XP_073795178,XP_056304939,0.096393883228302,stratified;top,,True,True,False,False
XP_073795177,XP_056304938,0.096393883228302,top,,False,True,False,False
XP_073795179,XP_056304938,0.096393883228302,top,,False,True,False,False
XP_073795179,XP_056304939,0.096393883228302,top,,False,True,False,False
XP_073795177,XP_056304939,0.096393883228302,top,,False,True,False,False
XP_068068931,XP_056327439,0.0940101146697998,top,,False,True,False,False
XP_005156868,XP_056327439,0.0940101146697998,top,,False,True,False,False
NP_999947,XP_056327439,0.0937607288360595,top,,False,True,False,False
NP_001108575,XP_056308382,0.0934056639671325,top,,False,True,False,False
XP_073794997,XP_056305356,0.0933619141578674,stratified;top,,True,True,False,False
XP_073794998,XP_056305356,0.0933619141578674,top,,False,True,False,False
NP_001005950,XP_056325645,0.0911903977394104,top,,False,True,False,False
NP_001035450,XP_056301966,0.0887117981910705,top,,False,True,False,False
XP_073788352,XP_056305304,0.0884963274002075,top,,False,True,False,False
XP_073794974,XP_056304857,0.0873368382453918,top,,False,True,False,False
XP_073794993,XP_056304857,0.0873368382453918,top,,False,True,False,False
XP_073794988,XP_056304857,0.0873368382453918,top,,False,True,False,False
XP_073794990,XP_056304857,0.0873368382453918,top,,False,True,False,False
XP_073794995,XP_056304857,0.0873368382453918,top,,False,True,False,False
XP_073794994,XP_056304857,0.0873368382453918,top,,False,True,False,False
XP_073794978,XP_056304857,0.0873368382453918,top,,False,True,False,False
XP_073794991,XP_056304857,0.0873368382453918,top,,False,True,False,False
XP_073794987,XP_056304857,0.0872653722763061,top,,False,True,False,False
XP_073794983,XP_056304857,0.0872653722763061,top,,False,True,False,False
XP_073794984,XP_056304857,0.0872653722763061,top,,False,True,False,False
XP_073794968,XP_056304857,0.0872653722763061,top,,False,True,False,False
XP_073794996,XP_056304857,0.0872653722763061,top,,False,True,False,False
XP_073794992,XP_056304857,0.0872653722763061,top,,False,True,False,False
XP_073794986,XP_056304857,0.0872653722763061,top,,False,True,False,False
XP_073794976,XP_056304857,0.0872653722763061,top,,False,True,False,False
XP_073794989,XP_056304857,0.0872653722763061,top,,False,True,False,False
XP_073794981,XP_056304857,0.0862061381340026,top,,False,True,False,False
XP_073794964,XP_056304857,0.0862061381340026,top,,False,True,False,False
XP_073794977,XP_056304857,0.0862061381340026,top,,False,True,False,False
XP_073794962,XP_056304857,0.0862061381340026,top,,False,True,False,False
XP_073794970,XP_056304857,0.0862061381340026,top,,False,True,False,False
XP_073794972,XP_056304857,0.0862061381340026,top,,False,True,False,False
XP_073794963,XP_056304857,0.0861937999725341,stratified;top,,True,True,False,False
XP_073794985,XP_056304857,0.0861937999725341,top,,False,True,False,False
XP_073797517,XP_056306431,0.0861071348190307,top,,False,True,False,False
XP_073797519,XP_056306431,0.0861071348190307,top,,False,True,False,False
XP_073794973,XP_056304857,0.0860631465911865,top,,False,True,False,False
XP_073794975,XP_056304857,0.0860631465911865,top,,False,True,False,False
XP_073794971,XP_056304857,0.0860631465911865,top,,False,True,False,False
XP_073794967,XP_056304857,0.0860631465911865,top,,False,True,False,False
XP_073794979,XP_056304857,0.0860631465911865,top,,False,True,False,False
XP_073794965,XP_056304857,0.0860631465911865,top,,False,True,False,False
XP_073794953,XP_056304857,0.0860423445701599,top,,False,True,False,False
XP_073794969,XP_056304857,0.0859398245811462,top,,False,True,False,False
XP_073794980,XP_056304857,0.0859398245811462,top,,False,True,False,False
XP_073794966,XP_056304857,0.0859398245811462,top,,False,True,False,False
XP_073794961,XP_056304857,0.0859398245811462,top,,False,True,False,False
XP_073797512,XP_056306428,0.0855064392089843,top,,False,True,False,False
XP_073797516,XP_056306428,0.0855064392089843,top,,False,True,False,False
XP_073797514,XP_056306428,0.0855064392089843,top,,False,True,False,False
XP_073797515,XP_056306428,0.0855064392089843,top,,False,True,False,False
XP_073797511,XP_056306428,0.0855064392089843,top,,False,True,False,False
XP_073797513,XP_056306428,0.0855064392089843,top,,False,True,False,False
XP_073794951,XP_056304857,0.0851898193359375,top,,False,True,False,False
XP_073794956,XP_056304857,0.0851898193359375,top,,False,True,False,False
XP_073797513,XP_056306429,0.0849144458770752,top,,False,True,False,False
XP_073797511,XP_056306429,0.0849144458770752,top,,False,True,False,False
XP_073797512,XP_056306429,0.0849144458770752,top,,False,True,False,False
XP_073797514,XP_056306429,0.0849144458770752,top,,False,True,False,False
XP_073797515,XP_056306429,0.0849144458770752,top,,False,True,False,False
XP_073797516,XP_056306429,0.0849144458770752,top,,False,True,False,False
XP_073794958,XP_056304857,0.0847650170326232,top,,False,True,False,False
XP_073794955,XP_056304857,0.0847650170326232,top,,False,True,False,False
XP_073794952,XP_056304857,0.0847650170326232,top,,False,True,False,False
XP_073794954,XP_056304857,0.0847650170326232,top,,False,True,False,False
XP_073794957,XP_056304857,0.0847650170326232,top;random,,False,True,True,False
XP_073794949,XP_056304857,0.0847650170326232,top,,False,True,False,False
XP_073794960,XP_056304857,0.0847650170326232,top,,False,True,False,False
XP_073797516,XP_056306433,0.0845875144004821,top,,False,True,False,False
XP_073797512,XP_056306433,0.0845875144004821,top,,False,True,False,False
XP_073797511,XP_056306433,0.0845875144004821,top,,False,True,False,False
XP_073797513,XP_056306433,0.0845875144004821,top,,False,True,False,False
XP_073797515,XP_056306433,0.0845875144004821,top,,False,True,False,False
XP_073797514,XP_056306433,0.0845875144004821,top,,False,True,False,False
XP_073794950,XP_056304857,0.0845162868499755,top,,False,True,False,False
XP_073797512,XP_056306430,0.0841808319091796,top,,False,True,False,False
XP_073797514,XP_056306430,0.0841808319091796,top,,False,True,False,False
XP_073797513,XP_056306430,0.0841808319091796,top,,False,True,False,False
XP_073797516,XP_056306430,0.0841808319091796,top,,False,True,False,False
XP_073797515,XP_056306430,0.0841808319091796,top,,False,True,False,False
XP_073797511,XP_056306430,0.0841808319091796,top,,False,True,False,False
XP_073797516,XP_056306425,0.0837839245796203,top,,False,True,False,False
XP_073797515,XP_056306425,0.0837839245796203,top,,False,True,False,False
XP_073797512,XP_056306425,0.0837839245796203,top,,False,True,False,False
XP_073797511,XP_056306425,0.0837839245796203,top,,False,True,False,False
XP_073797514,XP_056306425,0.0837839245796203,top,,False,True,False,False
XP_073797513,XP_056306425,0.0837839245796203,stratified;top,,True,True,False,False
XP_073797515,XP_056306427,0.0835123658180236,top,,False,True,False,False
XP_073797516,XP_056306427,0.0835123658180236,top,,False,True,False,False
XP_073797514,XP_056306427,0.0835123658180236,top,,False,True,False,False
XP_073797513,XP_056306427,0.0835123658180236,top,,False,True,False,False
XP_073797512,XP_056306427,0.0835123658180236,top,,False,True,False,False
XP_073797511,XP_056306427,0.0835123658180236,top,,False,True,False,False
XP_073797514,XP_056306426,0.0834413766860961,top,,False,True,False,False
XP_073797516,XP_056306426,0.0834413766860961,top,,False,True,False,False
XP_073797515,XP_056306426,0.0834413766860961,top,,False,True,False,False
XP_073797511,XP_056306426,0.0834413766860961,top,,False,True,False,False
XP_073797512,XP_056306426,0.0834413766860961,top,,False,True,False,False
XP_073797513,XP_056306426,0.0834413766860961,top,,False,True,False,False
XP_073808700,XP_056315576,0.0832992196083068,top,,False,True,False,False
XP_073808702,XP_056315576,0.0832992196083068,top,,False,True,False,False
XP_073808701,XP_056315576,0.0832992196083068,top,,False,True,False,False
XP_073808699,XP_056315576,0.0832992196083068,top,,False,True,False,False
NP_001007283,XP_056302248,0.0821014046669006,top,,False,True,False,False
XP_073800243,XP_056305128,0.0815737843513488,top,,False,True,False,False
XP_073804780,XP_056310941,0.0814162492752075,top,,False,True,False,False
XP_073804780,XP_056310942,0.0814162492752075,stratified;top,,True,True,False,False
XP_073804780,XP_056310943,0.0814162492752075,top,,False,True,False,False
XP_073804780,XP_056310940,0.0814162492752075,top,,False,True,False,False
XP_073804780,XP_056310945,0.0814162492752075,top,,False,True,False,False
XP_009292899,XP_056337466,0.0802130103111267,top,,False,True,False,False
XP_073789832,XP_056336618,0.0801549553871154,stratified;top,,True,True,False,False
XP_073789833,XP_056336618,0.0801549553871154,top,,False,True,False,False
XP_073789830,XP_056336618,0.0801549553871154,top,,False,True,False,False
XP_073789831,XP_056336618,0.0801549553871154,top,,False,True,False,False
XP_003201252,XP_056304607,0.0801477432250976,top,,False,True,False,False
NP_001038622,XP_056337466,0.0798884630203247,top,,False,True,False,False
XP_009295192,XP_056304607,0.0798181295394897,top,,False,True,False,False
XP_017206475,XP_056330047,0.0789790153503418,top,,False,True,False,False
NP_001293035,XP_056301481,0.0788373947143554,top,,False,True,False,False
XP_073806316,XP_056313146,0.0777940154075622,top,,False,True,False,False
XP_073806299,XP_056313146,0.0777109861373901,top,,False,True,False,False
NP_991182,XP_056306006,0.0776094794273376,top,,False,True,False,False
XP_073806310,XP_056313146,0.0772388577461242,top,,False,True,False,False
XP_073806302,XP_056313146,0.0767862200736999,top,,False,True,False,False
XP_073806313,XP_056313146,0.0767342448234558,top,,False,True,False,False
XP_073806304,XP_056313146,0.0767340660095214,top,,False,True,False,False
XP_073806329,XP_056313146,0.0750657320022583,top,,False,True,False,False
XP_073806324,XP_056313146,0.0742865800857544,top,,False,True,False,False
XP_073806325,XP_056313146,0.0735670328140258,top,,False,True,False,False
XP_073797231,XP_056307207,0.0724965929985046,top,,False,True,False,False
NP_001417763,XP_056318168,0.0713728666305542,top,,False,True,False,False
XP_021336792,XP_056328313,0.067870020866394,top,,False,True,False,False
XP_021336793,XP_056328313,0.067870020866394,top,,False,True,False,False
NP_001231965,XP_056311338,0.0655968189239502,top,,False,True,False,False
XP_073794903,XP_056305469,0.064462125301361,top,,False,True,False,False
XP_073805227,XP_056320045,0.0639494657516479,top,,False,True,False,False
XP_073805226,XP_056320045,0.0639494657516479,top,,False,True,False,False
XP_073802941,XP_056312376,0.0636096000671386,top,,False,True,False,False
XP_073805226,XP_056320063,0.0632064938545227,top,,False,True,False,False
XP_073805227,XP_056320063,0.0632064938545227,top,,False,True,False,False
XP_073790413,XP_056302875,0.0620425343513488,top,,False,True,False,False
XP_073790398,XP_056302875,0.0620425343513488,top,,False,True,False,False
XP_073790413,XP_056302874,0.0620425343513488,top,,False,True,False,False
XP_073790414,XP_056302874,0.0620425343513488,top,,False,True,False,False
XP_073790411,XP_056302875,0.0620425343513488,top,,False,True,False,False
XP_073790412,XP_056302874,0.0620425343513488,top,,False,True,False,False
XP_073790414,XP_056302875,0.0620425343513488,top,,False,True,False,False
XP_073790399,XP_056302874,0.0620425343513488,top,,False,True,False,False
XP_073790398,XP_056302874,0.0620425343513488,top,,False,True,False,False
XP_073790400,XP_056302875,0.0620425343513488,top,,False,True,False,False
XP_073790399,XP_056302875,0.0620425343513488,top,,False,True,False,False
XP_073790400,XP_056302874,0.0620425343513488,top,,False,True,False,False
XP_073790397,XP_056302875,0.0620425343513488,top,,False,True,False,False
XP_073790412,XP_056302875,0.0620425343513488,top,,False,True,False,False
XP_073790411,XP_056302874,0.0620425343513488,top,,False,True,False,False
XP_073790397,XP_056302874,0.0620425343513488,top,,False,True,False,False
XP_073805985,XP_056314630,0.0620310306549072,stratified;top,,True,True,False,False
NP_001160156,XP_056308636,0.0614055395126342,top,,False,True,False,False
XP_073790390,XP_056302872,0.0612005591392517,top,,False,True,False,False
XP_073790406,XP_056302872,0.0612005591392517,top,,False,True,False,False
XP_073790405,XP_056302872,0.0612005591392517,top,,False,True,False,False
XP_073790388,XP_056302872,0.0612005591392517,top,,False,True,False,False
XP_073790391,XP_056302872,0.0612005591392517,top,,False,True,False,False
XP_073790392,XP_056302872,0.0612005591392517,top,,False,True,False,False
XP_073790405,XP_056302870,0.0609754920005798,top,,False,True,False,False
XP_073790391,XP_056302870,0.0609754920005798,top,,False,True,False,False
XP_073790392,XP_056302870,0.0609754920005798,top,,False,True,False,False
XP_073790406,XP_056302870,0.0609754920005798,top,,False,True,False,False
XP_073790416,XP_056302876,0.0608530044555664,top,,False,True,False,False
XP_073790384,XP_056302876,0.0608530044555664,top,,False,True,False,False
XP_073790401,XP_056302876,0.0608530044555664,top,,False,True,False,False
XP_073790402,XP_056302876,0.0608530044555664,top,,False,True,False,False
XP_073810732,XP_056316506,0.0607238411903381,top,,False,True,False,False
XP_073810733,XP_056316506,0.0607238411903381,top;random,,False,True,True,False
XP_073793585,XP_056303596,0.0606411099433898,top,,False,True,False,False
XP_073793586,XP_056303596,0.0606411099433898,top,,False,True,False,False
XP_073798580,XP_056307637,0.060518741607666,top,,False,True,False,False
XP_699360,XP_056316506,0.060447871685028,top,,False,True,False,False
XP_073805226,XP_056320055,0.0604047179222106,top,,False,True,False,False
XP_073805227,XP_056320055,0.0604047179222106,top,,False,True,False,False
XP_073810733,XP_056316507,0.0603114366531372,top,,False,True,False,False
XP_073810732,XP_056316507,0.0603114366531372,stratified;top,,True,True,False,False
XP_009291892,XP_056318446,0.0602979063987731,top,,False,True,False,False
XP_073810733,XP_056316505,0.060249388217926,top,,False,True,False,False
XP_073810732,XP_056316505,0.060249388217926,top,,False,True,False,False
XP_073810735,XP_056316506,0.0602203607559204,top,,False,True,False,False
NP_001231965,XP_056311339,0.0601980090141296,top,,False,True,False,False
XP_073786073,XP_056318446,0.0600954890251159,top;random,,False,True,True,False
XP_699360,XP_056316507,0.060081660747528,top,,False,True,False,False
XP_699360,XP_056316505,0.0599920749664306,top,,False,True,False,False
XP_073810735,XP_056316507,0.0598149895668029,top,,False,True,False,False
XP_073810735,XP_056316505,0.0597422122955322,stratified;top,,True,True,False,False
XP_073798577,XP_056307637,0.0596916079521179,top,,False,True,False,False
XP_073810732,XP_056316508,0.0596488118171691,top,,False,True,False,False
XP_073810733,XP_056316508,0.0596488118171691,top,,False,True,False,False
XP_699360,XP_056316508,0.0593937039375305,top,,False,True,False,False
XP_021323468,XP_056318446,0.0593107938766479,top,,False,True,False,False
XP_073810735,XP_056316508,0.0590816140174865,top,,False,True,False,False
XP_073798574,XP_056307637,0.0590735077857971,top,,False,True,False,False
XP_073798575,XP_056307637,0.0590735077857971,top,,False,True,False,False
XP_073798576,XP_056307637,0.0588784217834472,top,,False,True,False,False
XP_073800142,XP_056304567,0.0586275458335876,top,,False,True,False,False
XP_073809698,XP_056315393,0.0580891370773315,top,,False,True,False,False
XP_073794113,XP_056304690,0.057387351989746,top,,False,True,False,False
XP_073794114,XP_056304690,0.057387351989746,top,,False,True,False,False
XP_073801180,XP_056308798,0.0571070313453674,top,,False,True,False,False
XP_073799227,XP_056309604,0.0570006370544433,top,,False,True,False,False
XP_683046,XP_056315393,0.0568445920944213,top,,False,True,False,False
NP_001106975,XP_056325918,0.0566283464431762,top,,False,True,False,False
NP_571137,XP_056320468,0.0565215349197387,top,,False,True,False,False
XP_073809698,XP_056315392,0.0563883781433105,top,,False,True,False,False
XP_073808616,XP_056315332,0.0563141703605651,stratified;top,,True,True,False,False
XP_073808615,XP_056315332,0.0563141703605651,stratified;top,,True,True,False,False
XP_073808612,XP_056315332,0.0563141703605651,top,,False,True,False,False
XP_073808613,XP_056315332,0.0563141703605651,top,,False,True,False,False
XP_073797283,XP_056306637,0.0562413334846496,top,,False,True,False,False
XP_073805358,XP_056310791,0.0561631917953491,top,,False,True,False,False
XP_021333282,XP_056310791,0.0561631917953491,top,,False,True,False,False
XP_021337120,XP_056330047,0.0560907125473022,top,,False,True,False,False
XP_073792929,XP_056304182,0.0559792518615722,top,,False,True,False,False
XP_073808615,XP_056315333,0.0559200048446655,top,,False,True,False,False
XP_073808613,XP_056315333,0.0559200048446655,top,,False,True,False,False
XP_073808612,XP_056315333,0.0559200048446655,top,,False,True,False,False
XP_073808616,XP_056315333,0.0559200048446655,top,,False,True,False,False
XP_073800856,XP_056309873,0.0558316111564636,top,,False,True,False,False
XP_073794186,XP_056305837,0.0556191205978393,top,,False,True,False,False
XP_073794190,XP_056305837,0.0556191205978393,top,,False,True,False,False
XP_073794185,XP_056305837,0.0556191205978393,top,,False,True,False,False
XP_073794184,XP_056305837,0.0556191205978393,top,,False,True,False,False
XP_073794187,XP_056305837,0.0556191205978393,top,,False,True,False,False
XP_073794182,XP_056305837,0.0556191205978393,top,,False,True,False,False
XP_073794189,XP_056305837,0.0556191205978393,top,,False,True,False,False
XP_073794188,XP_056305837,0.0556191205978393,top,,False,True,False,False
XP_073793322,XP_056303267,0.0553887486457824,top,,False,True,False,False
XP_073799227,XP_056309603,0.0551374554634094,top,,False,True,False,False
XP_073808611,XP_056315332,0.0551108121871948,top,,False,True,False,False
XP_073808610,XP_056315332,0.0551108121871948,top,,False,True,False,False
XP_073808614,XP_056315332,0.0551108121871948,top,,False,True,False,False
XP_073808609,XP_056315332,0.0551108121871948,top,,False,True,False,False
XP_073808619,XP_056315335,0.0547295808792114,top,,False,True,False,False
XP_073808621,XP_056315335,0.0546609163284301,top,,False,True,False,False
XP_073808620,XP_056315335,0.0546609163284301,top,,False,True,False,False
XP_073808618,XP_056315335,0.0546609163284301,top,,False,True,False,False
XP_073808617,XP_056315335,0.0546609163284301,top,,False,True,False,False
XP_073790391,XP_056302871,0.0545842051506042,top,,False,True,False,False
XP_073790405,XP_056302871,0.0545842051506042,top;random,,False,True,True,False
XP_073790392,XP_056302871,0.0545842051506042,top,,False,True,False,False
XP_073790406,XP_056302871,0.0545842051506042,top,,False,True,False,False
XP_073808619,XP_056315334,0.054573655128479,top,,False,True,False,False
XP_073808614,XP_056315333,0.0544588565826416,top,,False,True,False,False
XP_073808618,XP_056315334,0.0544530749320983,top;random,,False,True,True,False
XP_073808621,XP_056315334,0.0544530749320983,top,,False,True,False,False
XP_073808620,XP_056315334,0.0544530749320983,top,,False,True,False,False
XP_073808617,XP_056315334,0.0544530749320983,top,,False,True,False,False
XP_695742,XP_056317280,0.0532960295677185,top,,False,True,False,False
XP_073790647,XP_056301754,0.0530610084533691,top,,False,True,False,False
XP_073790637,XP_056301754,0.0530610084533691,top,,False,True,False,False
XP_073790646,XP_056301754,0.0530610084533691,top,,False,True,False,False
XP_073790638,XP_056301749,0.0528041124343872,top,,False,True,False,False
XP_073790637,XP_056301749,0.0528041124343872,top,,False,True,False,False
XP_073790639,XP_056301749,0.0528041124343872,top,,False,True,False,False
XP_701288,XP_056326301,0.0527802109718322,top,,False,True,False,False
NP_001289712,XP_056308417,0.0527421236038208,top,,False,True,False,False
XP_073790649,XP_056301759,0.052577793598175,top,,False,True,False,False
XP_073790659,XP_056301759,0.052577793598175,top,,False,True,False,False
XP_073790653,XP_056301759,0.052577793598175,top,,False,True,False,False
XP_073790658,XP_056301759,0.052577793598175,top,,False,True,False,False
XP_073790652,XP_056301759,0.052577793598175,top,,False,True,False,False
XP_073790641,XP_056301759,0.052577793598175,top,,False,True,False,False
XP_073790645,XP_056301759,0.052577793598175,top,,False,True,False,False
XP_073790640,XP_056301759,0.052577793598175,top,,False,True,False,False
XP_073790648,XP_056301759,0.052577793598175,top,,False,True,False,False
XP_073790652,XP_056301757,0.0525150299072265,top,,False,True,False,False
XP_073790653,XP_056301757,0.0525150299072265,top,,False,True,False,False
XP_073790648,XP_056301757,0.0525150299072265,top,,False,True,False,False
XP_073790641,XP_056301757,0.0525150299072265,top,,False,True,False,False
XP_073790640,XP_056301757,0.0525150299072265,top,,False,True,False,False
XP_073790649,XP_056301757,0.0525150299072265,top,,False,True,False,False
XP_073790645,XP_056301757,0.0525150299072265,top,,False,True,False,False
XP_073790639,XP_056301752,0.0522750616073608,top,,False,True,False,False
XP_073790639,XP_056301751,0.0522750616073608,top,,False,True,False,False
XP_073790637,XP_056301752,0.0522750616073608,top,,False,True,False,False
XP_073790638,XP_056301752,0.0522750616073608,top,,False,True,False,False
XP_073790638,XP_056301751,0.0522750616073608,top,,False,True,False,False
XP_073790638,XP_056301753,0.0522750616073608,top,,False,True,False,False
XP_073790637,XP_056301753,0.0522750616073608,top,,False,True,False,False
XP_073790637,XP_056301751,0.0522750616073608,top;random,,False,True,True,False
XP_073790639,XP_056301753,0.0522750616073608,top,,False,True,False,False
XP_073807487,XP_056315670,0.0521683096885681,top,,False,True,False,False
XP_073807483,XP_056315670,0.0521683096885681,top,,False,True,False,False
XP_073807494,XP_056315670,0.0521683096885681,top,,False,True,False,False
XP_073799247,XP_056307248,0.0520342588424682,top,,False,True,False,False
XP_073790637,XP_056301750,0.0519770383834838,top,,False,True,False,False
XP_073790642,XP_056301750,0.0519770383834838,top,,False,True,False,False
XP_073790639,XP_056301750,0.0519770383834838,top,,False,True,False,False
XP_073790638,XP_056301750,0.0519770383834838,top,,False,True,False,False
XP_073790644,XP_056301750,0.0519770383834838,top,,False,True,False,False
XP_073807487,XP_056315654,0.0517601370811462,top,,False,True,False,False
XP_073807483,XP_056315654,0.0517601370811462,top,,False,True,False,False
XP_073807494,XP_056315654,0.0517601370811462,top,,False,True,False,False
XP_073790650,XP_056301755,0.0516353249549865,top,,False,True,False,False
XP_073790651,XP_056301755,0.0516353249549865,top,,False,True,False,False
XP_073787710,XP_056304658,0.0515522360801696,top,,False,True,False,False
NP_001093546,XP_056336232,0.0513496994972229,top,,False,True,False,False
XP_073807487,XP_056315679,0.0512947440147399,top,,False,True,False,False
XP_073807483,XP_056315679,0.0512947440147399,top,,False,True,False,False
XP_073807494,XP_056315679,0.0512947440147399,top,,False,True,False,False
NP_957123,XP_056305557,0.0512862205505371,top,,False,True,False,False
XP_073807494,XP_056315663,0.0512130260467529,top,,False,True,False,False
XP_073807487,XP_056315663,0.0512130260467529,top,,False,True,False,False
XP_073807483,XP_056315663,0.0512130260467529,top,,False,True,False,False
XP_073807487,XP_056315645,0.0511659979820251,top,,False,True,False,False
XP_073807483,XP_056315645,0.0511659979820251,top,,False,True,False,False
XP_073807494,XP_056315645,0.0511659979820251,top,,False,True,False,False
XP_073807562,XP_056314404,0.0511195063591003,top,,False,True,False,False
XP_021333865,XP_056310884,0.0510859489440918,top,,False,True,False,False
XP_073790638,XP_056301756,0.0510752201080322,top,,False,True,False,False
XP_073790642,XP_056301756,0.0510752201080322,top,,False,True,False,False
XP_073790651,XP_056301756,0.0510752201080322,top,,False,True,False,False
XP_073790644,XP_056301756,0.0510752201080322,top,,False,True,False,False
XP_073790647,XP_056301756,0.0510752201080322,top,,False,True,False,False
XP_073790650,XP_056301756,0.0510752201080322,top,,False,True,False,False
XP_073790639,XP_056301756,0.0510752201080322,top,,False,True,False,False
XP_073790646,XP_056301756,0.0510752201080322,top,,False,True,False,False
XP_073807561,XP_056314404,0.0510436296463012,top,,False,True,False,False
XP_073807560,XP_056314404,0.0510412454605102,top,,False,True,False,False
XP_073807559,XP_056314404,0.0510236024856567,top,,False,True,False,False
XP_073807562,XP_056314408,0.0510061383247375,top,,False,True,False,False
XP_073807563,XP_056314404,0.0509581565856933,top,,False,True,False,False
XP_073795509,XP_056305554,0.0509406328201293,top,,False,True,False,False
XP_073807561,XP_056314408,0.0509294867515563,top,,False,True,False,False
XP_073807563,XP_056314408,0.0509113669395446,top,,False,True,False,False
XP_073807560,XP_056314408,0.05090993642807,top,,False,True,False,False
XP_073807562,XP_056314407,0.0508835315704345,top,,False,True,False,False
XP_073807559,XP_056314408,0.0508793592453002,top,,False,True,False,False
XP_073807561,XP_056314407,0.0508126616477966,top,,False,True,False,False
XP_701288,XP_056326300,0.0508053302764892,top,,False,True,False,False
XP_073807560,XP_056314407,0.050783634185791,top,,False,True,False,False
XP_073807563,XP_056314407,0.0507764816284179,top,,False,True,False,False
XP_073807559,XP_056314407,0.0507566332817077,top,,False,True,False,False
XP_073790668,XP_056301761,0.0506494045257568,top,,False,True,False,False
XP_073790667,XP_056301761,0.0506494045257568,top,,False,True,False,False
XP_073790641,XP_056301761,0.0506494045257568,top,,False,True,False,False
XP_073790663,XP_056301761,0.0506494045257568,top,,False,True,False,False
XP_073790649,XP_056301761,0.0506494045257568,top,,False,True,False,False
XP_073790659,XP_056301761,0.0506494045257568,top,,False,True,False,False
XP_073790656,XP_056301761,0.0506494045257568,top,,False,True,False,False
XP_073790648,XP_056301761,0.0506494045257568,top,,False,True,False,False
XP_073790640,XP_056301761,0.0506494045257568,top,,False,True,False,False
XP_073790657,XP_056301761,0.0506494045257568,top,,False,True,False,False
XP_073790653,XP_056301761,0.0506494045257568,top,,False,True,False,False
XP_073790658,XP_056301761,0.0506494045257568,top,,False,True,False,False
XP_073790664,XP_056301761,0.0506494045257568,top,,False,True,False,False
XP_073790652,XP_056301761,0.0506494045257568,top,,False,True,False,False
XP_073790669,XP_056301761,0.0506494045257568,top,,False,True,False,False
XP_073790662,XP_056301761,0.0506494045257568,top,,False,True,False,False
XP_073790661,XP_056301761,0.0506494045257568,top,,False,True,False,False
XP_073790666,XP_056301761,0.0506494045257568,top,,False,True,False,False
XP_009294635,XP_056304550,0.0505169034004211,top,,False,True,False,False
NP_001315310,XP_056320467,0.0504797101020813,top,,False,True,False,False
XP_073807483,XP_056315685,0.050438106060028,top,,False,True,False,False
XP_073807494,XP_056315685,0.050438106060028,top,,False,True,False,False
XP_073807487,XP_056315685,0.050438106060028,top,,False,True,False,False
XP_073807562,XP_056314410,0.0503960847854614,top,,False,True,False,False
XP_073790657,XP_056301758,0.0503652095794677,top,,False,True,False,False
XP_073790648,XP_056301758,0.0503652095794677,top,,False,True,False,False
XP_073790640,XP_056301758,0.0503652095794677,top,,False,True,False,False
XP_073790645,XP_056301758,0.0503652095794677,top,,False,True,False,False
XP_073790649,XP_056301758,0.0503652095794677,top,,False,True,False,False
XP_073790656,XP_056301758,0.0503652095794677,top,,False,True,False,False
XP_073790641,XP_056301758,0.0503652095794677,top,,False,True,False,False
XP_073807561,XP_056314410,0.0503243207931518,top,,False,True,False,False
XP_073807563,XP_056314410,0.0502997636795043,top,,False,True,False,False
XP_073807560,XP_056314410,0.0502849221229553,top,,False,True,False,False
XP_073807559,XP_056314410,0.050266146659851,top,,False,True,False,False
XP_073807562,XP_056314405,0.0495705008506774,top,,False,True,False,False
XP_073807561,XP_056314405,0.0495042204856872,top,,False,True,False,False
XP_073807560,XP_056314405,0.0494740605354309,top,,False,True,False,False
XP_073807563,XP_056314405,0.0494671463966369,top,,False,True,False,False
XP_073807559,XP_056314405,0.0494394302368164,top,,False,True,False,False
NP_001002097,XP_056324134,0.0474950671195983,top,,False,True,False,False
NP_001006080,XP_056305553,0.0472239851951599,top,,False,True,False,False
XP_073791874,XP_056302791,0.0465994477272033,top,,False,True,False,False
XP_073798491,XP_056328370,0.0465196967124938,top,,False,True,False,False
XP_073791840,XP_056319202,0.0462138056755065,top,,False,True,False,False
XP_690503,XP_056312321,0.0460520386695861,top,,False,True,False,False
XP_073810957,XP_056316683,0.0454686880111694,top,,False,True,False,False
XP_073810956,XP_056316683,0.0454686880111694,stratified;top,,True,True,False,False
XP_073810955,XP_056316683,0.0454686880111694,top,,False,True,False,False
XP_073810958,XP_056316683,0.0454686880111694,top,,False,True,False,False
NP_001315125,XP_056321353,0.0450589656829834,top,,False,True,False,False
XP_073810957,XP_056316684,0.0450411438941955,top,,False,True,False,False
XP_073810956,XP_056316684,0.0450411438941955,top,,False,True,False,False
XP_073810955,XP_056316684,0.0450411438941955,top,,False,True,False,False
XP_073810958,XP_056316684,0.0450411438941955,top,,False,True,False,False
XP_073793333,XP_056312323,0.0446030497550964,top,,False,True,False,False
XP_073793334,XP_056312323,0.0446030497550964,top,,False,True,False,False
XP_073810953,XP_056316684,0.0444363355636596,top,,False,True,False,False
XP_073810954,XP_056316684,0.0444363355636596,top,,False,True,False,False
XP_073810951,XP_056316684,0.0444363355636596,top,,False,True,False,False
XP_073810952,XP_056316684,0.0444363355636596,top,,False,True,False,False
XP_021334993,XP_056323129,0.0438722372055053,top,,False,True,False,False
NP_001017616,XP_056318181,0.0438529253005981,top,,False,True,False,False
XP_073801025,XP_056309952,0.043320894241333,top,,False,True,False,False
XP_073801019,XP_056309952,0.043320894241333,top,,False,True,False,False
XP_073801020,XP_056309952,0.043320894241333,top,,False,True,False,False
XP_073801024,XP_056309952,0.043320894241333,top,,False,True,False,False
XP_073801023,XP_056309952,0.0431447029113769,top,,False,True,False,False
XP_073801021,XP_056309952,0.0431447029113769,top,,False,True,False,False
XP_073801022,XP_056309952,0.0431447029113769,top,,False,True,False,False
XP_073801018,XP_056309952,0.0431447029113769,top,,False,True,False,False
XP_073801025,XP_056309951,0.0431129932403564,top,,False,True,False,False
XP_073801019,XP_056309951,0.0431129932403564,top,,False,True,False,False
XP_073801020,XP_056309951,0.0431129932403564,top,,False,True,False,False
XP_073801024,XP_056309951,0.0431129932403564,top,,False,True,False,False
XP_073802123,XP_056312665,0.0430938601493835,top,,False,True,False,False
XP_073802123,XP_056312664,0.0430938601493835,top,,False,True,False,False
XP_073801400,XP_056308705,0.043084979057312,top,,False,True,False,False
XP_021326380,XP_056307596,0.0430039167404174,top,,False,True,False,False
XP_073801020,XP_056309949,0.0429731607437133,top,,False,True,False,False
XP_073801019,XP_056309949,0.0429731607437133,top,,False,True,False,False
XP_073801024,XP_056309949,0.0429731607437133,top,,False,True,False,False
XP_073801021,XP_056309951,0.0429282188415527,top,,False,True,False,False
XP_073801018,XP_056309951,0.0429282188415527,top,,False,True,False,False
XP_073801022,XP_056309951,0.0429282188415527,top,,False,True,False,False
XP_073801023,XP_056309951,0.0429282188415527,top,,False,True,False,False
NP_705949,XP_056309172,0.0427846908569335,top,,False,True,False,False
XP_073801023,XP_056309949,0.0427827835083007,top,,False,True,False,False
XP_073801018,XP_056309949,0.0427827835083007,top,,False,True,False,False
XP_073801021,XP_056309949,0.0427827835083007,top,,False,True,False,False
XP_073801022,XP_056309949,0.0427827835083007,top,,False,True,False,False
XP_009290388,XP_056332070,0.0426603555679321,top,,False,True,False,False
XP_073807572,XP_056314409,0.0426051020622253,top,,False,True,False,False
XP_073807573,XP_056314409,0.0426037907600402,top,,False,True,False,False
XP_073797233,XP_056307190,0.0425500869750976,top,,False,True,False,False
XP_073797235,XP_056307190,0.0425500869750976,top,,False,True,False,False
XP_073797234,XP_056307191,0.0425500869750976,top,,False,True,False,False
XP_073797233,XP_056307191,0.0425500869750976,top,,False,True,False,False
XP_073797235,XP_056307191,0.0425500869750976,top,,False,True,False,False
XP_073797234,XP_056307190,0.0425500869750976,top,,False,True,False,False
XP_073797233,XP_056307189,0.0425171852111816,top,,False,True,False,False
XP_073797234,XP_056307189,0.0425171852111816,top,,False,True,False,False
XP_073797234,XP_056307188,0.0425171852111816,top,,False,True,False,False
XP_073797233,XP_056307188,0.0425171852111816,top,,False,True,False,False
XP_073801020,XP_056309950,0.0423779487609863,top,,False,True,False,False
XP_073801019,XP_056309950,0.0423779487609863,top,,False,True,False,False
XP_073801023,XP_056309950,0.0421961545944213,top,,False,True,False,False
XP_073801018,XP_056309950,0.0421961545944213,top,,False,True,False,False
XP_073801021,XP_056309950,0.0421961545944213,top,,False,True,False,False
XP_073801022,XP_056309950,0.0421961545944213,stratified;top,,True,True,False,False
NP_001038839,XP_056307445,0.0420586466789245,top,,False,True,False,False
XP_073797233,XP_056307187,0.0419980287551879,top,,False,True,False,False
XP_073797235,XP_056307187,0.0419980287551879,top,,False,True,False,False
XP_073797234,XP_056307187,0.0419980287551879,top,,False,True,False,False
XP_009304943,XP_056326200,0.0419545173645019,stratified;top,,True,True,False,False
NP_001002488,XP_056326200,0.0419545173645019,top,,False,True,False,False
XP_009290387,XP_056332070,0.0418514609336853,top;random,,False,True,True,False
XP_009290386,XP_056332070,0.0418514609336853,top,,False,True,False,False
XP_073805415,XP_056310878,0.0416542887687683,top,,False,True,False,False
XP_009290389,XP_056332070,0.0415806174278259,top,,False,True,False,False
NP_001180454,XP_056327216,0.0415773391723632,top,,False,True,False,False
NP_001341481,XP_056327216,0.0415772199630737,top,,False,True,False,False
NP_001341482,XP_056327216,0.0415772199630737,top,,False,True,False,False
XP_017211153,XP_056310457,0.041550874710083,top,,False,True,False,False
XP_009290390,XP_056332070,0.0414730310440063,top,,False,True,False,False
XP_021325206,XP_056303950,0.0414214134216308,stratified;top,,True,True,False,False
XP_009289566,XP_056328805,0.0413169860839843,top,,False,True,False,False
XP_021324081,XP_056326066,0.041293442249298,top,,False,True,False,False
XP_005174189,XP_056305557,0.0412573814392089,top,,False,True,False,False
XP_005163889,XP_056309172,0.0411821007728576,top,,False,True,False,False
XP_073807571,XP_056314409,0.0410849452018737,top,,False,True,False,False
XP_073795138,XP_056304639,0.0400891304016113,top,,False,True,False,False
XP_003201260,XP_056305573,0.0400289297103881,top,,False,True,False,False
XP_073807569,XP_056314409,0.0399143695831298,stratified;top,,True,True,False,False
XP_073807568,XP_056314409,0.0397742986679077,top,,False,True,False,False
XP_073801594,XP_056323202,0.0396583080291748,top,,False,True,False,False
XP_003201035,XP_056304483,0.0396217703819274,top,,False,True,False,False
NP_001017855,XP_056308570,0.0396173596382141,top,,False,True,False,False
XP_073795139,XP_056304639,0.0395053625106811,top,,False,True,False,False
XP_021332406,XP_056314895,0.0393848419189453,top,,False,True,False,False
XP_073808008,XP_056314895,0.0393848419189453,top,,False,True,False,False
XP_073808007,XP_056314895,0.0393848419189453,top,,False,True,False,False
XP_073808006,XP_056314895,0.0393848419189453,top,,False,True,False,False
XP_017207531,XP_056318446,0.0393813848495483,top,,False,True,False,False
XP_073800556,XP_056309444,0.0393791198730468,top,,False,True,False,False
XP_073800552,XP_056309444,0.0393791198730468,top,,False,True,False,False
XP_021331590,XP_056320346,0.0393292307853698,top,,False,True,False,False
XP_003198028,XP_056326066,0.0393198728561401,top,,False,True,False,False
XP_073796608,XP_056306873,0.0392897129058837,top,,False,True,False,False
XP_073800552,XP_056309441,0.0392721891403198,top,,False,True,False,False
XP_073800556,XP_056309441,0.0392721891403198,top,,False,True,False,False
XP_005164293,XP_056308793,0.0392540693283081,top,,False,True,False,False
NP_001410430,XP_056323202,0.0392048954963684,top,,False,True,False,False
XP_073800554,XP_056309444,0.0391547679901123,top,,False,True,False,False
XP_003198201,XP_056308793,0.0391037464141845,top,,False,True,False,False
XP_073800554,XP_056309441,0.0390464067459106,top,,False,True,False,False
XP_073800555,XP_056309444,0.0389870405197143,top,,False,True,False,False
XP_073800555,XP_056309441,0.0388756990432739,top,,False,True,False,False
XP_073801039,XP_056310218,0.0386602282524108,top,,False,True,False,False
XP_073805416,XP_056320177,0.0384752750396728,top,,False,True,False,False
XP_073805416,XP_056320178,0.0384752750396728,top,,False,True,False,False
XP_073805417,XP_056320177,0.0381796360015869,top,,False,True,False,False
XP_073805417,XP_056320178,0.0381796360015869,top,,False,True,False,False
NP_001410430,XP_056323228,0.0380034446716308,top,,False,True,False,False
NP_571006,XP_056308605,0.0379623770713806,top,,False,True,False,False
NP_001123874,XP_056336287,0.037887692451477,top,,False,True,False,False
XP_073805849,XP_056313411,0.0377882122993469,top,,False,True,False,False
XP_073805849,XP_056313412,0.0377882122993469,top,,False,True,False,False
XP_073805850,XP_056313411,0.0377882122993469,top,,False,True,False,False
XP_073805850,XP_056313412,0.0377882122993469,top,,False,True,False,False
XP_073802946,XP_056312241,0.0375416874885559,top,,False,True,False,False
NP_001314986,XP_056319180,0.0374881625175476,top,,False,True,False,False
NP_001076546,XP_056336610,0.037472665309906,top,,False,True,False,False
XP_073795141,XP_056304639,0.0374692678451538,top,,False,True,False,False
XP_073795137,XP_056304639,0.0374692678451538,top,,False,True,False,False
XP_073795135,XP_056304639,0.0374692678451538,top,,False,True,False,False
XP_073795140,XP_056304639,0.0374692678451538,top,,False,True,False,False
XP_021325441,XP_056305557,0.0373496413230896,top,,False,True,False,False
XP_073804167,XP_056311151,0.0372655987739563,top,,False,True,False,False
XP_073804166,XP_056311151,0.0372655987739563,top,,False,True,False,False
XP_073799823,XP_056308976,0.0372376441955566,top,,False,True,False,False
XP_073802856,XP_056310457,0.0371402502059936,top,,False,True,False,False
XP_073791713,XP_056324308,0.0370572805404663,top,,False,True,False,False
XP_073809661,XP_056315378,0.0365989208221435,top,,False,True,False,False
XP_005166970,XP_056319180,0.0363743305206298,top,,False,True,False,False
XP_073807459,XP_056314161,0.0361501574516296,top,,False,True,False,False
NP_001003450,XP_056304486,0.0357563495635986,top,,False,True,False,False
XP_073800563,XP_056309445,0.0356650948524475,top,,False,True,False,False
XP_073800563,XP_056309442,0.0356574654579162,top,,False,True,False,False
XP_686084,XP_056309651,0.0356368422508239,top,,False,True,False,False
XP_073800559,XP_056309445,0.0354484915733337,top,,False,True,False,False
XP_073800562,XP_056309445,0.0354484915733337,top,,False,True,False,False
NP_001154960,XP_056323459,0.0354442000389099,top,,False,True,False,False
XP_073800559,XP_056309442,0.0354374647140502,top,,False,True,False,False
XP_073800562,XP_056309442,0.0354374647140502,top,,False,True,False,False
XP_073793320,XP_056304483,0.0353255271911621,top,,False,True,False,False
XP_073800560,XP_056309445,0.0352945923805236,top,,False,True,False,False
XP_073800560,XP_056309442,0.0352820754051208,top,,False,True,False,False
XP_073809660,XP_056315377,0.0352100133895874,top,,False,True,False,False
XP_073800561,XP_056309445,0.0351337194442749,top,,False,True,False,False
XP_073800561,XP_056309442,0.0351226329803466,top,,False,True,False,False
XP_686084,XP_056309650,0.0350450277328491,top,,False,True,False,False
NP_001093576,XP_056317123,0.0350086092948913,top,,False,True,False,False
NP_001116765,XP_056320841,0.0349113345146179,top,,False,True,False,False
XP_073792146,XP_056302869,0.0347034335136413,top,,False,True,False,False
XP_073800564,XP_056309445,0.0346149206161499,top,,False,True,False,False
XP_073800564,XP_056309442,0.034590721130371,top,,False,True,False,False
XP_073800565,XP_056309445,0.0345411896705627,top,,False,True,False,False
XP_073807459,XP_056314160,0.0345333814620971,top,,False,True,False,False
XP_073800565,XP_056309442,0.0345159769058227,top,,False,True,False,False
XP_073807459,XP_056314159,0.0344442129135131,top,,False,True,False,False
XP_073788353,XP_056308426,0.0340727567672729,top,,False,True,False,False
XP_073803071,XP_056312367,0.0339165925979614,top,,False,True,False,False
XP_017211320,XP_056311164,0.0338945984840393,top,,False,True,False,False
XP_021334574,XP_056320841,0.0338879227638244,top,,False,True,False,False
NP_001092713,XP_056320841,0.0338879227638244,top,,False,True,False,False
XP_021324375,XP_056301538,0.0338356494903564,top,,False,True,False,False
XP_073792222,XP_056309181,0.0338019132614135,top,,False,True,False,False
NP_958454,XP_056309181,0.0338019132614135,top,,False,True,False,False
XP_073797048,XP_056332513,0.033650517463684,top,,False,True,False,False
XP_021332017,XP_056314884,0.0334205031394958,top,,False,True,False,False
XP_693710,XP_056316917,0.0333284139633178,top,,False,True,False,False
XP_684360,XP_056306627,0.033242642879486,top,,False,True,False,False
XP_073806063,XP_056314200,0.0332232117652893,top;random,,False,True,True,False
XP_073806064,XP_056314200,0.0332218408584594,top,,False,True,False,False
XP_073806062,XP_056314200,0.0332218408584594,top,,False,True,False,False
XP_073806066,XP_056314200,0.0332139134407043,top,,False,True,False,False
XP_073801386,XP_056305422,0.0332109332084655,top,,False,True,False,False
XP_073808005,XP_056314895,0.0330008864402771,top,,False,True,False,False
XP_073806067,XP_056314200,0.0329668521881103,top,,False,True,False,False
XP_073806065,XP_056314200,0.0329668521881103,top,,False,True,False,False
XP_691552,XP_056313573,0.0328874588012695,top,,False,True,False,False
XP_073791875,XP_056302791,0.0328592658042907,top,,False,True,False,False
XP_697383,XP_056326227,0.0327139496803283,top,,False,True,False,False
XP_697383,XP_056326225,0.0327139496803283,top,,False,True,False,False
XP_697383,XP_056326228,0.0327139496803283,top;random,,False,True,True,False
XP_697383,XP_056326226,0.0327139496803283,top,,False,True,False,False
XP_073792805,XP_056304322,0.0325749516487121,top,,False,True,False,False
NP_001314903,XP_056302348,0.0323501825332641,top,,False,True,False,False
NP_001314903,XP_056302340,0.0323501825332641,top,,False,True,False,False
XP_073803088,XP_056311996,0.0321756601333618,top,,False,True,False,False
XP_073803087,XP_056311996,0.0321756601333618,top,,False,True,False,False
XP_073786515,XP_056308712,0.0321285128593444,top,,False,True,False,False
XP_073786516,XP_056308712,0.0321285128593444,top,,False,True,False,False
XP_073806060,XP_056314200,0.0320518612861633,top,,False,True,False,False
XP_073806058,XP_056314200,0.0320518612861633,top,,False,True,False,False
NP_001314904,XP_056302348,0.0319690704345703,top,,False,True,False,False
NP_001314904,XP_056302340,0.0319690704345703,top,,False,True,False,False
XP_002664631,XP_056329443,0.031947910785675,top,,False,True,False,False
NP_001410531,XP_056323473,0.031929612159729,top,,False,True,False,False
XP_073806057,XP_056314200,0.0319010615348815,top,,False,True,False,False
XP_073806059,XP_056314200,0.0318837761878967,top,,False,True,False,False
NP_001410321,XP_056336199,0.0318149924278259,top,,False,True,False,False
XP_073801181,XP_056308798,0.0317869186401367,top,,False,True,False,False
XP_001346027,XP_056334499,0.0316327810287475,top,,False,True,False,False
XP_017208504,XP_056302791,0.0315469503402709,top,,False,True,False,False
XP_073800580,XP_056309443,0.031506597995758,top,,False,True,False,False
XP_073800582,XP_056309443,0.031506597995758,top,,False,True,False,False
XP_073800568,XP_056309443,0.031506597995758,top,,False,True,False,False
XP_073800581,XP_056309443,0.0313683152198791,top,,False,True,False,False
XP_073800569,XP_056309443,0.0313683152198791,top,,False,True,False,False
NP_957131,XP_056310967,0.0313345789909362,top,,False,True,False,False
XP_073789692,XP_056301564,0.0312483310699462,top,,False,True,False,False
NP_001007782,XP_056310302,0.0312325954437255,top,,False,True,False,False
NP_001019577,XP_056302917,0.0312292575836181,top,,False,True,False,False
XP_073807485,XP_056314154,0.0311952829360961,top,,False,True,False,False
XP_073799830,XP_056308982,0.0308839678764343,top,,False,True,False,False
XP_009290494,XP_056331874,0.0308690071105957,top,,False,True,False,False
XP_073805857,XP_056313839,0.0308263301849365,top,,False,True,False,False
XP_073803020,XP_056312027,0.0307645797729492,top,,False,True,False,False
XP_073795778,XP_056306060,0.0307262539863586,top,,False,True,False,False
XP_073800583,XP_056309443,0.0307094454765319,top,,False,True,False,False
XP_073797237,XP_056307192,0.0306513905525207,top,,False,True,False,False
XP_073797238,XP_056307192,0.0306513905525207,stratified;top,,True,True,False,False
XP_073797236,XP_056307192,0.0306352972984313,top,,False,True,False,False
XP_073800584,XP_056309443,0.0306158661842346,top,,False,True,False,False
XP_073803020,XP_056312028,0.0306051969528198,top,,False,True,False,False
NP_001002489,XP_056312772,0.0305678844451904,top,,False,True,False,False
XP_073803072,XP_056312367,0.0305621027946472,top,,False,True,False,False
XP_005174182,XP_056304687,0.0305336713790893,top,,False,True,False,False
XP_073787226,XP_056336199,0.0305312275886535,top,,False,True,False,False
XP_021331600,XP_056319499,0.0305255651473999,top,,False,True,False,False
XP_073800585,XP_056309443,0.0304431319236755,stratified;top,,True,True,False,False
NP_001311383,XP_056319189,0.0304356813430786,top,,False,True,False,False
XP_073803083,XP_056311991,0.0304045677185058,top,,False,True,False,False
XP_073803082,XP_056311991,0.0304045677185058,top,,False,True,False,False
NP_001410321,XP_056336037,0.030314028263092,top,,False,True,False,False
XP_073803082,XP_056311990,0.0303075909614563,top,,False,True,False,False
XP_073803087,XP_056311995,0.0302912592887878,top,,False,True,False,False
XP_073803088,XP_056311995,0.0302912592887878,top,,False,True,False,False
XP_009296341,XP_056307312,0.03020840883255,top,,False,True,False,False
XP_073793861,XP_056303965,0.0300576090812683,top,,False,True,False,False
XP_005157765,XP_056329215,0.0300238132476806,top,,False,True,False,False
NP_001014345,XP_056307951,0.0299705266952514,top,,False,True,False,False
XP_009292731,XP_056335481,0.0299513936042785,top,,False,True,False,False
XP_689347,XP_056336532,0.0299338698387146,top,,False,True,False,False
XP_073798839,XP_056307688,0.0299153327941894,top,,False,True,False,False
XP_017206934,XP_056332098,0.0298473834991455,top,,False,True,False,False
XP_689347,XP_056336533,0.0296827554702758,top,,False,True,False,False
XP_689347,XP_056336534,0.0296797752380371,top,,False,True,False,False
XP_073809052,XP_056316716,0.0295888185501098,top,,False,True,False,False
NP_001128154,XP_056317109,0.0295343399047851,top,,False,True,False,False
XP_021331600,XP_056319507,0.0295146703720092,top,,False,True,False,False
XP_073802828,XP_056311089,0.0294861197471618,top,,False,True,False,False
XP_073802827,XP_056311089,0.0294861197471618,stratified;top,,True,True,False,False
XP_073787226,XP_056336037,0.0293974876403808,top,,False,True,False,False
XP_073803082,XP_056311988,0.0293815732002258,top,,False,True,False,False
XP_073803046,XP_056312366,0.0293726921081542,top,,False,True,False,False
XP_073803047,XP_056312366,0.0293726921081542,top,,False,True,False,False
XP_073793862,XP_056303965,0.0293536782264709,top,,False,True,False,False
XP_017206874,XP_056332098,0.0293530225753784,top,,False,True,False,False
XP_073803082,XP_056311989,0.0292845964431762,top,,False,True,False,False
XP_073803083,XP_056311989,0.0292845964431762,top,,False,True,False,False
XP_073791235,XP_056302469,0.0292822122573852,top;random,,False,True,True,False
XP_073805400,XP_056319545,0.0291497111320495,top,,False,True,False,False
XP_021330987,XP_056310982,0.0291255116462707,top,,False,True,False,False
NP_001315083,XP_056304407,0.0291088223457336,top,,False,True,False,False
XP_692550,XP_056320752,0.0290672183036804,stratified;top,,True,True,False,False
XP_073791235,XP_056302463,0.0289693474769592,top,,False,True,False,False
XP_073796065,XP_056309857,0.028914451599121,top,,False,True,False,False
NP_956172,XP_056328252,0.0288333892822265,top,,False,True,False,False
XP_073791235,XP_056302462,0.0287986993789672,top,,False,True,False,False
NP_956888,XP_056316873,0.0286086201667785,top,,False,True,False,False
XP_021323772,XP_056325664,0.0285521149635314,top,,False,True,False,False
XP_073793319,XP_056304123,0.0285091400146484,top,,False,True,False,False
XP_021334455,XP_056320774,0.0283799171447753,top,,False,True,False,False
XP_073801620,XP_056325931,0.0283641219139099,top,,False,True,False,False
NP_001352989,XP_056331989,0.0281621217727661,top,,False,True,False,False
XP_073803084,XP_056311994,0.028051733970642,top,,False,True,False,False
XP_073807124,XP_056313092,0.0278027057647705,top,,False,True,False,False
NP_001093643,XP_056307377,0.027699589729309,top,,False,True,False,False
NP_001410239,XP_056307377,0.027699589729309,top,,False,True,False,False
XP_002666951,XP_056307377,0.027699589729309,top,,False,True,False,False
NP_001020342,XP_056307377,0.027699589729309,top,,False,True,False,False
XP_691943,XP_056307377,0.027699589729309,top,,False,True,False,False
XP_017209710,XP_056307377,0.027699589729309,top,,False,True,False,False
XP_073807406,XP_056312779,0.0276563167572021,top,,False,True,False,False
XP_073793157,XP_056304456,0.0275852084159851,top,,False,True,False,False
XP_073796832,XP_056306238,0.0275503993034362,top,,False,True,False,False
XP_073796833,XP_056306238,0.0275503993034362,top;random,,False,True,True,False
NP_001018640,XP_056322262,0.027501106262207,top,,False,True,False,False
XP_073800209,XP_056304484,0.0274614095687866,top,,False,True,False,False
XP_001345427,XP_056303267,0.0274327397346496,top,,False,True,False,False
XP_073790041,XP_056337348,0.0274164676666259,top,,False,True,False,False
XP_073790038,XP_056337348,0.0274164676666259,top,,False,True,False,False
XP_073790034,XP_056337348,0.0274164676666259,top,,False,True,False,False
XP_073805858,XP_056313840,0.0274010896682739,top,,False,True,False,False
NP_898897,XP_056322464,0.0273880958557128,top,,False,True,False,False
NP_001243658,XP_056320274,0.0273780822753906,top,,False,True,False,False
XP_073801060,XP_056308793,0.0273129940032959,top,,False,True,False,False
NP_001116717,XP_056320500,0.0273102521896362,top,,False,True,False,False
XP_005157778,XP_056329350,0.0272544622421264,stratified;top,,True,True,False,False
XP_005157778,XP_056329349,0.0272544622421264,top;random,,False,True,True,False
XP_073801059,XP_056308793,0.0271351933479309,top,,False,True,False,False
NP_001348325,XP_056307102,0.0271090269088745,top,,False,True,False,False
NP_571934,XP_056309492,0.0270168185234069,top;random,,False,True,True,False
XP_073794673,XP_056304967,0.0269504189491271,top,,False,True,False,False
XP_073794674,XP_056304967,0.0269504189491271,top,,False,True,False,False
XP_073794670,XP_056304967,0.0269500613212585,top,,False,True,False,False
XP_073790045,XP_056337348,0.0269120335578918,top,,False,True,False,False
XP_073790056,XP_056337348,0.0269120335578918,top,,False,True,False,False
XP_073790033,XP_056337348,0.0268442034721374,top,,False,True,False,False
XP_073790032,XP_056337348,0.0268442034721374,top,,False,True,False,False
XP_021325094,XP_056303395,0.0268260836601257,top,,False,True,False,False
NP_001314959,XP_056325901,0.026784062385559,top,,False,True,False,False
XP_001344904,XP_056307312,0.0267237424850463,top,,False,True,False,False
NP_001104686,XP_056307377,0.0267056822776794,top,,False,True,False,False
XP_073799539,XP_056307377,0.0267056822776794,top,,False,True,False,False
NP_001373716,XP_056307377,0.0267056822776794,top,,False,True,False,False
XP_073793863,XP_056303965,0.0266940593719482,top,,False,True,False,False
XP_073800915,XP_056324795,0.0266041755676269,top,,False,True,False,False
XP_073794672,XP_056304967,0.0265856981277465,top,,False,True,False,False
XP_685629,XP_056322866,0.0264884829521179,top,,False,True,False,False
XP_685629,XP_056322865,0.0264884829521179,top,,False,True,False,False
NP_001003838,XP_056325517,0.0263453125953674,top,,False,True,False,False
XP_017207692,XP_056335069,0.0263385772705078,top,,False,True,False,False
XP_073794671,XP_056304967,0.0263154506683349,top,,False,True,False,False
XP_073794675,XP_056304967,0.0263154506683349,top,,False,True,False,False
NP_001188469,XP_056312043,0.0263130068778991,top,,False,True,False,False
XP_073791236,XP_056302470,0.0263027548789978,top,,False,True,False,False
XP_698274,XP_056330240,0.0262016057968139,top,,False,True,False,False
XP_073791237,XP_056302467,0.0261063575744628,top,,False,True,False,False
XP_073801446,XP_056315227,0.0260341763496398,top,,False,True,False,False
XP_073801445,XP_056315227,0.0260341763496398,top,,False,True,False,False
XP_073791236,XP_056302466,0.0260179638862609,top,,False,True,False,False
XP_073803160,XP_056311882,0.0260102748870849,top,,False,True,False,False
XP_073790044,XP_056337348,0.0259883999824523,top,,False,True,False,False
XP_073793335,XP_056312324,0.0259394645690917,top,,False,True,False,False
XP_021336061,XP_056324914,0.0259065628051757,top,,False,True,False,False
NP_001025428,XP_056334391,0.0259016156196594,top,,False,True,False,False
XP_003201784,XP_056303255,0.0257981419563293,top,,False,True,False,False
XP_073790049,XP_056337348,0.0257961750030517,top,,False,True,False,False
XP_073790042,XP_056337348,0.0257961750030517,top,,False,True,False,False
XP_073790053,XP_056337348,0.0257961750030517,top,,False,True,False,False
XP_073793864,XP_056303965,0.0257720947265625,top,,False,True,False,False
XP_073809051,XP_056302348,0.0257400870323181,top,,False,True,False,False
XP_073809051,XP_056302340,0.0257400870323181,top,,False,True,False,False
XP_073800532,XP_056309420,0.025653600692749,top,,False,True,False,False
XP_073800544,XP_056309420,0.025653600692749,top,,False,True,False,False
XP_073791236,XP_056302465,0.0256530046463012,top,,False,True,False,False
XP_073800527,XP_056309420,0.025633156299591,top,,False,True,False,False
XP_073800546,XP_056309420,0.025633156299591,top,,False,True,False,False
XP_073800534,XP_056309421,0.0256081223487854,top,,False,True,False,False
XP_073800532,XP_056309421,0.0256081223487854,top,,False,True,False,False
XP_073800544,XP_056309421,0.0256081223487854,top,,False,True,False,False
XP_073807835,XP_056313154,0.0256076455116271,top,,False,True,False,False
XP_073800546,XP_056309421,0.0255903005599975,top,,False,True,False,False
XP_073800527,XP_056309421,0.0255903005599975,top,,False,True,False,False
XP_073800530,XP_056309420,0.0255734920501709,top,,False,True,False,False
XP_073800530,XP_056309421,0.0255324244499206,top,,False,True,False,False
XP_073800528,XP_056309420,0.0255264639854431,top,,False,True,False,False
XP_073800538,XP_056309420,0.0255264639854431,top,,False,True,False,False
XP_073800528,XP_056309421,0.0254836082458496,top,,False,True,False,False
XP_073800538,XP_056309421,0.0254836082458496,top,,False,True,False,False
XP_001341514,XP_056320310,0.0254600644111633,top,,False,True,False,False
XP_073800545,XP_056309420,0.0254555940628051,top,,False,True,False,False
XP_073800535,XP_056309420,0.0254555940628051,top,,False,True,False,False
XP_073800533,XP_056309420,0.0254555940628051,top,,False,True,False,False
XP_073800539,XP_056309420,0.0254421234130859,top,,False,True,False,False
XP_073800529,XP_056309420,0.0254421234130859,top,,False,True,False,False
XP_073800533,XP_056309421,0.0254143476486206,top,,False,True,False,False
XP_073800545,XP_056309421,0.0254143476486206,top,,False,True,False,False
XP_073800539,XP_056309421,0.0254029035568237,top,,False,True,False,False
XP_073800529,XP_056309421,0.0254029035568237,top;random,,False,True,True,False
NP_001373176,XP_056329707,0.0253851413726806,top,,False,True,False,False
NP_001028283,XP_056335943,0.0253759622573852,top,,False,True,False,False
XP_073800532,XP_056309419,0.0253572463989257,stratified;top,,True,True,False,False
XP_073800544,XP_056309419,0.0253572463989257,top,,False,True,False,False
XP_017214041,XP_056324913,0.0253466963768005,top,,False,True,False,False
XP_073800546,XP_056309419,0.0253333449363708,top,,False,True,False,False
XP_073800527,XP_056309419,0.0253333449363708,top,,False,True,False,False
XP_073790065,XP_056337348,0.0253298282623291,top,,False,True,False,False
XP_073800537,XP_056309420,0.0252839922904968,top,,False,True,False,False
XP_017214042,XP_056324913,0.0252687931060791,top,,False,True,False,False
NP_001036210,XP_056332399,0.0252578854560852,top,,False,True,False,False
XP_073800537,XP_056309421,0.0252431631088256,top,,False,True,False,False
XP_073800538,XP_056309419,0.0252268314361572,top,,False,True,False,False
XP_073800528,XP_056309419,0.0252268314361572,top,,False,True,False,False
XP_073790057,XP_056337348,0.0252100229263305,top,,False,True,False,False
XP_073798553,XP_056308035,0.0251874327659606,top,,False,True,False,False
XP_073800533,XP_056309419,0.0251626968383789,top,,False,True,False,False
XP_073800545,XP_056309419,0.0251626968383789,top,,False,True,False,False
NP_001269112,XP_056335294,0.0251571536064147,top,,False,True,False,False
XP_073800539,XP_056309419,0.0251474380493164,top,,False,True,False,False
XP_073800529,XP_056309419,0.0251474380493164,stratified;top,,True,True,False,False
NP_001352989,XP_056331987,0.0251282453536987,top,,False,True,False,False
XP_009290275,XP_056330005,0.025095522403717,top,,False,True,False,False
XP_073790037,XP_056337348,0.0250791907310485,top,,False,True,False,False
XP_073790067,XP_056337348,0.025017499923706,top,,False,True,False,False
XP_073800537,XP_056309419,0.0249869227409362,top,,False,True,False,False
XP_073790061,XP_056337348,0.0249841809272766,top,,False,True,False,False
XP_003201373,XP_056306748,0.0248499512672424,top,,False,True,False,False
XP_073796269,XP_056307145,0.0247789621353149,top,,False,True,False,False
XP_073803160,XP_056311883,0.0247504115104675,top,,False,True,False,False
XP_073807836,XP_056313154,0.0247236490249633,top,,False,True,False,False
NP_001129450,XP_056331885,0.0246387720108032,top,,False,True,False,False
XP_073809568,XP_056315277,0.0245269536972045,top,,False,True,False,False
XP_073809569,XP_056315277,0.0245269536972045,top,,False,True,False,False
XP_017208962,XP_056304123,0.0244798064231872,top,,False,True,False,False
NP_001003597,XP_056336027,0.0244609713554382,top,,False,True,False,False
XP_073810471,XP_056316205,0.0244557857513427,top,,False,True,False,False
XP_073810472,XP_056316205,0.0244557857513427,top,,False,True,False,False
XP_073810473,XP_056316205,0.0244557857513427,top,,False,True,False,False
XP_003200133,XP_056329913,0.0244545340538024,top,,False,True,False,False
XP_003200133,XP_056329911,0.0244545340538024,top,,False,True,False,False
XP_003200133,XP_056329912,0.0244545340538024,top,,False,True,False,False
XP_003200133,XP_056329909,0.0244545340538024,top,,False,True,False,False
XP_003200133,XP_056329910,0.0244545340538024,top,,False,True,False,False
XP_073793733,XP_056304085,0.0244402289390563,top,,False,True,False,False
XP_691343,XP_056304085,0.0244402289390563,top,,False,True,False,False
XP_021336550,XP_056327113,0.0244383811950683,top,,False,True,False,False
XP_073799800,XP_056304841,0.0244379639625549,top,,False,True,False,False
XP_073803092,XP_056311997,0.0244272947311401,top,,False,True,False,False
XP_073803091,XP_056311997,0.0244272947311401,top,,False,True,False,False
XP_073800544,XP_056309426,0.0244263410568237,top,,False,True,False,False
XP_073800534,XP_056309426,0.0244263410568237,top,,False,True,False,False
XP_073800532,XP_056309424,0.0244133472442626,top,,False,True,False,False
XP_073800536,XP_056309426,0.0244070887565612,top,,False,True,False,False
XP_073800546,XP_056309426,0.0244070887565612,top,,False,True,False,False
XP_073796267,XP_056307145,0.0243894457817077,top,,False,True,False,False
XP_073800545,XP_056309424,0.0242276787757873,stratified,,True,False,False,False
XP_073800544,XP_056309425,0.0235026478767395,stratified,,True,False,False,False
XP_073800537,XP_056309427,0.0234147310256958,random,,False,False,True,False
XP_073800533,XP_056309425,0.023340106010437,random,,False,False,True,False
XP_073789721,XP_056337050,0.0229304432868957,stratified,,True,False,False,False
XP_073810745,XP_056316721,0.022793173789978,stratified,,True,False,False,False
XP_073790883,XP_056302086,0.021847128868103,stratified,,True,False,False,False
XP_073800326,XP_056309206,0.0215879082679748,stratified,,True,False,False,False
XP_073800329,XP_056309206,0.0215854048728942,random,,False,False,True,False
XP_073789724,XP_056337053,0.0202840566635131,stratified,,True,False,False,False
XP_073805721,XP_056317134,0.019845962524414,random,,False,False,True,False
XP_021322429,XP_056331304,0.0190876722335815,stratified,,True,False,False,False
XP_073808289,XP_056312759,0.0188145041465759,random,,False,False,True,False
XP_073798900,XP_056309897,0.018698513507843,random,,False,False,True,False
NP_001035342,XP_056311056,0.0176697373390197,stratified,,True,False,False,False
XP_073807829,XP_056313153,0.0172743201255798,stratified,,True,False,False,False
NP_001373251,XP_056330160,0.0168785452842712,stratified,,True,False,False,False
NP_001070057,XP_056309623,0.0165772438049316,stratified,,True,False,False,False
XP_073791828,XP_056302854,0.0159801840782165,stratified,,True,False,False,False
XP_073793656,XP_056303299,0.0156226158142089,stratified,,True,False,False,False
XP_021323890,XP_056335160,0.0153012871742248,random,,False,False,True,False
NP_999957,XP_056321317,0.0149805545806884,random,,False,False,True,False
XP_073799502,XP_056307416,0.0149527192115783,stratified,,True,False,False,False
XP_073805402,XP_056319545,0.014837622642517,stratified,,True,False,False,False
XP_003200581,XP_056336192,0.014742374420166,stratified,,True,False,False,False
XP_073807802,XP_056314860,0.0144633650779724,stratified,,True,False,False,False
NP_571437,XP_056326982,0.0144629478454589,stratified,,True,False,False,False
XP_073787799,XP_056335160,0.0143279433250427,stratified,,True,False,False,False
XP_073788261,XP_056302513,0.0143011212348937,stratified,,True,False,False,False
XP_073789571,XP_056337188,0.0139377117156982,random,,False,False,True,False
XP_073789565,XP_056337191,0.013892650604248,random,,False,False,True,False
XP_009305696,XP_056327427,0.0138558149337768,stratified,,True,False,False,False
XP_073803615,XP_056321892,0.0134340524673461,stratified,,True,False,False,False
XP_073793321,XP_056304489,0.0133661031723022,stratified,,True,False,False,False
XP_073807514,XP_056306474,0.0132113695144653,random,,False,False,True,False
NP_001313294,XP_056315003,0.012988269329071,random,,False,False,True,False
NP_001315015,XP_056327037,0.0127738118171691,random,,False,False,True,False
XP_073791108,XP_056305496,0.0125467777252197,random,,False,False,True,False
XP_073803558,XP_056336236,0.0122937560081481,random,,False,False,True,False
XP_073808240,XP_056307180,0.0122644901275634,stratified,,True,False,False,False
XP_073807519,XP_056306479,0.0122208595275878,stratified,,True,False,False,False
NP_001373658,XP_056323540,0.0119222998619079,random,,False,False,True,False
XP_073794028,XP_056304977,0.0116907358169555,random,,False,False,True,False
XP_073801994,XP_056312281,0.0115677118301391,random,,False,False,True,False
XP_695417,XP_056333973,0.0115651488304138,stratified,,True,False,False,False
XP_073810522,XP_056316328,0.011537492275238,random,,False,False,True,False
XP_073810520,XP_056316327,0.011537492275238,stratified,,True,False,False,False
XP_073810521,XP_056316328,0.011537492275238,random,,False,False,True,False
XP_073810517,XP_056316327,0.011537492275238,stratified,,True,False,False,False
XP_073810519,XP_056316327,0.0115177631378173,stratified,,True,False,False,False
XP_073810516,XP_056316328,0.0115177631378173,stratified,,True,False,False,False
XP_073804887,XP_056329786,0.011156678199768,stratified,,True,False,False,False
XP_698802,XP_056335677,0.0111339092254638,random,,False,False,True,False
XP_005164954,XP_056311575,0.0110896229743957,stratified,,True,False,False,False
XP_073797016,XP_056306184,0.0110772252082824,random,,False,False,True,False
NP_001093617,XP_056335290,0.0110160112380981,stratified,,True,False,False,False
XP_073810807,XP_056316573,0.0108972787857055,stratified,,True,False,False,False
XP_073797361,XP_056306442,0.0108846426010131,stratified,,True,False,False,False
XP_073796582,XP_056306245,0.0108534097671508,random,,False,False,True,False
NP_956249,XP_056312377,0.010745882987976,stratified,,True,False,False,False
NP_001070181,XP_056325478,0.0104488730430603,random,,False,False,True,False
XP_073810406,XP_056316024,0.0103379487991333,stratified,,True,False,False,False
XP_073791601,XP_056334027,0.0101449489593505,random,,False,False,True,False
XP_073798360,XP_056308420,0.0101029872894287,random,,False,False,True,False
NP_001019395,XP_056315002,0.0100296735763549,stratified,,True,False,False,False
XP_021322751,XP_056331113,0.0099597573280334,stratified,,True,False,False,False
XP_073790691,XP_056302392,0.0098299384117126,random,,False,False,True,False
XP_073790689,XP_056302392,0.0098299384117126,stratified,,True,False,False,False
XP_073807277,XP_056312974,0.0098260641098022,random,,False,False,True,False
XP_073790690,XP_056302394,0.0098147392272949,stratified,,True,False,False,False
NP_001035015,XP_056312749,0.0098137855529785,stratified,,True,False,False,False
XP_073810343,XP_056315987,0.0097678899765014,stratified,,True,False,False,False
XP_073790691,XP_056302395,0.0097516775131225,stratified,,True,False,False,False
XP_073790718,XP_056302397,0.0097126960754394,stratified,,True,False,False,False
XP_009299521,XP_056313396,0.0096991062164306,random,,False,False,True,False
XP_073810177,XP_056315788,0.0094308853149414,random,,False,False,True,False
XP_073810174,XP_056315815,0.0093792080879211,random,,False,False,True,False
XP_073793946,XP_056303355,0.0092878937721252,stratified,,True,False,False,False
XP_073800203,XP_056302540,0.0092664361000061,random,,False,False,True,False
NP_001373367,XP_056330740,0.0092629194259643,stratified,,True,False,False,False
XP_001340683,XP_056324979,0.0092254281044006,random,,False,False,True,False
XP_073797208,XP_056306136,0.0092051029205322,stratified,,True,False,False,False
NP_998412,XP_056312331,0.0091907382011413,stratified,,True,False,False,False
XP_073787941,XP_056301675,0.0091821551322937,random,,False,False,True,False
XP_073803139,XP_056311943,0.009114384651184,stratified,,True,False,False,False
XP_073803139,XP_056311942,0.009114384651184,random,,False,False,True,False
NP_956197,XP_056334122,0.0089979171752929,stratified,,True,False,False,False
XP_073793136,XP_056304191,0.0089526772499084,random,,False,False,True,False
XP_073810403,XP_056316036,0.0089325308799743,random,,False,False,True,False
XP_005165852,XP_056314959,0.0088184475898742,stratified,,True,False,False,False
XP_068068946,XP_056327581,0.0088182091712951,stratified,,True,False,False,False
XP_699547,XP_056316513,0.0087519288063049,random,,False,False,True,False
XP_073802558,XP_056311918,0.0087500214576721,stratified,,True,False,False,False
XP_073786300,XP_056334517,0.0086579918861389,random,,False,False,True,False
XP_073810940,XP_056337726,0.0085684061050415,random,,False,False,True,False
XP_073801125,XP_056312531,0.0085098147392272,stratified,,True,False,False,False
XP_073799400,XP_056307238,0.0084691643714904,random,,False,False,True,False
XP_073799402,XP_056307238,0.0084691643714904,stratified,,True,False,False,False
XP_073790845,XP_056302738,0.0084099769592285,random,,False,False,True,False
XP_073789428,XP_056337275,0.0082985162734985,stratified,,True,False,False,False
XP_005162224,XP_056306039,0.0081743001937866,stratified,,True,False,False,False
XP_073798579,XP_056312587,0.0081529021263122,stratified,,True,False,False,False
XP_073785677,XP_056333974,0.0080587267875671,random,,False,False,True,False
XP_073800724,XP_056309735,0.0080087184906005,stratified,,True,False,False,False
XP_073800723,XP_056309735,0.0080087184906005,stratified;random,,True,False,True,False
NP_001307020,XP_056317059,0.0079120993614196,random,,False,False,True,False
XP_073800498,XP_056309397,0.0076363682746887,stratified,,True,False,False,False
XP_001340167,XP_056321240,0.0075762271881103,stratified,,True,False,False,False
NP_001373668,XP_056315814,0.0075635910034179,stratified,,True,False,False,False
XP_073802910,XP_056312230,0.0075610280036926,stratified,,True,False,False,False
XP_009303928,XP_056322463,0.0074567198753356,random,,False,False,True,False
NP_001188470,XP_056312045,0.0073647499084472,random,,False,False,True,False
XP_073797508,XP_056306382,0.007322609424591,stratified,,True,False,False,False
NP_001037796,XP_056334029,0.0073127746582031,stratified,,True,False,False,False
XP_073793857,XP_056303208,0.0072856545448303,stratified,,True,False,False,False
XP_073810352,XP_056315986,0.0072609782218933,random,,False,False,True,False
XP_021325529,XP_056305061,0.0072534084320068,random,,False,False,True,False
XP_073791239,XP_056302463,0.007252812385559,random,,False,False,True,False
XP_021333799,XP_056318536,0.0072388648986816,stratified,,True,False,False,False
XP_073797011,XP_056306975,0.007106065750122,stratified,,True,False,False,False
XP_073800499,XP_056309397,0.0070984363555908,stratified,,True,False,False,False
XP_073807654,XP_056313132,0.007067859172821,stratified,,True,False,False,False
XP_005170030,XP_056308600,0.007026731967926,stratified,,True,False,False,False
XP_073807832,XP_056313153,0.0069860816001892,stratified,,True,False,False,False
XP_073800937,XP_056309998,0.00697922706604,random,,False,False,True,False
NP_001018660,XP_056327709,0.0069353580474853,stratified;random,,True,False,True,False
XP_073800945,XP_056309999,0.0068394541740417,stratified,,True,False,False,False
XP_073800950,XP_056309999,0.0068394541740417,random,,False,False,True,False
XP_005168169,XP_056318525,0.0066971778869628,random,,False,False,True,False
NP_001170934,XP_056325987,0.0066206455230712,stratified,,True,False,False,False
NP_001034921,XP_056329998,0.0065861344337463,stratified,,True,False,False,False
XP_073792531,XP_056304225,0.0065749883651733,stratified,,True,False,False,False
XP_073792533,XP_056304225,0.0065749883651733,random,,False,False,True,False
NP_001070044,XP_056305077,0.0065575838088989,random,,False,False,True,False
NP_958493,XP_056303546,0.0065362453460693,stratified,,True,False,False,False
XP_073805306,XP_056320679,0.0065183639526367,stratified,,True,False,False,False
XP_073810855,XP_056315162,0.0065126419067382,random,,False,False,True,False
XP_005172702,XP_056322533,0.0065011382102966,random,,False,False,True,False
XP_073808242,XP_056337726,0.0064892172813415,stratified,,True,False,False,False
NP_001077014,XP_056312592,0.0064706802368164,stratified,,True,False,False,False
NP_001116318,XP_056313938,0.0064349770545959,random,,False,False,True,False
XP_005172702,XP_056322534,0.006361961364746,stratified,,True,False,False,False
XP_073807738,XP_056328853,0.0063344240188598,stratified,,True,False,False,False
XP_073807738,XP_056328466,0.0063344240188598,stratified,,True,False,False,False
XP_073810774,XP_056336521,0.0062658190727233,stratified,,True,False,False,False
NP_991215,XP_056312317,0.0062565207481384,random,,False,False,True,False
NP_001107957,XP_056304289,0.0061933994293212,stratified,,True,False,False,False
XP_021336076,XP_056325313,0.0061668157577514,stratified,,True,False,False,False
NP_001314733,XP_056326686,0.0061603188514709,stratified,,True,False,False,False
XP_073801514,XP_056329786,0.0061540603637695,stratified,,True,False,False,False
XP_073789981,XP_056329786,0.0061540603637695,random,,False,False,True,False
XP_021333468,XP_056318780,0.0061192512512207,stratified,,True,False,False,False
XP_073807360,XP_056312960,0.0061027407646179,stratified,,True,False,False,False
XP_073807361,XP_056312960,0.0061027407646179,stratified,,True,False,False,False
XP_073808232,XP_056329786,0.0060845613479614,stratified,,True,False,False,False
XP_073802930,XP_056312375,0.0060650706291198,random,,False,False,True,False
NP_957040,XP_056334317,0.0060482621192932,stratified,,True,False,False,False
XP_009303641,XP_056322533,0.0060425996780395,random,,False,False,True,False
XP_009290813,XP_056331007,0.0060197710990905,random,,False,False,True,False
NP_001182175,XP_056305098,0.0059961080551147,stratified;random,,True,False,True,False
XP_073792526,XP_056304225,0.0059849619865417,stratified,,True,False,False,False
XP_073801286,XP_056310245,0.005894124507904,stratified,,True,False,False,False
XP_021328778,XP_056332963,0.0058614015579223,stratified,,True,False,False,False
XP_697139,XP_056327437,0.0058488249778747,stratified,,True,False,False,False
XP_073785494,XP_056336222,0.0058442950248718,random,,False,False,True,False
XP_073791245,XP_056302470,0.0058319568634033,stratified,,True,False,False,False
NP_001373212,XP_056301524,0.0057951211929321,stratified,,True,False,False,False
NP_001017591,XP_056311516,0.0057453513145446,random,,False,False,True,False
NP_001410627,XP_056328632,0.0056889653205871,stratified,,True,False,False,False
NP_998126,XP_056313020,0.0056484937667846,stratified,,True,False,False,False
NP_001018518,XP_056322916,0.0055662393569946,stratified,,True,False,False,False
XP_073788447,XP_056337500,0.0055646300315856,stratified,,True,False,False,False
XP_073802594,XP_056311685,0.0055291056632995,stratified,,True,False,False,False
XP_073802591,XP_056311685,0.0055291056632995,stratified,,True,False,False,False
NP_001017731,XP_056308240,0.0055260062217712,stratified,,True,False,False,False
XP_073800976,XP_056310003,0.005506694316864,stratified,,True,False,False,False
XP_073808232,XP_056319372,0.0054251551628112,stratified,,True,False,False,False
XP_073801490,XP_056310573,0.0053567886352539,random,,False,False,True,False
XP_073793589,XP_056332166,0.005346655845642,stratified,,True,False,False,False
XP_073808222,XP_056332166,0.005346655845642,stratified,,True,False,False,False
XP_073791533,XP_056329778,0.0053004622459411,stratified,,True,False,False,False
XP_073796967,XP_056329778,0.0053004622459411,random,,False,False,True,False
XP_073810778,XP_056329778,0.0053004622459411,stratified,,True,False,False,False
XP_073791532,XP_056329778,0.0053004622459411,stratified,,True,False,False,False
XP_073807797,XP_056316855,0.0052896738052368,stratified,,True,False,False,False
XP_073810933,XP_056311484,0.0052896738052368,random,,False,False,True,False
XP_073800379,XP_056322201,0.0052896738052368,stratified,,True,False,False,False
XP_073800280,XP_056302209,0.0052896738052368,stratified,,True,False,False,False
XP_073808231,XP_056328853,0.0052896738052368,stratified,,True,False,False,False
XP_073800281,XP_056325655,0.0052896738052368,stratified,,True,False,False,False
XP_073810932,XP_056333343,0.0052896738052368,random,,False,False,True,False
XP_073807798,XP_056325547,0.0052896738052368,random,,False,False,True,False
XP_073793593,XP_056313241,0.0052896738052368,random,,False,False,True,False
XP_073793593,XP_056328466,0.0052896738052368,stratified,,True,False,False,False
XP_073793592,XP_056322201,0.0052896738052368,stratified,,True,False,False,False
XP_073793593,XP_056311466,0.0052896738052368,stratified,,True,False,False,False
XP_073810781,XP_056313241,0.0052896738052368,stratified,,True,False,False,False
XP_073793592,XP_056313241,0.0052896738052368,stratified,,True,False,False,False
XP_073807799,XP_056313241,0.0052896738052368,random,,False,False,True,False
XP_073810781,XP_056311484,0.0052896738052368,random,,False,False,True,False
XP_073810931,XP_056318306,0.0052896738052368,stratified,,True,False,False,False
XP_073810932,XP_056316855,0.0052896738052368,stratified,,True,False,False,False
XP_073800379,XP_056313242,0.0052896738052368,stratified,,True,False,False,False
XP_073800281,XP_056311466,0.0052896738052368,stratified,,True,False,False,False
XP_073810931,XP_056306804,0.0052896738052368,stratified,,True,False,False,False
XP_073800379,XP_056306804,0.0052896738052368,random,,False,False,True,False
XP_073810931,XP_056313242,0.0052896738052368,stratified;random,,True,False,True,False
XP_017208769,XP_056303289,0.0052216053009033,stratified,,True,False,False,False
XP_073810936,XP_056318230,0.0052211880683898,stratified,,True,False,False,False
XP_073804891,XP_056318230,0.0052211880683898,random,,False,False,True,False
XP_073791936,XP_056303050,0.0052003860473632,stratified,,True,False,False,False
XP_073793934,XP_056303356,0.0051997900009155,random,,False,False,True,False
XP_073793556,XP_056329778,0.0051342844963073,random,,False,False,True,False
XP_073793557,XP_056329778,0.0051342844963073,stratified,,True,False,False,False
XP_073794101,XP_056305843,0.0051335096359252,stratified,,True,False,False,False
NP_001124266,XP_056337580,0.0051164031028747,stratified,,True,False,False,False
XP_073793345,XP_056304495,0.0050867795944213,stratified,,True,False,False,False
NP_001004013,XP_056328543,0.0049368739128112,random,,False,False,True,False
NP_571189,XP_056306788,0.0049290060997009,random,,False,False,True,False
XP_021325127,XP_056303292,0.0047299265861511,random,,False,False,True,False
XP_073800376,XP_056319124,0.0047158002853393,stratified,,True,False,False,False
XP_073810926,XP_056319124,0.0047158002853393,random,,False,False,True,False
XP_073804886,XP_056319125,0.0047158002853393,random,,False,False,True,False
XP_073796967,XP_056319125,0.0047158002853393,stratified,,True,False,False,False
XP_073806902,XP_056312777,0.0046666860580444,stratified,,True,False,False,False
XP_005171457,XP_056325366,0.0045766830444335,random,,False,False,True,False
NP_001018608,XP_056333637,0.0045523047447204,stratified,,True,False,False,False
NP_001159589,XP_056324544,0.0045365095138549,stratified,,True,False,False,False
NP_001074056,XP_056314969,0.0045059919357299,random,,False,False,True,False
NP_001070752,XP_056337338,0.0044933557510375,random,,False,False,True,False
NP_739570,XP_056320281,0.0044756531715393,stratified,,True,False,False,False
NP_001096119,XP_056332106,0.0044714212417602,random,,False,False,True,False
XP_073791873,XP_056301905,0.0044504404067993,stratified,,True,False,False,False
XP_002661886,XP_056310981,0.0044503808021545,random,,False,False,True,False
NP_001017775,XP_056331050,0.0043975114822387,random,,False,False,True,False
NP_878288,XP_056328384,0.0043879747390747,random,,False,False,True,False
NP_998424,XP_056306199,0.0043606162071228,stratified;random,,True,False,True,False
XP_684581,XP_056323856,0.0043535232543945,stratified,,True,False,False,False
XP_073790481,XP_056301942,0.0043161511421203,random,,False,False,True,False
XP_073808971,XP_056313138,0.0043110847473144,random,,False,False,True,False
XP_073790492,XP_056301946,0.0042530298233032,random,,False,False,True,False
NP_571817,XP_056302527,0.0042500495910644,stratified,,True,False,False,False
XP_073809669,XP_056315357,0.0042489767074584,random,,False,False,True,False
XP_002664303,XP_056328806,0.0042254328727722,random,,False,False,True,False
XP_073791439,XP_056302886,0.0041902661323547,random,,False,False,True,False
XP_009299425,XP_056313238,0.0041735768318176,random,,False,False,True,False
XP_073808725,XP_056316678,0.0041401982307434,stratified,,True,False,False,False
XP_073792771,XP_056304547,0.0041201710700988,stratified,,True,False,False,False
XP_003201130,XP_056303259,0.0041180253028869,stratified,,True,False,False,False
NP_861431,XP_056325388,0.0041078925132751,stratified,,True,False,False,False
NP_001017783,XP_056310579,0.0040771961212158,stratified,,True,False,False,False
XP_073807411,XP_056308771,0.0040733814239501,random,,False,False,True,False
NP_001296971,XP_056337470,0.0040630102157592,stratified,,True,False,False,False
NP_001295578,XP_056317584,0.0040454268455505,random,,False,False,True,False
NP_001003729,XP_056333200,0.0040076375007629,stratified,,True,False,False,False
XP_003199543,XP_056323771,0.0040045380592346,stratified,,True,False,False,False
XP_073789900,XP_056336860,0.0039916038513183,stratified,,True,False,False,False
XP_001332231,XP_056315343,0.0039886236190795,random,,False,False,True,False
XP_001923170,XP_056326350,0.0039880871772766,stratified,,True,False,False,False
XP_009298792,XP_056325231,0.0039774775505065,random,,False,False,True,False
XP_073810923,XP_056336644,0.0039774179458618,stratified,,True,False,False,False
XP_073800375,XP_056336644,0.0039774179458618,random,,False,False,True,False
XP_073800374,XP_056336644,0.0039774179458618,stratified,,True,False,False,False
XP_073800375,XP_056336643,0.0039774179458618,stratified,,True,False,False,False
XP_073806366,XP_056313057,0.0039729475975036,random,,False,False,True,False
NP_001124070,XP_056336738,0.0039705038070678,stratified,,True,False,False,False
NP_001410451,XP_056327827,0.0039616227149963,stratified,,True,False,False,False
XP_017213978,XP_056325565,0.003949761390686,stratified,,True,False,False,False
NP_001353719,XP_056324289,0.0039364099502563,random,,False,False,True,False
XP_073790133,XP_056336906,0.0039331316947937,stratified,,True,False,False,False
XP_073798268,XP_056307555,0.0038597583770751,random,,False,False,True,False
NP_001166107,XP_056326298,0.0038594007492065,random,,False,False,True,False
NP_001289971,XP_056308415,0.0038540363311767,stratified,,True,False,False,False
XP_009302848,XP_056320893,0.0038468837738037,stratified,,True,False,False,False
NP_001106972,XP_056313072,0.0038383603096008,stratified,,True,False,False,False
XP_073791919,XP_056302503,0.0038223266601562,random,,False,False,True,False
XP_073791918,XP_056302501,0.0038223266601562,random,,False,False,True,False
XP_073791917,XP_056302502,0.0038223266601562,random,,False,False,True,False
XP_073793957,XP_056303361,0.0038026571273803,random,,False,False,True,False
XP_073803519,XP_056311382,0.0037890672683715,stratified,,True,False,False,False
XP_021322842,XP_056333637,0.003747284412384,random,,False,False,True,False
XP_073803277,XP_056311009,0.0037260055541992,random,,False,False,True,False
XP_698724,XP_056335689,0.0036921501159667,stratified,,True,False,False,False
XP_021335365,XP_056323909,0.0036515593528747,stratified,,True,False,False,False
XP_001332088,XP_056321430,0.0036442279815673,stratified,,True,False,False,False
XP_073804383,XP_056310834,0.0036377310752868,random,,False,False,True,False
XP_021323920,XP_056335524,0.0035682916641235,stratified,,True,False,False,False
XP_073799710,XP_056309544,0.003555417060852,stratified;random,,True,False,True,False
NP_001116416,XP_056314732,0.0035479664802551,stratified,,True,False,False,False
XP_005160930,XP_056301476,0.0035330057144165,stratified,,True,False,False,False
NP_001373283,XP_056301959,0.0035318136215209,random,,False,False,True,False
NP_001153304,XP_056321086,0.0035174489021301,stratified,,True,False,False,False
NP_001373519,XP_056328625,0.00346040725708,stratified,,True,False,False,False
XP_005161421,XP_056302108,0.0034250020980834,stratified,,True,False,False,False
XP_073800344,XP_056309206,0.0034146308898925,stratified,,True,False,False,False
NP_571339,XP_056303610,0.0034114122390747,target,AHR2,False,False,False,True
XP_021335848,XP_056326084,0.0034042000770568,stratified,,True,False,False,False
XP_073804987,XP_056311227,0.0033832192420959,stratified,,True,False,False,False
XP_073792897,XP_056330376,0.003359317779541,stratified,,True,False,False,False
XP_073792529,XP_056304224,0.0033584237098693,random,,False,False,True,False
XP_073798237,XP_056307542,0.0033516287803649,stratified,,True,False,False,False
XP_073795225,XP_056305840,0.0032897591590881,stratified;random,,True,False,True,False
XP_005161090,XP_056302958,0.0032783150672912,random,,False,False,True,False
XP_690395,XP_056336694,0.0032569169998168,stratified,,True,False,False,False
XP_073797945,XP_056307223,0.0032030940055847,stratified,,True,False,False,False
XP_073788072,XP_056336190,0.0031841397285461,stratified,,True,False,False,False
NP_001070218,XP_056332159,0.0031768083572387,random,,False,False,True,False
NP_001014373,XP_056313616,0.003174602985382,stratified,,True,False,False,False
NP_001019618,XP_056329798,0.0031557083129882,random,,False,False,True,False
XP_017207394,XP_056334133,0.0031206011772155,stratified,,True,False,False,False
NP_001013299,XP_056323143,0.0031178593635559,stratified,,True,False,False,False
XP_695071,XP_056332365,0.0031147003173828,stratified,,True,False,False,False
XP_009302934,XP_056320817,0.0031132698059082,random,,False,False,True,False
XP_073804655,XP_056325318,0.0030668377876281,stratified,,True,False,False,False
NP_001353685,XP_056314655,0.0030643343925476,random,,False,False,True,False
NP_001070718,XP_056329681,0.0030581355094909,stratified,,True,False,False,False
NP_001005577,XP_056318590,0.0030434727668762,random,,False,False,True,False
XP_073800017,XP_056305861,0.0030422806739807,stratified,,True,False,False,False
XP_021328358,XP_056305820,0.0030255913734436,random,,False,False,True,False
XP_073807639,XP_056313135,0.0030129551887512,stratified,,True,False,False,False
XP_073795102,XP_056304657,0.0029788613319396,random,,False,False,True,False
XP_073804119,XP_056310856,0.0029678344726562,stratified,,True,False,False,False
XP_009302401,XP_056319239,0.0029650926589965,stratified,,True,False,False,False
XP_073794796,XP_056308778,0.0029612183570861,stratified,,True,False,False,False
XP_009294897,XP_056305410,0.002949833869934,stratified,,True,False,False,False
XP_073789812,XP_056336613,0.002948522567749,stratified,,True,False,False,False
XP_073789807,XP_056336613,0.002948522567749,stratified,,True,False,False,False
NP_938161,XP_056308536,0.0029434561729431,stratified;random,,True,False,True,False
XP_005174015,XP_056303273,0.0029422044754028,stratified;random,,True,False,True,False
XP_003197979,XP_056335703,0.0029404759407043,stratified,,True,False,False,False
XP_005166176,XP_056316333,0.0029143095016479,random,,False,False,True,False
XP_073794443,XP_056310361,0.0028965473175048,stratified,,True,False,False,False
XP_001337969,XP_056333860,0.002890408039093,random,,False,False,True,False
XP_073792711,XP_056303372,0.0028785467147827,stratified,,True,False,False,False
XP_001341328,XP_056325773,0.0028648972511291,stratified,,True,False,False,False
XP_017210951,XP_056310461,0.0028609037399291,stratified,,True,False,False,False
XP_001334616,XP_056306058,0.0028606057167053,random,,False,False,True,False
NP_001257524,XP_056317323,0.0028479099273681,stratified,,True,False,False,False
XP_005160412,XP_056301277,0.0028302669525146,stratified,,True,False,False,False
XP_073804431,XP_056310441,0.0028244256973266,random,,False,False,True,False
XP_005156356,XP_056325189,0.0028042197227478,stratified,,True,False,False,False
XP_073789977,XP_056336822,0.0027804970741271,stratified,,True,False,False,False
NP_001070801,XP_056325565,0.0027657151222229,stratified,,True,False,False,False
NP_001002753,XP_056309721,0.0027596950531005,stratified,,True,False,False,False
XP_002663081,XP_056332453,0.0027461647987365,stratified,,True,False,False,False
XP_073791227,XP_056303002,0.0027396082878112,stratified,,True,False,False,False
XP_073800702,XP_056309671,0.0027387142181396,random,,False,False,True,False
NP_957029,XP_056337727,0.0027272105216979,random,,False,False,True,False
XP_003200380,XP_056333328,0.0027200579643249,stratified,,True,False,False,False
XP_021323091,XP_056332362,0.0027161836624145,stratified,,True,False,False,False
XP_005155999,XP_056324060,0.002693235874176,stratified,,True,False,False,False
NP_001129725,XP_056311479,0.0026856064796447,stratified,,True,False,False,False
XP_003198902,XP_056316830,0.0026570558547973,random,,False,False,True,False
XP_017206694,XP_056330082,0.0026535391807556,random,,False,False,True,False
XP_073795601,XP_056305036,0.0026478767395019,stratified,,True,False,False,False
XP_003200754,XP_056337651,0.0026405453681945,stratified,,True,False,False,False
XP_005166296,XP_056315000,0.0026155710220336,random,,False,False,True,False
NP_001188466,XP_056311462,0.0025839209556579,stratified,,True,False,False,False
NP_001188466,XP_056311463,0.0025839209556579,random,,False,False,True,False
XP_021326004,XP_056306113,0.0025779008865356,random,,False,False,True,False
XP_073796460,XP_056306225,0.0025672912597656,random,,False,False,True,False
XP_073796458,XP_056306225,0.0025672912597656,stratified,,True,False,False,False
XP_021329042,XP_056301501,0.0025641322135925,stratified,,True,False,False,False
XP_001346279,XP_056304292,0.0025594830513,stratified,,True,False,False,False
NP_001311424,XP_056337634,0.0025530457496643,stratified,,True,False,False,False
NP_001098585,XP_056325386,0.0025369524955749,random,,False,False,True,False
XP_021324551,XP_056302964,0.0025267601013183,stratified,,True,False,False,False
XP_688797,XP_056302371,0.0025233626365661,random,,False,False,True,False
XP_073795576,XP_056304953,0.0025132298469543,stratified,,True,False,False,False
NP_001025291,XP_056301331,0.0025098323822021,stratified,,True,False,False,False
NP_001038631,XP_056315475,0.002507209777832,stratified,,True,False,False,False
XP_073803571,XP_056312301,0.0024966597557067,stratified,,True,False,False,False
NP_001186941,XP_056329042,0.0024831891059875,random,,False,False,True,False
XP_690155,XP_056323885,0.0024774074554443,random,,False,False,True,False
XP_017207906,XP_056335925,0.0024724006652832,stratified,,True,False,False,False
XP_073787851,XP_056335925,0.0024724006652832,stratified,,True,False,False,False
NP_001036815,XP_056326425,0.0024634599685668,stratified,,True,False,False,False
NP_001314977,XP_056328910,0.0024431943893432,random,,False,False,True,False
XP_005162677,XP_056306604,0.002439260482788,random,,False,False,True,False
XP_001344844,XP_056324880,0.0024388432502746,stratified,,True,False,False,False
XP_073799129,XP_056308180,0.0024305582046508,random,,False,False,True,False
NP_991185,XP_056326362,0.0024243593215942,stratified,,True,False,False,False
XP_073809809,XP_056314952,0.0024237036705017,stratified,,True,False,False,False
XP_021330084,XP_056334389,0.0024136900901794,random,,False,False,True,False
XP_017211916,XP_056316021,0.0024003982543945,random,,False,False,True,False
NP_001346857,XP_056311477,0.0023965239524841,stratified,,True,False,False,False
XP_073787326,XP_056336008,0.0023871660232543,random,,False,False,True,False
XP_073787331,XP_056336008,0.0023871660232543,random,,False,False,True,False
XP_073798009,XP_056307954,0.00238037109375,random,,False,False,True,False
XP_073795575,XP_056304953,0.0023739337921142,stratified,,True,False,False,False
XP_684629,XP_056315473,0.0023704767227172,stratified,,True,False,False,False
NP_001124063,XP_056302958,0.0023701786994934,random,,False,False,True,False
NP_001164537,XP_056314804,0.0023684501647949,random,,False,False,True,False
XP_073789739,XP_056337280,0.0023631453514099,stratified,,True,False,False,False
XP_073789747,XP_056337280,0.0023631453514099,stratified,,True,False,False,False
XP_005155966,XP_056323885,0.0023444890975952,random,,False,False,True,False
NP_001038722,XP_056337096,0.0023431181907653,random,,False,False,True,False
XP_073810282,XP_056315190,0.0023344159126281,random,,False,False,True,False
NP_001003838,XP_056325518,0.0023341178894042,random,,False,False,True,False
NP_001373473,XP_056305858,0.0023291110992431,random,,False,False,True,False
XP_073809805,XP_056314953,0.0023277997970581,random,,False,False,True,False
XP_001923752,XP_056328740,0.0023130774497985,stratified,,True,False,False,False
XP_021333237,XP_056318724,0.0023103356361389,random,,False,False,True,False
XP_005159833,XP_056336107,0.0023001432418823,stratified,,True,False,False,False
NP_001038238,XP_056337267,0.0022954940795898,stratified,,True,False,False,False
NP_001292542,XP_056306807,0.002286672592163,random,,False,False,True,False
XP_073809810,XP_056314955,0.0022779107093811,random,,False,False,True,False
NP_001003526,XP_056309985,0.002270221710205,stratified,,True,False,False,False
XP_005160524,XP_056337202,0.0022593736648559,random,,False,False,True,False
NP_001107088,XP_056330390,0.002256691455841,random,,False,False,True,False
NP_001003572,XP_056325054,0.0022559165954589,random,,False,False,True,False
NP_999983,XP_056334545,0.0022458434104919,random,,False,False,True,False
XP_001335854,XP_056310183,0.0022355914115905,stratified,,True,False,False,False
NP_001108355,XP_056312042,0.0022320747375488,random,,False,False,True,False
XP_009290149,XP_056330068,0.0022223591804504,random,,False,False,True,False
XP_073790448,XP_056302164,0.002212643623352,stratified,,True,False,False,False
XP_021334632,XP_056321337,0.0022048354148864,random,,False,False,True,False
XP_073791697,XP_056301689,0.0021952986717224,stratified,,True,False,False,False
NP_001093523,XP_056313129,0.002193808555603,random,,False,False,True,False
NP_001124145,XP_056310694,0.0021916031837463,random,,False,False,True,False
XP_009297676,XP_056309414,0.002189815044403,random,,False,False,True,False
NP_001074137,XP_056324182,0.0021777153015136,random,,False,False,True,False
XP_001342303,XP_056322443,0.0021740198135375,stratified,,True,False,False,False
NP_001138281,XP_056328268,0.0021731853485107,random,,False,False,True,False
XP_001340218,XP_056307068,0.0021662712097167,random,,False,False,True,False
NP_001076331,XP_056313390,0.0021532773971557,random,,False,False,True,False
XP_073785676,XP_056336631,0.0021437406539916,stratified,,True,False,False,False
NP_001017843,XP_056319218,0.0021436810493469,stratified,,True,False,False,False
NP_001373261,XP_056324685,0.0021406412124633,stratified,,True,False,False,False
NP_001002108,XP_056331268,0.0021328926086425,random,,False,False,True,False
NP_001025415,XP_056324323,0.0021257400512695,random,,False,False,True,False
XP_073790449,XP_056302165,0.0020970106124877,stratified,,True,False,False,False
NP_001154873,XP_056324495,0.0020904541015625,random,,False,False,True,False
XP_005165901,XP_056315629,0.0020870566368103,stratified,,True,False,False,False
NP_001007436,XP_056306795,0.0020854473114013,stratified,,True,False,False,False
XP_073787208,XP_056335448,0.0020846128463745,random,,False,False,True,False
NP_001104662,XP_056325314,0.0020838975906372,random,,False,False,True,False
NP_001073144,XP_056337109,0.0020778179168701,random,,False,False,True,False
XP_073809974,XP_056315469,0.002076506614685,random,,False,False,True,False
XP_021327030,XP_056308841,0.0020755529403686,random,,False,False,True,False
XP_073785667,XP_056336631,0.0020666718482971,stratified,,True,False,False,False
XP_073787400,XP_056335356,0.0020632743835449,stratified,,True,False,False,False
XP_009290393,XP_056331224,0.002048909664154,stratified,,True,False,False,False
XP_021332139,XP_056312881,0.0020472407341003,stratified,,True,False,False,False
XP_073803131,XP_056311083,0.0020421147346496,random,,False,False,True,False
XP_003197745,XP_056312726,0.0020347237586975,random,,False,False,True,False
XP_021334186,XP_056320539,0.0020331144332885,stratified,,True,False,False,False
XP_073799133,XP_056308185,0.0020223259925842,random,,False,False,True,False
XP_001921439,XP_056326629,0.0020186901092529,random,,False,False,True,False
XP_021334748,XP_056321753,0.0020145773887634,stratified,,True,False,False,False
XP_073786480,XP_056336302,0.0020138025283813,stratified,,True,False,False,False
XP_073801703,XP_056312042,0.0020111799240112,random,,False,False,True,False
XP_073801523,XP_056312017,0.0020015239715576,stratified,,True,False,False,False
XP_009293954,XP_056303183,0.0019996166229248,random,,False,False,True,False
NP_001348442,XP_056318274,0.0019862055778503,random,,False,False,True,False
NP_956683,XP_056323167,0.001984417438507,stratified,,True,False,False,False
XP_021324189,XP_056337431,0.001980185508728,stratified,,True,False,False,False
NP_001159810,XP_056327208,0.0019656419754028,stratified,,True,False,False,False
XP_005172727,XP_056322672,0.00195974111557,stratified,,True,False,False,False
XP_073798913,XP_056307400,0.0019560456275939,stratified,,True,False,False,False
XP_073798914,XP_056307399,0.0019560456275939,stratified,,True,False,False,False
NP_001096044,XP_056324448,0.0019477605819702,stratified,,True,False,False,False
NP_001038799,XP_056316974,0.0019432306289672,stratified,,True,False,False,False
NP_001139258,XP_056319869,0.0019354820251464,stratified,,True,False,False,False
NP_001073448,XP_056321274,0.0019285082817077,stratified,,True,False,False,False
XP_021322168,XP_056330029,0.0019277334213256,stratified,,True,False,False,False
XP_005156015,XP_056324806,0.0019208192825317,stratified,,True,False,False,False
NP_001306061,XP_056330585,0.0019170641899108,random,,False,False,True,False
XP_073790323,XP_056302574,0.0019167065620422,random,,False,False,True,False
NP_001314862,XP_056333615,0.0019161701202392,stratified,,True,False,False,False
XP_002666883,XP_056307847,0.0019105672836303,random,,False,False,True,False
XP_005163456,XP_056332501,0.0019043684005737,random,,False,False,True,False
XP_005173133,XP_056328329,0.0019006729125976,stratified,,True,False,False,False
XP_073796428,XP_056307094,0.0018897056579589,stratified,,True,False,False,False
NP_001258768,XP_056314589,0.0018789172172546,stratified,,True,False,False,False
XP_073798007,XP_056307954,0.001875102519989,stratified,,True,False,False,False
XP_073808704,XP_056316152,0.001858651638031,random,,False,False,True,False
NP_001243177,XP_056325477,0.0018379092216491,random,,False,False,True,False
XP_698063,XP_056311426,0.0018365383148193,stratified,,True,False,False,False
NP_001191237,XP_056313196,0.0018349289894104,stratified,,True,False,False,False
NP_001003769,XP_056337386,0.0018258094787597,stratified,,True,False,False,False
XP_073787401,XP_056335356,0.0018257498741149,random,,False,False,True,False
NP_957297,XP_056333370,0.0018247365951538,random,,False,False,True,False
NP_001076408,XP_056321053,0.0018243789672851,stratified,,True,False,False,False
NP_001277347,XP_056324614,0.0018234848976135,random,,False,False,True,False
NP_775362,XP_056309194,0.0018215179443359,stratified,,True,False,False,False
NP_001074456,XP_056320562,0.0018002390861511,random,,False,False,True,False
NP_001035475,XP_056302892,0.0017938613891601,stratified,,True,False,False,False
NP_001003738,XP_056308281,0.0017920732498168,stratified,,True,False,False,False
XP_005171071,XP_056324023,0.0017870068550109,random,,False,False,True,False
NP_001071198,XP_056319493,0.0017870068550109,random,,False,False,True,False
NP_001313518,XP_056314570,0.0017842650413513,stratified,,True,False,False,False
XP_073807189,XP_056314570,0.0017842650413513,random,,False,False,True,False
NP_001373462,XP_056306525,0.0017841458320617,stratified,,True,False,False,False
XP_073796947,XP_056310350,0.0017798542976379,stratified,,True,False,False,False
NP_001073284,XP_056324900,0.0017709732055664,stratified,,True,False,False,False
XP_073805739,XP_056314794,0.0017673969268798,stratified,,True,False,False,False
NP_001076554,XP_056336608,0.0017575025558471,random,,False,False,True,False
XP_073805458,XP_056307509,0.0017498731613159,stratified,,True,False,False,False
NP_001082800,XP_056308309,0.0017454028129577,stratified,,True,False,False,False
NP_001313303,XP_056329514,0.0017423629760742,stratified,,True,False,False,False
XP_073800388,XP_056309289,0.0017356276512145,random,,False,False,True,False
XP_073800390,XP_056309290,0.0017356276512145,stratified,,True,False,False,False
XP_005163543,XP_056333378,0.0017318725585937,stratified,,True,False,False,False
NP_001245157,XP_056332368,0.0017310976982116,stratified,,True,False,False,False
NP_001006033,XP_056309041,0.0017253160476684,random,,False,False,True,False
XP_021324253,XP_056337348,0.0017228126525878,random,,False,False,True,False
NP_998474,XP_056319789,0.0017200708389282,random,,False,False,True,False
NP_001239390,XP_056331938,0.0017197132110595,random,,False,False,True,False
XP_073786328,XP_056334434,0.0017151236534118,stratified,,True,False,False,False
XP_073800591,XP_056306919,0.0017142295837402,random,,False,False,True,False
XP_009304583,XP_056324303,0.0017141103744506,stratified,,True,False,False,False
XP_001339876,XP_056335941,0.0017087459564208,stratified,,True,False,False,False
XP_005157021,XP_056326232,0.001707375049591,stratified,,True,False,False,False
NP_001014359,XP_056333708,0.0017049908638,stratified,,True,False,False,False
XP_002660769,XP_056328995,0.0017007589340209,stratified,,True,False,False,False
NP_001314830,XP_056333710,0.0016964077949523,stratified,,True,False,False,False
XP_073786718,XP_056337467,0.0016932487487792,random,,False,False,True,False
XP_003199150,XP_056320454,0.0016840696334838,stratified,,True,False,False,False
NP_001108161,XP_056312994,0.0016838312149047,stratified,,True,False,False,False
NP_001003545,XP_056325492,0.0016780495643615,stratified,,True,False,False,False
XP_073802092,XP_056312102,0.0016712546348571,stratified,,True,False,False,False
XP_073799471,XP_056310021,0.0016674399375915,stratified,,True,False,False,False
XP_073792392,XP_056303548,0.0016576647758483,random,,False,False,True,False
XP_005165821,XP_056315560,0.0016477108001708,random,,False,False,True,False
NP_001155221,XP_056308380,0.0016461610794067,random,,False,False,True,False
XP_073794695,XP_056304737,0.0016453862190246,stratified,,True,False,False,False
NP_001091718,XP_056302344,0.0016433000564575,random,,False,False,True,False
NP_001189413,XP_056332657,0.0016404390335083,stratified,,True,False,False,False
XP_005167077,XP_056319563,0.0016374588012695,random,,False,False,True,False
XP_073792908,XP_056303329,0.0016339421272277,stratified,,True,False,False,False
NP_001070845,XP_056320740,0.0016337633132934,stratified,,True,False,False,False
XP_001920282,XP_056306028,0.001629889011383,random,,False,False,True,False
XP_002667428,XP_056324199,0.0016278624534606,stratified,,True,False,False,False
NP_001008653,XP_056322984,0.0016270875930786,random,,False,False,True,False
XP_073787365,XP_056335140,0.0016266703605651,stratified,,True,False,False,False
XP_073806843,XP_056314466,0.0016161799430847,random,,False,False,True,False
NP_956910,XP_056330541,0.0016160607337951,stratified,,True,False,False,False
XP_073807508,XP_056313011,0.0016151666641235,stratified,,True,False,False,False
XP_073793719,XP_056303599,0.0016132593154907,stratified,,True,False,False,False
NP_956467,XP_056311667,0.001612901687622,stratified,,True,False,False,False
XP_073794273,XP_056305238,0.0016077160835266,stratified,,True,False,False,False
XP_073797191,XP_056307205,0.0016071796417236,stratified,,True,False,False,False
XP_073808192,XP_056312752,0.0016014575958251,stratified,,True,False,False,False
NP_001082841,XP_056308244,0.0016005039215087,random,,False,False,True,False
NP_938169,XP_056318702,0.0015931725502014,random,,False,False,True,False
NP_001166240,XP_056324440,0.0015915036201477,random,,False,False,True,False
XP_005166123,XP_056316272,0.0015914440155029,stratified,,True,False,False,False
XP_005169066,XP_056318836,0.0015907883644104,stratified,,True,False,False,False
XP_005163903,XP_056309200,0.0015872716903686,stratified,,True,False,False,False
XP_005161262,XP_056303159,0.0015690922737121,stratified,,True,False,False,False
XP_073792374,XP_056303503,0.001565933227539,stratified,,True,False,False,False
XP_005158206,XP_056330868,0.0015540122985839,stratified,,True,False,False,False
NP_001122221,XP_056316382,0.0015472173690795,stratified,,True,False,False,False
XP_009289358,XP_056328784,0.0015465021133422,random,,False,False,True,False
XP_002665864,XP_056337625,0.0015357136726379,stratified,,True,False,False,False
NP_001076508,XP_056336733,0.0015347003936767,random,,False,False,True,False
NP_001121712,XP_056320459,0.0015343427658081,random,,False,False,True,False
XP_002667440,XP_056304957,0.0015265941619873,random,,False,False,True,False
XP_073809576,XP_056315263,0.0015234351158142,stratified,,True,False,False,False
XP_073799692,XP_056309457,0.001520812511444,stratified,,True,False,False,False
XP_005173451,XP_056330002,0.0015201568603515,random,,False,False,True,False
XP_002661302,XP_056310316,0.0015120506286621,random,,False,False,True,False
XP_001922019,XP_056308027,0.0015100240707397,random,,False,False,True,False
NP_001129949,XP_056319250,0.0015086531639099,random,,False,False,True,False
XP_073804343,XP_056310429,0.0015076398849487,random,,False,False,True,False
NP_001012372,XP_056334220,0.0015074014663696,random,,False,False,True,False
NP_001418075,XP_056337746,0.0015066862106323,random,,False,False,True,False
NP_998267,XP_056318802,0.0015036463737487,random,,False,False,True,False
NP_001025433,XP_056329776,0.0015036463737487,stratified,,True,False,False,False
NP_001006091,XP_056333616,0.0015010237693786,random,,False,False,True,False
NP_001410660,XP_056303027,0.0015009045600891,random,,False,False,True,False
NP_571231,XP_056304791,0.0014982819557189,stratified,,True,False,False,False
NP_001077337,XP_056320892,0.0014893412590026,stratified,,True,False,False,False
NP_001315274,XP_056313013,0.0014870166778564,random,,False,False,True,False
XP_009303552,XP_056322276,0.0014837980270385,stratified,,True,False,False,False
XP_005163555,XP_056333772,0.0014800429344177,stratified,,True,False,False,False
XP_073805573,XP_056303348,0.001476764678955,stratified,,True,False,False,False
NP_001076419,XP_056334355,0.0014766454696655,stratified,,True,False,False,False
XP_073791556,XP_056302477,0.001471996307373,random,,False,False,True,False
XP_073808944,XP_056316124,0.0014633536338806,random,,False,False,True,False
NP_001007290,XP_056327087,0.0014625191688537,stratified,,True,False,False,False
XP_073797702,XP_056306691,0.0014601349830627,stratified,,True,False,False,False
NP_001025308,XP_056334874,0.0014500617980957,random,,False,False,True,False
XP_021336400,XP_056326604,0.0014452338218688,random,,False,False,True,False
NP_001188278,XP_056323378,0.0014432072639465,stratified,,True,False,False,False
XP_005166511,XP_056317964,0.001440405845642,random,,False,False,True,False
XP_005166511,XP_056317965,0.001440405845642,stratified,,True,False,False,False
XP_073794112,XP_056305461,0.0014384388923645,stratified,,True,False,False,False
XP_009302026,XP_056320057,0.0014371275901794,stratified,,True,False,False,False
NP_001243652,XP_056321522,0.001426339149475,random,,False,False,True,False
NP_001129443,XP_056307193,0.0014241337776184,stratified,,True,False,False,False
XP_005155457,XP_056312530,0.0014237761497497,random,,False,False,True,False
XP_073797700,XP_056306690,0.0014227628707885,stratified,,True,False,False,False
XP_017208134,XP_056336618,0.0014210939407348,random,,False,False,True,False
NP_001410928,XP_056328709,0.0014208555221557,random,,False,False,True,False
XP_073809598,XP_056315310,0.0014187097549438,random,,False,False,True,False
XP_009305674,XP_056326499,0.001415193080902,random,,False,False,True,False
XP_073788329,XP_056326044,0.0014151334762573,random,,False,False,True,False
NP_001103947,XP_056333541,0.0014033913612365,stratified,,True,False,False,False
XP_073788148,XP_056337428,0.0013996958732604,stratified,,True,False,False,False
XP_073788146,XP_056337428,0.0013996958732604,stratified,,True,False,False,False
XP_005172140,XP_056315372,0.001393437385559,random,,False,False,True,False
XP_073789384,XP_056337600,0.0013930797576904,random,,False,False,True,False
XP_005163268,XP_056308001,0.0013927817344665,random,,False,False,True,False
XP_073794328,XP_056305940,0.0013849735260009,stratified,,True,False,False,False
XP_073799389,XP_056308317,0.0013767480850219,random,,False,False,True,False
XP_073809674,XP_056315374,0.0013736486434936,random,,False,False,True,False
XP_009296400,XP_056308318,0.0013672709465026,random,,False,False,True,False
NP_001094417,XP_056313075,0.0013651847839355,stratified,,True,False,False,False
XP_005160228,XP_056312215,0.0013642311096191,stratified,,True,False,False,False
NP_001334810,XP_056327261,0.0013586282730102,random,,False,False,True,False
NP_001132934,XP_056335792,0.0013505816459655,random,,False,False,True,False
XP_021323377,XP_056334145,0.0013471245765686,stratified,,True,False,False,False
NP_963874,XP_056311236,0.0013461709022521,stratified,,True,False,False,False
XP_009296338,XP_056307317,0.0013457536697387,stratified,,True,False,False,False
XP_009293482,XP_056302396,0.0013454556465148,random,,False,False,True,False
XP_005164438,XP_056310135,0.0013420581817626,stratified,,True,False,False,False
NP_957431,XP_056330677,0.0013416409492492,stratified,,True,False,False,False
XP_017213593,XP_056323320,0.0013390779495239,random,,False,False,True,False
XP_005155912,XP_056323633,0.0013306140899658,random,,False,False,True,False
NP_001373647,XP_056312863,0.0013285875320434,random,,False,False,True,False
XP_073798240,XP_056307325,0.0013272762298583,stratified,,True,False,False,False
XP_021335468,XP_056324314,0.0013234615325927,stratified,,True,False,False,False
XP_073786743,XP_056301248,0.001322865486145,random,,False,False,True,False
NP_956923,XP_056331353,0.0013145804405212,stratified,,True,False,False,False
NP_001074161,XP_056318353,0.0013002753257751,stratified,,True,False,False,False
NP_956219,XP_056334832,0.0012995600700378,stratified,,True,False,False,False
XP_073795722,XP_056304794,0.0012980699539184,random,,False,False,True,False
XP_073786839,XP_056336484,0.0012905597686767,random,,False,False,True,False
XP_073796214,XP_056306326,0.0012863278388977,stratified,,True,False,False,False
XP_003199702,XP_056324938,0.001280665397644,stratified,,True,False,False,False
XP_001338050,XP_056305898,0.0012805461883544,stratified,,True,False,False,False
NP_001300637,XP_056320215,0.0012801885604858,stratified,,True,False,False,False
XP_073804867,XP_056313625,0.0012781620025634,stratified,,True,False,False,False
NP_001289407,XP_056303158,0.00127375125885,stratified,,True,False,False,False
NP_001373225,XP_056329373,0.0012692213058471,random,,False,False,True,False
NP_001315525,XP_056312101,0.0012691617012023,stratified,,True,False,False,False
XP_073792768,XP_056304029,0.0012619495391845,random,,False,False,True,False
NP_001038706,XP_056334260,0.0012600421905517,stratified,,True,False,False,False
XP_073807992,XP_056313266,0.0012580156326293,stratified,,True,False,False,False
XP_073785462,XP_056336487,0.0012577772140502,random,,False,False,True,False
XP_021332043,XP_056312785,0.0012558102607727,stratified,,True,False,False,False
NP_001006060,XP_056329486,0.0012543201446533,random,,False,False,True,False
NP_001093466,XP_056313827,0.0012515187263488,random,,False,False,True,False
XP_005157135,XP_056313902,0.0012473464012145,stratified,,True,False,False,False
NP_001373590,XP_056308222,0.0012471675872802,stratified,,True,False,False,False
XP_005158182,XP_056308495,0.0012468099594116,stratified,,True,False,False,False
XP_073801950,XP_056311221,0.0012441873550415,random,,False,False,True,False
XP_073810189,XP_056315791,0.0012433528900146,stratified,,True,False,False,False
XP_073801617,XP_056312276,0.0012431144714355,stratified,,True,False,False,False
NP_997940,XP_056334702,0.0012403130531311,random,,False,False,True,False
NP_835232,XP_056315789,0.0012402534484863,random,,False,False,True,False
XP_005167308,XP_056319147,0.0012376904487609,stratified,,True,False,False,False
XP_005169360,XP_056324136,0.0012366771697998,random,,False,False,True,False
XP_073787877,XP_056336488,0.0012356042861938,random,,False,False,True,False
XP_005168400,XP_056316893,0.0012354850769042,random,,False,False,True,False
XP_002662532,XP_056316117,0.0012343525886535,stratified,,True,False,False,False
XP_073799686,XP_056309568,0.0012311339378356,stratified,,True,False,False,False
NP_956801,XP_056321352,0.0012245178222656,random,,False,False,True,False
NP_001003753,XP_056314391,0.0012235045433044,stratified,,True,False,False,False
NP_955956,XP_056312683,0.001222550868988,random,,False,False,True,False
NP_001038834,XP_056329695,0.0012211799621582,stratified,,True,False,False,False
XP_009302544,XP_056319082,0.0012183189392089,stratified,,True,False,False,False
XP_073810181,XP_056315799,0.0012165904045104,random,,False,False,True,False
XP_073788151,XP_056337428,0.0012140274047851,random,,False,False,True,False
XP_009291413,XP_056333364,0.0012110471725463,stratified,,True,False,False,False
NP_001373182,XP_056329177,0.0012108087539672,random,,False,False,True,False
XP_009295472,XP_056306326,0.001209020614624,stratified,,True,False,False,False
XP_689494,XP_056310018,0.0012069344520568,stratified,,True,False,False,False
XP_073805283,XP_056313179,0.0012056827545166,stratified,,True,False,False,False
NP_001038732,XP_056315098,0.001201570034027,stratified,,True,False,False,False
NP_001315077,XP_056321495,0.0011985898017883,stratified,,True,False,False,False
NP_001074100,XP_056301359,0.0011966824531555,stratified,,True,False,False,False
XP_009293386,XP_056302871,0.0011960864067077,stratified,,True,False,False,False
XP_073798688,XP_056308228,0.0011940002441406,stratified,,True,False,False,False
XP_073789117,XP_056336924,0.0011927485466003,stratified,,True,False,False,False
NP_001155959,XP_056336924,0.0011927485466003,stratified,,True,False,False,False
NP_001002343,XP_056335464,0.0011780261993408,random,,False,False,True,False
XP_017213911,XP_056325430,0.001176118850708,random,,False,False,True,False
XP_073800483,XP_056309394,0.0011745691299438,stratified,,True,False,False,False
NP_001313647,XP_056318929,0.001171052455902,stratified,,True,False,False,False
XP_001344126,XP_056328376,0.0011703968048095,stratified,,True,False,False,False
XP_073788171,XP_056337428,0.0011682510375976,stratified,,True,False,False,False
XP_073788170,XP_056337428,0.0011682510375976,random,,False,False,True,False
NP_001002122,XP_056315994,0.0011672973632812,random,,False,False,True,False
XP_696773,XP_056336548,0.0011588931083679,stratified,,True,False,False,False
XP_073800369,XP_056309239,0.0011537075042724,stratified,,True,False,False,False
XP_697468,XP_056323589,0.0011534690856933,stratified,,True,False,False,False
XP_005163269,XP_056308253,0.001152753829956,stratified,,True,False,False,False
XP_009301640,XP_056317883,0.0011524558067321,random,,False,False,True,False
NP_001107062,XP_056320886,0.0011519789695739,random,,False,False,True,False
XP_005165179,XP_056313637,0.0011514425277709,random,,False,False,True,False
XP_073805462,XP_056306530,0.0011490583419799,random,,False,False,True,False
NP_001252536,XP_056307291,0.0011490583419799,random,,False,False,True,False
NP_001017763,XP_056308297,0.0011468529701232,stratified,,True,False,False,False
NP_001025446,XP_056337612,0.001138150691986,stratified,,True,False,False,False
XP_073808186,XP_056313563,0.0011363625526428,random,,False,False,True,False
NP_001070739,XP_056314093,0.0011299848556518,stratified,,True,False,False,False
NP_001035011,XP_056328561,0.0011278986930847,random,,False,False,True,False
NP_001036213,XP_056303695,0.0011271238327026,random,,False,False,True,False
XP_021328841,XP_056309113,0.0011269450187683,stratified,,True,False,False,False
NP_998083,XP_056319357,0.0011249780654907,random,,False,False,True,False
NP_001017776,XP_056302667,0.0011216402053833,stratified,,True,False,False,False
XP_073799678,XP_056309292,0.0011181831359863,stratified,,True,False,False,False
XP_005173217,XP_056328348,0.001118004322052,stratified,,True,False,False,False
XP_005160202,XP_056312428,0.0011171102523803,random,,False,False,True,False
XP_073785397,XP_056334011,0.0011155009269714,random,,False,False,True,False
NP_001373205,XP_056328704,0.0011138916015625,stratified;random,,True,False,True,False
NP_001017786,XP_056310186,0.0011132955551147,random,,False,False,True,False
XP_021326136,XP_056307403,0.0011119246482849,stratified,,True,False,False,False
XP_073808513,XP_056315644,0.0011097788810729,stratified,,True,False,False,False
XP_005172154,XP_056316419,0.0011084079742431,random,,False,False,True,False
NP_001096668,XP_056335095,0.0011056065559387,stratified,,True,False,False,False
NP_001313648,XP_056318936,0.0011055469512939,random,,False,False,True,False
XP_683309,XP_056309383,0.0011050105094909,stratified,,True,False,False,False
NP_001103871,XP_056315859,0.0011024475097656,random,,False,False,True,False
NP_001373248,XP_056322274,0.0010941624641418,stratified,,True,False,False,False
XP_693491,XP_056301249,0.0010913014411926,stratified,,True,False,False,False
XP_009302520,XP_056319228,0.0010901689529418,stratified,,True,False,False,False
XP_073794349,XP_056305507,0.0010895133018493,random,,False,False,True,False
NP_001318129,XP_056305119,0.0010888576507568,stratified,,True,False,False,False
XP_021332887,XP_056316174,0.0010885000228881,random,,False,False,True,False
XP_009290791,XP_056330845,0.00108003616333,random,,False,False,True,False
NP_001005988,XP_056316273,0.0010793805122375,random,,False,False,True,False
NP_001005988,XP_056316274,0.0010793805122375,random,,False,False,True,False
XP_005170607,XP_056304082,0.001077651977539,stratified,,True,False,False,False
XP_009291852,XP_056334951,0.0010758638381958,stratified,,True,False,False,False
XP_021326091,XP_056309213,0.0010744929313659,random,,False,False,True,False
XP_073796503,XP_056306722,0.0010738968849182,stratified,,True,False,False,False
XP_073796504,XP_056306721,0.0010738968849182,random,,False,False,True,False
NP_957075,XP_056318995,0.0010735988616943,stratified,,True,False,False,False
NP_001091730,XP_056313902,0.0010719299316406,stratified,,True,False,False,False
NP_571139,XP_056304916,0.0010690689086914,stratified,,True,False,False,False
XP_005161976,XP_056304917,0.0010690689086914,stratified,,True,False,False,False
XP_009289277,XP_056328560,0.0010685324668884,random,,False,False,True,False
NP_956369,XP_056309126,0.0010682940483093,stratified,,True,False,False,False
NP_001315622,XP_056318837,0.0010609626770019,stratified,,True,False,False,False
NP_957145,XP_056315297,0.0010526180267333,random,,False,False,True,False
NP_001018462,XP_056302703,0.001051902770996,stratified,,True,False,False,False
XP_021334793,XP_056323581,0.0010449886322021,random,,False,False,True,False
XP_017209063,XP_056306012,0.0010437369346618,stratified,,True,False,False,False
XP_017212638,XP_056318426,0.0010431408882141,stratified,,True,False,False,False
NP_001313511,XP_056315059,0.0010381937026977,random,,False,False,True,False
NP_001002218,XP_056309139,0.0010370016098022,stratified,,True,False,False,False
NP_001006006,XP_056326028,0.0010350942611694,stratified,,True,False,False,False
XP_005157914,XP_056331053,0.0010340809822082,stratified,,True,False,False,False
NP_001009918,XP_056306401,0.0010331273078918,random,,False,False,True,False
XP_073808166,XP_056313484,0.001033067703247,stratified,,True,False,False,False
XP_073786341,XP_056333998,0.0010319948196411,stratified,,True,False,False,False
NP_957082,XP_056312819,0.0010309815406799,stratified,,True,False,False,False
XP_005159014,XP_056332670,0.0010303854942321,random,,False,False,True,False
XP_021322044,XP_056330463,0.0010269880294799,stratified,,True,False,False,False
XP_005155462,XP_056322293,0.001025378704071,stratified,,True,False,False,False
NP_001002430,XP_056329927,0.0010218024253845,random,,False,False,True,False
XP_073785574,XP_056334845,0.0010159015655517,random,,False,False,True,False
XP_001333235,XP_056336210,0.001014232635498,stratified,,True,False,False,False
XP_009296422,XP_056323017,0.0010119676589965,stratified,,True,False,False,False
NP_957061,XP_056329597,0.0010105371475219,random,,False,False,True,False
XP_073797019,XP_056306835,0.0010079741477966,stratified,,True,False,False,False
NP_001265531,XP_056337693,0.0010079741477966,stratified,,True,False,False,False
NP_001013287,XP_056316758,0.0010071396827697,stratified,,True,False,False,False
XP_021327596,XP_056317483,0.0010066032409667,random,,False,False,True,False
XP_005162247,XP_056304857,0.0010048747062683,random,,False,False,True,False
XP_073791602,XP_056324992,0.0010027885437011,stratified,,True,False,False,False
XP_073806043,XP_056313638,0.0009998083114624,stratified,,True,False,False,False
XP_073806043,XP_056313640,0.0009998083114624,random,,False,False,True,False
NP_001038357,XP_056335909,0.0009993314743041,random,,False,False,True,False
XP_005173239,XP_056328263,0.0009986758232116,stratified,,True,False,False,False
XP_017208065,XP_056328120,0.0009985566139221,stratified,,True,False,False,False
XP_009298154,XP_056310362,0.0009979605674743,stratified,,True,False,False,False
XP_009302825,XP_056320940,0.0009955167770385,random,,False,False,True,False
XP_073786287,XP_056334802,0.0009950399398803,stratified,,True,False,False,False
XP_021327347,XP_056314158,0.0009905099868774,stratified,,True,False,False,False
XP_073791216,XP_056302414,0.0009885430335998,random,,False,False,True,False
XP_073788354,XP_056301575,0.000987946987152,stratified,,True,False,False,False
XP_073785221,XP_056333872,0.00098717212677,random,,False,False,True,False
NP_001007315,XP_056332185,0.000986635684967,random,,False,False,True,False
XP_073798610,XP_056308288,0.0009863376617431,stratified,,True,False,False,False
XP_073809510,XP_056315610,0.0009852051734924,stratified,,True,False,False,False
XP_009294522,XP_056304205,0.0009851455688476,stratified,,True,False,False,False
XP_003200424,XP_056332814,0.0009838938713073,random,,False,False,True,False
XP_005168471,XP_056329368,0.0009788274765014,random,,False,False,True,False
NP_998304,XP_056312697,0.0009772181510925,random,,False,False,True,False
NP_001014323,XP_056308250,0.0009762644767761,random,,False,False,True,False
XP_073808927,XP_056313249,0.0009751319885253,random,,False,False,True,False
XP_005160189,XP_056312467,0.0009743571281433,stratified,,True,False,False,False
NP_001373560,XP_056306673,0.0009720921516418,stratified,,True,False,False,False
NP_998248,XP_056314587,0.0009707808494567,random,,False,False,True,False
NP_001315523,XP_056323750,0.0009692907333374,random,,False,False,True,False
XP_073785661,XP_056334559,0.0009676814079284,stratified,,True,False,False,False
XP_073809358,XP_056316337,0.0009623169898986,random,,False,False,True,False
XP_073809367,XP_056316337,0.0009623169898986,stratified,,True,False,False,False
XP_005166119,XP_056316337,0.0009623169898986,stratified,,True,False,False,False
XP_073809391,XP_056316338,0.0009623169898986,random,,False,False,True,False
XP_073809379,XP_056316338,0.0009623169898986,stratified,,True,False,False,False
XP_073809355,XP_056316337,0.0009623169898986,stratified,,True,False,False,False
XP_073786524,XP_056336246,0.0009577870368957,random,,False,False,True,False
XP_073786524,XP_056336245,0.0009577870368957,random,,False,False,True,False
XP_073786524,XP_056336244,0.0009577870368957,stratified,,True,False,False,False
XP_009305755,XP_056327080,0.000957429409027,stratified,,True,False,False,False
NP_001005592,XP_056319280,0.0009551048278808,stratified,,True,False,False,False
NP_001070800,XP_056318840,0.0009548664093017,stratified,,True,False,False,False
XP_009295491,XP_056306345,0.0009537935256958,random,,False,False,True,False
XP_021328883,XP_056332918,0.0009527206420898,stratified,,True,False,False,False
XP_001332484,XP_056307781,0.000950813293457,stratified,,True,False,False,False
XP_073786428,XP_056334019,0.0009474754333496,stratified,,True,False,False,False
XP_005173827,XP_056335938,0.0009474754333496,stratified,,True,False,False,False
XP_073809525,XP_056315131,0.0009461641311645,stratified,,True,False,False,False
XP_073809525,XP_056315132,0.0009461641311645,random,,False,False,True,False
NP_997784,XP_056334795,0.000946044921875,random,,False,False,True,False
NP_001070809,XP_056324086,0.0009445548057556,stratified,,True,False,False,False
XP_005164005,XP_056309502,0.0009442567825317,random,,False,False,True,False
XP_005164005,XP_056309503,0.0009442567825317,stratified,,True,False,False,False
NP_001155959,XP_056336925,0.0009426474571228,random,,False,False,True,False
XP_009293301,XP_056336925,0.0009426474571228,stratified,,True,False,False,False
XP_005165978,XP_056315935,0.0009416341781616,random,,False,False,True,False
NP_001108048,XP_056303849,0.0009403824806213,stratified,,True,False,False,False
NP_001104657,XP_056327080,0.000939667224884,stratified,,True,False,False,False
XP_073793080,XP_056303314,0.0009370446205139,random,,False,False,True,False
XP_021323777,XP_056335206,0.00093674659729,random,,False,False,True,False
NP_001410864,XP_056324733,0.0009331107139587,random,,False,False,True,False
NP_998461,XP_056310263,0.0009323358535766,stratified,,True,False,False,False
XP_005164822,XP_056311047,0.0009293556213378,random,,False,False,True,False
XP_001337612,XP_056329432,0.0009284019470214,stratified,,True,False,False,False
XP_009303464,XP_056322126,0.0009278655052185,stratified,,True,False,False,False
NP_999902,XP_056324655,0.0009276270866394,stratified,,True,False,False,False
NP_001018504,XP_056307271,0.0009236931800842,stratified,,True,False,False,False
NP_956596,XP_056337303,0.0009194016456604,stratified,,True,False,False,False
NP_997905,XP_056335617,0.0009176731109619,random,,False,False,True,False
NP_001002684,XP_056303111,0.0009151101112365,stratified;random,,True,False,True,False
XP_073807894,XP_056313187,0.0009114146232604,random,,False,False,True,False
NP_001013318,XP_056318703,0.0009099841117858,random,,False,False,True,False
NP_001243709,XP_056332469,0.0009095668792724,stratified,,True,False,False,False
XP_021333890,XP_056319394,0.0009084343910217,stratified,,True,False,False,False
NP_001373169,XP_056303060,0.0009078383445739,random,,False,False,True,False
XP_073790877,XP_056302939,0.0009077787399291,random,,False,False,True,False
XP_073806134,XP_056314262,0.0009077191352844,stratified,,True,False,False,False
NP_001275592,XP_056302153,0.0009031891822814,random,,False,False,True,False
XP_021335796,XP_056324966,0.0009025335311889,random,,False,False,True,False
NP_957434,XP_056323778,0.0009022951126098,random,,False,False,True,False
XP_005165223,XP_056313725,0.0009004473686218,stratified,,True,False,False,False
NP_001002592,XP_056322963,0.0008973479270935,random,,False,False,True,False
XP_021330990,XP_056311385,0.0008960366249084,stratified,,True,False,False,False
NP_001035185,XP_056335084,0.000891625881195,stratified,,True,False,False,False
NP_001304693,XP_056301305,0.0008898973464965,stratified,,True,False,False,False
XP_009304516,XP_056323673,0.0008883476257324,random,,False,False,True,False
XP_685049,XP_056304696,0.0008880496025085,stratified,,True,False,False,False
NP_956095,XP_056307993,0.0008833408355712,random,,False,False,True,False
NP_001348443,XP_056318317,0.0008803606033325,random,,False,False,True,False
NP_998445,XP_056314754,0.0008777976036071,random,,False,False,True,False
XP_005167328,XP_056319159,0.0008754134178161,stratified,,True,False,False,False
XP_073796694,XP_056306150,0.0008744001388549,random,,False,False,True,False
NP_991274,XP_056303705,0.0008742809295654,stratified,,True,False,False,False
XP_005170948,XP_056315463,0.0008715987205505,stratified,,True,False,False,False
XP_003200756,XP_056301471,0.0008714199066162,random,,False,False,True,False
XP_017208279,XP_056301910,0.0008712410926818,random,,False,False,True,False
NP_001122292,XP_056327283,0.0008711814880371,random,,False,False,True,False
NP_001108040,XP_056324018,0.0008704662322998,random,,False,False,True,False
NP_956669,XP_056315807,0.0008689761161804,stratified,,True,False,False,False
XP_689465,XP_056303309,0.0008682608604431,stratified,,True,False,False,False
NP_571108,XP_056312823,0.0008682608604431,stratified,,True,False,False,False
XP_073787288,XP_056336498,0.00086110830307,stratified,,True,False,False,False
XP_005158581,XP_056332950,0.0008597373962402,stratified,,True,False,False,False
XP_009292113,XP_056308632,0.0008595585823059,random,,False,False,True,False
XP_009295234,XP_056304828,0.0008577108383178,stratified,,True,False,False,False
XP_073787871,XP_056301943,0.0008574128150939,stratified,,True,False,False,False
NP_001103597,XP_056305785,0.0008568167686462,stratified,,True,False,False,False
XP_073809201,XP_056315563,0.0008494853973388,stratified;random,,True,False,True,False
XP_073790728,XP_056302703,0.0008471012115478,random,,False,False,True,False
XP_073808082,XP_056312816,0.0008441805839538,stratified,,True,False,False,False
XP_021328768,XP_056332350,0.000844120979309,random,,False,False,True,False
XP_073790762,XP_056302983,0.0008435249328613,random,,False,False,True,False
XP_073790761,XP_056302982,0.0008435249328613,stratified,,True,False,False,False
NP_001333080,XP_056311537,0.0008431673049926,stratified,,True,False,False,False
NP_001025142,XP_056332290,0.0008421540260314,stratified,,True,False,False,False
NP_001074083,XP_056316572,0.0008420944213867,random,,False,False,True,False
NP_956085,XP_056306904,0.0008419156074523,random,,False,False,True,False
XP_073800481,XP_056309389,0.0008419156074523,stratified,,True,False,False,False
XP_017214016,XP_056325246,0.0008410811424255,stratified,,True,False,False,False
XP_021322905,XP_056332746,0.0008401274681091,stratified,,True,False,False,False
NP_001012312,XP_056302319,0.0008389949798583,stratified,,True,False,False,False
XP_073785016,XP_056334504,0.0008385777473449,random,,False,False,True,False
NP_991148,XP_056313822,0.0008381009101867,random,,False,False,True,False
XP_009301762,XP_056318926,0.0008365511894226,stratified,,True,False,False,False
XP_073796695,XP_056306150,0.0008354783058166,stratified,,True,False,False,False
XP_021332547,XP_056312892,0.000835359096527,stratified,,True,False,False,False
NP_001116722,XP_056316007,0.0008336305618286,random,,False,False,True,False
NP_956732,XP_056336837,0.0008326172828674,stratified,,True,False,False,False
XP_692939,XP_056325147,0.0008309483528137,random,,False,False,True,False
XP_009304046,XP_056323833,0.0008301734924316,random,,False,False,True,False
XP_002660750,XP_056328721,0.0008293390274047,stratified,,True,False,False,False
XP_073805396,XP_056308926,0.0008285045623779,stratified,,True,False,False,False
XP_009305510,XP_056326827,0.0008273124694824,random,,False,False,True,False
XP_017209214,XP_056305669,0.0008230209350585,stratified,,True,False,False,False
XP_021329266,XP_056305228,0.0008206367492675,random,,False,False,True,False
XP_005166542,XP_056318000,0.0008181929588317,random,,False,False,True,False
XP_005172311,XP_056318786,0.0008174180984497,stratified,,True,False,False,False
XP_005162523,XP_056319131,0.0008161067962646,stratified,,True,False,False,False
XP_005156580,XP_056327118,0.0008145570755004,stratified,,True,False,False,False
NP_001038288,XP_056336368,0.0008130669593811,stratified;target,Cx39.4,True,False,False,True
XP_699919,XP_056319548,0.0008125305175781,stratified,,True,False,False,False
XP_073796273,XP_056315218,0.0008099675178527,stratified,,True,False,False,False
XP_009300272,XP_056314768,0.0008084177970886,stratified,,True,False,False,False
NP_957500,XP_056326541,0.0008057951927185,stratified,,True,False,False,False
XP_073794535,XP_056306012,0.0008022189140319,stratified,,True,False,False,False
NP_001004580,XP_056336010,0.0008013248443603,stratified,,True,False,False,False
XP_021326390,XP_056309655,0.0008003711700439,stratified,,True,False,False,False
NP_001073486,XP_056317384,0.0007969737052917,random,,False,False,True,False
NP_001070769,XP_056305085,0.0007957816123962,random,,False,False,True,False
XP_017207509,XP_056334003,0.000795304775238,stratified,,True,False,False,False
XP_073787024,XP_056335898,0.0007945299148559,random,,False,False,True,False
NP_001038822,XP_056326802,0.000794231891632,stratified,,True,False,False,False
XP_073806755,XP_056313565,0.0007921457290649,stratified,,True,False,False,False
NP_001070053,XP_056318289,0.0007917881011962,random,,False,False,True,False
XP_005171500,XP_056324211,0.0007908344268798,random,,False,False,True,False
XP_073805215,XP_056317862,0.0007879734039306,stratified,,True,False,False,False
XP_073797888,XP_056307762,0.0007851123809814,stratified,,True,False,False,False
NP_001417870,XP_056304952,0.0007845759391784,stratified,,True,False,False,False
NP_001417870,XP_056304951,0.0007845759391784,stratified,,True,False,False,False
XP_073808782,XP_056315620,0.0007827281951904,random,,False,False,True,False
XP_073808778,XP_056315620,0.0007827281951904,random,,False,False,True,False
XP_005167220,XP_056319408,0.0007805824279785,random,,False,False,True,False
XP_021326390,XP_056309654,0.0007794499397277,stratified,,True,False,False,False
NP_001107071,XP_056325494,0.000776469707489,stratified,,True,False,False,False
NP_001020663,XP_056337464,0.0007737874984741,stratified,,True,False,False,False
XP_021332756,XP_056314996,0.0007733702659606,stratified,,True,False,False,False
NP_001373526,XP_056305849,0.0007689595222473,stratified,,True,False,False,False
XP_073809027,XP_056316531,0.0007674098014831,random,,False,False,True,False
XP_005173186,XP_056328276,0.0007668137550354,stratified,,True,False,False,False
NP_571667,XP_056329961,0.0007632970809936,stratified,,True,False,False,False
XP_073801716,XP_056311218,0.0007632374763488,stratified,,True,False,False,False
NP_001001838,XP_056306884,0.0007628798484802,stratified,,True,False,False,False
XP_009292403,XP_056336215,0.0007615685462951,stratified,,True,False,False,False
NP_001025246,XP_056309654,0.0007572770118713,random,,False,False,True,False
XP_021323655,XP_056336432,0.0007542371749877,random,,False,False,True,False
XP_073801853,XP_056312286,0.0007513165473937,stratified,,True,False,False,False
NP_571201,XP_056320643,0.0007484555244445,random,,False,False,True,False
NP_001352516,XP_056314739,0.0007475614547729,random,,False,False,True,False
XP_021334491,XP_056332103,0.0007474422454833,random,,False,False,True,False
XP_073809680,XP_056315372,0.0007464289665222,stratified,,True,False,False,False
XP_021325872,XP_056306246,0.0007458329200744,stratified,,True,False,False,False
XP_021333706,XP_056318333,0.000742495059967,stratified,,True,False,False,False
XP_073807896,XP_056313177,0.0007417201995849,stratified,,True,False,False,False
XP_073806727,XP_056313990,0.0007414817810058,random,,False,False,True,False
XP_073806730,XP_056313989,0.0007414817810058,random,,False,False,True,False
XP_073806728,XP_056313990,0.0007414817810058,stratified,,True,False,False,False
XP_002667042,XP_056308827,0.0007401704788208,stratified,,True,False,False,False
XP_005164012,XP_056309513,0.000739574432373,random,,False,False,True,False
XP_068069081,XP_056326508,0.0007392168045043,random,,False,False,True,False
XP_017210021,XP_056309878,0.00073903799057,random,,False,False,True,False
NP_998193,XP_056309357,0.0007389783859252,random,,False,False,True,False
XP_005171209,XP_056327465,0.0007373094558715,stratified,,True,False,False,False
NP_001038525,XP_056335830,0.0007359385490417,stratified,,True,False,False,False
XP_073798835,XP_056307712,0.0007338523864746,stratified,,True,False,False,False
XP_073797505,XP_056306678,0.0007330179214477,random,,False,False,True,False
NP_001003988,XP_056331651,0.0007321834564208,random,,False,False,True,False
XP_073808682,XP_056315355,0.0007314085960388,random,,False,False,True,False
XP_073796483,XP_056306770,0.0007259845733642,stratified,,True,False,False,False
NP_001124143,XP_056301393,0.0007259249687194,stratified,,True,False,False,False
XP_073793089,XP_056303314,0.0007256269454956,random,,False,False,True,False
XP_073793078,XP_056303314,0.0007256269454956,stratified,,True,False,False,False
XP_073793083,XP_056303314,0.0007256269454956,stratified,,True,False,False,False
NP_001018145,XP_056309109,0.0007246732711791,random,,False,False,True,False
NP_001002358,XP_056335513,0.0007203817367553,stratified;random,,True,False,True,False
NP_001002617,XP_056311742,0.0007184743881225,stratified,,True,False,False,False
XP_073797828,XP_056307943,0.0007182359695434,stratified,,True,False,False,False
XP_021325399,XP_056305029,0.0007170438766479,random,,False,False,True,False
NP_001074134,XP_056332953,0.000716209411621,random,,False,False,True,False
NP_956726,XP_056305758,0.0007160305976867,stratified,,True,False,False,False
NP_001107919,XP_056321239,0.0007157325744628,stratified,,True,False,False,False
NP_001018165,XP_056313385,0.0007139444351196,stratified,,True,False,False,False
XP_021323796,XP_056335998,0.0007131099700927,stratified,,True,False,False,False
XP_073801982,XP_056311541,0.0007129311561584,random,,False,False,True,False
XP_073801492,XP_056311486,0.0007122755050659,stratified,,True,False,False,False
XP_005158638,XP_056332444,0.0007120370864868,random,,False,False,True,False
NP_001038816,XP_056323078,0.0007104277610778,stratified,,True,False,False,False
XP_021330924,XP_056311631,0.0007098913192749,stratified,,True,False,False,False
XP_005159745,XP_056335598,0.0007052421569824,random,,False,False,True,False
NP_001002712,XP_056326363,0.0007038712501525,stratified,,True,False,False,False
XP_003198149,XP_056309315,0.0007009506225585,random,,False,False,True,False
NP_957262,XP_056309046,0.0006996393203735,stratified,,True,False,False,False
XP_073788901,XP_056337040,0.0006987452507019,random,,False,False,True,False
NP_001099066,XP_056315035,0.0006986260414123,stratified,,True,False,False,False
NP_001002435,XP_056319108,0.0006976127624511,random,,False,False,True,False
XP_073801614,XP_056311342,0.0006971359252929,stratified,,True,False,False,False
NP_991151,XP_056323519,0.0006963610649108,stratified,,True,False,False,False
NP_932335,XP_056321906,0.0006958246231079,stratified,,True,False,False,False
XP_005158499,XP_056330735,0.0006953477859497,stratified,,True,False,False,False
XP_005169484,XP_056325573,0.0006940364837646,stratified,,True,False,False,False
XP_073788980,XP_056337417,0.0006934404373168,random,,False,False,True,False
NP_998538,XP_056312435,0.0006902813911437,random,,False,False,True,False
XP_073801484,XP_056312658,0.0006897449493408,random,,False,False,True,False
XP_073793724,XP_056304174,0.0006892085075378,stratified,,True,False,False,False
XP_694757,XP_056333214,0.000689148902893,stratified,,True,False,False,False
NP_998318,XP_056304976,0.0006884336471557,stratified,,True,False,False,False
XP_073799689,XP_056309849,0.0006884336471557,random,,False,False,True,False
NP_001073502,XP_056312859,0.0006872415542602,random,,False,False,True,False
XP_073789157,XP_056301265,0.0006866455078125,stratified,,True,False,False,False
XP_005157361,XP_056327882,0.0006866455078125,random,,False,False,True,False
XP_073789167,XP_056301265,0.0006866455078125,stratified,,True,False,False,False
NP_001410760,XP_056317860,0.0006858706474304,random,,False,False,True,False
XP_073795554,XP_056305438,0.0006855726242065,stratified,,True,False,False,False
NP_001411420,XP_056330287,0.0006852149963378,stratified,,True,False,False,False
NP_001082792,XP_056324103,0.0006846189498901,random,,False,False,True,False
NP_001124067,XP_056336857,0.0006839036941528,random,,False,False,True,False
XP_688031,XP_056337173,0.000683307647705,stratified,,True,False,False,False
XP_021334932,XP_056322210,0.0006829500198364,stratified,,True,False,False,False
NP_001315623,XP_056313215,0.0006828904151916,stratified,,True,False,False,False
NP_991258,XP_056329424,0.0006821155548095,random,,False,False,True,False
NP_001107081,XP_056320385,0.0006811618804931,stratified,,True,False,False,False
XP_073794629,XP_056305726,0.0006777048110961,stratified,,True,False,False,False
XP_005159177,XP_056334671,0.0006737112998962,stratified,,True,False,False,False
XP_001342267,XP_056334682,0.0006732940673828,stratified,,True,False,False,False
NP_001137390,XP_056316546,0.0006723999977111,stratified,,True,False,False,False
XP_073795522,XP_056304920,0.0006710290908813,stratified,,True,False,False,False
XP_017214324,XP_056326799,0.0006700754165649,random,,False,False,True,False
XP_005159810,XP_056335055,0.000668466091156,stratified;random,,True,False,True,False
XP_690320,XP_056334640,0.0006681084632873,stratified,,True,False,False,False
XP_005167828,XP_056321398,0.0006672143936157,stratified,,True,False,False,False
NP_001313321,XP_056304148,0.0006662011146545,stratified,,True,False,False,False
XP_005156008,XP_056324368,0.0006642937660217,stratified,,True,False,False,False
XP_005162451,XP_056305567,0.0006635189056396,stratified,,True,False,False,False
NP_999980,XP_056335117,0.0006632804870605,stratified;random,,True,False,True,False
XP_005158123,XP_056331976,0.0006625652313232,random,,False,False,True,False
NP_001082887,XP_056323491,0.0006621479988098,stratified,,True,False,False,False
XP_707353,XP_056332442,0.000660240650177,stratified,,True,False,False,False
NP_001314865,XP_056333601,0.0006598234176635,stratified,,True,False,False,False
XP_073792677,XP_056303996,0.0006591081619262,stratified,,True,False,False,False
XP_073801266,XP_056318082,0.0006588101387023,stratified,,True,False,False,False
XP_005164223,XP_056309998,0.0006579160690307,stratified,,True,False,False,False
NP_001018495,XP_056337496,0.0006552338600158,random,,False,False,True,False
XP_005160101,XP_056312659,0.0006541609764099,stratified,,True,False,False,False
XP_005160100,XP_056312663,0.0006541609764099,random,,False,False,True,False
XP_073801544,XP_056312660,0.0006541609764099,stratified,,True,False,False,False
XP_005160101,XP_056312660,0.0006541609764099,random,,False,False,True,False
XP_021323778,XP_056335206,0.0006534457206726,stratified,,True,False,False,False
NP_001314688,XP_056320055,0.0006531476974487,random,,False,False,True,False
XP_005171651,XP_056309314,0.0006521940231323,random,,False,False,True,False
XP_692102,XP_056330333,0.0006519556045532,random,,False,False,True,False
XP_017207523,XP_056334035,0.0006513595581054,stratified;random,,True,False,True,False
NP_001007452,XP_056327504,0.0006508827209472,stratified,,True,False,False,False
XP_001919896,XP_056325680,0.0006505250930786,stratified,,True,False,False,False
NP_956853,XP_056322047,0.0006503462791442,stratified,,True,False,False,False
XP_073797459,XP_056306385,0.0006499290466308,random,,False,False,True,False
XP_009303363,XP_056322888,0.0006499290466308,stratified,,True,False,False,False
XP_073809315,XP_056315345,0.0006487369537353,stratified,,True,False,False,False
NP_001245153,XP_056325359,0.0006470680236816,random,,False,False,True,False
XP_001340709,XP_056303516,0.000645637512207,stratified,,True,False,False,False
NP_001315484,XP_056320052,0.0006452798843383,stratified,,True,False,False,False
XP_005169569,XP_056327141,0.0006431341171264,stratified,,True,False,False,False
XP_021336696,XP_056327852,0.0006428956985473,stratified,,True,False,False,False
XP_005169468,XP_056324101,0.0006421208381652,stratified,,True,False,False,False
XP_073785592,XP_056334851,0.0006412863731384,stratified,,True,False,False,False
XP_005155626,XP_056322953,0.0006400942802429,random,,False,False,True,False
NP_001002703,XP_056313400,0.0006399154663085,stratified,,True,False,False,False
XP_005170009,XP_056334563,0.0006398558616638,stratified,,True,False,False,False
XP_073806015,XP_056313341,0.0006386637687683,stratified,,True,False,False,False
NP_001032892,XP_056306521,0.0006384849548339,stratified,,True,False,False,False
NP_001093454,XP_056323406,0.0006381273269653,stratified,,True,False,False,False
XP_009300512,XP_056315641,0.0006380081176757,stratified,,True,False,False,False
XP_001919144,XP_056314254,0.0006375908851623,stratified,,True,False,False,False
NP_001002476,XP_056305983,0.0006362795829772,stratified,,True,False,False,False
XP_073794532,XP_056306009,0.0006331801414489,stratified,,True,False,False,False
NP_001020351,XP_056317819,0.0006325244903564,random,,False,False,True,False
XP_073801588,XP_056312659,0.0006312727928161,random,,False,False,True,False
XP_001921072,XP_056318046,0.000629186630249,random,,False,False,True,False
XP_009304311,XP_056324174,0.0006289482116699,random,,False,False,True,False
XP_017211729,XP_056313525,0.000628650188446,random,,False,False,True,False
NP_001018871,XP_056322233,0.0006283521652221,stratified,,True,False,False,False
NP_001032201,XP_056322648,0.0006274580955505,stratified,,True,False,False,False
XP_009296056,XP_056307728,0.0006269216537475,stratified,,True,False,False,False
NP_001077334,XP_056337545,0.0006250739097595,random,,False,False,True,False
XP_021336036,XP_056324891,0.0006242990493774,stratified,,True,False,False,False
XP_005158608,XP_056332431,0.0006239414215087,stratified,,True,False,False,False
XP_073802574,XP_056311921,0.0006235837936401,random,,False,False,True,False
NP_001242932,XP_056332335,0.0006232857704162,stratified,,True,False,False,False
NP_001025312,XP_056311748,0.0006202459335327,stratified,,True,False,False,False
XP_683261,XP_056325820,0.0006185173988342,stratified,,True,False,False,False
XP_021327608,XP_056317503,0.0006182789802551,random,,False,False,True,False
NP_001121859,XP_056316725,0.0006170272827148,stratified,,True,False,False,False
XP_001336283,XP_056304953,0.0006167292594909,stratified,,True,False,False,False
XP_021327557,XP_056317166,0.0006160140037536,random,,False,False,True,False
XP_017207446,XP_056334844,0.0006148815155029,stratified,,True,False,False,False
NP_998181,XP_056306527,0.0006146430969238,stratified,,True,False,False,False
NP_957120,XP_056308709,0.0006138086318969,random,,False,False,True,False
XP_005159264,XP_056334420,0.000613510608673,random,,False,False,True,False
XP_005170233,XP_056301295,0.0006134510040283,stratified,,True,False,False,False
XP_001341616,XP_056305319,0.0006126165390014,stratified,,True,False,False,False
XP_005167050,XP_056319638,0.0006126165390014,random,,False,False,True,False
XP_696266,XP_056331943,0.0006120204925537,stratified,,True,False,False,False
NP_001315314,XP_056312534,0.0006119012832641,stratified,,True,False,False,False
XP_005159824,XP_056335444,0.0006114840507507,stratified,,True,False,False,False
XP_021336036,XP_056324889,0.0006110072135925,random,,False,False,True,False
NP_001340792,XP_056331842,0.0006093382835388,stratified,,True,False,False,False
NP_001157369,XP_056306137,0.0006080269813537,random,,False,False,True,False
NP_001138287,XP_056334681,0.0006068348884582,stratified,,True,False,False,False
XP_021330694,XP_056312657,0.000605821609497,stratified,,True,False,False,False
XP_005160148,XP_056312560,0.0006033182144165,random,,False,False,True,False
XP_009304973,XP_056325024,0.0006012320518493,random,,False,False,True,False
NP_001006018,XP_056335020,0.0005996227264404,stratified,,True,False,False,False
XP_005171244,XP_056327630,0.0005993843078613,stratified,,True,False,False,False
NP_001091651,XP_056325699,0.000597059726715,random,,False,False,True,False
NP_001093507,XP_056313339,0.0005955100059509,stratified,,True,False,False,False
XP_017208482,XP_056303118,0.0005937814712524,stratified,,True,False,False,False
XP_009297712,XP_056309491,0.0005926489830017,stratified,,True,False,False,False
XP_005156878,XP_056326244,0.0005915164947509,random,,False,False,True,False
XP_073801300,XP_056310378,0.0005908012390136,random,,False,False,True,False
NP_001154983,XP_056314454,0.0005896687507629,random,,False,False,True,False
XP_073786980,XP_056335257,0.0005890727043151,stratified,,True,False,False,False
XP_021334005,XP_056334691,0.0005884170532226,stratified,,True,False,False,False
NP_001076324,XP_056328924,0.0005876421928405,random,,False,False,True,False
XP_005159573,XP_056335906,0.0005863904953002,random,,False,False,True,False
XP_689880,XP_056326837,0.000585913658142,random,,False,False,True,False
XP_009302707,XP_056320650,0.0005832314491271,stratified,,True,False,False,False
NP_001121710,XP_056331601,0.0005828142166137,stratified,,True,False,False,False
NP_001422880,XP_056318256,0.0005820393562316,random,,False,False,True,False
NP_571230,XP_056330760,0.0005820393562316,random,,False,False,True,False
XP_073805687,XP_056314065,0.0005816221237182,stratified,,True,False,False,False
XP_073807070,XP_056314462,0.0005803108215332,stratified,,True,False,False,False
NP_001041532,XP_056314462,0.0005803108215332,stratified,,True,False,False,False
XP_009303367,XP_056322892,0.0005801916122436,stratified,,True,False,False,False
NP_001103413,XP_056334382,0.0005800724029541,random,,False,False,True,False
XP_073798545,XP_056307845,0.0005800127983093,stratified,,True,False,False,False
XP_073796097,XP_056306399,0.0005754828453063,stratified,,True,False,False,False
XP_073792899,XP_056303759,0.000572919845581,random,,False,False,True,False
NP_001071032,XP_056304913,0.000572383403778,stratified;random,,True,False,True,False
XP_073796933,XP_056306532,0.0005720257759094,stratified,,True,False,False,False
NP_001352362,XP_056319923,0.0005719661712646,stratified,,True,False,False,False
NP_001002863,XP_056325421,0.0005712509155273,random,,False,False,True,False
NP_956114,XP_056326284,0.0005676746368408,stratified,,True,False,False,False
NP_001002354,XP_056336954,0.0005671381950378,random,,False,False,True,False
NP_001003559,XP_056335618,0.00056654214859,stratified,,True,False,False,False
XP_005158216,XP_056330821,0.0005658864974975,random,,False,False,True,False
XP_021326189,XP_056308258,0.0005656480789184,stratified,,True,False,False,False
XP_073785585,XP_056334849,0.0005649328231811,random,,False,False,True,False
XP_005156576,XP_056326750,0.000564157962799,random,,False,False,True,False
NP_001189455,XP_056336364,0.0005624890327453,random,,False,False,True,False
NP_997919,XP_056325682,0.0005624294281005,random,,False,False,True,False
NP_001032313,XP_056311766,0.0005620121955871,random,,False,False,True,False
NP_001076402,XP_056326548,0.0005617141723632,random,,False,False,True,False
NP_957370,XP_056314706,0.0005590915679931,random,,False,False,True,False
XP_073795664,XP_056304748,0.0005577802658081,stratified,,True,False,False,False
XP_017214027,XP_056324835,0.0005577206611633,random,,False,False,True,False
NP_001035400,XP_056323593,0.0005572438240051,random,,False,False,True,False
XP_005166175,XP_056316327,0.0005552768707275,stratified,,True,False,False,False
XP_073802106,XP_056311962,0.000554084777832,stratified,,True,False,False,False
NP_001230108,XP_056308689,0.0005540251731872,stratified,,True,False,False,False
XP_073795624,XP_056305413,0.0005528926849365,random,,False,False,True,False
NP_001077312,XP_056324656,0.000548779964447,stratified,,True,False,False,False
NP_001003869,XP_056326842,0.0005455613136291,random,,False,False,True,False
NP_571885,XP_056315715,0.0005452632904052,stratified,,True,False,False,False
XP_021326900,XP_056313240,0.000543475151062,random,,False,False,True,False
XP_005156871,XP_056326756,0.0005421042442321,random,,False,False,True,False
NP_001139043,XP_056326959,0.0005416870117187,stratified,,True,False,False,False
XP_686699,XP_056320721,0.0005415678024291,stratified,,True,False,False,False
XP_017209571,XP_056307756,0.0005398392677307,stratified,,True,False,False,False
XP_073798876,XP_056307695,0.0005393028259277,random,,False,False,True,False
XP_021327362,XP_056313034,0.0005380511283874,stratified,,True,False,False,False
XP_021322895,XP_056332607,0.0005369186401367,random,,False,False,True,False
NP_001004549,XP_056322623,0.0005359053611755,random,,False,False,True,False
XP_073786282,XP_056334760,0.0005358457565307,stratified,,True,False,False,False
NP_001152786,XP_056317527,0.0005354881286621,stratified,,True,False,False,False
XP_005157788,XP_056329667,0.000535249710083,stratified,,True,False,False,False
XP_073802790,XP_056311774,0.0005339384078979,stratified,,True,False,False,False
XP_073802789,XP_056311773,0.0005339384078979,random,,False,False,True,False
NP_957367,XP_056313899,0.0005326867103576,stratified,,True,False,False,False
XP_073801301,XP_056310378,0.0005315542221069,random,,False,False,True,False
NP_001313637,XP_056323343,0.000530183315277,stratified,,True,False,False,False
NP_001077325,XP_056320492,0.0005241632461547,random,,False,False,True,False
NP_001007183,XP_056321781,0.0005239248275756,random,,False,False,True,False
NP_001139055,XP_056326516,0.0005232095718383,random,,False,False,True,False
XP_017209396,XP_056306149,0.0005221366882324,random,,False,False,True,False
XP_005159677,XP_056336032,0.0005199313163757,stratified,,True,False,False,False
XP_073785353,XP_056334903,0.000519573688507,stratified,,True,False,False,False
NP_001177735,XP_056302442,0.0005193352699279,stratified,,True,False,False,False
NP_001119905,XP_056321101,0.0005190968513488,stratified,,True,False,False,False
NP_001074138,XP_056323955,0.0005190372467041,stratified,,True,False,False,False
XP_009298015,XP_056310199,0.000517725944519,stratified,,True,False,False,False
NP_001071261,XP_056309997,0.0005173683166503,stratified,,True,False,False,False
XP_009299408,XP_056312789,0.0005149841308593,random,,False,False,True,False
NP_999936,XP_056318175,0.0005149245262145,stratified,,True,False,False,False
XP_021334645,XP_056321386,0.0005146265029907,random,,False,False,True,False
NP_001159805,XP_056306115,0.0005143284797668,stratified,,True,False,False,False
XP_073786739,XP_056335626,0.0005140304565429,stratified,,True,False,False,False
NP_001074162,XP_056302142,0.0005128383636474,stratified,,True,False,False,False
NP_001007416,XP_056328971,0.0005124807357788,random,,False,False,True,False
NP_998290,XP_056316139,0.0005116462707519,stratified,,True,False,False,False
XP_009296395,XP_056329610,0.0005109906196594,random,,False,False,True,False
XP_021330747,XP_056311127,0.0005103945732116,random,,False,False,True,False
XP_009300150,XP_056314578,0.0005103945732116,stratified,,True,False,False,False
XP_021326183,XP_056307555,0.0005092024803161,stratified,,True,False,False,False
NP_955965,XP_056334798,0.0005092024803161,stratified,,True,False,False,False
XP_073804994,XP_056319650,0.0005067586898803,stratified,,True,False,False,False
NP_571678,XP_056319613,0.0005067586898803,random,,False,False,True,False
NP_001108195,XP_056322158,0.0005056262016296,stratified,,True,False,False,False
NP_001307335,XP_056309839,0.0005050897598266,stratified,,True,False,False,False
XP_009295317,XP_056305834,0.0005048513412475,random,,False,False,True,False
NP_956858,XP_056302355,0.0005037188529968,random,,False,False,True,False
XP_005155714,XP_056324503,0.0005021691322326,stratified,,True,False,False,False
XP_073798863,XP_056307690,0.000500738620758,stratified,,True,False,False,False
XP_073794750,XP_056305989,0.0005000233650207,random,,False,False,True,False
NP_956747,XP_056326662,0.0004980564117431,random,,False,False,True,False
XP_021329454,XP_056306192,0.0004975795745849,stratified,,True,False,False,False
NP_001417993,XP_056327316,0.0004972219467163,stratified,,True,False,False,False
XP_073799567,XP_056308741,0.0004962086677551,stratified,,True,False,False,False
NP_001231707,XP_056312722,0.0004961490631103,random,,False,False,True,False
XP_005158588,XP_056333525,0.0004953742027282,stratified,,True,False,False,False
NP_001074457,XP_056327852,0.0004944205284118,random,,False,False,True,False
XP_073794760,XP_056305990,0.0004940032958984,stratified,,True,False,False,False
XP_005169866,XP_056332382,0.0004936456680297,random,,False,False,True,False
XP_021333602,XP_056317799,0.0004917383193969,stratified,,True,False,False,False
XP_005169081,XP_056317801,0.0004917383193969,random,,False,False,True,False
NP_956161,XP_056309528,0.0004909634590148,random,,False,False,True,False
NP_571055,XP_056321164,0.0004903674125671,stratified,,True,False,False,False
NP_991135,XP_056310371,0.0004901885986328,stratified,,True,False,False,False
XP_005172631,XP_056323402,0.0004900693893432,random,,False,False,True,False
XP_005157191,XP_056328922,0.0004899501800537,random,,False,False,True,False
XP_005162546,XP_056307045,0.000489592552185,random,,False,False,True,False
NP_001003991,XP_056322661,0.0004867315292358,stratified,,True,False,False,False
XP_021333121,XP_056316863,0.0004866123199462,random,,False,False,True,False
XP_005167977,XP_056321845,0.0004862546920776,random,,False,False,True,False
NP_001313335,XP_056324398,0.0004857182502746,stratified,,True,False,False,False
NP_001124239,XP_056313680,0.0004849433898925,stratified,,True,False,False,False
XP_005164691,XP_056311768,0.000484824180603,stratified,,True,False,False,False
NP_001258742,XP_056315030,0.0004847645759582,random,,False,False,True,False
XP_002660968,XP_056306948,0.0004840493202209,stratified,,True,False,False,False
XP_001919340,XP_056305075,0.000483751296997,random,,False,False,True,False
XP_005159136,XP_056334100,0.0004819631576538,stratified;random,,True,False,True,False
NP_956185,XP_056332355,0.0004818439483642,random,,False,False,True,False
XP_073786461,XP_056333863,0.0004807114601135,stratified,,True,False,False,False
XP_005160006,XP_056314575,0.0004801154136657,random,,False,False,True,False
XP_073792822,XP_056303263,0.0004798173904418,random,,False,False,True,False
NP_001070764,XP_056305737,0.0004772543907165,random,,False,False,True,False
XP_021333991,XP_056319215,0.0004753470420837,stratified,,True,False,False,False
XP_021322525,XP_056332082,0.0004751682281494,stratified,,True,False,False,False
XP_073808101,XP_056313442,0.0004743933677673,random,,False,False,True,False
XP_005166761,XP_056320044,0.0004743337631225,stratified,,True,False,False,False
XP_017209453,XP_056306592,0.000472605228424,random,,False,False,True,False
XP_021323679,XP_056336249,0.0004722476005554,random,,False,False,True,False
XP_021331292,XP_056310677,0.0004716515541076,random,,False,False,True,False
XP_003200388,XP_056332776,0.0004712343215942,stratified,,True,False,False,False
XP_073790656,XP_056301762,0.00046968460083,random,,False,False,True,False
XP_697507,XP_056322949,0.0004692077636718,random,,False,False,True,False
XP_009292057,XP_056334185,0.0004678964614868,stratified,,True,False,False,False
XP_073808372,XP_056313905,0.0004675984382629,stratified,,True,False,False,False
XP_021322907,XP_056333306,0.0004674792289733,stratified,,True,False,False,False
NP_001264013,XP_056322131,0.0004673600196838,stratified,,True,False,False,False
XP_005160038,XP_056313428,0.000466763973236,stratified,,True,False,False,False
XP_005157985,XP_056331267,0.0004667043685913,random,,False,False,True,False
NP_001243552,XP_056331047,0.0004664659500122,stratified,,True,False,False,False
XP_021333965,XP_056320387,0.0004662871360778,random,,False,False,True,False
NP_001002198,XP_056326962,0.0004656314849853,random,,False,False,True,False
XP_005165615,XP_056314553,0.0004650354385375,stratified,,True,False,False,False
XP_073810192,XP_056315778,0.0004636645317077,stratified,,True,False,False,False
XP_021334325,XP_056321076,0.0004636049270629,stratified,,True,False,False,False
XP_017208472,XP_056302841,0.0004633665084838,stratified,,True,False,False,False
NP_001269415,XP_056334602,0.0004631876945495,random,,False,False,True,False
XP_021327886,XP_056313974,0.0004611015319824,random,,False,False,True,False
XP_009298735,XP_056311409,0.000460922718048,stratified,,True,False,False,False
NP_001002207,XP_056307049,0.0004608035087585,stratified,,True,False,False,False
XP_005160608,XP_056337159,0.0004607439041137,stratified,,True,False,False,False
XP_009295233,XP_056304814,0.0004605054855346,random,,False,False,True,False
XP_073808084,XP_056313348,0.0004603862762451,random,,False,False,True,False
NP_001095863,XP_056301635,0.0004594922065734,stratified,,True,False,False,False
XP_691817,XP_056308211,0.000458538532257,random,,False,False,True,False
XP_073806584,XP_056314349,0.0004571676254272,random,,False,False,True,False
XP_021324032,XP_056336863,0.0004564523696899,stratified,,True,False,False,False
XP_009300877,XP_056316219,0.0004560947418212,stratified,,True,False,False,False
XP_005170092,XP_056335883,0.000455617904663,random,,False,False,True,False
XP_073795863,XP_056305823,0.0004553794860839,random,,False,False,True,False
NP_001410904,XP_056327927,0.0004551410675048,stratified,,True,False,False,False
NP_571128,XP_056336912,0.0004547834396362,random,,False,False,True,False
NP_001006097,XP_056311820,0.0004543662071228,random,,False,False,True,False
XP_073801728,XP_056312003,0.0004540085792541,random,,False,False,True,False
XP_005174340,XP_056307689,0.0004523992538452,stratified,,True,False,False,False
NP_001076280,XP_056337181,0.0004515647888183,stratified,,True,False,False,False
XP_002660488,XP_056315670,0.0004507899284362,stratified,,True,False,False,False
NP_999977,XP_056302736,0.0004504919052124,random,,False,False,True,False
XP_005159462,XP_056336398,0.0004500150680541,stratified,,True,False,False,False
XP_694459,XP_056334616,0.0004498958587646,stratified,,True,False,False,False
XP_073798034,XP_056307464,0.0004494190216064,random,,False,False,True,False
NP_775328,XP_056309743,0.0004481673240661,stratified,,True,False,False,False
XP_017207366,XP_056333604,0.0004478693008422,random,,False,False,True,False
XP_073798722,XP_056310038,0.0004464983940124,random,,False,False,True,False
XP_001335682,XP_056309433,0.0004453659057617,stratified,,True,False,False,False
XP_005169889,XP_056332606,0.0004449486732482,stratified,,True,False,False,False
XP_005155878,XP_056324513,0.0004445314407348,random,,False,False,True,False
XP_021326690,XP_056309897,0.0004436373710632,stratified,,True,False,False,False
XP_002663301,XP_056320541,0.000443160533905,stratified,,True,False,False,False
XP_073807824,XP_056314854,0.000443160533905,stratified,,True,False,False,False
XP_021328422,XP_056327752,0.0004429817199707,stratified,,True,False,False,False
NP_001184183,XP_056306773,0.0004428625106811,stratified,,True,False,False,False
XP_073799666,XP_056309293,0.0004427433013916,stratified,,True,False,False,False
XP_073792359,XP_056303836,0.0004425644874572,random,,False,False,True,False
XP_073797374,XP_056309704,0.0004421472549438,stratified,,True,False,False,False
NP_001002121,XP_056317894,0.0004411339759826,random,,False,False,True,False
NP_001410713,XP_056307520,0.0004394054412841,stratified,,True,False,False,False
XP_073790447,XP_056301890,0.0004380345344543,stratified,,True,False,False,False
XP_073802134,XP_056311250,0.0004376769065856,random,,False,False,True,False
NP_001032448,XP_056305396,0.0004374980926513,random,,False,False,True,False
XP_021325652,XP_056304639,0.0004366636276245,stratified,,True,False,False,False
XP_073806657,XP_056313418,0.0004357099533081,stratified,,True,False,False,False
XP_073806660,XP_056313418,0.0004357099533081,stratified,,True,False,False,False
XP_073798670,XP_056309334,0.000435471534729,stratified,,True,False,False,False
XP_002667698,XP_056303822,0.0004345178604125,stratified,,True,False,False,False
XP_002667698,XP_056303821,0.0004345178604125,stratified,,True,False,False,False
XP_017212723,XP_056318302,0.0004336833953857,random,,False,False,True,False
XP_005157638,XP_056330244,0.0004329681396484,stratified,,True,False,False,False
XP_021333497,XP_056317420,0.0004315972328186,random,,False,False,True,False
NP_001189424,XP_056328172,0.0004312992095947,stratified,,True,False,False,False
XP_073808687,XP_056316131,0.000430941581726,random,,False,False,True,False
XP_073797328,XP_056307115,0.0004299879074096,random,,False,False,True,False
NP_956747,XP_056326663,0.0004299283027648,stratified,,True,False,False,False
NP_001002215,XP_056311824,0.0004289150238037,stratified,,True,False,False,False
XP_005169998,XP_056334885,0.0004284381866455,stratified;random,,True,False,True,False
XP_073789086,XP_056337689,0.0004283189773559,stratified,,True,False,False,False
XP_009303960,XP_056323170,0.0004277825355529,stratified,,True,False,False,False
XP_002666176,XP_056304090,0.0004267692565917,stratified,,True,False,False,False
NP_001157467,XP_056322057,0.0004265308380126,stratified,,True,False,False,False
XP_005173263,XP_056328367,0.0004251599311828,random,,False,False,True,False
XP_021326394,XP_056308263,0.0004249811172485,random,,False,False,True,False
NP_991132,XP_056301348,0.0004244446754455,random,,False,False,True,False
NP_001296364,XP_056334536,0.0004243850708007,random,,False,False,True,False
XP_005164077,XP_056309802,0.0004239082336425,stratified,,True,False,False,False
XP_073806659,XP_056313417,0.0004230141639709,random,,False,False,True,False
XP_005158632,XP_056333441,0.0004222393035888,stratified,,True,False,False,False
XP_073806286,XP_056313045,0.0004221200942993,stratified,,True,False,False,False
XP_009300470,XP_056314951,0.000421404838562,random,,False,False,True,False
NP_001017572,XP_056313107,0.0004212856292724,stratified,,True,False,False,False
XP_009302699,XP_056321152,0.0004211664199829,stratified,,True,False,False,False
XP_073796175,XP_056306234,0.0004209876060485,random,,False,False,True,False
XP_021335712,XP_056328975,0.0004209280014038,stratified;random,,True,False,True,False
XP_009302003,XP_056320108,0.0004208087921142,random,,False,False,True,False
NP_001002087,XP_056302641,0.0004199743270874,stratified,,True,False,False,False
XP_009295016,XP_056304729,0.0004196166992187,random,,False,False,True,False
NP_001107095,XP_056319278,0.0004194974899291,random,,False,False,True,False
NP_998603,XP_056303978,0.0004190206527709,stratified,,True,False,False,False
XP_691507,XP_056324879,0.0004190206527709,stratified,,True,False,False,False
NP_001265751,XP_056329328,0.0004172325134277,target,Igsf11,False,False,False,True
XP_073808928,XP_056316391,0.000416874885559,stratified,,True,False,False,False
XP_005164803,XP_056311600,0.0004166960716247,random,,False,False,True,False
NP_001076420,XP_056333827,0.0004162192344665,stratified,,True,False,False,False
XP_073791986,XP_056302723,0.000416100025177,stratified,,True,False,False,False
XP_073791982,XP_056302722,0.000416100025177,stratified,,True,False,False,False
XP_073791990,XP_056302722,0.000416100025177,random,,False,False,True,False
NP_001188290,XP_056317924,0.0004156827926635,random,,False,False,True,False
XP_005164077,XP_056309800,0.0004134178161621,stratified,,True,False,False,False
XP_005171501,XP_056301248,0.0004134178161621,random,,False,False,True,False
XP_003200727,XP_056336942,0.0004129409790039,stratified,,True,False,False,False
XP_002666963,XP_056307889,0.0004124641418457,random,,False,False,True,False
NP_001082836,XP_056336047,0.0004123449325561,stratified,,True,False,False,False
NP_001032894,XP_056309613,0.0004117488861083,stratified,,True,False,False,False
XP_073802746,XP_056312136,0.0004117488861083,stratified,,True,False,False,False
NP_001006061,XP_056307415,0.0004116296768188,random,,False,False,True,False
XP_017214478,XP_056328575,0.0004114508628845,stratified,,True,False,False,False
XP_073797506,XP_056309405,0.0004107356071472,stratified,,True,False,False,False
XP_021323439,XP_056323470,0.0004106760025024,random,,False,False,True,False
NP_957020,XP_056337216,0.0004101991653442,stratified,,True,False,False,False
NP_001038217,XP_056317997,0.0004098415374755,random,,False,False,True,False
NP_001083009,XP_056320755,0.0004098415374755,stratified,,True,False,False,False
XP_021336032,XP_056326125,0.0004093647003173,random,,False,False,True,False
XP_005172456,XP_056318483,0.000409185886383,random,,False,False,True,False
NP_001373497,XP_056307389,0.000409185886383,stratified,,True,False,False,False
XP_694888,XP_056309338,0.0004088878631591,stratified,,True,False,False,False
XP_009304978,XP_056325249,0.0004088878631591,stratified,,True,False,False,False
NP_001020707,XP_056332065,0.0004058480262756,random,,False,False,True,False
XP_005160577,XP_056337748,0.0004045963287353,stratified,,True,False,False,False
NP_001124269,XP_056303046,0.0004035830497741,stratified,,True,False,False,False
XP_017212769,XP_056319610,0.0004034042358398,stratified,,True,False,False,False
XP_073802021,XP_056311816,0.000403344631195,stratified,,True,False,False,False
NP_001313410,XP_056314230,0.0004001855850219,random,,False,False,True,False
NP_878276,XP_056331548,0.000399887561798,random,,False,False,True,False
XP_073801093,XP_056314555,0.0003995895385742,stratified,,True,False,False,False
XP_073806156,XP_056314704,0.0003994107246398,random,,False,False,True,False
XP_073805498,XP_056317571,0.0003989934921264,random,,False,False,True,False
XP_073790614,XP_056302205,0.0003984570503234,random,,False,False,True,False
NP_001007350,XP_056313492,0.0003978610038757,random,,False,False,True,False
NP_001410783,XP_056302659,0.0003960132598876,stratified,,True,False,False,False
XP_021329052,XP_056337694,0.0003948807716369,stratified,,True,False,False,False
XP_005168705,XP_056314716,0.0003940463066101,random,,False,False,True,False
NP_956418,XP_056335536,0.0003928542137145,stratified,,True,False,False,False
NP_001352231,XP_056324709,0.0003923177719116,stratified,,True,False,False,False
XP_073797384,XP_056309704,0.0003921389579772,random,,False,False,True,False
NP_571516,XP_056301798,0.0003905892372131,stratified,,True,False,False,False
XP_021336482,XP_056326575,0.0003893375396728,stratified,,True,False,False,False
XP_017211855,XP_056314597,0.000389277935028,random,,False,False,True,False
XP_073794131,XP_056305015,0.0003888607025146,random,,False,False,True,False
XP_692833,XP_056301257,0.0003871321678161,stratified,,True,False,False,False
XP_073809589,XP_056315295,0.0003865957260131,stratified,,True,False,False,False
NP_001077287,XP_056314752,0.0003865361213684,random,,False,False,True,False
NP_001315423,XP_056322834,0.0003862977027893,random,,False,False,True,False
NP_001333132,XP_056324264,0.0003857612609863,random,,False,False,True,False
NP_001076392,XP_056311059,0.0003854632377624,stratified,,True,False,False,False
NP_001091654,XP_056336635,0.0003843903541564,stratified,,True,False,False,False
XP_073809710,XP_056315453,0.0003822445869445,stratified,,True,False,False,False
XP_073809712,XP_056315451,0.0003822445869445,stratified,,True,False,False,False
XP_073809711,XP_056315452,0.0003822445869445,random,,False,False,True,False
XP_005156286,XP_056325343,0.000381588935852,stratified,,True,False,False,False
XP_001339880,XP_056302845,0.0003811120986938,stratified,,True,False,False,False
XP_009295229,XP_056304941,0.0003807544708251,stratified,,True,False,False,False
NP_001093508,XP_056314124,0.0003806352615356,stratified,,True,False,False,False
NP_001002633,XP_056312600,0.0003790855407714,random,,False,False,True,False
XP_021330878,XP_056316748,0.0003764629364013,stratified,,True,False,False,False
XP_073809590,XP_056315295,0.0003751516342163,stratified,,True,False,False,False
NP_001103936,XP_056304955,0.0003736019134521,stratified,,True,False,False,False
XP_009306038,XP_056328849,0.0003735423088073,stratified,,True,False,False,False
XP_001923418,XP_056314972,0.0003732442855834,stratified,,True,False,False,False
NP_571185,XP_056332595,0.0003726482391357,stratified,,True,False,False,False
XP_073784980,XP_056334945,0.0003725886344909,stratified,,True,False,False,False
XP_073802427,XP_056311620,0.0003724098205566,random,,False,False,True,False
XP_073802424,XP_056311620,0.0003724098205566,random,,False,False,True,False
XP_005167533,XP_056321172,0.0003716349601745,stratified;random,,True,False,True,False
XP_021329649,XP_056309697,0.0003713369369506,stratified,,True,False,False,False
XP_005160218,XP_056312409,0.0003703832626342,stratified,,True,False,False,False
XP_073796866,XP_056306125,0.0003698468208312,stratified,,True,False,False,False
XP_073791719,XP_056302573,0.0003691315650939,random,,False,False,True,False
XP_009297824,XP_056309620,0.0003688335418701,stratified,,True,False,False,False
XP_005163206,XP_056307458,0.0003681182861328,random,,False,False,True,False
XP_005158510,XP_056330596,0.0003671050071716,random,,False,False,True,False
XP_021336201,XP_056326446,0.0003669261932373,stratified,,True,False,False,False
NP_956142,XP_056334055,0.0003668665885925,random,,False,False,True,False
XP_073809708,XP_056315452,0.0003662705421447,stratified,,True,False,False,False
XP_017206869,XP_056329618,0.0003660917282104,random,,False,False,True,False
NP_001002422,XP_056318790,0.0003657937049865,stratified,,True,False,False,False
NP_571136,XP_056333912,0.0003653764724731,random,,False,False,True,False
XP_073793741,XP_056304061,0.000365138053894,random,,False,False,True,False
XP_002666454,XP_056305979,0.0003649592399597,stratified,,True,False,False,False
XP_005166244,XP_056315822,0.0003647208213806,random,,False,False,True,False
XP_005167791,XP_056321482,0.0003643035888671,random,,False,False,True,False
NP_001006093,XP_056305835,0.0003640055656433,random,,False,False,True,False
XP_021328763,XP_056332681,0.0003635883331298,stratified,,True,False,False,False
NP_001303874,XP_056336544,0.0003628730773925,stratified,,True,False,False,False
XP_009300033,XP_056314363,0.0003626942634582,stratified,,True,False,False,False
XP_009300033,XP_056314362,0.0003626942634582,stratified,,True,False,False,False
XP_005164126,XP_056309653,0.0003623366355895,random,,False,False,True,False
XP_005165345,XP_056314101,0.0003591775894165,random,,False,False,True,False
NP_001092712,XP_056310197,0.0003582239151,stratified,,True,False,False,False
XP_073790074,XP_056301609,0.0003570914268493,random,,False,False,True,False
NP_001373731,XP_056322583,0.0003569722175598,stratified,,True,False,False,False
XP_005165556,XP_056314423,0.000356912612915,stratified,,True,False,False,False
XP_073802603,XP_056312157,0.0003558993339538,stratified,,True,False,False,False
XP_073808474,XP_056312494,0.0003553628921508,random,,False,False,True,False
NP_001029346,XP_056305959,0.0003551840782165,stratified,,True,False,False,False
XP_073807077,XP_056313836,0.0003533959388732,stratified,,True,False,False,False
XP_005169649,XP_056328446,0.00035160779953,stratified,,True,False,False,False
XP_073799424,XP_056307625,0.0003515481948852,random,,False,False,True,False
XP_005159829,XP_056336200,0.0003507137298583,stratified,,True,False,False,False
XP_073799539,XP_056308325,0.0003502964973449,stratified,,True,False,False,False
NP_001373716,XP_056308326,0.0003502964973449,random,,False,False,True,False
XP_073794152,XP_056305019,0.0003502368927001,stratified,,True,False,False,False
XP_073794151,XP_056305019,0.0003502368927001,stratified,,True,False,False,False
NP_001025339,XP_056336653,0.0003500580787658,stratified,,True,False,False,False
XP_073809035,XP_056316509,0.0003498196601867,random,,False,False,True,False
NP_956316,XP_056315425,0.0003488063812255,random,,False,False,True,False
XP_005174019,XP_056303512,0.0003487467765808,stratified,,True,False,False,False
XP_017207761,XP_056335531,0.0003480911254882,random,,False,False,True,False
NP_957004,XP_056314262,0.0003479123115539,random,,False,False,True,False
NP_957004,XP_056314263,0.0003479123115539,random,,False,False,True,False
NP_001002167,XP_056335813,0.0003459453582763,random,,False,False,True,False
XP_021323173,XP_056333413,0.0003457069396972,stratified,,True,False,False,False
NP_956526,XP_056330824,0.0003455877304077,stratified,,True,False,False,False
XP_021322669,XP_056330996,0.0003455877304077,stratified,,True,False,False,False
XP_073786928,XP_056335880,0.0003455281257629,stratified,,True,False,False,False
XP_001919035,XP_056333417,0.000345230102539,stratified,,True,False,False,False
NP_001018426,XP_056334379,0.0003442168235778,stratified,,True,False,False,False
NP_001025233,XP_056337382,0.000342845916748,random,,False,False,True,False
NP_001018874,XP_056323550,0.000342309474945,random,,False,False,True,False
XP_009300642,XP_056315803,0.0003417134284973,random,,False,False,True,False
NP_001020725,XP_056336785,0.0003413558006286,stratified,,True,False,False,False
NP_001186664,XP_056334196,0.0003412961959838,stratified,,True,False,False,False
NP_001303598,XP_056307553,0.0003407001495361,stratified,,True,False,False,False
NP_001313279,XP_056324353,0.0003402233123779,stratified,,True,False,False,False
XP_005160914,XP_056301508,0.0003400444984436,stratified,,True,False,False,False
NP_001092700,XP_056336059,0.0003379583358764,random,,False,False,True,False
XP_009294068,XP_056303347,0.0003371238708496,stratified,,True,False,False,False
NP_001314829,XP_056332774,0.0003361701965332,random,,False,False,True,False
NP_998105,XP_056328134,0.0003359317779541,random,,False,False,True,False
XP_005173309,XP_056328134,0.0003359317779541,random,,False,False,True,False
XP_073809567,XP_056312717,0.000334620475769,stratified,,True,False,False,False
XP_005161742,XP_056303645,0.0003345608711242,random,,False,False,True,False
NP_001012505,XP_056325459,0.0003341436386108,random,,False,False,True,False
XP_009292801,XP_056336642,0.0003340244293212,stratified,,True,False,False,False
XP_009293518,XP_056301944,0.0003331899642944,random,,False,False,True,False
NP_001002538,XP_056321826,0.0003330707550048,stratified,,True,False,False,False
NP_001124080,XP_056334482,0.0003328323364257,stratified,,True,False,False,False
NP_001309362,XP_056306417,0.0003324747085571,stratified,,True,False,False,False
XP_009303840,XP_056323189,0.0003321766853332,stratified,,True,False,False,False
NP_001352553,XP_056312836,0.0003320574760437,stratified,,True,False,False,False
XP_073788685,XP_056337713,0.0003315806388854,stratified,,True,False,False,False
NP_956014,XP_056306488,0.0003312826156616,stratified,,True,False,False,False
XP_021332842,XP_056316030,0.0003300309181213,random,,False,False,True,False
XP_073806710,XP_056313545,0.0003297328948974,random,,False,False,True,False
XP_021323595,XP_056334205,0.0003291368484497,stratified,,True,False,False,False
NP_001091648,XP_056336412,0.0003290176391601,stratified,,True,False,False,False
XP_021324464,XP_056301941,0.0003284811973571,stratified,,True,False,False,False
XP_073809589,XP_056315293,0.0003280043601989,random,,False,False,True,False
NP_571007,XP_056314099,0.0003272294998168,random,,False,False,True,False
NP_001007323,XP_056311653,0.0003268122673034,random,,False,False,True,False
XP_005168788,XP_056315688,0.0003266334533691,stratified,,True,False,False,False
XP_017213941,XP_056325460,0.0003262758255004,random,,False,False,True,False
NP_571063,XP_056333843,0.0003254413604736,random,,False,False,True,False
XP_009305420,XP_056326484,0.0003252029418945,random,,False,False,True,False
XP_005166482,XP_056318859,0.0003251433372497,random,,False,False,True,False
XP_005171364,XP_056334347,0.0003251433372497,stratified,,True,False,False,False
XP_001333925,XP_056324099,0.0003250241279602,stratified,,True,False,False,False
NP_001003541,XP_056305171,0.0003241896629333,random,,False,False,True,False
NP_991269,XP_056308647,0.0003237128257751,stratified,,True,False,False,False
XP_005162002,XP_056304854,0.000323474407196,stratified,,True,False,False,False
XP_017211592,XP_056314350,0.0003229975700378,stratified,,True,False,False,False
XP_009294937,XP_056304851,0.0003228187561035,stratified,,True,False,False,False
XP_005164311,XP_056310232,0.0003215670585632,random,,False,False,True,False
XP_073807229,XP_056314365,0.0003195405006408,random,,False,False,True,False
XP_017208322,XP_056302320,0.0003191828727722,random,,False,False,True,False
NP_001305057,XP_056335995,0.0003186464309692,stratified,,True,False,False,False
XP_021323509,XP_056334372,0.0003184080123901,stratified,,True,False,False,False
NP_001116712,XP_056318222,0.0003183484077453,stratified,,True,False,False,False
XP_001345419,XP_056322142,0.0003172159194946,random,,False,False,True,False
XP_005162959,XP_056307191,0.000317096710205,stratified,,True,False,False,False
XP_009293516,XP_056301941,0.0003168582916259,random,,False,False,True,False
XP_005162172,XP_056305806,0.0003167986869812,stratified,,True,False,False,False
XP_005171853,XP_056313873,0.0003155469894409,stratified,,True,False,False,False
XP_009298848,XP_056324698,0.0003142356872558,random,,False,False,True,False
XP_005158335,XP_056330993,0.000313401222229,stratified,,True,False,False,False
XP_073786690,XP_056336004,0.0003125667572021,stratified,,True,False,False,False
NP_001116766,XP_056320553,0.0003125071525573,stratified,,True,False,False,False
XP_021325835,XP_056307051,0.0003116726875305,random,,False,False,True,False
NP_001313319,XP_056329861,0.0003114938735961,stratified,,True,False,False,False
XP_009298565,XP_056311632,0.0003114342689514,random,,False,False,True,False
NP_922918,XP_056314547,0.0003106594085693,stratified,,True,False,False,False
NP_957330,XP_056327268,0.0003100633621215,stratified,,True,False,False,False
XP_005163449,XP_056332003,0.0003098249435424,random,,False,False,True,False
XP_021322123,XP_056329212,0.000309407711029,random,,False,False,True,False
XP_005157015,XP_056327151,0.0003079771995544,stratified,,True,False,False,False
NP_001018459,XP_056305150,0.0003079175949096,stratified,,True,False,False,False
XP_009298559,XP_056311756,0.0003070831298828,stratified,,True,False,False,False
XP_073799312,XP_056310077,0.0003068447113037,random,,False,False,True,False
XP_073792773,XP_056303339,0.0003066658973693,stratified,,True,False,False,False
XP_073807750,XP_056314782,0.0003060102462768,random,,False,False,True,False
XP_073807754,XP_056314783,0.0003060102462768,stratified,,True,False,False,False
XP_009295890,XP_056307082,0.0003053545951843,stratified,,True,False,False,False
NP_956970,XP_056329264,0.0003053545951843,random,,False,False,True,False
XP_009305257,XP_056325138,0.0003052353858947,stratified,,True,False,False,False
NP_571051,XP_056325319,0.0003049373626708,stratified,,True,False,False,False
XP_005163110,XP_056307852,0.0003045797348022,random,,False,False,True,False
NP_001035072,XP_056309880,0.0003036856651306,random,,False,False,True,False
NP_001035474,XP_056331058,0.000303566455841,random,,False,False,True,False
XP_009293550,XP_056303046,0.0003033876419067,stratified,,True,False,False,False
NP_001288285,XP_056331731,0.0003032684326171,stratified,,True,False,False,False
XP_073809718,XP_056315455,0.0003028512001037,stratified,,True,False,False,False
XP_005162893,XP_056306181,0.0003015995025634,random,,False,False,True,False
XP_005156414,XP_056324940,0.0003015995025634,stratified,,True,False,False,False
NP_001038884,XP_056325124,0.0003014802932739,random,,False,False,True,False
XP_073809713,XP_056315455,0.0003007650375366,stratified,,True,False,False,False
XP_002666175,XP_056303346,0.0003005266189575,stratified,,True,False,False,False
NP_001025332,XP_056337362,0.0003002882003784,stratified,,True,False,False,False
NP_001002746,XP_056314637,0.0003002285957336,random,,False,False,True,False
XP_009301715,XP_056318084,0.0002997517585754,stratified,,True,False,False,False
XP_699295,XP_056333653,0.0002996325492858,stratified,,True,False,False,False
XP_073795525,XP_056304721,0.0002995133399963,stratified,,True,False,False,False
NP_001333081,XP_056328812,0.0002986192703247,random,,False,False,True,False
NP_878299,XP_056323225,0.0002985000610351,stratified,,True,False,False,False
XP_005159168,XP_056334197,0.0002979040145874,random,,False,False,True,False
NP_998122,XP_056328161,0.0002971291542053,random,,False,False,True,False
XP_073797393,XP_056309705,0.0002966523170471,stratified,,True,False,False,False
XP_073797430,XP_056309705,0.0002966523170471,stratified,,True,False,False,False
XP_009299941,XP_056314215,0.0002959966659545,stratified,,True,False,False,False
NP_001032776,XP_056303837,0.0002951025962829,stratified,,True,False,False,False
NP_001019576,XP_056321893,0.0002949237823486,stratified,,True,False,False,False
NP_001373634,XP_056320018,0.0002945065498352,random,,False,False,True,False
NP_001013589,XP_056330569,0.0002943277359008,stratified,,True,False,False,False
XP_005171853,XP_056313869,0.0002943277359008,stratified,,True,False,False,False
XP_021334623,XP_056321269,0.000293493270874,stratified,,True,False,False,False
XP_005170746,XP_056308352,0.0002927780151367,random,,False,False,True,False
XP_073796890,XP_056306128,0.0002924799919128,stratified,,True,False,False,False
XP_009296480,XP_056307416,0.0002921223640441,stratified,,True,False,False,False
XP_005165354,XP_056314078,0.0002917647361755,random,,False,False,True,False
NP_998687,XP_056314077,0.0002915859222412,stratified,,True,False,False,False
XP_073788778,XP_056336759,0.0002915263175964,random,,False,False,True,False
NP_001018174,XP_056327447,0.0002914667129516,stratified,,True,False,False,False
XP_021322873,XP_056333488,0.000291109085083,stratified,,True,False,False,False
NP_001417804,XP_056322676,0.000291109085083,random,,False,False,True,False
XP_009304364,XP_056323705,0.0002907514572143,stratified,,True,False,False,False
XP_073797934,XP_056307912,0.000290036201477,stratified,,True,False,False,False
XP_005170524,XP_056303370,0.0002892613410949,stratified,,True,False,False,False
NP_571692,XP_056319738,0.0002883076667785,stratified,,True,False,False,False
XP_009304049,XP_056324715,0.0002881288528442,stratified,,True,False,False,False
XP_685212,XP_056328385,0.0002881288528442,stratified,,True,False,False,False
XP_073803043,XP_056312067,0.00028657913208,stratified,,True,False,False,False
XP_009291105,XP_056332644,0.0002858042716979,random,,False,False,True,False
XP_073793053,XP_056310321,0.0002854466438293,random,,False,False,True,False
XP_009294796,XP_056304574,0.0002847909927368,random,,False,False,True,False
XP_005157976,XP_056331922,0.0002832412719726,stratified,,True,False,False,False
XP_701004,XP_056313726,0.0002828240394592,stratified,,True,False,False,False
XP_687246,XP_056331653,0.0002828240394592,stratified,,True,False,False,False
XP_005163095,XP_056307323,0.0002825260162353,stratified,,True,False,False,False
XP_009296758,XP_056329888,0.0002821087837219,stratified,,True,False,False,False
XP_009299938,XP_056314211,0.0002819895744323,stratified,,True,False,False,False
NP_956820,XP_056321390,0.000281274318695,stratified,,True,False,False,False
XP_002660941,XP_056336538,0.0002810359001159,stratified,,True,False,False,False
NP_571909,XP_056320688,0.0002809166908264,random,,False,False,True,False
XP_017207000,XP_056331387,0.000280737876892,stratified,,True,False,False,False
XP_009294043,XP_056303214,0.0002802610397338,stratified,,True,False,False,False
XP_073806927,XP_056312809,0.0002802610397338,random,,False,False,True,False
XP_005170122,XP_056335137,0.0002793669700622,random,,False,False,True,False
XP_017208903,XP_056303299,0.000278353691101,stratified,,True,False,False,False
XP_005167631,XP_056321973,0.0002782344818115,stratified,,True,False,False,False
NP_001315147,XP_056302038,0.0002774596214294,stratified,,True,False,False,False
XP_686465,XP_056309974,0.0002762675285339,stratified,,True,False,False,False
NP_001037812,XP_056334635,0.0002762675285339,stratified,,True,False,False,False
NP_001296328,XP_056318993,0.0002761483192443,stratified,,True,False,False,False
XP_073785568,XP_056334847,0.0002761483192443,stratified,,True,False,False,False
NP_996983,XP_056318902,0.0002758502960205,stratified,,True,False,False,False
NP_001013310,XP_056333557,0.0002756714820861,stratified,,True,False,False,False
NP_001002563,XP_056332847,0.0002753734588623,random,,False,False,True,False
NP_001373597,XP_056307381,0.0002753138542175,stratified,,True,False,False,False
NP_001373597,XP_056308330,0.0002753138542175,stratified,,True,False,False,False
XP_017209580,XP_056307915,0.0002745985984802,random,,False,False,True,False
XP_005156569,XP_056326878,0.0002744197845458,stratified,,True,False,False,False
NP_001410745,XP_056316899,0.0002739429473876,random,,False,False,True,False
XP_073799483,XP_056316896,0.0002739429473876,stratified,,True,False,False,False
XP_005171231,XP_056328870,0.0002734065055847,stratified,,True,False,False,False
NP_957128,XP_056325629,0.0002729296684265,stratified,,True,False,False,False
XP_073808198,XP_056313592,0.0002725720405578,stratified,,True,False,False,False
NP_571808,XP_056327888,0.0002716779708862,stratified,,True,False,False,False
XP_002666892,XP_056307406,0.0002709627151489,stratified,,True,False,False,False
XP_073810615,XP_056316374,0.0002707242965698,random,,False,False,True,False
NP_001185672,XP_056324153,0.000270664691925,stratified,,True,False,False,False
NP_001073638,XP_056315399,0.0002698898315429,random,,False,False,True,False
NP_001299827,XP_056315438,0.0002698898315429,stratified,,True,False,False,False
XP_073807645,XP_056314598,0.0002696514129638,random,,False,False,True,False
XP_017211857,XP_056314596,0.0002696514129638,random,,False,False,True,False
NP_001352192,XP_056307959,0.0002694725990295,stratified,,True,False,False,False
XP_005160305,XP_056312692,0.0002694129943847,random,,False,False,True,False
NP_001017750,XP_056327161,0.0002691745758056,stratified,,True,False,False,False
XP_017208125,XP_056336697,0.0002689957618713,stratified,,True,False,False,False
XP_073790618,XP_056302766,0.0002686381340026,stratified,,True,False,False,False
XP_009293168,XP_056337535,0.0002681612968444,stratified,,True,False,False,False
XP_073806873,XP_056313900,0.0002676844596862,stratified,,True,False,False,False
XP_005172157,XP_056316429,0.0002672672271728,random,,False,False,True,False
XP_009294606,XP_056304113,0.0002663135528564,stratified,,True,False,False,False
NP_001002401,XP_056335233,0.0002650022506713,random,,False,False,True,False
XP_005173357,XP_056328462,0.0002644062042236,stratified,,True,False,False,False
XP_021328692,XP_056330702,0.0002633929252624,stratified;random,,True,False,True,False
XP_073805890,XP_056313692,0.0002632141113281,random,,False,False,True,False
XP_021334284,XP_056321971,0.0002628564834594,stratified,,True,False,False,False
NP_001093492,XP_056335674,0.0002623796463012,random,,False,False,True,False
XP_073805827,XP_056312860,0.0002621412277221,random,,False,False,True,False
XP_073805887,XP_056313688,0.0002609491348266,stratified,,True,False,False,False
XP_005167303,XP_056319238,0.000260591506958,stratified,,True,False,False,False
XP_009299939,XP_056314210,0.0002596378326416,random,,False,False,True,False
NP_001038838,XP_056302028,0.0002589225769042,stratified,,True,False,False,False
XP_009303436,XP_056322725,0.0002589225769042,stratified,,True,False,False,False
NP_001373597,XP_056316896,0.0002589225769042,random,,False,False,True,False
XP_002664717,XP_056329503,0.0002585649490356,stratified,,True,False,False,False
XP_005158389,XP_056330882,0.0002582073211669,stratified,,True,False,False,False
NP_957369,XP_056321297,0.0002568960189819,random,,False,False,True,False
XP_021332842,XP_056316031,0.0002568364143371,stratified,,True,False,False,False
XP_073793726,XP_056304174,0.0002563595771789,random,,False,False,True,False
XP_073805888,XP_056313688,0.0002559423446655,stratified,,True,False,False,False
NP_001157866,XP_056331565,0.0002554655075073,stratified,,True,False,False,False
XP_021324693,XP_056303050,0.0002554059028625,stratified,,True,False,False,False
NP_001002443,XP_056323616,0.0002553462982177,random,,False,False,True,False
XP_073785570,XP_056334849,0.0002544522285461,stratified,,True,False,False,False
XP_073795049,XP_056305191,0.0002539753913879,stratified,,True,False,False,False
XP_073797104,XP_056307153,0.0002539157867431,random,,False,False,True,False
XP_001919229,XP_056317106,0.0002538561820983,random,,False,False,True,False
XP_005167910,XP_056321591,0.0002538561820983,stratified,,True,False,False,False
XP_005163199,XP_056307441,0.0002537965774536,stratified,,True,False,False,False
NP_001186667,XP_056306565,0.0002522468566894,random,,False,False,True,False
XP_009301419,XP_056317302,0.0002480745315551,stratified,,True,False,False,False
NP_001006046,XP_056326542,0.0002473592758178,random,,False,False,True,False
XP_073792069,XP_056302183,0.0002468824386596,stratified,,True,False,False,False
XP_073789793,XP_056301361,0.0002467036247253,stratified,,True,False,False,False
XP_017206847,XP_056332291,0.0002465844154357,stratified,,True,False,False,False
XP_021332107,XP_056313480,0.0002462267875671,random,,False,False,True,False
NP_001018484,XP_056328284,0.0002461671829223,stratified,,True,False,False,False
NP_001373572,XP_056309712,0.0002457499504089,stratified,,True,False,False,False
XP_009304679,XP_056325078,0.000245451927185,random,,False,False,True,False
NP_998310,XP_056319168,0.0002443194389343,random,,False,False,True,False
XP_690143,XP_056321285,0.0002431273460388,random,,False,False,True,False
XP_021330679,XP_056311645,0.0002423524856567,stratified,,True,False,False,False
NP_991181,XP_056331880,0.0002423524856567,stratified,,True,False,False,False
NP_001259009,XP_056304079,0.0002416968345642,stratified,,True,False,False,False
XP_021333530,XP_056317519,0.0002408027648925,stratified,,True,False,False,False
XP_005174422,XP_056307495,0.0002400279045104,stratified,,True,False,False,False
XP_073788782,XP_056336764,0.0002393722534179,stratified,,True,False,False,False
NP_998665,XP_056319460,0.0002389550209045,random,,False,False,True,False
NP_956081,XP_056334440,0.0002389550209045,random,,False,False,True,False
XP_005163912,XP_056309310,0.0002385973930358,stratified,,True,False,False,False
XP_073792404,XP_056309311,0.0002385973930358,stratified,,True,False,False,False
XP_073792411,XP_056309312,0.0002385973930358,stratified,,True,False,False,False
NP_571337,XP_056308164,0.0002385377883911,target,AHR1b,False,False,False,True
XP_073786749,XP_056335452,0.0002384185791015,stratified,,True,False,False,False
XP_021324055,XP_056337747,0.0002383589744567,stratified,,True,False,False,False
XP_002660860,XP_056330777,0.0002379417419433,random,,False,False,True,False
XP_009292938,XP_056336870,0.0002375841140747,stratified,,True,False,False,False
XP_005163278,XP_056308337,0.0002366304397583,stratified,,True,False,False,False
XP_009302274,XP_056319589,0.0002364516258239,stratified,,True,False,False,False
XP_073809281,XP_056312751,0.0002362728118896,random,,False,False,True,False
NP_955924,XP_056302715,0.0002359151840209,random,,False,False,True,False
NP_001186030,XP_056305920,0.0002357959747314,stratified;random,,True,False,True,False
NP_001122233,XP_056326889,0.0002353191375732,stratified,,True,False,False,False
XP_073808308,XP_056312760,0.0002352595329284,stratified,,True,False,False,False
NP_001001944,XP_056337407,0.0002344846725463,random,,False,False,True,False
XP_005163529,XP_056333826,0.000234305858612,random,,False,False,True,False
XP_009289844,XP_056328973,0.0002340078353881,stratified,,True,False,False,False
XP_001920772,XP_056307479,0.0002339482307434,stratified,,True,False,False,False
XP_005165946,XP_056316036,0.0002337098121643,random,,False,False,True,False
XP_005167440,XP_056319327,0.0002334713935852,random,,False,False,True,False
XP_686522,XP_056315499,0.0002334713935852,stratified,,True,False,False,False
NP_997893,XP_056314649,0.0002332925796508,stratified,,True,False,False,False
NP_001009916,XP_056305931,0.0002331733703613,random,,False,False,True,False
XP_017210771,XP_056311906,0.0002330541610717,stratified,,True,False,False,False
NP_001003558,XP_056315411,0.0002323985099792,random,,False,False,True,False
XP_009293049,XP_056301321,0.0002322196960449,stratified,,True,False,False,False
XP_005158270,XP_056331445,0.000231921672821,random,,False,False,True,False
XP_005158696,XP_056333504,0.0002311468124389,stratified,,True,False,False,False
XP_697248,XP_056301645,0.0002303719520568,stratified,,True,False,False,False
XP_009305424,XP_056327185,0.0002294182777404,stratified,,True,False,False,False
XP_001922486,XP_056307506,0.0002292394638061,stratified,,True,False,False,False
XP_009301421,XP_056317307,0.0002291202545166,stratified,,True,False,False,False
XP_009290348,XP_056331159,0.0002287626266479,random,,False,False,True,False
XP_017211644,XP_056314220,0.0002286434173583,random,,False,False,True,False
XP_009290439,XP_056330848,0.0002285838127136,stratified,,True,False,False,False
NP_001007454,XP_056317574,0.0002285838127136,stratified,,True,False,False,False
NP_001038283,XP_056337593,0.0002282261848449,stratified,,True,False,False,False
XP_005158406,XP_056331175,0.0002279877662658,stratified,,True,False,False,False
NP_956688,XP_056313582,0.0002273321151733,random,,False,False,True,False
XP_699069,XP_056335411,0.0002270340919494,random,,False,False,True,False
NP_001017738,XP_056328580,0.0002264976501464,random,,False,False,True,False
NP_957219,XP_056306119,0.0002260208129882,random,,False,False,True,False
XP_073807099,XP_056313405,0.0002253651618957,stratified,,True,False,False,False
NP_955863,XP_056333639,0.0002253055572509,random,,False,False,True,False
XP_021333509,XP_056317489,0.000225007534027,stratified,,True,False,False,False
NP_998046,XP_056329963,0.0002248287200927,stratified,,True,False,False,False
NP_957406,XP_056309602,0.0002244114875793,stratified,,True,False,False,False
NP_001082799,XP_056323229,0.0002242922782897,stratified,,True,False,False,False
XP_009294593,XP_056303203,0.0002241134643554,stratified,,True,False,False,False
XP_021323602,XP_056334744,0.0002238750457763,stratified,,True,False,False,False
XP_021334299,XP_056321722,0.0002236366271972,stratified,,True,False,False,False
XP_073801321,XP_056315774,0.0002230405807495,stratified,,True,False,False,False
NP_001038624,XP_056335506,0.0002228617668151,random,,False,False,True,False
XP_009289324,XP_056328792,0.0002226829528808,stratified,,True,False,False,False
XP_073797848,XP_056307418,0.0002225041389465,random,,False,False,True,False
XP_021326885,XP_056314497,0.0002220273017883,stratified,,True,False,False,False
NP_001232892,XP_056316901,0.0002211332321166,stratified,,True,False,False,False
NP_998576,XP_056326236,0.0002208948135375,random,,False,False,True,False
NP_001116722,XP_056316015,0.0002202987670898,random,,False,False,True,False
XP_073795974,XP_056304761,0.0002201795578002,stratified,,True,False,False,False
NP_001002726,XP_056333394,0.0002183318138122,stratified,,True,False,False,False
XP_021323643,XP_056336438,0.0002176165580749,stratified,,True,False,False,False
XP_073796354,XP_056307006,0.0002167224884033,random,,False,False,True,False
XP_073805435,XP_056318838,0.0002162456512451,random,,False,False,True,False
XP_009302008,XP_056320106,0.000216007232666,stratified,,True,False,False,False
NP_001333153,XP_056330879,0.000216007232666,stratified,,True,False,False,False
XP_017213029,XP_056319078,0.0002158284187316,random,,False,False,True,False
XP_021331668,XP_056305491,0.000215470790863,stratified,,True,False,False,False
NP_001005952,XP_056324718,0.0002152323722839,stratified,,True,False,False,False
NP_571048,XP_056329489,0.0002146959304809,stratified,,True,False,False,False
XP_009301954,XP_056316898,0.0002145767211914,random,,False,False,True,False
XP_073787309,XP_056335192,0.0002139806747436,random,,False,False,True,False
XP_021334311,XP_056337440,0.0002135038375854,random,,False,False,True,False
XP_021326256,XP_056308215,0.0002133250236511,stratified,,True,False,False,False
XP_073787339,XP_056335957,0.0002129673957824,stratified,,True,False,False,False
XP_005159582,XP_056335960,0.0002129673957824,stratified,,True,False,False,False
XP_073787339,XP_056335958,0.0002129673957824,stratified,,True,False,False,False
XP_017207957,XP_056337376,0.0002127885818481,random,,False,False,True,False
NP_001004007,XP_056337376,0.0002127885818481,random,,False,False,True,False
XP_021324704,XP_056302122,0.0002123713493347,random,,False,False,True,False
NP_001289171,XP_056337738,0.0002121329307556,stratified,,True,False,False,False
NP_997870,XP_056331656,0.000211477279663,stratified,,True,False,False,False
XP_005164167,XP_056309858,0.0002112984657287,random,,False,False,True,False
NP_570989,XP_056329758,0.0002097487449645,stratified,,True,False,False,False
NP_001074095,XP_056313820,0.0002094507217407,random,,False,False,True,False
NP_571359,XP_056333602,0.0002088546752929,stratified,,True,False,False,False
NP_571959,XP_056319456,0.0002081394195556,stratified;random,,True,False,True,False
XP_005169787,XP_056329162,0.0002075433731079,stratified,,True,False,False,False
XP_021335822,XP_056325411,0.000206708908081,random,,False,False,True,False
XP_005166450,XP_056317456,0.0002065896987915,stratified,,True,False,False,False
NP_958466,XP_056326616,0.0002062320709228,stratified,,True,False,False,False
NP_001002496,XP_056314478,0.0002059340476989,stratified,,True,False,False,False
XP_009292948,XP_056336763,0.0002059340476989,stratified,,True,False,False,False
XP_021334181,XP_056320583,0.0002053380012512,random,,False,False,True,False
XP_073810894,XP_056316660,0.0002049803733825,stratified,,True,False,False,False
NP_956804,XP_056305200,0.0002046227455139,stratified,,True,False,False,False
XP_005163797,XP_056309133,0.0002042055130004,random,,False,False,True,False
XP_021330936,XP_056311580,0.0002039670944213,stratified,,True,False,False,False
NP_571856,XP_056316180,0.0002037286758422,random,,False,False,True,False
NP_958482,XP_056309180,0.0002036094665527,stratified,,True,False,False,False
XP_009304999,XP_056325409,0.0002035498619079,random,,False,False,True,False
XP_073798405,XP_056307355,0.0002029538154602,random,,False,False,True,False
NP_001014326,XP_056302597,0.0002016425132751,random,,False,False,True,False
NP_001103940,XP_056315988,0.0002011656761169,stratified,,True,False,False,False
NP_001073421,XP_056327747,0.0002003908157348,stratified,,True,False,False,False
NP_001243593,XP_056307288,0.0002003908157348,stratified,,True,False,False,False
XP_021330744,XP_056311549,0.0002000331878662,stratified,,True,False,False,False
XP_073788213,XP_056337742,0.000199556350708,stratified,,True,False,False,False
XP_009297645,XP_056309317,0.0001992583274841,stratified,,True,False,False,False
NP_001107092,XP_056319881,0.0001991391181945,random,,False,False,True,False
XP_021335251,XP_056324371,0.0001986026763916,stratified,,True,False,False,False
XP_021324268,XP_056328352,0.0001983642578125,random,,False,False,True,False
XP_021332762,XP_056315738,0.0001983046531677,random,,False,False,True,False
XP_021325852,XP_056306231,0.0001980066299438,random,,False,False,True,False
XP_021333062,XP_056318273,0.0001978278160095,random,,False,False,True,False
NP_571308,XP_056324633,0.0001971721649169,random,,False,False,True,False
XP_009305769,XP_056326920,0.0001962780952453,stratified,,True,False,False,False
XP_005159410,XP_056336219,0.000196099281311,random,,False,False,True,False
NP_998404,XP_056324346,0.0001960396766662,stratified;random,,True,False,True,False
XP_005161463,XP_056302211,0.0001942515373229,stratified,,True,False,False,False
XP_691871,XP_056301814,0.0001939535140991,random,,False,False,True,False
XP_017213450,XP_056333308,0.0001932978630065,stratified,,True,False,False,False
XP_005170633,XP_056305332,0.0001925826072692,stratified,,True,False,False,False
XP_073791731,XP_056301744,0.0001922845840454,stratified,,True,False,False,False
XP_021322820,XP_056333394,0.0001919865608215,stratified,,True,False,False,False
XP_009292082,XP_056333939,0.0001917481422424,stratified,,True,False,False,False
XP_009300452,XP_056315516,0.0001916289329528,stratified,,True,False,False,False
XP_685746,XP_056305656,0.0001913905143737,stratified,,True,False,False,False
XP_021323593,XP_056333774,0.0001913905143737,stratified,,True,False,False,False
XP_021334493,XP_056320647,0.0001912117004394,stratified,,True,False,False,False
XP_003200233,XP_056331736,0.0001904964447021,stratified,,True,False,False,False
XP_009292307,XP_056335196,0.0001900792121887,stratified,,True,False,False,False
XP_009296842,XP_056332889,0.00018972158432,stratified,,True,False,False,False
XP_021333247,XP_056317774,0.0001895427703857,stratified,,True,False,False,False
NP_958445,XP_056329281,0.0001891255378723,random,,False,False,True,False
NP_775357,XP_056331184,0.0001875758171081,random,,False,False,True,False
NP_001076500,XP_056315575,0.0001873970031738,stratified,,True,False,False,False
XP_017206474,XP_056330044,0.000186800956726,random,,False,False,True,False
NP_001122045,XP_056330526,0.0001867413520812,stratified,,True,False,False,False
XP_001921766,XP_056305744,0.0001866817474365,stratified,,True,False,False,False
NP_998525,XP_056335666,0.000186264514923,stratified,,True,False,False,False
XP_009292082,XP_056333937,0.0001856684684753,random,,False,False,True,False
XP_073786189,XP_056334332,0.0001852512359619,random,,False,False,True,False
NP_001032316,XP_056322811,0.0001851320266723,stratified,,True,False,False,False
XP_009290987,XP_056302852,0.0001846551895141,random,,False,False,True,False
XP_005156890,XP_056326676,0.0001834630966186,random,,False,False,True,False
XP_005169361,XP_056324768,0.0001832246780395,random,,False,False,True,False
XP_002665057,XP_056331590,0.0001828670501708,random,,False,False,True,False
XP_021335841,XP_056325121,0.0001827478408813,stratified,,True,False,False,False
XP_005165243,XP_056313494,0.0001822710037231,stratified,,True,False,False,False
XP_021336126,XP_056326070,0.0001821517944335,random,,False,False,True,False
XP_005155582,XP_056323077,0.0001818537712097,random,,False,False,True,False
NP_956829,XP_056321271,0.0001816153526306,stratified,,True,False,False,False
NP_956464,XP_056336820,0.0001811981201171,stratified,,True,False,False,False
XP_005169279,XP_056322500,0.0001811981201171,stratified,,True,False,False,False
NP_956447,XP_056315656,0.0001810193061828,stratified,,True,False,False,False
XP_009294228,XP_056303217,0.0001804232597351,stratified,,True,False,False,False
NP_705938,XP_056305454,0.0001803636550903,random,,False,False,True,False
XP_003201233,XP_056305198,0.0001795291900634,stratified,,True,False,False,False
NP_001185701,XP_056315744,0.0001794695854187,stratified,,True,False,False,False
XP_009298264,XP_056312032,0.0001792311668395,random,,False,False,True,False
XP_005162427,XP_056305574,0.0001791715621948,random,,False,False,True,False
XP_002667227,XP_056327889,0.0001790523529052,random,,False,False,True,False
NP_001070217,XP_056316914,0.0001784563064575,random,,False,False,True,False
NP_998185,XP_056311704,0.0001779794692993,stratified,,True,False,False,False
XP_005164788,XP_056311704,0.0001779198646545,random,,False,False,True,False
XP_073797874,XP_056307426,0.0001778602600097,stratified,,True,False,False,False
XP_009300420,XP_056315392,0.0001778006553649,random,,False,False,True,False
NP_001030160,XP_056312585,0.0001770853996276,target,Cx41.8,False,False,False,True
XP_073798248,XP_056308217,0.0001770257949829,stratified,,True,False,False,False
NP_001032179,XP_056324212,0.0001769661903381,stratified,,True,False,False,False
XP_005169335,XP_056324646,0.0001769065856933,random,,False,False,True,False
NP_997832,XP_056302061,0.0001765489578247,random,,False,False,True,False
XP_073806557,XP_056314394,0.0001753568649291,random,,False,False,True,False
NP_001315481,XP_056310552,0.0001751780509948,stratified,,True,False,False,False
NP_001074085,XP_056314611,0.0001745820045471,stratified,,True,False,False,False
XP_682848,XP_056315120,0.0001740455627441,stratified,,True,False,False,False
XP_005159907,XP_056304425,0.0001735687255859,stratified,,True,False,False,False
XP_073794731,XP_056309336,0.000172734260559,stratified,,True,False,False,False
XP_005162716,XP_056306497,0.0001720786094665,random,,False,False,True,False
XP_073785117,XP_056334038,0.0001718997955322,stratified,,True,False,False,False
XP_009290638,XP_056331554,0.000171422958374,stratified,,True,False,False,False
XP_009301685,XP_056317974,0.0001707077026367,stratified,,True,False,False,False
NP_001002459,XP_056317761,0.0001707077026367,random,,False,False,True,False
NP_001025275,XP_056326784,0.0001701116561889,stratified,,True,False,False,False
XP_073810682,XP_056316423,0.0001698732376098,stratified,,True,False,False,False
NP_001004571,XP_056332543,0.000169813632965,random,,False,False,True,False
XP_005166451,XP_056317459,0.0001691579818725,stratified,,True,False,False,False
NP_001037813,XP_056332876,0.0001685619354248,random,,False,False,True,False
NP_571836,XP_056315568,0.0001684427261352,stratified,,True,False,False,False
XP_021336334,XP_056326736,0.0001676082611083,random,,False,False,True,False
XP_005158154,XP_056330827,0.0001673698425292,random,,False,False,True,False
XP_073791346,XP_056302306,0.0001667141914367,stratified,,True,False,False,False
XP_073791342,XP_056302306,0.0001667141914367,stratified,,True,False,False,False
XP_009293789,XP_056302749,0.0001652836799621,stratified,,True,False,False,False
NP_001315012,XP_056319133,0.0001648068428039,stratified,,True,False,False,False
XP_009292419,XP_056335381,0.00016450881958,random,,False,False,True,False
XP_017208544,XP_056302684,0.00016450881958,random,,False,False,True,False
XP_073809475,XP_056315665,0.0001636147499084,random,,False,False,True,False
XP_005162270,XP_056304656,0.0001629590988159,random,,False,False,True,False
XP_009297689,XP_056309427,0.0001621842384338,stratified,,True,False,False,False
XP_009297687,XP_056309426,0.0001612901687622,random,,False,False,True,False
XP_009296216,XP_056307877,0.0001611709594726,stratified,,True,False,False,False
NP_001153139,XP_056336770,0.0001611113548278,stratified,,True,False,False,False
NP_001121885,XP_056313371,0.000160813331604,random,,False,False,True,False
NP_001004600,XP_056328038,0.0001604557037353,random,,False,False,True,False
XP_005173707,XP_056333942,0.0001600980758666,random,,False,False,True,False
XP_073810627,XP_056316417,0.0001600980758666,stratified,,True,False,False,False
NP_001013519,XP_056326426,0.000159740447998,random,,False,False,True,False
XP_005169383,XP_056324535,0.0001588463783264,stratified,,True,False,False,False
XP_021329873,XP_056322837,0.0001581907272338,stratified,,True,False,False,False
XP_005167088,XP_056319547,0.0001581311225891,random,,False,False,True,False
XP_009300257,XP_056314738,0.00015789270401,stratified,,True,False,False,False
XP_073810887,XP_056316654,0.00015789270401,random,,False,False,True,False
XP_021336991,XP_056330345,0.0001575350761413,stratified,,True,False,False,False
NP_571574,XP_056311100,0.0001572966575622,stratified,,True,False,False,False
XP_009290217,XP_056329908,0.0001572370529174,stratified,,True,False,False,False
XP_009293757,XP_056302439,0.0001567602157592,stratified,,True,False,False,False
NP_001417788,XP_056334113,0.0001566410064697,stratified,,True,False,False,False
XP_009304425,XP_056324765,0.0001563429832458,random,,False,False,True,False
XP_073808541,XP_056316691,0.0001559257507324,random,,False,False,True,False
XP_021325744,XP_056305899,0.0001556873321533,random,,False,False,True,False
XP_017211970,XP_056316604,0.0001552104949951,random,,False,False,True,False
NP_001018471,XP_056331312,0.0001545548439025,random,,False,False,True,False
NP_001182336,XP_056317976,0.0001543760299682,random,,False,False,True,False
NP_001018580,XP_056306503,0.0001537203788757,random,,False,False,True,False
NP_001315096,XP_056332311,0.0001536011695861,random,,False,False,True,False
XP_017213206,XP_056321041,0.0001531243324279,stratified,,True,False,False,False
NP_001039014,XP_056330517,0.0001530647277832,target,Kcnj13,False,False,False,True
XP_005163374,XP_056330435,0.0001528263092041,random,,False,False,True,False
XP_073785784,XP_056333775,0.0001526474952697,stratified,,True,False,False,False
XP_009290329,XP_056331211,0.0001523494720458,random,,False,False,True,False
XP_021323777,XP_056335204,0.0001518726348876,stratified,,True,False,False,False
XP_073796039,XP_056307012,0.0001511573791503,stratified,,True,False,False,False
XP_009299745,XP_056301440,0.0001499652862548,stratified,,True,False,False,False
XP_005156856,XP_056326492,0.0001499056816101,random,,False,False,True,False
XP_691455,XP_056325528,0.0001497268676757,stratified,,True,False,False,False
NP_001003883,XP_056324579,0.000149667263031,stratified,,True,False,False,False
XP_073794634,XP_056309571,0.0001493096351623,random,,False,False,True,False
NP_001352121,XP_056323658,0.000149130821228,stratified,,True,False,False,False
XP_009302165,XP_056319772,0.0001483559608459,stratified,,True,False,False,False
NP_001313379,XP_056324106,0.0001482367515563,stratified,,True,False,False,False
XP_005163656,XP_056332930,0.000148057937622,stratified,,True,False,False,False
XP_009296909,XP_056334385,0.0001477599143981,stratified,,True,False,False,False
NP_919343,XP_056304910,0.0001475811004638,stratified,,True,False,False,False
XP_005162390,XP_056305691,0.0001471042633056,stratified,,True,False,False,False
XP_009296078,XP_056307399,0.0001470446586608,stratified,,True,False,False,False
NP_001092228,XP_056322105,0.0001468062400817,stratified,,True,False,False,False
XP_699475,XP_056314614,0.000146746635437,stratified,,True,False,False,False
XP_003199781,XP_056326690,0.0001465678215026,stratified,,True,False,False,False
NP_001272463,XP_056303792,0.0001460909843444,stratified,,True,False,False,False
XP_073792656,XP_056303713,0.0001460909843444,stratified,,True,False,False,False
NP_001104751,XP_056310080,0.0001460313796997,stratified,,True,False,False,False
XP_005159295,XP_056333820,0.0001459121704101,stratified,,True,False,False,False
XP_005157523,XP_056329226,0.0001451969146728,stratified,,True,False,False,False
XP_009299925,XP_056314179,0.0001451969146728,stratified,,True,False,False,False
NP_001038323,XP_056335106,0.000145137310028,random,,False,False,True,False
XP_017213324,XP_056321574,0.0001450181007385,stratified,,True,False,False,False
XP_021332546,XP_056316135,0.0001449584960937,random,,False,False,True,False
XP_073803145,XP_056311947,0.0001448988914489,stratified,,True,False,False,False
XP_009302264,XP_056319465,0.0001447200775146,stratified,,True,False,False,False
XP_009294225,XP_056304401,0.0001435279846191,stratified,,True,False,False,False
XP_005171035,XP_056312607,0.00014328956604,stratified,,True,False,False,False
XP_005171035,XP_056312609,0.00014328956604,stratified,,True,False,False,False
XP_009292116,XP_056312610,0.00014328956604,random,,False,False,True,False
XP_005171034,XP_056312608,0.00014328956604,stratified,,True,False,False,False
NP_001018394,XP_056332087,0.0001431703567504,stratified,,True,False,False,False
XP_073797492,XP_056306760,0.0001431107521057,random,,False,False,True,False
XP_073797492,XP_056306761,0.0001431107521057,stratified,,True,False,False,False
XP_073797486,XP_056306760,0.0001431107521057,random,,False,False,True,False
NP_001012508,XP_056331067,0.0001429915428161,random,,False,False,True,False
XP_073802899,XP_056311136,0.0001423358917236,stratified,,True,False,False,False
XP_009304297,XP_056324747,0.000142216682434,stratified,,True,False,False,False
XP_017208637,XP_056303708,0.0001420974731445,stratified,,True,False,False,False
XP_021333867,XP_056319674,0.0001419186592102,random,,False,False,True,False
NP_001352582,XP_056318258,0.0001406669616699,stratified,,True,False,False,False
XP_005157636,XP_056329224,0.0001403093338012,random,,False,False,True,False
XP_073809292,XP_056316357,0.000139832496643,stratified,,True,False,False,False
XP_073809299,XP_056316353,0.0001397132873535,stratified,,True,False,False,False
XP_073809300,XP_056316352,0.0001397132873535,random,,False,False,True,False
XP_003197866,XP_056328399,0.0001392364501953,stratified,,True,False,False,False
XP_073810553,XP_056327040,0.0001390576362609,stratified,,True,False,False,False
XP_073792666,XP_056303715,0.0001389980316162,stratified,,True,False,False,False
NP_001123295,XP_056315700,0.000138521194458,random,,False,False,True,False
XP_005165053,XP_056312033,0.0001384615898132,stratified,,True,False,False,False
XP_009304202,XP_056324285,0.0001375675201416,random,,False,False,True,False
NP_001071018,XP_056327533,0.0001364350318908,stratified,,True,False,False,False
XP_001343041,XP_056302900,0.0001363158226013,stratified,,True,False,False,False
NP_958455,XP_056309794,0.0001361370086669,stratified,,True,False,False,False
NP_001070932,XP_056331522,0.0001358389854431,stratified,,True,False,False,False
XP_073809219,XP_056316196,0.0001355409622192,stratified,,True,False,False,False
XP_009293684,XP_056303149,0.0001354217529296,stratified,,True,False,False,False
XP_009295656,XP_056307017,0.0001353025436401,stratified,,True,False,False,False
NP_955934,XP_056307832,0.0001349449157714,random,,False,False,True,False
XP_073809057,XP_056312921,0.0001348257064819,random,,False,False,True,False
NP_001013585,XP_056318986,0.0001345872879028,stratified,,True,False,False,False
NP_001092892,XP_056308200,0.0001341700553894,stratified,,True,False,False,False
XP_021333082,XP_056318878,0.0001336932182312,random,,False,False,True,False
NP_001013554,XP_056334357,0.0001333951950073,stratified,,True,False,False,False
NP_001002446,XP_056330432,0.0001329779624938,random,,False,False,True,False
NP_001038364,XP_056337656,0.0001329183578491,stratified,,True,False,False,False
XP_001344260,XP_056327483,0.0001329183578491,stratified,,True,False,False,False
XP_005157080,XP_056326304,0.00013267993927,stratified,,True,False,False,False
XP_009301396,XP_056317199,0.0001326203346252,stratified,,True,False,False,False
XP_073788786,XP_056336770,0.0001314282417297,random,,False,False,True,False
XP_017208299,XP_056301970,0.0001313686370849,stratified,,True,False,False,False
XP_009289755,XP_056315189,0.0001309514045715,random,,False,False,True,False
NP_955963,XP_056328843,0.0001306533813476,random,,False,False,True,False
XP_005164123,XP_056309651,0.0001305341720581,random,,False,False,True,False
XP_005159647,XP_056336383,0.0001301765441894,stratified,,True,False,False,False
XP_021324370,XP_056337051,0.0001295804977416,stratified,,True,False,False,False
NP_998551,XP_056320095,0.0001292824745178,stratified,,True,False,False,False
XP_005167978,XP_056321832,0.0001290440559387,stratified,,True,False,False,False
XP_009295591,XP_056328146,0.0001289844512939,stratified,,True,False,False,False
NP_001002409,XP_056308087,0.0001285076141357,stratified,,True,False,False,False
XP_009306021,XP_056327765,0.0001282095909118,random,,False,False,True,False
XP_009293761,XP_056303071,0.0001280307769775,random,,False,False,True,False
NP_001268926,XP_056323600,0.0001277327537536,stratified,,True,False,False,False
NP_956636,XP_056334240,0.0001274347305297,random,,False,False,True,False
XP_017212286,XP_056317653,0.0001268982887268,stratified,,True,False,False,False
NP_001410360,XP_056327649,0.0001267790794372,stratified,,True,False,False,False
XP_005166925,XP_056319889,0.0001261830329895,stratified,,True,False,False,False
XP_009292988,XP_056337571,0.0001258850097656,stratified,,True,False,False,False
NP_001289172,XP_056319120,0.000125765800476,stratified,,True,False,False,False
NP_001349358,XP_056312865,0.0001248717308044,stratified,,True,False,False,False
XP_005173283,XP_056328097,0.0001248121261596,stratified,,True,False,False,False
XP_073808559,XP_056316440,0.0001246333122253,random,,False,False,True,False
XP_073808558,XP_056316440,0.0001246333122253,random,,False,False,True,False
XP_073808558,XP_056316441,0.0001246333122253,stratified;random,,True,False,True,False
NP_001314745,XP_056320567,0.0001246333122253,stratified,,True,False,False,False
XP_009303014,XP_056321444,0.0001245141029357,random,,False,False,True,False
XP_005162385,XP_056305005,0.000123381614685,random,,False,False,True,False
XP_005165942,XP_056316016,0.0001232624053955,random,,False,False,True,False
NP_001002426,XP_056304622,0.0001232028007507,random,,False,False,True,False
XP_017212968,XP_056336335,0.0001223087310791,stratified,,True,False,False,False
NP_001108158,XP_056316571,0.0001222491264343,stratified,,True,False,False,False
XP_021334253,XP_056321492,0.0001221299171447,stratified,,True,False,False,False
XP_005159195,XP_056333785,0.0001220703125,random,,False,False,True,False
XP_005163024,XP_056308086,0.0001215934753417,stratified,,True,False,False,False
XP_005173283,XP_056328096,0.000121533870697,stratified,,True,False,False,False
XP_009305382,XP_056326347,0.0001212954521179,random,,False,False,True,False
NP_001017549,XP_056321446,0.0001212954521179,random,,False,False,True,False
XP_073790947,XP_056302628,0.0001208186149597,stratified,,True,False,False,False
XP_700015,XP_056309882,0.000120460987091,stratified,,True,False,False,False
XP_021326214,XP_056307499,0.0001198649406433,stratified,,True,False,False,False
XP_073787985,XP_056336392,0.000118613243103,stratified,,True,False,False,False
XP_021329519,XP_056308187,0.000118613243103,stratified,,True,False,False,False
NP_001038499,XP_056335269,0.0001180768013,stratified,,True,False,False,False
NP_571158,XP_056302526,0.0001178979873657,random,,False,False,True,False
XP_017212964,XP_056336318,0.000117540359497,stratified,,True,False,False,False
XP_073790372,XP_056301900,0.0001174211502075,stratified,,True,False,False,False
XP_017212772,XP_056319669,0.0001171231269836,random,,False,False,True,False
NP_999874,XP_056337615,0.0001170635223388,stratified,,True,False,False,False
XP_073797194,XP_056306208,0.0001167058944702,random,,False,False,True,False
XP_021330770,XP_056311687,0.0001166462898254,stratified,,True,False,False,False
XP_688089,XP_056303058,0.0001164674758911,stratified,,True,False,False,False
XP_073802051,XP_056312236,0.0001164674758911,stratified,,True,False,False,False
XP_073802047,XP_056312236,0.0001164674758911,stratified,,True,False,False,False
XP_005158753,XP_056332646,0.0001162886619567,stratified,,True,False,False,False
XP_009304466,XP_056323949,0.0001156330108642,random,,False,False,True,False
XP_009295324,XP_056305466,0.0001155138015747,random,,False,False,True,False
NP_001124329,XP_056321492,0.0001146793365478,stratified,,True,False,False,False
NP_957237,XP_056335149,0.0001146793365478,stratified,,True,False,False,False
XP_005167932,XP_056321803,0.000113308429718,random,,False,False,True,False
NP_001268922,XP_056317533,0.0001130104064941,random,,False,False,True,False
NP_001315282,XP_056304865,0.0001128315925598,stratified,,True,False,False,False
NP_001007314,XP_056324917,0.000112771987915,random,,False,False,True,False
XP_021324360,XP_056337057,0.0001125335693359,stratified,,True,False,False,False
XP_073810071,XP_056315709,0.0001122951507568,stratified,,True,False,False,False
XP_073799880,XP_056312633,0.0001112818717956,stratified,,True,False,False,False
NP_001014818,XP_056328295,0.0001108646392822,random,,False,False,True,False
XP_005156579,XP_056326290,0.0001108646392822,random,,False,False,True,False
NP_956701,XP_056307737,0.000109851360321,random,,False,False,True,False
XP_005166947,XP_056319884,0.0001096725463867,random,,False,False,True,False
XP_073788784,XP_056336764,0.0001096129417419,random,,False,False,True,False
XP_009298659,XP_056311445,0.0001093745231628,random,,False,False,True,False
XP_021335341,XP_056323962,0.0001087188720703,stratified,,True,False,False,False
NP_001082974,XP_056333084,0.0001084804534912,stratified;random,,True,False,True,False
XP_009291236,XP_056332770,0.0001081228256225,stratified,,True,False,False,False
XP_005168535,XP_056309143,0.0001077651977539,stratified,,True,False,False,False
NP_001071075,XP_056328231,0.0001075267791748,stratified,,True,False,False,False
XP_073785167,XP_056334922,0.0001067519187927,stratified,,True,False,False,False
XP_021324356,XP_056337050,0.0001066923141479,stratified,,True,False,False,False
XP_073792659,XP_056309736,0.0001065135002136,stratified,,True,False,False,False
XP_021322301,XP_056331565,0.0001063346862792,stratified,,True,False,False,False
XP_021337031,XP_056330309,0.0001061558723449,random,,False,False,True,False
XP_021324357,XP_056337051,0.0001055598258972,random,,False,False,True,False
XP_073789301,XP_056336746,0.0001055002212524,stratified;random,,True,False,True,False
XP_005164250,XP_056309904,0.0001052021980285,random,,False,False,True,False
NP_957007,XP_056321505,0.0001051425933837,stratified,,True,False,False,False
XP_009302535,XP_056319096,0.000104010105133,random,,False,False,True,False
XP_005164173,XP_056309983,0.0001030564308166,random,,False,False,True,False
NP_001116327,XP_056307486,0.0001029968261718,stratified,,True,False,False,False
XP_073810080,XP_056315711,0.0001025795936584,stratified,,True,False,False,False
XP_073788498,XP_056336882,0.0001020431518554,random,,False,False,True,False
XP_005160627,XP_056336883,0.0001020431518554,stratified,,True,False,False,False
NP_001077045,XP_056329208,0.0001019239425659,stratified,,True,False,False,False
NP_998628,XP_056325223,0.0001018047332763,random,,False,False,True,False
XP_073808384,XP_056313955,0.0001018047332763,stratified;random,,True,False,True,False
XP_684264,XP_056313955,0.0001018047332763,stratified,,True,False,False,False
NP_571222,XP_056331185,0.0001013875007629,stratified,,True,False,False,False
XP_073801040,XP_056310215,0.0001012086868286,random,,False,False,True,False
NP_001116764,XP_056320024,0.0001008510589599,stratified,,True,False,False,False
XP_693394,XP_056309245,0.0001007318496704,random,,False,False,True,False
XP_021329517,XP_056308184,0.0001001358032226,stratified,,True,False,False,False
NP_001038410,XP_056319906,9.948015213012697e-05,random,,False,False,True,False
NP_998521,XP_056332263,9.948015213012697e-05,stratified,,True,False,False,False
XP_073787546,XP_056335384,9.876489639282228e-05,random,,False,False,True,False
XP_005173247,XP_056328607,9.828805923461914e-05,random,,False,False,True,False
XP_073794842,XP_056305483,9.816884994506836e-05,stratified,,True,False,False,False
XP_073788309,XP_056337632,9.739398956298828e-05,random,,False,False,True,False
XP_021326924,XP_056331728,9.679794311523438e-05,stratified,,True,False,False,False
NP_957275,XP_056327761,9.673833847045898e-05,stratified,,True,False,False,False
XP_073802989,XP_056312153,9.632110595703124e-05,random,,False,False,True,False
XP_073810074,XP_056315711,9.578466415405272e-05,random,,False,False,True,False
XP_697365,XP_056317467,9.560585021972656e-05,random,,False,False,True,False
XP_005174261,XP_056306886,9.5367431640625e-05,random,,False,False,True,False
NP_957168,XP_056325170,9.524822235107422e-05,stratified,,True,False,False,False
XP_005173170,XP_056327757,9.489059448242188e-05,stratified,,True,False,False,False
XP_009292473,XP_056335152,9.489059448242188e-05,random,,False,False,True,False
NP_001025346,XP_056327055,9.447336196899414e-05,stratified,,True,False,False,False
XP_017208249,XP_056302718,9.423494338989258e-05,stratified,,True,False,False,False
XP_005171317,XP_056334571,9.351968765258788e-05,random,,False,False,True,False
NP_001002333,XP_056328487,9.28640365600586e-05,random,,False,False,True,False
NP_001121818,XP_056319496,9.28044319152832e-05,stratified,,True,False,False,False
XP_698473,XP_056329412,9.238719940185548e-05,stratified,,True,False,False,False
XP_005157530,XP_056329651,9.226799011230467e-05,stratified,,True,False,False,False
XP_073805961,XP_056314680,9.185075759887697e-05,random,,False,False,True,False
NP_001002330,XP_056309356,9.167194366455078e-05,stratified,,True,False,False,False
XP_005172094,XP_056314844,9.131431579589844e-05,random,,False,False,True,False
XP_005172094,XP_056314843,9.131431579589844e-05,stratified,,True,False,False,False
XP_009293034,XP_056336993,9.09566879272461e-05,stratified,,True,False,False,False
XP_009292987,XP_056337571,9.09566879272461e-05,stratified,,True,False,False,False
XP_021331027,XP_056318845,9.071826934814452e-05,stratified,,True,False,False,False
NP_001038407,XP_056337301,9.042024612426758e-05,random,,False,False,True,False
NP_001103954,XP_056303033,8.988380432128906e-05,random,,False,False,True,False
NP_957166,XP_056326056,8.946657180786133e-05,stratified,,True,False,False,False
XP_005160594,XP_056336764,8.83340835571289e-05,stratified,,True,False,False,False
XP_005167171,XP_056319571,8.827447891235352e-05,random,,False,False,True,False
XP_073810415,XP_056316041,8.779764175415039e-05,stratified,,True,False,False,False
NP_001038254,XP_056314088,8.767843246459961e-05,stratified,,True,False,False,False
XP_021333146,XP_056317016,8.726119995117188e-05,stratified,,True,False,False,False
XP_073794773,XP_056305370,8.726119995117188e-05,stratified,,True,False,False,False
NP_001032750,XP_056304106,8.64863395690918e-05,stratified,,True,False,False,False
XP_009298429,XP_056311806,8.636713027954102e-05,stratified,,True,False,False,False
XP_009295153,XP_056305226,8.618831634521484e-05,stratified,,True,False,False,False
XP_009298423,XP_056311803,8.594989776611328e-05,stratified,,True,False,False,False
XP_001337205,XP_056317926,8.577108383178711e-05,stratified,,True,False,False,False
XP_073787244,XP_056335520,8.553266525268555e-05,stratified,,True,False,False,False
XP_073788724,XP_056337163,8.481740951538086e-05,random,,False,False,True,False
NP_958447,XP_056302276,8.481740951538086e-05,random,,False,False,True,False
XP_009297657,XP_056309342,8.463859558105469e-05,stratified,,True,False,False,False
XP_073809342,XP_056315308,8.445978164672852e-05,stratified,,True,False,False,False
XP_009292908,XP_056336795,8.404254913330078e-05,stratified,,True,False,False,False
XP_009301752,XP_056318910,8.33272933959961e-05,stratified,,True,False,False,False
XP_073801015,XP_056309964,8.279085159301758e-05,stratified,,True,False,False,False
NP_001313429,XP_056332138,8.225440979003906e-05,random,,False,False,True,False
NP_956213,XP_056314609,8.219480514526367e-05,stratified,,True,False,False,False
XP_073794468,XP_056304996,8.189678192138672e-05,stratified,,True,False,False,False
XP_017208906,XP_056303301,8.106231689453125e-05,random,,False,False,True,False
NP_957154,XP_056330492,8.034706115722656e-05,stratified,,True,False,False,False
XP_073805959,XP_056314681,8.028745651245117e-05,random,,False,False,True,False
XP_005167521,XP_056320739,7.963180541992188e-05,stratified,,True,False,False,False
XP_001333273,XP_056332795,7.933378219604492e-05,random,,False,False,True,False
XP_005174158,XP_056305071,7.903575897216797e-05,stratified,,True,False,False,False
XP_073788744,XP_056337168,7.742643356323242e-05,random,,False,False,True,False
XP_021334979,XP_056322151,7.730722427368164e-05,random,,False,False,True,False
XP_021329522,XP_056308190,7.718801498413086e-05,stratified,,True,False,False,False
XP_005163107,XP_056307671,7.635354995727539e-05,stratified,,True,False,False,False
XP_009301359,XP_056317129,7.593631744384766e-05,random,,False,False,True,False
XP_005173151,XP_056328636,7.593631744384766e-05,stratified,,True,False,False,False
XP_017213227,XP_056320660,7.575750350952148e-05,random,,False,False,True,False
XP_073791585,XP_056309731,7.468461990356445e-05,random,,False,False,True,False
XP_021334178,XP_056319006,7.450580596923828e-05,stratified,,True,False,False,False
XP_005166503,XP_056317950,7.31348991394043e-05,random,,False,False,True,False
XP_021330286,XP_056316198,7.30752944946289e-05,random,,False,False,True,False
NP_957203,XP_056314199,7.241964340209961e-05,random,,False,False,True,False
NP_998655,XP_056327724,7.224082946777344e-05,stratified,,True,False,False,False
XP_696967,XP_056309788,7.218122482299805e-05,random,,False,False,True,False
XP_005166651,XP_056318282,7.170438766479492e-05,random,,False,False,True,False
NP_001076307,XP_056301969,7.140636444091797e-05,stratified,,True,False,False,False
XP_009297857,XP_056309733,7.140636444091797e-05,stratified,,True,False,False,False
XP_005170542,XP_056303223,7.05718994140625e-05,random,,False,False,True,False
XP_009295103,XP_056304907,7.033348083496094e-05,stratified,,True,False,False,False
XP_009305639,XP_056326576,7.027387619018555e-05,random,,False,False,True,False
XP_017210541,XP_056311640,6.973743438720703e-05,stratified,,True,False,False,False
NP_571039,XP_056318807,6.943941116333008e-05,random,,False,False,True,False
NP_001073170,XP_056314565,6.902217864990234e-05,random,,False,False,True,False
XP_005161646,XP_056303220,6.830692291259766e-05,random,,False,False,True,False
XP_005162281,XP_056304788,6.830692291259766e-05,random,,False,False,True,False
XP_009293036,XP_056336989,6.788969039916992e-05,random,,False,False,True,False
NP_001038179,XP_056335710,6.783008575439453e-05,stratified,,True,False,False,False
NP_001002562,XP_056302112,6.759166717529297e-05,stratified,,True,False,False,False
XP_073803244,XP_056316571,6.74128532409668e-05,random,,False,False,True,False
XP_073803244,XP_056316580,6.74128532409668e-05,stratified,,True,False,False,False
XP_073803243,XP_056316571,6.74128532409668e-05,stratified,,True,False,False,False
NP_997760,XP_056336204,6.723403930664062e-05,random,,False,False,True,False
XP_001337404,XP_056317981,6.639957427978516e-05,random,,False,False,True,False
XP_005160097,XP_056312655,6.628036499023438e-05,stratified,,True,False,False,False
NP_571056,XP_056334500,6.586313247680664e-05,random,,False,False,True,False
NP_955896,XP_056318641,6.586313247680664e-05,stratified,,True,False,False,False
XP_073786291,XP_056334802,6.580352783203125e-05,stratified,,True,False,False,False
XP_021323530,XP_056335920,6.520748138427734e-05,random,,False,False,True,False
XP_021324141,XP_056301516,6.42538070678711e-05,random,,False,False,True,False
NP_778258,XP_056333812,6.413459777832031e-05,stratified,,True,False,False,False
XP_002665395,XP_056334762,6.407499313354492e-05,random,,False,False,True,False
XP_005171029,XP_056312603,6.288290023803711e-05,stratified,,True,False,False,False
XP_001345114,XP_056302607,6.103515625e-05,stratified,,True,False,False,False
XP_021334426,XP_056335361,6.085634231567383e-05,random,,False,False,True,False
NP_955891,XP_056337088,5.984306335449219e-05,stratified,,True,False,False,False
XP_005165827,XP_056315540,5.835294723510742e-05,random,,False,False,True,False
NP_001074171,XP_056337555,5.817413330078125e-05,random,,False,False,True,False
XP_009293035,XP_056336992,5.7578086853027344e-05,stratified,,True,False,False,False
XP_021332861,XP_056316101,5.751848220825195e-05,random,,False,False,True,False
NP_001007435,XP_056309678,5.644559860229492e-05,stratified,,True,False,False,False
XP_005165191,XP_056313681,5.632638931274414e-05,stratified,,True,False,False,False
NP_001122238,XP_056314113,5.632638931274414e-05,random,,False,False,True,False
XP_073786633,XP_056335702,5.626678466796875e-05,stratified,,True,False,False,False
XP_073786632,XP_056335702,5.626678466796875e-05,stratified,,True,False,False,False
XP_005165205,XP_056313487,5.608797073364258e-05,stratified,,True,False,False,False
XP_009295647,XP_056306777,5.602836608886719e-05,random,,False,False,True,False
NP_001001889,XP_056335154,5.5849552154541016e-05,stratified,,True,False,False,False
XP_009292375,XP_056336017,5.567073822021485e-05,stratified,,True,False,False,False
XP_073799416,XP_056307619,5.53131103515625e-05,random,,False,False,True,False
NP_001018370,XP_056332144,5.4895877838134766e-05,stratified,,True,False,False,False
XP_073786625,XP_056335701,5.4717063903808594e-05,stratified,,True,False,False,False
XP_005163348,XP_056329700,5.394220352172852e-05,stratified,,True,False,False,False
XP_009298079,XP_056309082,5.358457565307617e-05,stratified,,True,False,False,False
XP_005157853,XP_056330318,5.340576171875e-05,random,,False,False,True,False
XP_073809257,XP_056316340,5.269050598144531e-05,random,,False,False,True,False
XP_073809248,XP_056316340,5.269050598144531e-05,stratified,,True,False,False,False
XP_005172350,XP_056317331,5.197525024414063e-05,stratified,,True,False,False,False
XP_073805957,XP_056314680,5.197525024414063e-05,stratified,,True,False,False,False
NP_001296760,XP_056333905,5.197525024414063e-05,stratified,,True,False,False,False
XP_009304936,XP_056317320,5.185604095458984e-05,random,,False,False,True,False
NP_001116750,XP_056334431,5.179643630981445e-05,stratified,,True,False,False,False
NP_001191083,XP_056302560,5.0187110900878906e-05,random,,False,False,True,False
XP_005170755,XP_056307491,4.988908767700195e-05,stratified,,True,False,False,False
XP_073794088,XP_056304845,4.953145980834961e-05,stratified,,True,False,False,False
XP_021323665,XP_056335695,4.929304122924805e-05,stratified,,True,False,False,False
NP_001292496,XP_056332767,4.905462265014648e-05,stratified,,True,False,False,False
XP_021324037,XP_056337085,4.792213439941406e-05,stratified,,True,False,False,False
XP_005173299,XP_056327629,4.619359970092773e-05,random,,False,False,True,False
XP_073785725,XP_056333915,4.589557647705078e-05,random,,False,False,True,False
XP_073802654,XP_056311689,4.416704177856445e-05,stratified,,True,False,False,False
XP_021324672,XP_056309269,4.273653030395508e-05,stratified,,True,False,False,False
XP_009302369,XP_056319257,4.2438507080078125e-05,stratified,,True,False,False,False
NP_991119,XP_056323359,4.035234451293945e-05,random,,False,False,True,False
XP_073791603,XP_056321118,4.017353057861328e-05,stratified,,True,False,False,False
NP_938152,XP_056309298,4.011392593383789e-05,stratified,,True,False,False,False
XP_001333587,XP_056333313,3.856420516967773e-05,stratified,,True,False,False,False
NP_001296394,XP_056312462,3.802776336669922e-05,random,,False,False,True,False
XP_073785378,XP_056334730,3.790855407714844e-05,random,,False,False,True,False
NP_998088,XP_056317014,3.7550926208496094e-05,stratified,,True,False,False,False
XP_073797834,XP_056309615,3.701448440551758e-05,stratified,,True,False,False,False
XP_073797832,XP_056309615,3.701448440551758e-05,stratified,,True,False,False,False
XP_073797882,XP_056309617,3.6776065826416016e-05,stratified,,True,False,False,False
XP_073802030,XP_056311561,3.5643577575683594e-05,stratified,,True,False,False,False
XP_021324481,XP_056302117,3.4928321838378906e-05,random,,False,False,True,False
XP_009295532,XP_056306204,3.4749507904052734e-05,random,,False,False,True,False
XP_005168948,XP_056317600,3.457069396972656e-05,random,,False,False,True,False
XP_021329438,XP_056307173,3.457069396972656e-05,random,,False,False,True,False
XP_005164162,XP_056309853,3.409385681152344e-05,random,,False,False,True,False
XP_073798816,XP_056307698,3.403425216674805e-05,random,,False,False,True,False
XP_073798394,XP_056307791,3.3795833587646484e-05,stratified,,True,False,False,False
XP_686077,XP_056305672,3.3736228942871094e-05,random,,False,False,True,False
XP_073802457,XP_056319378,3.349781036376953e-05,stratified,,True,False,False,False
XP_073793421,XP_056309227,3.2901763916015625e-05,stratified,,True,False,False,False
XP_021326032,XP_056306492,3.24249267578125e-05,stratified,,True,False,False,False
XP_073802348,XP_056319350,3.039836883544922e-05,stratified,,True,False,False,False
XP_017209404,XP_056306491,3.0219554901123047e-05,stratified,,True,False,False,False
NP_998664,XP_056312497,3.0159950256347656e-05,stratified,,True,False,False,False
XP_009299818,XP_056313939,2.9861927032470703e-05,random,,False,False,True,False
XP_021324176,XP_056301255,2.9802322387695312e-05,stratified,,True,False,False,False
XP_009295738,XP_056306125,2.938508987426757e-05,stratified,,True,False,False,False
XP_009301473,XP_056317642,2.9325485229492188e-05,stratified;random,,True,False,True,False
NP_956021,XP_056337474,2.920627593994141e-05,random,,False,False,True,False
NP_571446,XP_056313661,2.9027462005615234e-05,stratified,,True,False,False,False
NP_001070794,XP_056302270,2.825260162353516e-05,random,,False,False,True,False
XP_005160955,XP_056301492,2.819299697875977e-05,stratified,,True,False,False,False
XP_005162836,XP_056306464,2.765655517578125e-05,stratified,,True,False,False,False
NP_001417783,XP_056332556,2.712011337280273e-05,stratified,,True,False,False,False
XP_005159285,XP_056334726,2.7060508728027344e-05,stratified,,True,False,False,False
XP_009290696,XP_056330606,2.694129943847656e-05,stratified,,True,False,False,False
XP_021332671,XP_056315487,2.5212764739990234e-05,stratified,,True,False,False,False
NP_001165056,XP_056321634,2.5093555450439453e-05,stratified,,True,False,False,False
NP_956841,XP_056322388,2.437829971313477e-05,stratified,,True,False,False,False
XP_009300481,XP_056315550,2.378225326538086e-05,random,,False,False,True,False
XP_073788438,XP_056336736,2.288818359375e-05,stratified,,True,False,False,False
XP_005166906,XP_056319973,2.2470951080322266e-05,stratified,,True,False,False,False
XP_005157040,XP_056327056,2.193450927734375e-05,stratified,,True,False,False,False
NP_001154956,XP_056312856,2.157688140869141e-05,random,,False,False,True,False
XP_005166474,XP_056317927,2.1219253540039062e-05,stratified,,True,False,False,False
XP_073799045,XP_056307413,2.056360244750977e-05,stratified,,True,False,False,False
XP_017208907,XP_056303306,2.056360244750977e-05,stratified,,True,False,False,False
NP_853634,XP_056309276,1.990795135498047e-05,stratified,,True,False,False,False
XP_073789399,XP_056337080,1.728534698486328e-05,stratified,,True,False,False,False
XP_009302835,XP_056320947,1.5854835510253906e-05,random,,False,False,True,False
XP_021326164,XP_056309855,1.5556812286376953e-05,stratified,,True,False,False,False
XP_073798173,XP_056308177,1.531839370727539e-05,random,,False,False,True,False
XP_009305177,XP_056324946,1.52587890625e-05,stratified,,True,False,False,False
NP_001018326,XP_056332652,1.4722347259521484e-05,stratified,,True,False,False,False
XP_003197917,XP_056332951,1.3709068298339844e-05,random,,False,False,True,False
XP_005162485,XP_056323166,1.3530254364013672e-05,stratified,,True,False,False,False
XP_009301701,XP_056318014,1.2874603271484377e-05,stratified,,True,False,False,False
XP_009302831,XP_056320943,1.239776611328125e-05,stratified,,True,False,False,False
XP_073800460,XP_056309351,1.2218952178955078e-05,stratified,,True,False,False,False
XP_001921020,XP_056309351,1.2218952178955078e-05,stratified,,True,False,False,False
XP_021332522,XP_056316113,1.1622905731201172e-05,random,,False,False,True,False
XP_009301470,XP_056317632,1.0609626770019531e-05,stratified,,True,False,False,False
NP_001019600,XP_056323966,1.049041748046875e-05,stratified,,True,False,False,False
XP_073806684,XP_056313419,9.238719940185549e-06,stratified,,True,False,False,False
XP_009295129,XP_056327170,9.119510650634766e-06,stratified,,True,False,False,False
NP_001300770,XP_056314296,3.337860107421875e-06,stratified,,True,False,False,False
XP_005163697,XP_056302037,3.2186508178710938e-06,stratified,,True,False,False,False
XP_005169340,XP_056324030,2.5033950805664062e-06,stratified,,True,False,False,False
XP_005170056,XP_056336158,4.172325134277344e-07,stratified,,True,False,False,False
XP_005159024,XP_056333181,3.5762786865234375e-07,stratified,,True,False,False,False
NP_001003494,XP_056331685,2.980232238769531e-07,stratified,,True,False,False,False
XP_005173695,XP_056334480,2.980232238769531e-07,stratified,,True,False,False,False
NP_001006087,XP_056325989,2.980232238769531e-07,random,,False,False,True,False
NP_001034926,XP_056325599,2.980232238769531e-07,stratified,,True,False,False,False
NP_001038787,XP_056308208,2.384185791015625e-07,random,,False,False,True,False
XP_021332966,XP_056316465,2.384185791015625e-07,random,,False,False,True,False
XP_073794851,XP_056305798,1.788139343261719e-07,random,,False,False,True,False
XP_073798357,XP_056318060,1.788139343261719e-07,random,,False,False,True,False
NP_001002519,XP_056313007,1.788139343261719e-07,stratified,,True,False,False,False
NP_998516,XP_056329407,1.788139343261719e-07,stratified,,True,False,False,False
NP_001373648,XP_056318483,1.788139343261719e-07,random,,False,False,True,False
NP_956376,XP_056337219,1.788139343261719e-07,stratified,,True,False,False,False
NP_957191,XP_056312188,1.788139343261719e-07,random,,False,False,True,False
NP_001032320,XP_056304066,1.1920928955078125e-07,stratified,,True,False,False,False
XP_017208628,XP_056304067,1.1920928955078125e-07,stratified,,True,False,False,False
XP_009296449,XP_056307639,1.1920928955078125e-07,stratified,,True,False,False,False
XP_009292978,XP_056301423,1.1920928955078125e-07,stratified,,True,False,False,False
NP_001019591,XP_056303061,1.1920928955078125e-07,random,,False,False,True,False
XP_073795877,XP_056305951,1.1920928955078125e-07,stratified,,True,False,False,False
NP_001071211,XP_056307497,1.1920928955078125e-07,random,,False,False,True,False
NP_001373678,XP_056316899,1.1920928955078125e-07,stratified,,True,False,False,False
NP_001307335,XP_056324910,1.1920928955078125e-07,random,,False,False,True,False
NP_956239,XP_056319045,1.1920928955078125e-07,random,,False,False,True,False
XP_073796658,XP_056306415,1.1920928955078125e-07,stratified,,True,False,False,False
XP_021333835,XP_056319525,1.1920928955078125e-07,stratified,,True,False,False,False
XP_005162697,XP_056307004,1.1920928955078125e-07,stratified,,True,False,False,False
NP_001373579,XP_056318488,5.960464477539065e-08,random,,False,False,True,False
NP_001410239,XP_056316894,5.960464477539065e-08,random,,False,False,True,False
XP_005160093,XP_056312651,5.960464477539065e-08,random,,False,False,True,False
XP_073799540,XP_056312889,5.960464477539065e-08,stratified,,True,False,False,False
XP_073799484,XP_056316909,5.960464477539065e-08,random,,False,False,True,False
NP_001373579,XP_056318492,5.960464477539065e-08,stratified,,True,False,False,False
XP_017209642,XP_056316909,5.960464477539065e-08,stratified,,True,False,False,False
NP_001099176,XP_056308344,5.960464477539065e-08,random,,False,False,True,False
NP_001083038,XP_056308342,5.960464477539065e-08,random,,False,False,True,False
NP_001373604,XP_056316916,5.960464477539065e-08,random,,False,False,True,False
NP_001107268,XP_056332702,5.960464477539065e-08,random,,False,False,True,False
XP_073792592,XP_056304068,5.960464477539065e-08,random,,False,False,True,False
NP_001013489,XP_056328513,5.960464477539065e-08,stratified,,True,False,False,False
XP_073799484,XP_056316911,5.960464477539065e-08,random,,False,False,True,False
XP_009301164,XP_056318491,5.960464477539065e-08,stratified,,True,False,False,False
XP_005164636,XP_056311938,5.960464477539065e-08,stratified,,True,False,False,False
NP_001083038,XP_056316912,5.960464477539065e-08,stratified,,True,False,False,False
NP_001093643,XP_056316892,5.960464477539065e-08,stratified,,True,False,False,False
NP_956840,XP_056329506,5.960464477539065e-08,stratified,,True,False,False,False
XP_002662243,XP_056316916,5.960464477539065e-08,random,,False,False,True,False
XP_002666964,XP_056316912,5.960464477539065e-08,random,,False,False,True,False
XP_073786745,XP_056335510,5.960464477539065e-08,stratified,,True,False,False,False
XP_009301181,XP_056318489,5.960464477539065e-08,stratified,,True,False,False,False
XP_021334846,XP_056323087,5.960464477539065e-08,stratified,,True,False,False,False
XP_073794656,XP_056304797,5.960464477539065e-08,stratified,,True,False,False,False
XP_688359,XP_056318100,5.960464477539065e-08,stratified,,True,False,False,False
NP_001025171,XP_056329507,0.0,stratified,,True,False,False,False
NP_997774,XP_056320548,0.0,stratified,,True,False,False,False
NP_999868,XP_056301706,0.0,random,,False,False,True,False
NP_997859,XP_056311844,0.0,stratified,,True,False,False,False
NP_571338,XP_056335427,0.0,target,AHR1a-like,False,False,False,True
NP_001002152,XP_056319472,0.0,stratified,,True,False,False,False
XP_009291805,XP_056333801,0.0,random,,False,False,True,False
NP_571291,XP_056330354,0.0,stratified,,True,False,False,False
NP_998200,XP_056309447,0.0,stratified,,True,False,False,False
NP_998643,XP_056313486,0.0,random,,False,False,True,False
XP_073808506,XP_056315114,0.0,random,,False,False,True,False
NP_001002079,XP_056318796,0.0,stratified,,True,False,False,False
XP_073805830,XP_056313995,0.0,random,,False,False,True,False
NP_956228,XP_056314574,0.0,stratified,,True,False,False,False
XP_005170626,XP_056305859,0.0,stratified,,True,False,False,False
XP_001339262,XP_056328028,0.0,random,,False,False,True,False
XP_073801676,XP_056311498,0.0,stratified,,True,False,False,False
NP_001315436,XP_056306361,-1.1920928955078125e-07,random,,False,False,True,False
NP_001159626,XP_056327787,-1.1920928955078125e-07,stratified,,True,False,False,False
NP_957424,XP_056309301,-1.1920928955078125e-07,stratified,,True,False,False,False
XP_021334608,XP_056331599,-1.1920928955078125e-07,stratified,,True,False,False,False
NP_001004672,XP_056318823,-1.1920928955078125e-07,stratified,,True,False,False,False
XP_073788666,XP_056337621,-1.1920928955078125e-07,random,,False,False,True,False
NP_001373300,XP_056316902,-1.1920928955078125e-07,stratified,,True,False,False,False
NP_001002708,XP_056315045,-1.1920928955078125e-07,stratified,,True,False,False,False
NP_001003755,XP_056307633,-1.1920928955078125e-07,stratified,,True,False,False,False
XP_683865,XP_056309606,-1.1920928955078125e-07,stratified,,True,False,False,False
XP_003201047,XP_056303927,-1.1920928955078125e-07,stratified,,True,False,False,False
XP_009304940,XP_056317371,-1.1920928955078125e-07,random,,False,False,True,False
XP_005167867,XP_056321585,-1.1920928955078125e-07,random,,False,False,True,False
XP_021335874,XP_056336651,-1.1920928955078125e-07,stratified,,True,False,False,False
NP_955842,XP_056323158,-1.1920928955078125e-07,random,,False,False,True,False
NP_997745,XP_056304103,-1.1920928955078125e-07,stratified,,True,False,False,False
XP_017207140,XP_056333340,-1.1920928955078125e-07,stratified,,True,False,False,False
XP_017209293,XP_056306361,-1.1920928955078125e-07,stratified,,True,False,False,False
NP_991120,XP_056331593,-1.1920928955078125e-07,stratified,,True,False,False,False
NP_001417902,XP_056317398,-1.1920928955078125e-07,stratified,,True,False,False,False
XP_009292216,XP_056336065,-1.1920928955078125e-07,stratified,,True,False,False,False
NP_001002061,XP_056309531,-1.1920928955078125e-07,random,,False,False,True,False
NP_001002397,XP_056334337,-1.1920928955078125e-07,random,,False,False,True,False
NP_001007399,XP_056333477,-1.1920928955078125e-07,stratified,,True,False,False,False
NP_956796,XP_056315389,-1.1920928955078125e-07,random,,False,False,True,False
NP_001070182,XP_056301898,-1.1920928955078125e-07,stratified,,True,False,False,False
NP_942113,XP_056331228,-1.1920928955078125e-07,stratified,,True,False,False,False
XP_009289352,XP_056327699,-1.1920928955078125e-07,random,,False,False,True,False
XP_689050,XP_056329641,-2.384185791015625e-07,stratified,,True,False,False,False
NP_001009898,XP_056313311,-2.384185791015625e-07,stratified,,True,False,False,False
NP_001013481,XP_056316907,-2.384185791015625e-07,random,,False,False,True,False
XP_005158227,XP_056331482,-2.384185791015625e-07,random,,False,False,True,False
NP_001015058,XP_056325466,-2.384185791015625e-07,random,,False,False,True,False
XP_002663478,XP_056321954,-2.384185791015625e-07,random,,False,False,True,False
NP_001037783,XP_056327271,-2.384185791015625e-07,random,,False,False,True,False
NP_571255,XP_056314443,-2.384185791015625e-07,stratified,,True,False,False,False
NP_991254,XP_056319402,-2.384185791015625e-07,stratified,,True,False,False,False
XP_009303285,XP_056321953,-2.384185791015625e-07,random,,False,False,True,False
XP_005159468,XP_056335580,-2.384185791015625e-07,stratified,,True,False,False,False
XP_009296895,XP_056333596,-2.384185791015625e-07,stratified,,True,False,False,False
XP_005156465,XP_056324948,-2.384185791015625e-07,stratified,,True,False,False,False
NP_998415,XP_056326033,-2.384185791015625e-07,stratified,,True,False,False,False
NP_998142,XP_056308914,-2.384185791015625e-07,stratified,,True,False,False,False
XP_005163564,XP_056333580,-2.384185791015625e-07,stratified,,True,False,False,False
XP_002666990,XP_056316907,-2.384185791015625e-07,random,,False,False,True,False
XP_005163563,XP_056333580,-2.384185791015625e-07,random,,False,False,True,False
XP_073794291,XP_056329234,-3.5762786865234375e-07,random,,False,False,True,False
XP_005174365,XP_056308236,-3.5762786865234375e-07,stratified,,True,False,False,False
NP_956297,XP_056308304,-3.5762786865234375e-07,stratified,,True,False,False,False
NP_001289715,XP_056302564,-3.5762786865234375e-07,random,,False,False,True,False
XP_691726,XP_056331575,-3.5762786865234375e-07,stratified,,True,False,False,False
