z,a,identity,maxlen
XP_073800755,XP_056308722,52.01793721973094,1324
XP_073802884,XP_056312358,47.19195305951383,2046
XP_073799587,XP_056316887,58.040201005025125,398
XP_005162934,XP_056306558,57.73809523809524,336
NP_001020468,XP_056306558,57.73809523809524,336
XP_073796138,XP_056306558,57.73809523809524,336
XP_073805509,XP_056317440,96.59863945578232,2046
XP_073805507,XP_056317440,97.75171065493646,2046
XP_073805506,XP_056317440,96.22093023255815,2046
NP_001098605,XP_056321319,68.5131195335277,342
XP_005162934,XP_056307122,57.73809523809524,336
NP_001020468,XP_056307122,57.73809523809524,336
XP_073796138,XP_056307122,57.73809523809524,336
NP_001077333,XP_056322046,70.99697885196375,328
XP_073795535,XP_056305543,36.58810325476992,891
XP_073789377,XP_056336569,92.76126558005753,2046
XP_073789379,XP_056336569,90.99571224392568,2046
XP_073789378,XP_056336569,93.43945972021226,2046
XP_073789376,XP_056336569,91.65867689357623,2046
XP_073789375,XP_056336569,91.65867689357623,2046
XP_073799314,XP_056307366,69.6223316912972,595
XP_073810441,XP_056316142,99.31640625,2046
NP_001035388,XP_056302862,80.0632911392405,315
XP_073806762,XP_056314267,96.54837141468157,2046
XP_073806743,XP_056309459,75.6120527306968,1062
XP_073806762,XP_056314268,97.60508308895406,2046
XP_073794610,XP_056304885,97.3417109714838,2046
XP_073794611,XP_056304885,97.43713733075435,2046
XP_073794604,XP_056304885,97.43713733075435,2046
XP_073794605,XP_056304885,97.3417109714838,2046
XP_073794608,XP_056304885,97.43713733075435,2046
XP_073794606,XP_056304885,97.3417109714838,2046
XP_073794609,XP_056304885,97.43713733075435,2046
XP_073794603,XP_056304885,97.43713733075435,2046
XP_073801131,XP_056310103,57.259713701431494,978
XP_073801132,XP_056310103,77.46478873239437,710
XP_073794615,XP_056304882,97.48549323017409,2046
XP_073794618,XP_056304882,97.48549323017409,2046
XP_073794616,XP_056304882,97.48549323017409,2046
XP_073794613,XP_056304882,97.48549323017409,2046
XP_073794614,XP_056304882,97.48549323017409,2046
XP_073794597,XP_056304882,97.48549323017409,2046
XP_073794596,XP_056304882,97.48549323017409,2046
XP_073794598,XP_056304882,97.48549323017409,2046
XP_073794602,XP_056304882,97.48549323017409,2046
XP_073794612,XP_056304882,97.48549323017409,2046
XP_073794600,XP_056304882,97.48549323017409,2046
XP_073794601,XP_056304882,97.48549323017409,2046
XP_073794599,XP_056304882,97.48549323017409,2046
XP_073794593,XP_056304882,97.48549323017409,2046
XP_073794594,XP_056304882,97.48549323017409,2046
XP_073794595,XP_056304882,97.48549323017409,2046
XP_073794617,XP_056304884,97.48549323017409,2046
XP_073794602,XP_056304884,97.48549323017409,2046
XP_073794612,XP_056304884,97.48549323017409,2046
XP_073794616,XP_056304884,97.48549323017409,2046
XP_073794594,XP_056304884,97.48549323017409,2046
XP_073794615,XP_056304884,97.48549323017409,2046
XP_073794618,XP_056304884,97.48549323017409,2046
XP_073794614,XP_056304884,97.48549323017409,2046
XP_073794598,XP_056304884,97.48549323017409,2046
XP_073794599,XP_056304884,97.48549323017409,2046
XP_073794595,XP_056304884,97.48549323017409,2046
XP_073794613,XP_056304884,97.48549323017409,2046
XP_073794600,XP_056304884,97.48549323017409,2046
XP_073794596,XP_056304884,97.48549323017409,2046
XP_073794601,XP_056304884,97.48549323017409,2046
XP_073794597,XP_056304884,97.48549323017409,2046
XP_073794593,XP_056304884,97.48549323017409,2046
XP_073794616,XP_056304883,97.48549323017409,2046
XP_073794615,XP_056304883,97.48549323017409,2046
XP_073794614,XP_056304883,97.48549323017409,2046
XP_073794617,XP_056304883,97.48549323017409,2046
XP_073794598,XP_056304883,97.48549323017409,2046
XP_073794593,XP_056304883,97.48549323017409,2046
XP_073794602,XP_056304883,97.48549323017409,2046
XP_073794597,XP_056304883,97.48549323017409,2046
XP_073794599,XP_056304883,97.48549323017409,2046
XP_073794596,XP_056304883,97.48549323017409,2046
XP_073794594,XP_056304883,97.48549323017409,2046
XP_073794600,XP_056304883,97.48549323017409,2046
XP_073794601,XP_056304883,97.48549323017409,2046
XP_073794612,XP_056304883,97.48549323017409,2046
XP_073794595,XP_056304883,97.48549323017409,2046
XP_073794613,XP_056304883,97.48549323017409,2046
XP_073801132,XP_056310102,77.44565217391305,735
XP_073801131,XP_056310102,67.48466257668711,978
XP_073794594,XP_056304881,97.48549323017409,2046
XP_073794597,XP_056304880,97.48549323017409,2046
XP_073794602,XP_056304880,97.48549323017409,2046
XP_073794612,XP_056304881,97.48549323017409,2046
XP_073794593,XP_056304881,97.48549323017409,2046
XP_073794614,XP_056304881,97.48549323017409,2046
XP_073794614,XP_056304880,97.48549323017409,2046
XP_073794616,XP_056304880,97.48549323017409,2046
XP_073794617,XP_056304880,97.48549323017409,2046
XP_073794617,XP_056304881,97.48549323017409,2046
XP_073794615,XP_056304880,97.48549323017409,2046
XP_073794616,XP_056304881,97.48549323017409,2046
XP_073794601,XP_056304881,97.48549323017409,2046
XP_073794598,XP_056304880,97.48549323017409,2046
XP_073794596,XP_056304881,97.48549323017409,2046
XP_073794601,XP_056304880,97.48549323017409,2046
XP_073794602,XP_056304881,97.48549323017409,2046
XP_073794598,XP_056304881,97.48549323017409,2046
XP_073794597,XP_056304881,97.48549323017409,2046
XP_073794599,XP_056304880,97.48549323017409,2046
XP_073794596,XP_056304880,97.48549323017409,2046
XP_073794600,XP_056304881,97.48549323017409,2046
XP_073794600,XP_056304880,97.48549323017409,2046
XP_073794593,XP_056304880,97.48549323017409,2046
XP_073794599,XP_056304881,97.48549323017409,2046
XP_073794594,XP_056304880,97.48549323017409,2046
XP_073794595,XP_056304880,97.48549323017409,2046
XP_073794595,XP_056304881,97.48549323017409,2046
XP_073794613,XP_056304880,97.48549323017409,2046
XP_073794615,XP_056304881,97.48549323017409,2046
XP_073794612,XP_056304880,97.48549323017409,2046
XP_073794613,XP_056304881,97.48549323017409,2046
XP_073794615,XP_056304886,97.48549323017409,2046
XP_073794614,XP_056304886,97.48549323017409,2046
XP_073794618,XP_056304886,97.48549323017409,2046
XP_073794616,XP_056304886,97.48549323017409,2046
XP_073794602,XP_056304886,97.48549323017409,2046
XP_073794593,XP_056304886,97.48549323017409,2046
XP_073794613,XP_056304886,97.48549323017409,2046
XP_073794599,XP_056304886,97.48549323017409,2046
XP_073794595,XP_056304886,97.48549323017409,2046
XP_073794598,XP_056304886,97.48549323017409,2046
XP_073794617,XP_056304886,97.48549323017409,2046
XP_073794612,XP_056304886,97.48549323017409,2046
XP_073794594,XP_056304886,97.48549323017409,2046
XP_073794601,XP_056304886,97.48549323017409,2046
XP_073794600,XP_056304886,97.48549323017409,2046
XP_073794596,XP_056304886,97.48549323017409,2046
XP_073794597,XP_056304886,97.48549323017409,2046
XP_073795758,XP_056304665,75.51467367498906,2046
XP_073803197,XP_056311848,87.09377901578459,2046
XP_073804780,XP_056310948,45.45454545454545,327
XP_005172209,XP_056318564,35.69405099150141,352
XP_005161694,XP_056303766,62.0,400
NP_001170806,XP_056313328,68.43537414965986,735
NP_001107111,XP_056308382,42.20183486238532,106
XP_699087,XP_056307214,56.68449197860963,374
XP_073803335,XP_056311413,97.60508308895406,2046
XP_073803336,XP_056311413,97.60508308895406,2046
XP_073803337,XP_056311413,97.60508308895406,2046
XP_073803335,XP_056311412,97.60508308895406,2046
XP_073803336,XP_056311412,97.60508308895406,2046
XP_073803337,XP_056311412,97.60508308895406,2046
XP_073792923,XP_056303811,94.58800585080449,2046
XP_073792923,XP_056303810,94.49317738791423,2046
XP_073803337,XP_056311414,97.60508308895406,2046
XP_073803336,XP_056311414,97.60508308895406,2046
XP_073803335,XP_056311414,97.60508308895406,2046
XP_073794998,XP_056305354,98.33822091886609,2046
XP_073794997,XP_056305354,98.33822091886609,2046
XP_073803334,XP_056311411,97.60508308895406,2046
XP_073803334,XP_056311408,97.60508308895406,2046
XP_073794997,XP_056305355,98.24132877381534,2046
XP_073794998,XP_056305355,98.24132877381534,2046
XP_073803334,XP_056311409,97.60508308895406,2046
XP_697727,XP_056332436,94.31762991743565,2046
XP_073795180,XP_056304941,95.27027027027027,2046
XP_073807185,XP_056314718,98.87585532746823,2046
XP_073807186,XP_056314718,98.87585532746823,2046
XP_073795178,XP_056304941,97.65395894428153,2046
XP_073795179,XP_056304941,97.55740107474352,2046
XP_073795177,XP_056304941,95.93023255813954,2046
XP_073803334,XP_056311410,97.60508308895406,2046
XP_073795177,XP_056304940,97.65395894428153,2046
XP_073795178,XP_056304940,95.93023255813954,2046
XP_073795179,XP_056304940,95.93023255813954,2046
XP_073795178,XP_056304938,95.93023255813954,2046
XP_073795178,XP_056304939,95.93023255813954,2046
XP_073795177,XP_056304938,97.55740107474352,2046
XP_073795179,XP_056304938,95.83535108958837,2046
XP_073795179,XP_056304939,95.83535108958837,2046
XP_073795177,XP_056304939,97.55740107474352,2046
XP_068068931,XP_056327439,79.57860615883307,617
XP_005156868,XP_056327439,79.57860615883307,617
NP_999947,XP_056327439,79.57860615883307,617
NP_001108575,XP_056308382,43.11926605504587,106
XP_073794997,XP_056305356,98.33822091886609,2046
XP_073794998,XP_056305356,98.33822091886609,2046
NP_001005950,XP_056325645,72.12121212121212,326
NP_001035450,XP_056301966,62.5,456
XP_073788352,XP_056305304,49.775784753363226,218
XP_073794974,XP_056304857,97.81871061560834,2046
XP_073794993,XP_056304857,99.267578125,2046
XP_073794988,XP_056304857,99.267578125,2046
XP_073794990,XP_056304857,99.267578125,2046
XP_073794995,XP_056304857,99.267578125,2046
XP_073794994,XP_056304857,99.267578125,2046
XP_073794978,XP_056304857,99.267578125,2046
XP_073794991,XP_056304857,99.267578125,2046
XP_073794987,XP_056304857,99.51124144672532,2046
XP_073794983,XP_056304857,98.05919456574479,2046
XP_073794984,XP_056304857,98.05919456574479,2046
XP_073794968,XP_056304857,98.05919456574479,2046
XP_073794996,XP_056304857,99.51124144672532,2046
XP_073794992,XP_056304857,99.51124144672532,2046
XP_073794986,XP_056304857,99.51124144672532,2046
XP_073794976,XP_056304857,98.05919456574479,2046
XP_073794989,XP_056304857,99.51124144672532,2046
XP_073794981,XP_056304857,98.15533980582525,2046
XP_073794964,XP_056304857,96.72289156626506,2046
XP_073794977,XP_056304857,98.15533980582525,2046
XP_073794962,XP_056304857,96.72289156626506,2046
XP_073794970,XP_056304857,98.15533980582525,2046
XP_073794972,XP_056304857,98.15533980582525,2046
XP_073794963,XP_056304857,96.81774349083896,2046
XP_073794985,XP_056304857,98.25157843613404,2046
XP_073797517,XP_056306431,95.93023255813954,2046
XP_073797519,XP_056306431,97.4609375,2046
XP_073794973,XP_056304857,97.91464597478176,2046
XP_073794975,XP_056304857,97.91464597478176,2046
XP_073794971,XP_056304857,96.48531535869041,2046
XP_073794967,XP_056304857,97.91464597478176,2046
XP_073794979,XP_056304857,97.91464597478176,2046
XP_073794965,XP_056304857,96.48531535869041,2046
XP_073794953,XP_056304857,92.590844738084,2046
XP_073794969,XP_056304857,98.0106744298884,2046
XP_073794980,XP_056304857,98.0106744298884,2046
XP_073794966,XP_056304857,96.57996146435453,2046
XP_073794961,XP_056304857,96.57996146435453,2046
XP_073797512,XP_056306428,97.412109375,2046
XP_073797516,XP_056306428,95.88178294573643,2046
XP_073797514,XP_056306428,97.412109375,2046
XP_073797515,XP_056306428,95.88178294573643,2046
XP_073797511,XP_056306428,97.412109375,2046
XP_073797513,XP_056306428,97.412109375,2046
XP_073794951,XP_056304857,92.27508243052284,2046
XP_073794956,XP_056304857,93.64326375711575,2046
XP_073797513,XP_056306429,97.412109375,2046
XP_073797511,XP_056306429,97.412109375,2046
XP_073797512,XP_056306429,97.412109375,2046
XP_073797514,XP_056306429,97.412109375,2046
XP_073797515,XP_056306429,95.88178294573643,2046
XP_073797516,XP_056306429,95.88178294573643,2046
XP_073794958,XP_056304857,93.41232227488152,2046
XP_073794955,XP_056304857,93.41232227488152,2046
XP_073794952,XP_056304857,92.04705882352941,2046
XP_073794954,XP_056304857,92.04705882352941,2046
XP_073794957,XP_056304857,93.41232227488152,2046
XP_073794949,XP_056304857,92.04705882352941,2046
XP_073794960,XP_056304857,93.41232227488152,2046
XP_073797516,XP_056306433,95.88178294573643,2046
XP_073797512,XP_056306433,97.412109375,2046
XP_073797511,XP_056306433,97.412109375,2046
XP_073797513,XP_056306433,97.412109375,2046
XP_073797515,XP_056306433,95.88178294573643,2046
XP_073797514,XP_056306433,97.412109375,2046
XP_073794950,XP_056304857,92.13747645951035,2046
XP_073797512,XP_056306430,96.0717749757517,2046
XP_073797514,XP_056306430,96.0717749757517,2046
XP_073797513,XP_056306430,96.0717749757517,2046
XP_073797516,XP_056306430,97.412109375,2046
XP_073797515,XP_056306430,97.412109375,2046
XP_073797511,XP_056306430,96.0717749757517,2046
XP_073797516,XP_056306425,95.88178294573643,2046
XP_073797515,XP_056306425,95.88178294573643,2046
XP_073797512,XP_056306425,97.412109375,2046
XP_073797511,XP_056306425,97.412109375,2046
XP_073797514,XP_056306425,97.412109375,2046
XP_073797513,XP_056306425,97.412109375,2046
XP_073797515,XP_056306427,95.88178294573643,2046
XP_073797516,XP_056306427,95.88178294573643,2046
XP_073797514,XP_056306427,97.412109375,2046
XP_073797513,XP_056306427,97.412109375,2046
XP_073797512,XP_056306427,97.412109375,2046
XP_073797511,XP_056306427,97.412109375,2046
XP_073797514,XP_056306426,97.412109375,2046
XP_073797516,XP_056306426,95.88178294573643,2046
XP_073797515,XP_056306426,95.88178294573643,2046
XP_073797511,XP_056306426,97.412109375,2046
XP_073797512,XP_056306426,97.412109375,2046
XP_073797513,XP_056306426,97.412109375,2046
XP_073808700,XP_056315576,91.32130667966845,2046
XP_073808702,XP_056315576,91.32130667966845,2046
XP_073808701,XP_056315576,91.32130667966845,2046
XP_073808699,XP_056315576,91.32130667966845,2046
NP_001007283,XP_056302248,47.8494623655914,186
XP_073800243,XP_056305128,61.070559610705594,411
XP_073804780,XP_056310941,40.318302387267906,327
XP_073804780,XP_056310942,40.318302387267906,327
XP_073804780,XP_056310943,40.318302387267906,327
XP_073804780,XP_056310940,40.318302387267906,327
XP_073804780,XP_056310945,40.318302387267906,327
XP_009292899,XP_056337466,79.49152542372882,589
XP_073789832,XP_056336618,97.61324890404286,2046
XP_073789833,XP_056336618,97.61324890404286,2046
XP_073789830,XP_056336618,97.61324890404286,2046
XP_073789831,XP_056336618,98.28934506353862,2046
XP_003201252,XP_056304607,85.19417475728156,2046
NP_001038622,XP_056337466,79.62648556876061,589
XP_009295192,XP_056304607,85.10431829209122,2046
XP_017206475,XP_056330047,28.63720073664825,2046
NP_001293035,XP_056301481,58.265582655826556,368
XP_073806316,XP_056313146,93.67760617760618,2046
XP_073806299,XP_056313146,92.58555133079848,2046
NP_991182,XP_056306006,69.87179487179488,156
XP_073806310,XP_056313146,93.97009165460685,2046
XP_073806302,XP_056313146,92.62957679505469,2046
XP_073806313,XP_056313146,94.01544401544402,2046
XP_073806304,XP_056313146,92.29671897289586,2046
XP_073806329,XP_056313146,91.79536679536679,2046
XP_073806324,XP_056313146,92.08876025084419,2046
XP_073806325,XP_056313146,92.13320463320463,2046
XP_073797231,XP_056307207,95.66276803118909,2046
NP_001417763,XP_056318168,96.8886728245017,2046
XP_021336792,XP_056328313,38.627450980392155,1020
XP_021336793,XP_056328313,38.627450980392155,1020
NP_001231965,XP_056311338,64.11378555798687,456
XP_073794903,XP_056305469,97.5085490962384,2046
XP_073805227,XP_056320045,89.8854961832061,2046
XP_073805226,XP_056320045,89.8854961832061,2046
XP_073802941,XP_056312376,61.73913043478261,455
XP_073805226,XP_056320063,89.8854961832061,2046
XP_073805227,XP_056320063,89.8854961832061,2046
XP_073790413,XP_056302875,92.78048780487805,2046
XP_073790398,XP_056302875,92.78048780487805,2046
XP_073790413,XP_056302874,92.78048780487805,2046
XP_073790414,XP_056302874,92.78048780487805,2046
XP_073790411,XP_056302875,92.78048780487805,2046
XP_073790412,XP_056302874,92.78048780487805,2046
XP_073790414,XP_056302875,92.78048780487805,2046
XP_073790399,XP_056302874,92.78048780487805,2046
XP_073790398,XP_056302874,92.78048780487805,2046
XP_073790400,XP_056302875,92.78048780487805,2046
XP_073790399,XP_056302875,92.78048780487805,2046
XP_073790400,XP_056302874,92.78048780487805,2046
XP_073790397,XP_056302875,92.78048780487805,2046
XP_073790412,XP_056302875,92.78048780487805,2046
XP_073790411,XP_056302874,92.78048780487805,2046
XP_073790397,XP_056302874,92.78048780487805,2046
XP_073805985,XP_056314630,66.20842572062084,2046
NP_001160156,XP_056308636,62.30769230769231,130
XP_073790390,XP_056302872,92.73170731707317,2046
XP_073790406,XP_056302872,92.73170731707317,2046
XP_073790405,XP_056302872,92.73170731707317,2046
XP_073790388,XP_056302872,92.73170731707317,2046
XP_073790391,XP_056302872,92.73170731707317,2046
XP_073790392,XP_056302872,92.73170731707317,2046
XP_073790405,XP_056302870,92.73170731707317,2046
XP_073790391,XP_056302870,92.73170731707317,2046
XP_073790392,XP_056302870,92.73170731707317,2046
XP_073790406,XP_056302870,92.73170731707317,2046
XP_073790416,XP_056302876,92.92682926829268,2046
XP_073790384,XP_056302876,92.92682926829268,2046
XP_073790401,XP_056302876,92.92682926829268,2046
XP_073790402,XP_056302876,92.92682926829268,2046
XP_073810732,XP_056316506,98.046875,2046
XP_073810733,XP_056316506,98.046875,2046
XP_073793585,XP_056303596,60.84762865792129,956
XP_073793586,XP_056303596,60.84762865792129,956
XP_073798580,XP_056307637,94.30933852140078,2046
XP_699360,XP_056316506,98.3390327308256,2046
XP_073805226,XP_056320055,89.8854961832061,2046
XP_073805227,XP_056320055,89.8854961832061,2046
XP_073810733,XP_056316507,98.38788470933073,2046
XP_073810732,XP_056316507,98.38788470933073,2046
XP_009291892,XP_056318446,65.18987341772151,316
XP_073810733,XP_056316505,98.046875,2046
XP_073810732,XP_056316505,98.046875,2046
XP_073810735,XP_056316506,96.75387596899225,2046
NP_001231965,XP_056311339,65.41019955654102,450
XP_073786073,XP_056318446,65.18987341772151,316
XP_699360,XP_056316507,97.9502196193265,2046
XP_699360,XP_056316505,98.3390327308256,2046
XP_073810735,XP_056316507,96.9447138700291,2046
XP_073810735,XP_056316505,96.75387596899225,2046
XP_073798577,XP_056307637,93.65002423654872,2046
XP_073810732,XP_056316508,96.84924866698982,2046
XP_073810733,XP_056316508,96.84924866698982,2046
XP_699360,XP_056316508,96.65859564164649,2046
XP_021323468,XP_056318446,64.87341772151899,316
XP_073810735,XP_056316508,98.38788470933073,2046
XP_073798574,XP_056307637,92.62295081967213,2046
XP_073798575,XP_056307637,92.62295081967213,2046
XP_073798576,XP_056307637,93.27527818093856,2046
XP_073800142,XP_056304567,69.4949494949495,493
XP_073809698,XP_056315393,99.24471299093656,1986
XP_073794113,XP_056304690,98.28934506353862,2046
XP_073794114,XP_056304690,98.28934506353862,2046
XP_073801180,XP_056308798,57.24331926863572,709
XP_073799227,XP_056309604,98.82697947214076,2046
XP_683046,XP_056315393,99.74696356275304,1976
NP_001106975,XP_056325918,57.03883495145631,411
NP_571137,XP_056320468,71.69811320754717,105
XP_073809698,XP_056315392,99.44779116465864,1992
XP_073808616,XP_056315332,98.26680672268908,1904
XP_073808615,XP_056315332,98.26680672268908,1904
XP_073808612,XP_056315332,98.73949579831933,1904
XP_073808613,XP_056315332,98.73949579831933,1904
XP_073797283,XP_056306637,99.0721649484536,1940
XP_073805358,XP_056310791,40.0749063670412,266
XP_021333282,XP_056310791,40.0749063670412,266
XP_021337120,XP_056330047,29.03819604233778,2046
XP_073792929,XP_056304182,99.17355371900827,1936
XP_073808615,XP_056315333,98.837823560486,1893
XP_073808613,XP_056315333,98.26680672268908,1904
XP_073808612,XP_056315333,98.26680672268908,1904
XP_073808616,XP_056315333,98.837823560486,1893
XP_073800856,XP_056309873,97.48490945674044,1988
XP_073794186,XP_056305837,80.60094886663153,1897
XP_073794190,XP_056305837,80.54823405376911,1896
XP_073794185,XP_056305837,80.60094886663153,1897
XP_073794184,XP_056305837,80.60094886663153,1897
XP_073794187,XP_056305837,80.60094886663153,1897
XP_073794182,XP_056305837,80.60094886663153,1897
XP_073794189,XP_056305837,80.54823405376911,1896
XP_073794188,XP_056305837,80.54823405376911,1896
XP_073793322,XP_056303267,45.2638270820089,1539
XP_073799227,XP_056309603,98.72984855886664,2046
XP_073808611,XP_056315332,98.42931937172774,1910
XP_073808610,XP_056315332,98.42931937172774,1910
XP_073808614,XP_056315332,97.95811518324608,1904
XP_073808609,XP_056315332,98.42931937172774,1910
XP_073808619,XP_056315335,98.60879243183084,1797
XP_073808621,XP_056315335,98.9391401451703,1791
XP_073808620,XP_056315335,98.9391401451703,1791
XP_073808618,XP_056315335,98.33518312985572,1802
XP_073808617,XP_056315335,98.33518312985572,1802
XP_073790391,XP_056302871,92.73170731707317,2046
XP_073790405,XP_056302871,92.73170731707317,2046
XP_073790392,XP_056302871,92.73170731707317,2046
XP_073790406,XP_056302871,92.73170731707317,2046
XP_073808619,XP_056315334,98.00884955752213,1802
XP_073808614,XP_056315333,98.52553975776725,1899
XP_073808618,XP_056315334,98.834628190899,1802
XP_073808621,XP_056315334,98.33518312985572,1802
XP_073808620,XP_056315334,98.33518312985572,1802
XP_073808617,XP_056315334,98.834628190899,1802
XP_695742,XP_056317280,98.09477283829995,2046
XP_073790647,XP_056301754,96.48531535869041,2046
XP_073790637,XP_056301754,98.34710743801652,2046
XP_073790646,XP_056301754,96.48531535869041,2046
XP_073790638,XP_056301749,96.48531535869041,2046
XP_073790637,XP_056301749,97.29206963249517,2046
XP_073790639,XP_056301749,96.48531535869041,2046
XP_701288,XP_056326301,95.60117302052785,2046
NP_001289712,XP_056308417,66.66666666666667,93
XP_073790649,XP_056301759,97.29206963249517,2046
XP_073790659,XP_056301759,96.48531535869041,2046
XP_073790653,XP_056301759,96.48531535869041,2046
XP_073790658,XP_056301759,96.48531535869041,2046
XP_073790652,XP_056301759,96.48531535869041,2046
XP_073790641,XP_056301759,98.34710743801652,2046
XP_073790645,XP_056301759,97.86614936954413,2046
XP_073790640,XP_056301759,98.34710743801652,2046
XP_073790648,XP_056301759,97.29206963249517,2046
XP_073790652,XP_056301757,96.48531535869041,2046
XP_073790653,XP_056301757,96.48531535869041,2046
XP_073790648,XP_056301757,97.29206963249517,2046
XP_073790641,XP_056301757,98.34710743801652,2046
XP_073790640,XP_056301757,98.34710743801652,2046
XP_073790649,XP_056301757,97.29206963249517,2046
XP_073790645,XP_056301757,97.86614936954413,2046
XP_073790639,XP_056301752,97.53146176185867,2046
XP_073790639,XP_056301751,97.53146176185867,2046
XP_073790637,XP_056301752,98.34710743801652,2046
XP_073790638,XP_056301752,97.53146176185867,2046
XP_073790638,XP_056301751,97.53146176185867,2046
XP_073790638,XP_056301753,97.53146176185867,2046
XP_073790637,XP_056301753,98.34710743801652,2046
XP_073790637,XP_056301751,98.34710743801652,2046
XP_073790639,XP_056301753,97.53146176185867,2046
XP_073807487,XP_056315670,97.22086786933204,2046
XP_073807483,XP_056315670,97.22086786933204,2046
XP_073807494,XP_056315670,97.22086786933204,2046
XP_073799247,XP_056307248,74.93556701030928,1522
XP_073790637,XP_056301750,97.29206963249517,2046
XP_073790642,XP_056301750,96.48531535869041,2046
XP_073790639,XP_056301750,96.48531535869041,2046
XP_073790638,XP_056301750,96.48531535869041,2046
XP_073790644,XP_056301750,96.48531535869041,2046
XP_073807487,XP_056315654,97.22086786933204,2046
XP_073807483,XP_056315654,97.22086786933204,2046
XP_073807494,XP_056315654,97.22086786933204,2046
XP_073790650,XP_056301755,96.48531535869041,2046
XP_073790651,XP_056301755,96.48531535869041,2046
XP_073787710,XP_056304658,25.70281124497992,482
NP_001093546,XP_056336232,78.60696517412936,192
XP_073807487,XP_056315679,97.22086786933204,2046
XP_073807483,XP_056315679,97.22086786933204,2046
XP_073807494,XP_056315679,97.22086786933204,2046
NP_957123,XP_056305557,91.07551487414187,433
XP_073807494,XP_056315663,97.22086786933204,2046
XP_073807487,XP_056315663,97.22086786933204,2046
XP_073807483,XP_056315663,97.12475633528265,2046
XP_073807487,XP_056315645,97.22086786933204,2046
XP_073807483,XP_056315645,97.22086786933204,2046
XP_073807494,XP_056315645,97.22086786933204,2046
XP_073807562,XP_056314404,93.87361312108057,2046
XP_021333865,XP_056310884,67.6470588235294,646
XP_073790638,XP_056301756,98.39572192513369,2046
XP_073790642,XP_056301756,97.91464597478176,2046
XP_073790651,XP_056301756,96.86444766039556,2046
XP_073790644,XP_056301756,97.91464597478176,2046
XP_073790647,XP_056301756,97.34042553191489,2046
XP_073790650,XP_056301756,96.86444766039556,2046
XP_073790639,XP_056301756,98.39572192513369,2046
XP_073790646,XP_056301756,97.34042553191489,2046
XP_073807561,XP_056314404,93.82835101253616,2046
XP_073807560,XP_056314404,93.97009165460685,2046
XP_073807559,XP_056314404,93.87656702025072,2046
XP_073807562,XP_056314408,93.9218523878437,2046
XP_073807563,XP_056314404,94.90538573508006,2046
XP_073795509,XP_056305554,43.52517985611511,278
XP_073807561,XP_056314408,93.9218523878437,2046
XP_073807563,XP_056314408,95.37712895377129,2046
XP_073807560,XP_056314408,93.97009165460685,2046
XP_073807562,XP_056314407,93.9218523878437,2046
XP_073807559,XP_056314408,93.97009165460685,2046
XP_073807561,XP_056314407,93.82835101253616,2046
XP_701288,XP_056326300,95.60117302052785,2046
XP_073807560,XP_056314407,93.97009165460685,2046
XP_073807563,XP_056314407,95.37712895377129,2046
XP_073807559,XP_056314407,93.87656702025072,2046
XP_073790668,XP_056301761,96.86444766039556,2046
XP_073790667,XP_056301761,96.86444766039556,2046
XP_073790641,XP_056301761,97.53146176185867,2046
XP_073790663,XP_056301761,97.91464597478176,2046
XP_073790649,XP_056301761,97.34042553191489,2046
XP_073790659,XP_056301761,98.39572192513369,2046
XP_073790656,XP_056301761,97.91464597478176,2046
XP_073790648,XP_056301761,97.34042553191489,2046
XP_073790640,XP_056301761,97.53146176185867,2046
XP_073790657,XP_056301761,97.91464597478176,2046
XP_073790653,XP_056301761,98.39572192513369,2046
XP_073790658,XP_056301761,98.39572192513369,2046
XP_073790664,XP_056301761,97.91464597478176,2046
XP_073790652,XP_056301761,98.39572192513369,2046
XP_073790669,XP_056301761,96.86444766039556,2046
XP_073790662,XP_056301761,97.34042553191489,2046
XP_073790661,XP_056301761,97.34042553191489,2046
XP_073790666,XP_056301761,96.86444766039556,2046
XP_009294635,XP_056304550,52.70935960591133,406
NP_001315310,XP_056320467,71.96261682242991,106
XP_073807483,XP_056315685,97.12475633528265,2046
XP_073807494,XP_056315685,97.22086786933204,2046
XP_073807487,XP_056315685,97.22086786933204,2046
XP_073807562,XP_056314410,93.9218523878437,2046
XP_073790657,XP_056301758,96.48531535869041,2046
XP_073790648,XP_056301758,97.29206963249517,2046
XP_073790640,XP_056301758,98.34710743801652,2046
XP_073790645,XP_056301758,98.34710743801652,2046
XP_073790649,XP_056301758,97.29206963249517,2046
XP_073790656,XP_056301758,96.48531535869041,2046
XP_073790641,XP_056301758,98.34710743801652,2046
XP_073807561,XP_056314410,93.82835101253616,2046
XP_073807563,XP_056314410,95.47224926971762,2046
XP_073807560,XP_056314410,93.97009165460685,2046
XP_073807559,XP_056314410,93.87656702025072,2046
XP_073807562,XP_056314405,93.9218523878437,2046
XP_073807561,XP_056314405,93.9218523878437,2046
XP_073807560,XP_056314405,93.97009165460685,2046
XP_073807563,XP_056314405,95.3307392996109,2046
XP_073807559,XP_056314405,93.97009165460685,2046
NP_001002097,XP_056324134,73.03370786516854,89
NP_001006080,XP_056305553,70.4391891891892,592
XP_073791874,XP_056302791,59.00735294117647,544
XP_073798491,XP_056328370,43.37662337662338,381
XP_073791840,XP_056319202,57.51633986928105,153
XP_690503,XP_056312321,63.445378151260506,238
XP_073810957,XP_056316683,77.24425887265136,477
XP_073810956,XP_056316683,77.24425887265136,477
XP_073810955,XP_056316683,77.24425887265136,477
XP_073810958,XP_056316683,77.24425887265136,477
NP_001315125,XP_056321353,45.175438596491226,222
XP_073810957,XP_056316684,77.03549060542798,476
XP_073810956,XP_056316684,77.03549060542798,476
XP_073810955,XP_056316684,77.03549060542798,476
XP_073810958,XP_056316684,77.03549060542798,476
XP_073793333,XP_056312323,56.47482014388489,278
XP_073793334,XP_056312323,56.47482014388489,278
XP_073810953,XP_056316684,76.875,476
XP_073810954,XP_056316684,76.875,476
XP_073810951,XP_056316684,76.875,476
XP_073810952,XP_056316684,76.875,476
XP_021334993,XP_056323129,60.74582924435721,998
NP_001017616,XP_056318181,83.04347826086956,229
XP_073801025,XP_056309952,96.53996101364523,2046
XP_073801019,XP_056309952,96.63578742077036,2046
XP_073801020,XP_056309952,96.63578742077036,2046
XP_073801024,XP_056309952,96.63578742077036,2046
XP_073801023,XP_056309952,96.923828125,2046
XP_073801021,XP_056309952,96.923828125,2046
XP_073801022,XP_056309952,96.923828125,2046
XP_073801018,XP_056309952,96.923828125,2046
XP_073801025,XP_056309951,96.53996101364523,2046
XP_073801019,XP_056309951,96.63578742077036,2046
XP_073801020,XP_056309951,96.63578742077036,2046
XP_073801024,XP_056309951,96.63578742077036,2046
XP_073802123,XP_056312665,99.77426636568849,1772
XP_073802123,XP_056312664,99.77426636568849,1772
XP_073801400,XP_056308705,45.91877764374749,2046
XP_021326380,XP_056307596,65.90131900341964,2046
XP_073801020,XP_056309949,96.63578742077036,2046
XP_073801019,XP_056309949,96.63578742077036,2046
XP_073801024,XP_056309949,96.63578742077036,2046
XP_073801021,XP_056309951,96.923828125,2046
XP_073801018,XP_056309951,96.923828125,2046
XP_073801022,XP_056309951,96.923828125,2046
XP_073801023,XP_056309951,96.923828125,2046
NP_705949,XP_056309172,63.049095607235145,774
XP_073801023,XP_056309949,96.923828125,2046
XP_073801018,XP_056309949,96.923828125,2046
XP_073801021,XP_056309949,96.923828125,2046
XP_073801022,XP_056309949,96.923828125,2046
XP_009290388,XP_056332070,47.491382612026044,2046
XP_073807572,XP_056314409,94.71130519165453,2046
XP_073807573,XP_056314409,94.6168768186227,2046
XP_073797233,XP_056307190,93.84391662627242,2046
XP_073797235,XP_056307190,93.84391662627242,2046
XP_073797234,XP_056307191,93.84391662627242,2046
XP_073797233,XP_056307191,93.84391662627242,2046
XP_073797235,XP_056307191,93.84391662627242,2046
XP_073797234,XP_056307190,93.84391662627242,2046
XP_073797233,XP_056307189,93.84391662627242,2046
XP_073797234,XP_056307189,93.84391662627242,2046
XP_073797234,XP_056307188,93.84391662627242,2046
XP_073797233,XP_056307188,93.84391662627242,2046
XP_073801020,XP_056309950,96.63578742077036,2046
XP_073801019,XP_056309950,96.63578742077036,2046
XP_073801023,XP_056309950,96.82772083943387,2046
XP_073801018,XP_056309950,96.82772083943387,2046
XP_073801021,XP_056309950,96.923828125,2046
XP_073801022,XP_056309950,96.923828125,2046
NP_001038839,XP_056307445,94.0909090909091,220
XP_073797233,XP_056307187,95.02439024390245,2046
XP_073797235,XP_056307187,95.02439024390245,2046
XP_073797234,XP_056307187,95.02439024390245,2046
XP_009304943,XP_056326200,64.9746192893401,197
NP_001002488,XP_056326200,64.9746192893401,197
XP_009290387,XP_056332070,47.491382612026044,2046
XP_009290386,XP_056332070,47.491382612026044,2046
XP_073805415,XP_056310878,24.936386768447836,1169
XP_009290389,XP_056332070,47.491382612026044,2046
NP_001180454,XP_056327216,63.06306306306306,333
NP_001341481,XP_056327216,63.06306306306306,333
NP_001341482,XP_056327216,63.06306306306306,333
XP_017211153,XP_056310457,37.764350453172206,613
XP_009290390,XP_056332070,48.553798688777476,2046
XP_021325206,XP_056303950,55.72289156626506,329
XP_009289566,XP_056328805,77.18120805369128,149
XP_021324081,XP_056326066,29.75206611570248,600
XP_005174189,XP_056305557,86.52173913043478,456
XP_005163889,XP_056309172,63.049095607235145,774
XP_073807571,XP_056314409,95.18482490272373,2046
XP_073795138,XP_056304639,93.52657004830918,2046
XP_003201260,XP_056305573,47.524752475247524,390
XP_073807569,XP_056314409,94.04069767441861,2046
XP_073807568,XP_056314409,94.04069767441861,2046
XP_073801594,XP_056323202,79.55729166666667,761
XP_003201035,XP_056304483,63.90728476821192,302
NP_001017855,XP_056308570,17.320261437908496,305
XP_073795139,XP_056304639,93.43312409464028,2046
XP_021332406,XP_056314895,50.100200400801604,996
XP_073808008,XP_056314895,50.100200400801604,996
XP_073808007,XP_056314895,50.100200400801604,996
XP_073808006,XP_056314895,50.100200400801604,996
XP_017207531,XP_056318446,68.67088607594937,316
XP_073800556,XP_056309444,97.31576378721327,2046
XP_073800552,XP_056309444,97.31576378721327,2046
XP_021331590,XP_056320346,47.113884555382214,621
XP_003198028,XP_056326066,29.55665024630542,604
XP_073796608,XP_056306873,96.38495359062043,2046
XP_073800552,XP_056309441,97.21951219512195,2046
XP_073800556,XP_056309441,97.21951219512195,2046
XP_005164293,XP_056308793,60.80617495711835,1164
NP_001410430,XP_056323202,74.69733656174334,821
XP_073800554,XP_056309444,97.412109375,2046
XP_003198201,XP_056308793,60.891938250428815,1165
XP_073800554,XP_056309441,97.31576378721327,2046
XP_073800555,XP_056309444,97.31576378721327,2046
XP_073800555,XP_056309441,97.31576378721327,2046
XP_073801039,XP_056310218,66.30615640599002,2046
XP_073805416,XP_056320177,26.0,1140
XP_073805416,XP_056320178,26.0,1140
XP_073805417,XP_056320177,26.022628372497824,1139
XP_073805417,XP_056320178,26.022628372497824,1139
NP_001410430,XP_056323228,73.8498789346247,821
NP_571006,XP_056308605,65.32438478747204,444
NP_001123874,XP_056336287,72.19430485762145,597
XP_073805849,XP_056313411,96.93877551020408,2046
XP_073805849,XP_056313412,96.93877551020408,2046
XP_073805850,XP_056313411,96.93877551020408,2046
XP_073805850,XP_056313412,96.93877551020408,2046
XP_073802946,XP_056312241,66.08695652173913,230
NP_001314986,XP_056319180,65.50218340611353,229
NP_001076546,XP_056336610,80.48048048048048,327
XP_073795141,XP_056304639,95.458984375,2046
XP_073795137,XP_056304639,93.701171875,2046
XP_073795135,XP_056304639,95.458984375,2046
XP_073795140,XP_056304639,95.458984375,2046
XP_021325441,XP_056305557,81.22448979591837,486
XP_073804167,XP_056311151,79.22330097087378,1545
XP_073804166,XP_056311151,78.8659793814433,1552
XP_073799823,XP_056308976,56.93333333333333,748
XP_073802856,XP_056310457,36.10271903323263,613
XP_073791713,XP_056324308,40.64,1239
XP_073809661,XP_056315378,98.48484848484848,2046
XP_005166970,XP_056319180,65.78947368421052,228
XP_073807459,XP_056314161,43.85245901639344,2046
NP_001003450,XP_056304486,64.38356164383562,274
XP_073800563,XP_056309445,97.26695949243533,2046
XP_073800563,XP_056309442,97.17073170731707,2046
XP_686084,XP_056309651,97.42092457420925,2046
XP_073800559,XP_056309445,97.36328125,2046
XP_073800562,XP_056309445,97.36328125,2046
NP_001154960,XP_056323459,53.50877192982456,114
XP_073800559,XP_056309442,97.26695949243533,2046
XP_073800562,XP_056309442,97.26695949243533,2046
XP_073793320,XP_056304483,60.3125,320
XP_073800560,XP_056309445,97.26695949243533,2046
XP_073800560,XP_056309442,97.26695949243533,2046
XP_073809660,XP_056315377,98.48484848484848,2046
XP_073800561,XP_056309445,97.36328125,2046
XP_073800561,XP_056309442,97.36328125,2046
XP_686084,XP_056309650,97.51703992210321,2046
NP_001093576,XP_056317123,73.38709677419355,124
NP_001116765,XP_056320841,74.02597402597402,231
XP_073792146,XP_056302869,84.75113122171946,2046
XP_073800564,XP_056309445,95.92825981580224,2046
XP_073800564,XP_056309442,95.92825981580224,2046
XP_073800565,XP_056309445,95.92825981580224,2046
XP_073807459,XP_056314160,43.58452138492871,2046
XP_073800565,XP_056309442,95.83333333333333,2046
XP_073807459,XP_056314159,43.56677524429968,2046
XP_073788353,XP_056308426,65.47619047619048,168
XP_073803071,XP_056312367,35.58282208588957,304
XP_017211320,XP_056311164,65.21739130434783,230
XP_021334574,XP_056320841,74.45887445887446,231
NP_001092713,XP_056320841,74.45887445887446,231
XP_021324375,XP_056301538,65.7331136738056,606
XP_073792222,XP_056309181,86.73139158576052,309
NP_958454,XP_056309181,86.73139158576052,309
XP_073797048,XP_056332513,94.384765625,2046
XP_021332017,XP_056314884,67.58241758241758,182
XP_693710,XP_056316917,73.9622641509434,265
XP_684360,XP_056306627,98.72984855886664,2046
XP_073806063,XP_056314200,97.99902391410444,2046
XP_073806064,XP_056314200,97.99902391410444,2046
XP_073806062,XP_056314200,97.99902391410444,2046
XP_073806066,XP_056314200,98.19247679531021,2046
XP_073801386,XP_056305422,66.82368775235531,1478
XP_073808005,XP_056314895,50.100200400801604,996
XP_073806067,XP_056314200,98.19247679531021,2046
XP_073806065,XP_056314200,98.19247679531021,2046
XP_691552,XP_056313573,98.38945827232797,2046
XP_073791875,XP_056302791,65.77868852459017,488
XP_697383,XP_056326227,98.04305283757338,2044
XP_697383,XP_056326225,98.04305283757338,2044
XP_697383,XP_056326228,98.04305283757338,2044
XP_697383,XP_056326226,98.04305283757338,2044
XP_073792805,XP_056304322,98.92525647288716,2046
NP_001314903,XP_056302348,59.642857142857146,560
NP_001314903,XP_056302340,59.642857142857146,560
XP_073803088,XP_056311996,95.76023391812865,2046
XP_073803087,XP_056311996,95.85568015602145,2046
XP_073786515,XP_056308712,35.0,177
XP_073786516,XP_056308712,35.0,177
XP_073806060,XP_056314200,95.61234329797493,2046
XP_073806058,XP_056314200,95.61234329797493,2046
NP_001314904,XP_056302348,59.749552772808585,559
NP_001314904,XP_056302340,59.749552772808585,559
XP_002664631,XP_056329443,59.59780621572212,547
NP_001410531,XP_056323473,81.5340909090909,704
XP_073806057,XP_056314200,95.42389210019267,2046
XP_073806059,XP_056314200,95.61234329797493,2046
NP_001410321,XP_056336199,61.92660550458716,436
XP_073801181,XP_056308798,68.14310051107326,585
XP_001346027,XP_056334499,72.65556529360211,1140
XP_017208504,XP_056302791,65.51020408163265,490
XP_073800580,XP_056309443,97.26695949243533,2046
XP_073800582,XP_056309443,97.26695949243533,2046
XP_073800568,XP_056309443,94.9831162566329,2046
XP_073800581,XP_056309443,97.26695949243533,2046
XP_073800569,XP_056309443,94.9831162566329,2046
NP_957131,XP_056310967,76.99115044247787,113
XP_073789692,XP_056301564,75.18115942028986,551
NP_001007782,XP_056310302,87.08133971291866,209
NP_001019577,XP_056302917,83.15789473684211,190
XP_073807485,XP_056314154,71.7206132879046,587
XP_073799830,XP_056308982,56.063268892794376,559
XP_009290494,XP_056331874,62.42774566473989,173
XP_073805857,XP_056313839,98.61954721148537,1811
XP_073803020,XP_056312027,67.74415405777167,1451
XP_073795778,XP_056306060,93.1851135814403,2046
XP_073800583,XP_056309443,95.92825981580224,2046
XP_073797237,XP_056307192,95.21951219512195,2046
XP_073797238,XP_056307192,95.21951219512195,2046
XP_073797236,XP_056307192,93.9893359185652,2046
XP_073800584,XP_056309443,95.83333333333333,2046
XP_073803020,XP_056312028,67.67537826685007,1451
NP_001002489,XP_056312772,69.6774193548387,154
XP_073803072,XP_056312367,35.58282208588957,302
XP_005174182,XP_056304687,77.61732851985559,277
XP_073787226,XP_056336199,60.94808126410835,443
XP_021331600,XP_056319499,56.15384615384615,386
XP_073800585,XP_056309443,95.83333333333333,2046
NP_001311383,XP_056319189,63.50515463917526,485
XP_073803083,XP_056311991,95.80896686159844,2046
XP_073803082,XP_056311991,95.14327343370569,2046
NP_001410321,XP_056336037,62.41457858769932,436
XP_073803082,XP_056311990,95.76023391812865,2046
XP_073803087,XP_056311995,95.85568015602145,2046
XP_073803088,XP_056311995,95.76023391812865,2046
XP_009296341,XP_056307312,77.31239092495638,573
XP_073793861,XP_056303965,62.5,360
XP_005157765,XP_056329215,61.50442477876106,221
NP_001014345,XP_056307951,58.36065573770492,915
XP_009292731,XP_056335481,63.712574850299404,835
XP_689347,XP_056336532,95.31021006350757,2046
XP_073798839,XP_056307688,73.50119904076739,834
XP_017206934,XP_056332098,65.0219298245614,904
XP_689347,XP_056336533,95.21484375,2046
XP_689347,XP_056336534,95.21484375,2046
XP_073809052,XP_056316716,83.65041617122473,1678
NP_001128154,XP_056317109,84.63302752293578,436
XP_021331600,XP_056319507,55.64102564102564,386
XP_073802828,XP_056311089,82.31292517006803,147
XP_073802827,XP_056311089,82.31292517006803,147
XP_073787226,XP_056336037,61.43497757847533,443
XP_073803082,XP_056311988,95.76023391812865,2046
XP_073803046,XP_056312366,43.55029585798817,829
XP_073803047,XP_056312366,43.55029585798817,829
XP_073793862,XP_056303965,62.674094707520894,359
XP_017206874,XP_056332098,65.46052631578948,904
XP_073803082,XP_056311989,95.85568015602145,2046
XP_073803083,XP_056311989,94.76490547746,2046
XP_073791235,XP_056302469,85.44474393530997,1484
XP_073805400,XP_056319545,51.5625,379
XP_021330987,XP_056310982,73.58490566037736,159
NP_001315083,XP_056304407,72.46376811594203,207
XP_692550,XP_056320752,86.39024390243902,2046
XP_073791235,XP_056302463,85.91644204851752,1484
XP_073796065,XP_056309857,95.92298980747452,1766
NP_956172,XP_056328252,83.02521008403362,592
XP_073791235,XP_056302462,85.85858585858585,1484
NP_956888,XP_056316873,75.0,236
XP_021323772,XP_056325664,72.00193423597679,2046
XP_073793319,XP_056304123,77.37556561085972,442
XP_021334455,XP_056320774,58.37173579109063,647
XP_073801620,XP_056325931,69.26315789473684,936
NP_001352989,XP_056331989,82.7977315689981,529
XP_073803084,XP_056311994,95.85568015602145,2046
XP_073807124,XP_056313092,82.37704918032787,244
NP_001093643,XP_056307377,63.981042654028435,211
NP_001410239,XP_056307377,63.981042654028435,211
XP_002666951,XP_056307377,63.981042654028435,211
NP_001020342,XP_056307377,63.981042654028435,211
XP_691943,XP_056307377,63.981042654028435,211
XP_017209710,XP_056307377,63.981042654028435,211
XP_073807406,XP_056312779,65.075034106412,717
XP_073793157,XP_056304456,37.75167785234899,589
XP_073796832,XP_056306238,26.050420168067227,2046
XP_073796833,XP_056306238,26.52396463471382,2046
NP_001018640,XP_056322262,68.56223175965665,932
XP_073800209,XP_056304484,59.12806539509537,359
XP_001345427,XP_056303267,45.07310870947234,1565
XP_073790041,XP_056337348,94.87354750512645,1460
XP_073790038,XP_056337348,95.07860560492139,1463
XP_073790034,XP_056337348,94.69026548672566,1469
XP_073805858,XP_056313840,98.72093023255815,1720
NP_898897,XP_056322464,65.10791366906474,278
NP_001243658,XP_056320274,60.150375939849624,399
XP_073801060,XP_056308793,60.80617495711835,1164
NP_001116717,XP_056320500,95.38461538461539,195
XP_005157778,XP_056329350,23.846153846153847,2046
XP_005157778,XP_056329349,23.846153846153847,2046
XP_073801059,XP_056308793,60.891938250428815,1165
NP_001348325,XP_056307102,59.15492957746479,141
NP_571934,XP_056309492,61.515151515151516,328
XP_073794673,XP_056304967,96.30709426627794,2046
XP_073794674,XP_056304967,96.64070107108081,2046
XP_073794670,XP_056304967,97.2181551976574,2046
XP_073790045,XP_056337348,95.53877831159917,1457
XP_073790056,XP_056337348,95.72708476912474,1448
XP_073790033,XP_056337348,94.69026548672566,1469
XP_073790032,XP_056337348,94.30508474576271,1475
XP_021325094,XP_056303395,67.11772665764546,704
NP_001314959,XP_056325901,44.84304932735426,220
XP_001344904,XP_056307312,66.46884272997033,674
NP_001104686,XP_056307377,64.45497630331754,211
XP_073799539,XP_056307377,64.45497630331754,211
NP_001373716,XP_056307377,64.45497630331754,211
XP_073793863,XP_056303965,63.38028169014085,355
XP_073800915,XP_056324795,48.888888888888886,301
XP_073794672,XP_056304967,96.68938656280429,2046
XP_685629,XP_056322866,93.70758790869833,1620
XP_685629,XP_056322865,93.70758790869833,1620
NP_001003838,XP_056325517,63.44086021505376,186
XP_017207692,XP_056335069,83.46666666666667,375
XP_073794671,XP_056304967,96.54669260700389,2046
XP_073794675,XP_056304967,96.64070107108081,2046
NP_001188469,XP_056312043,77.6978417266187,278
XP_073791236,XP_056302470,85.02080443828017,1442
XP_698274,XP_056330240,68.13353566009104,659
XP_073791237,XP_056302467,85.4368932038835,1441
XP_073801446,XP_056315227,94.9243533430942,2046
XP_073801445,XP_056315227,94.9243533430942,2046
XP_073791236,XP_056302466,85.50624133148405,1442
XP_073803160,XP_056311882,98.7781036168133,2046
XP_073790044,XP_056337348,95.53877831159917,1457
XP_073793335,XP_056312324,56.1764705882353,316
XP_021336061,XP_056324914,67.16157205240175,1125
NP_001025428,XP_056334391,70.27027027027027,222
XP_003201784,XP_056303255,37.55656108597285,210
XP_073790049,XP_056337348,95.5264969029594,1453
XP_073790042,XP_056337348,95.13365318711446,1459
XP_073790053,XP_056337348,95.32002752924983,1450
XP_073793864,XP_056303965,63.559322033898304,354
XP_073809051,XP_056302348,64.35452793834297,519
XP_073809051,XP_056302340,64.35452793834297,519
XP_073800532,XP_056309420,98.04782820888238,2046
XP_073800544,XP_056309420,96.99029126213593,2046
XP_073791236,XP_056302465,85.44698544698545,1442
XP_073800527,XP_056309420,97.18172983479106,2046
XP_073800546,XP_056309420,96.99029126213593,2046
XP_073800534,XP_056309421,97.0859640602234,2046
XP_073800532,XP_056309421,98.14453125,2046
XP_073800544,XP_056309421,97.0859640602234,2046
XP_073807835,XP_056313154,58.705357142857146,448
XP_073800546,XP_056309421,96.99029126213593,2046
XP_073800527,XP_056309421,97.18172983479106,2046
XP_073800530,XP_056309420,97.18172983479106,2046
XP_073800530,XP_056309421,97.18172983479106,2046
XP_073800528,XP_056309420,97.0859640602234,2046
XP_073800538,XP_056309420,97.37354085603113,2046
XP_073800528,XP_056309421,97.18172983479106,2046
XP_073800538,XP_056309421,97.46958637469587,2046
XP_001341514,XP_056320310,90.76655052264809,574
XP_073800545,XP_056309420,97.0859640602234,2046
XP_073800535,XP_056309420,97.0859640602234,2046
XP_073800533,XP_056309420,98.14453125,2046
XP_073800539,XP_056309420,97.46958637469587,2046
XP_073800529,XP_056309420,97.18172983479106,2046
XP_073800533,XP_056309421,98.04782820888238,2046
XP_073800545,XP_056309421,96.99029126213593,2046
XP_073800539,XP_056309421,97.37354085603113,2046
XP_073800529,XP_056309421,97.0859640602234,2046
NP_001373176,XP_056329707,72.80701754385964,342
NP_001028283,XP_056335943,91.49305555555556,572
XP_073800532,XP_056309419,98.04782820888238,2046
XP_073800544,XP_056309419,96.99029126213593,2046
XP_017214041,XP_056324913,67.44791666666667,1132
XP_073800546,XP_056309419,96.89471130519165,2046
XP_073800527,XP_056309419,97.18172983479106,2046
XP_073790065,XP_056337348,96.18320610687023,1438
XP_073800537,XP_056309420,97.46958637469587,2046
XP_017214042,XP_056324913,67.36111111111111,1132
NP_001036210,XP_056332399,98.97410845139228,2046
XP_073800537,XP_056309421,97.46958637469587,2046
XP_073800538,XP_056309419,97.37354085603113,2046
XP_073800528,XP_056309419,97.18172983479106,2046
XP_073790057,XP_056337348,95.99170697995854,1447
XP_073798553,XP_056308035,68.52459016393442,296
XP_073800533,XP_056309419,98.04782820888238,2046
XP_073800545,XP_056309419,96.99029126213593,2046
NP_001269112,XP_056335294,74.77477477477477,111
XP_073800539,XP_056309419,97.37354085603113,2046
XP_073800529,XP_056309419,97.18172983479106,2046
NP_001352989,XP_056331987,81.86915887850468,535
XP_009290275,XP_056330005,61.98473282442748,655
XP_073790037,XP_056337348,94.74402730375427,1465
XP_073790067,XP_056337348,95.83622484385843,1433
XP_073800537,XP_056309419,97.46958637469587,2046
XP_073790061,XP_056337348,95.7843814789219,1444
XP_003201373,XP_056306748,70.74235807860262,229
XP_073796269,XP_056307145,92.87369640787949,1725
XP_073803160,XP_056311883,98.63214460185638,2046
XP_073807836,XP_056313154,60.556844547563806,431
NP_001129450,XP_056331885,90.19607843137256,102
XP_073809568,XP_056315277,78.0952380952381,315
XP_073809569,XP_056315277,78.0952380952381,315
XP_017208962,XP_056304123,84.23645320197045,406
NP_001003597,XP_056336027,68.63636363636364,220
XP_073810471,XP_056316205,98.20213799805637,2046
XP_073810472,XP_056316205,97.91464597478176,2046
XP_073810473,XP_056316205,97.91464597478176,2046
XP_003200133,XP_056329913,75.5781683626272,1080
XP_003200133,XP_056329911,75.5781683626272,1080
XP_003200133,XP_056329912,75.5781683626272,1080
XP_003200133,XP_056329909,75.5781683626272,1080
XP_003200133,XP_056329910,75.5781683626272,1080
XP_073793733,XP_056304085,57.714285714285715,175
XP_691343,XP_056304085,57.714285714285715,175
XP_021336550,XP_056327113,62.68115942028985,552
XP_073799800,XP_056304841,52.31023102310231,1719
XP_073803092,XP_056311997,95.9551656920078,2046
XP_073803091,XP_056311997,96.05070697220867,2046
XP_073800544,XP_056309426,97.46958637469587,2046
XP_073800534,XP_056309426,96.51331719128329,2046
XP_073800532,XP_056309424,97.37354085603113,2046
XP_073800536,XP_056309426,96.51331719128329,2046
XP_073800546,XP_056309426,97.46958637469587,2046
XP_073796267,XP_056307145,92.1264367816092,1739
XP_073800545,XP_056309424,97.0859640602234,2046
XP_073800544,XP_056309425,98.04782820888238,2046
XP_073800537,XP_056309427,96.99029126213593,2046
XP_073800533,XP_056309425,97.0859640602234,2046
XP_073789721,XP_056337050,98.1230448383733,1911
XP_073810745,XP_056316721,96.56290531776914,1542
XP_073790883,XP_056302086,96.39200390053632,2046
XP_073800326,XP_056309206,76.3914373088685,1635
XP_073800329,XP_056309206,76.67280540208716,1629
XP_073789724,XP_056337053,99.28884026258206,1828
XP_073805721,XP_056317134,68.0,150
XP_021322429,XP_056331304,81.61925601750546,457
XP_073808289,XP_056312759,60.60894386298763,1051
XP_073798900,XP_056309897,95.374912403644,1427
NP_001035342,XP_056311056,64.87603305785125,471
XP_073807829,XP_056313153,57.59036144578313,410
NP_001373251,XP_056330160,76.12903225806451,310
NP_001070057,XP_056309623,68.69565217391305,345
XP_073791828,XP_056302854,96.34680954700438,2046
XP_073793656,XP_056303299,98.73540856031128,2046
XP_021323890,XP_056335160,71.89292543021033,521
NP_999957,XP_056321317,76.88172043010752,372
XP_073799502,XP_056307416,97.87897691827823,1603
XP_073805402,XP_056319545,60.55045871559633,322
XP_003200581,XP_056336192,75.12218963831867,2046
XP_073807802,XP_056314860,96.73011224987799,2046
NP_571437,XP_056326982,83.6734693877551,294
XP_073787799,XP_056335160,72.27533460803059,521
XP_073788261,XP_056302513,89.55223880597015,267
XP_073789571,XP_056337188,94.73940574768632,2046
XP_073789565,XP_056337191,95.11957052220595,2046
XP_009305696,XP_056327427,79.6384395813511,2046
XP_073803615,XP_056321892,59.177215189873415,632
XP_073793321,XP_056304489,62.63345195729537,275
XP_073807514,XP_056306474,85.84558823529412,544
NP_001313294,XP_056315003,80.0,135
NP_001315015,XP_056327037,77.51677852348993,298
XP_073791108,XP_056305496,72.80240420736288,1331
XP_073803558,XP_056336236,59.211927582534614,938
XP_073808240,XP_056307180,75.34246575342466,218
XP_073807519,XP_056306479,85.4779411764706,544
NP_001373658,XP_056323540,81.18279569892474,182
XP_073794028,XP_056304977,81.63265306122449,294
XP_073801994,XP_056312281,97.60528488852188,1209
XP_695417,XP_056333973,97.7469670710572,1731
XP_073810522,XP_056316328,96.59511472982976,1351
XP_073810520,XP_056316327,96.59511472982976,1351
XP_073810521,XP_056316328,96.59511472982976,1351
XP_073810517,XP_056316327,96.59511472982976,1351
XP_073810519,XP_056316327,96.16801768607222,1356
XP_073810516,XP_056316328,96.16801768607222,1356
XP_073804887,XP_056329786,71.42857142857143,286
XP_698802,XP_056335677,80.23809523809524,419
XP_005164954,XP_056311575,82.6923076923077,416
XP_073797016,XP_056306184,68.44262295081967,488
NP_001093617,XP_056335290,65.15892420537897,818
XP_073810807,XP_056316573,96.64650907091809,1819
XP_073797361,XP_056306442,92.76018099547511,221
XP_073796582,XP_056306245,88.75200856989824,1860
NP_956249,XP_056312377,84.14096916299559,227
NP_001070181,XP_056325478,94.95412844036697,218
XP_073810406,XP_056316024,97.44084983099951,2046
XP_073791601,XP_056334027,31.333333333333332,1049
XP_073798360,XP_056308420,86.88801350590883,1775
NP_001019395,XP_056315002,78.66666666666667,225
XP_021322751,XP_056331113,68.96551724137932,203
XP_073790691,XP_056302392,87.5229357798165,1629
XP_073790689,XP_056302392,87.5229357798165,1629
XP_073807277,XP_056312974,77.14285714285714,105
XP_073790690,XP_056302394,87.5229357798165,1629
NP_001035015,XP_056312749,87.17201166180757,343
XP_073810343,XP_056315987,95.80378250591016,1692
XP_073790691,XP_056302395,87.46177370030581,1628
XP_073790718,XP_056302397,87.3664362036455,1585
XP_009299521,XP_056313396,76.86375321336762,778
XP_073810177,XP_056315788,94.53273998728544,1573
XP_073810174,XP_056315815,92.94631710362047,1599
XP_073793946,XP_056303355,70.93837535014005,1405
XP_073800203,XP_056302540,75.34246575342466,218
NP_001373367,XP_056330740,73.45454545454545,271
XP_001340683,XP_056324979,81.10236220472441,254
XP_073797208,XP_056306136,97.37387698686939,1446
NP_998412,XP_056312331,72.09302325581395,559
XP_073787941,XP_056301675,75.79908675799086,218
XP_073803139,XP_056311943,98.96530736457699,1643
XP_073803139,XP_056311942,98.96530736457699,1643
NP_956197,XP_056334122,78.55973813420621,611
XP_073793136,XP_056304191,76.20041753653445,478
XP_073810403,XP_056316036,99.560546875,2046
XP_005165852,XP_056314959,79.89690721649484,582
XP_068068946,XP_056327581,90.4040404040404,198
XP_699547,XP_056316513,73.60594795539033,269
XP_073802558,XP_056311918,96.02106495026331,1709
XP_073786300,XP_056334517,59.25542916235781,964
XP_073810940,XP_056337726,69.40639269406392,218
XP_073801125,XP_056312531,87.56944444444444,1421
XP_073799400,XP_056307238,94.97060744611365,1531
XP_073799402,XP_056307238,94.97060744611365,1531
XP_073790845,XP_056302738,82.5659914057704,1629
XP_073789428,XP_056337275,94.65081723625558,1345
XP_005162224,XP_056306039,82.15158924205379,408
XP_073798579,XP_056312587,98.7936507936508,1573
XP_073785677,XP_056333974,68.23266219239373,445
XP_073800724,XP_056309735,86.4135407136322,2046
XP_073800723,XP_056309735,86.32830361225423,2046
NP_001307020,XP_056317059,84.23423423423424,222
XP_073800498,XP_056309397,78.5,400
XP_001340167,XP_056321240,69.9167657550535,840
NP_001373668,XP_056315814,73.52941176470588,238
XP_073802910,XP_056312230,92.40030097817908,1329
XP_009303928,XP_056322463,77.6303317535545,1055
NP_001188470,XP_056312045,87.14859437751004,249
XP_073797508,XP_056306382,83.79052369077307,401
NP_001037796,XP_056334029,80.94302554027504,509
XP_073793857,XP_056303208,96.41434262948208,1255
XP_073810352,XP_056315986,94.33354797166774,1552
XP_021325529,XP_056305061,85.38622129436325,479
XP_073791239,XP_056302463,98.37962962962963,1296
XP_021333799,XP_056318536,74.92447129909365,329
XP_073797011,XP_056306975,93.57682619647355,1588
XP_073800499,XP_056309397,78.25,400
XP_073807654,XP_056313132,82.93650793650794,252
XP_005170030,XP_056308600,82.86713286713287,567
XP_073807832,XP_056313153,80.1498127340824,267
XP_073800937,XP_056309998,93.35071707953064,1532
NP_001018660,XP_056327709,88.42105263157895,190
XP_073800945,XP_056309999,93.3420365535248,1530
XP_073800950,XP_056309999,93.3420365535248,1530
XP_005168169,XP_056318525,54.91329479768786,519
NP_001170934,XP_056325987,85.38205980066445,300
NP_001034921,XP_056329998,85.28528528528528,333
XP_073792531,XP_056304225,84.09836065573771,610
XP_073792533,XP_056304225,84.09836065573771,610
NP_001070044,XP_056305077,91.1032028469751,281
NP_958493,XP_056303546,90.0,140
XP_073805306,XP_056320679,84.55882352941177,136
XP_073810855,XP_056315162,86.76923076923077,325
XP_005172702,XP_056322533,86.159169550173,578
XP_073808242,XP_056337726,74.14634146341463,204
NP_001077014,XP_056312592,77.01711491442543,409
NP_001116318,XP_056313938,86.3157894736842,95
XP_005172702,XP_056322534,86.30849220103985,577
XP_073807738,XP_056328853,79.92565055762081,268
XP_073807738,XP_056328466,79.92565055762081,268
XP_073810774,XP_056336521,79.86798679867987,302
NP_991215,XP_056312317,77.1875,640
NP_001107957,XP_056304289,68.93939393939394,260
XP_021336076,XP_056325313,78.67679928475637,2046
NP_001314733,XP_056326686,87.75510204081633,196
XP_073801514,XP_056329786,80.0,254
XP_073789981,XP_056329786,80.0,254
XP_021333468,XP_056318780,81.98198198198199,444
XP_073807360,XP_056312960,72.48062015503876,258
XP_073807361,XP_056312960,72.48062015503876,258
XP_073808232,XP_056329786,76.2081784386617,268
XP_073802930,XP_056312375,73.95957193816885,825
NP_957040,XP_056334317,88.86075949367088,395
XP_009303641,XP_056322533,85.2991452991453,578
XP_009290813,XP_056331007,94.83747609942638,522
NP_001182175,XP_056305098,85.5595667870036,277
XP_073792526,XP_056304225,81.58730158730158,630
XP_073801286,XP_056310245,72.76887871853548,437
XP_021328778,XP_056332963,90.9090909090909,110
XP_697139,XP_056327437,68.08769792935445,1642
XP_073785494,XP_056336222,51.88821752265861,1308
XP_073791245,XP_056302470,98.47389558232932,1245
NP_001373212,XP_056301524,84.9624060150376,133
NP_001017591,XP_056311516,82.85123966942149,483
NP_001410627,XP_056328632,75.98870056497175,354
NP_998126,XP_056313020,94.79768786127168,346
NP_001018518,XP_056322916,96.93251533742331,163
XP_073788447,XP_056337500,88.20861678004535,441
XP_073802594,XP_056311685,97.2356599861783,1447
XP_073802591,XP_056311685,94.55645161290323,1488
NP_001017731,XP_056308240,93.75,256
XP_073800976,XP_056310003,93.39887640449439,1422
XP_073808232,XP_056319372,79.92565055762081,268
XP_073801490,XP_056310573,82.3529411764706,252
XP_073793589,XP_056332166,76.01246105919003,316
XP_073808222,XP_056332166,76.01246105919003,316
XP_073791533,XP_056329778,81.31487889273356,288
XP_073796967,XP_056329778,81.31487889273356,288
XP_073810778,XP_056329778,81.31487889273356,288
XP_073791532,XP_056329778,81.31487889273356,288
XP_073807797,XP_056316855,80.29739776951673,268
XP_073810933,XP_056311484,80.29739776951673,268
XP_073800379,XP_056322201,80.29739776951673,268
XP_073800280,XP_056302209,80.29739776951673,268
XP_073808231,XP_056328853,80.29739776951673,268
XP_073800281,XP_056325655,80.29739776951673,268
XP_073810932,XP_056333343,80.29739776951673,268
XP_073807798,XP_056325547,80.29739776951673,268
XP_073793593,XP_056313241,80.29739776951673,268
XP_073793593,XP_056328466,80.29739776951673,268
XP_073793592,XP_056322201,80.29739776951673,268
XP_073793593,XP_056311466,80.29739776951673,268
XP_073810781,XP_056313241,80.29739776951673,268
XP_073793592,XP_056313241,80.29739776951673,268
XP_073807799,XP_056313241,80.29739776951673,268
XP_073810781,XP_056311484,80.29739776951673,268
XP_073810931,XP_056318306,80.29739776951673,268
XP_073810932,XP_056316855,80.29739776951673,268
XP_073800379,XP_056313242,80.29739776951673,268
XP_073800281,XP_056311466,80.29739776951673,268
XP_073810931,XP_056306804,80.29739776951673,268
XP_073800379,XP_056306804,80.29739776951673,268
XP_073810931,XP_056313242,80.29739776951673,268
XP_017208769,XP_056303289,74.53874538745387,270
XP_073810936,XP_056318230,79.6078431372549,254
XP_073804891,XP_056318230,79.6078431372549,254
XP_073791936,XP_056303050,97.4076983503535,1271
XP_073793934,XP_056303356,71.13764044943821,1423
XP_073793556,XP_056329778,80.96885813148789,288
XP_073793557,XP_056329778,80.96885813148789,288
XP_073794101,XP_056305843,94.0,1448
NP_001124266,XP_056337580,82.08955223880596,268
XP_073793345,XP_056304495,76.75840978593273,323
NP_001004013,XP_056328543,80.65693430656934,274
NP_571189,XP_056306788,84.04669260700389,257
XP_021325127,XP_056303292,78.9090909090909,275
XP_073800376,XP_056319124,81.66089965397924,288
XP_073810926,XP_056319124,81.66089965397924,288
XP_073804886,XP_056319125,81.66089965397924,288
XP_073796967,XP_056319125,81.66089965397924,288
XP_073806902,XP_056312777,78.05429864253394,442
XP_005171457,XP_056325366,81.37931034482759,1595
NP_001018608,XP_056333637,89.6788990825688,436
NP_001159589,XP_056324544,93.07535641547861,491
NP_001074056,XP_056314969,90.44684129429892,648
NP_001070752,XP_056337338,90.11627906976744,344
NP_739570,XP_056320281,79.10714285714286,560
NP_001096119,XP_056332106,87.03170028818444,347
XP_073791873,XP_056301905,78.21782178217822,1110
XP_002661886,XP_056310981,94.44444444444444,126
NP_001017775,XP_056331050,90.66265060240964,332
NP_878288,XP_056328384,92.6441351888668,503
NP_998424,XP_056306199,94.71830985915493,284
XP_684581,XP_056323856,78.28185328185329,2046
XP_073790481,XP_056301942,97.61336515513126,1257
XP_073808971,XP_056313138,80.44692737430168,354
XP_073790492,XP_056301946,95.98715890850723,1238
NP_571817,XP_056302527,91.98717948717949,312
XP_073809669,XP_056315357,86.97711128650356,1264
XP_002664303,XP_056328806,82.05521472392638,644
XP_073791439,XP_056302886,81.14035087719299,456
XP_009299425,XP_056313238,94.05940594059406,101
XP_073808725,XP_056316678,88.94009216589862,420
XP_073792771,XP_056304547,97.83783783783784,185
XP_003201130,XP_056303259,87.3767258382643,506
NP_861431,XP_056325388,88.93280632411067,505
NP_001017783,XP_056310579,81.52610441767068,249
XP_073807411,XP_056308771,62.4,625
NP_001296971,XP_056337470,84.58049886621315,882
NP_001295578,XP_056317584,96.7032967032967,273
NP_001003729,XP_056333200,89.0909090909091,550
XP_003199543,XP_056323771,77.02888583218707,710
XP_073789900,XP_056336860,87.83783783783784,516
XP_001332231,XP_056315343,89.15094339622641,212
XP_001923170,XP_056326350,87.00873362445415,916
XP_009298792,XP_056325231,56.741573033707866,532
XP_073810923,XP_056336644,81.51815181518151,302
XP_073800375,XP_056336644,81.51815181518151,302
XP_073800374,XP_056336644,81.51815181518151,302
XP_073800375,XP_056336643,81.51815181518151,302
XP_073806366,XP_056313057,75.77639751552795,483
NP_001124070,XP_056336738,77.31006160164272,974
NP_001410451,XP_056327827,90.2200488997555,818
XP_017213978,XP_056325565,86.11111111111111,324
NP_001353719,XP_056324289,90.13157894736842,152
XP_073790133,XP_056336906,92.06241519674356,1473
XP_073798268,XP_056307555,81.16480793060718,807
NP_001166107,XP_056326298,91.34615384615384,104
NP_001289971,XP_056308415,95.89041095890411,73
XP_009302848,XP_056320893,78.02575107296137,1136
NP_001106972,XP_056313072,92.47787610619469,450
XP_073791919,XP_056302503,95.5177743431221,1294
XP_073791918,XP_056302501,95.5177743431221,1294
XP_073791917,XP_056302502,95.5177743431221,1294
XP_073793957,XP_056303361,75.0778816199377,1283
XP_073803519,XP_056311382,85.70135746606334,1101
XP_021322842,XP_056333637,89.6788990825688,436
XP_073803277,XP_056311009,81.61157024793388,481
XP_698724,XP_056335689,88.43416370106762,562
XP_021335365,XP_056323909,78.17589576547232,1224
XP_001332088,XP_056321430,93.46733668341709,199
XP_073804383,XP_056310834,86.94798822374878,1019
XP_021323920,XP_056335524,92.48554913294798,173
XP_073799710,XP_056309544,84.52041785375118,1050
NP_001116416,XP_056314732,83.36980306345733,457
XP_005160930,XP_056301476,86.51994497936727,726
NP_001373283,XP_056301959,91.34615384615384,104
NP_001153304,XP_056321086,91.34304207119742,1236
NP_001373519,XP_056328625,88.15789473684211,76
XP_005161421,XP_056302108,95.17241379310344,145
XP_073800344,XP_056309206,93.13944817300522,1341
NP_571339,XP_056303610,93.1840311587147,1027
XP_021335848,XP_056326084,81.6205533596838,505
XP_073804987,XP_056311227,81.65680473372781,338
XP_073792897,XP_056330376,80.70652173913044,368
XP_073792529,XP_056304224,87.84440842787683,616
XP_073798237,XP_056307542,97.60061919504643,1292
XP_073795225,XP_056305840,86.95652173913044,460
XP_005161090,XP_056302958,88.57142857142857,833
XP_690395,XP_056336694,99.48761742100768,1171
XP_073797945,XP_056307223,88.46918489065607,495
XP_073788072,XP_056336190,80.83588175331295,981
NP_001070218,XP_056332159,92.8909952606635,211
NP_001014373,XP_056313616,90.21739130434783,456
NP_001019618,XP_056329798,86.36363636363636,242
XP_017207394,XP_056334133,87.37727910238429,1426
NP_001013299,XP_056323143,90.82125603864735,207
XP_695071,XP_056332365,92.87128712871286,1514
XP_009302934,XP_056320817,71.05882352941177,424
XP_073804655,XP_056325318,93.12169312169313,189
NP_001353685,XP_056314655,81.2937062937063,567
NP_001070718,XP_056329681,90.50925925925925,432
NP_001005577,XP_056318590,88.05970149253731,334
XP_073800017,XP_056305861,82.23844282238443,411
XP_021328358,XP_056305820,81.99513381995133,411
XP_073807639,XP_056313135,76.33928571428571,891
XP_073795102,XP_056304657,98.04054054054055,1480
XP_073804119,XP_056310856,82.95739348370927,399
XP_009302401,XP_056319239,86.36363636363636,257
XP_073794796,XP_056308778,73.6842105263158,284
XP_009294897,XP_056305410,94.46640316205534,253
XP_073789812,XP_056336613,88.68217054263566,642
XP_073789807,XP_056336613,88.68217054263566,642
NP_938161,XP_056308536,82.51533742331289,326
XP_005174015,XP_056303273,82.86852589641434,251
XP_003197979,XP_056335703,86.79927667269439,553
XP_005166176,XP_056316333,95.35415079969536,1311
XP_073794443,XP_056310361,85.2105778648384,1020
XP_001337969,XP_056333860,76.47058823529412,200
XP_073792711,XP_056303372,97.1671388101983,1412
XP_001341328,XP_056325773,96.33867276887872,437
XP_017210951,XP_056310461,84.44816053511705,596
XP_001334616,XP_056306058,89.5582329317269,745
NP_001257524,XP_056317323,97.27891156462584,147
XP_005160412,XP_056301277,75.89861751152074,2046
XP_073804431,XP_056310441,89.77407847800238,840
XP_005156356,XP_056325189,95.1923076923077,728
XP_073789977,XP_056336822,90.3030303030303,328
NP_001070801,XP_056325565,86.11111111111111,324
NP_001002753,XP_056309721,91.93548387096774,247
XP_002663081,XP_056332453,80.19607843137256,1020
XP_073791227,XP_056303002,86.22754491017965,330
XP_073800702,XP_056309671,91.21447028423772,386
NP_957029,XP_056337727,90.84967320261438,153
XP_003200380,XP_056333328,90.29850746268657,134
XP_021323091,XP_056332362,91.00719424460432,278
XP_005155999,XP_056324060,87.31343283582089,402
NP_001129725,XP_056311479,79.71014492753623,205
XP_003198902,XP_056316830,91.14713216957605,802
XP_017206694,XP_056330082,78.49740932642487,384
XP_073795601,XP_056305036,83.11926605504587,540
XP_003200754,XP_056337651,85.31468531468532,429
XP_005166296,XP_056315000,90.71729957805907,237
NP_001188466,XP_056311462,89.40677966101696,472
NP_001188466,XP_056311463,89.40677966101696,472
XP_021326004,XP_056306113,89.27680798004988,399
XP_073796460,XP_056306225,90.81632653061224,490
XP_073796458,XP_056306225,90.81632653061224,490
XP_021329042,XP_056301501,84.20138888888889,575
XP_001346279,XP_056304292,90.3225806451613,279
NP_001311424,XP_056337634,99.38080495356037,323
NP_001098585,XP_056325386,91.66666666666667,336
XP_021324551,XP_056302964,92.38095238095238,734
XP_688797,XP_056302371,94.31072210065645,457
XP_073795576,XP_056304953,92.88079470198676,1208
NP_001025291,XP_056301331,91.49425287356321,435
NP_001038631,XP_056315475,92.76595744680851,470
XP_073803571,XP_056312301,90.0889453621347,787
NP_001186941,XP_056329042,94.93087557603687,651
XP_690155,XP_056323885,90.70422535211267,354
XP_017207906,XP_056335925,83.17460317460318,315
XP_073787851,XP_056335925,83.17460317460318,315
NP_001036815,XP_056326425,92.88956127080182,661
NP_001314977,XP_056328910,83.98791540785498,330
XP_005162677,XP_056306604,90.78404401650619,727
XP_001344844,XP_056324880,89.85126859142608,1141
XP_073799129,XP_056308180,98.23232323232324,1188
NP_991185,XP_056326362,90.14084507042253,142
XP_073809809,XP_056314952,86.54891304347827,733
XP_021330084,XP_056334389,94.375,160
XP_017211916,XP_056316021,94.11764705882354,153
NP_001346857,XP_056311477,79.74137931034483,228
XP_073787326,XP_056336008,88.98809523809524,335
XP_073787331,XP_056336008,88.98809523809524,335
XP_073798009,XP_056307954,94.03973509933775,151
XP_073795575,XP_056304953,92.64462809917356,1208
XP_684629,XP_056315473,90.6187624750499,1001
NP_001124063,XP_056302958,89.52380952380952,833
NP_001164537,XP_056314804,94.00630914826499,317
XP_073789739,XP_056337280,98.56781802864364,1187
XP_073789747,XP_056337280,98.56781802864364,1187
XP_005155966,XP_056323885,90.96045197740114,354
NP_001038722,XP_056337096,92.62536873156343,339
XP_073810282,XP_056315190,83.62573099415205,171
NP_001003838,XP_056325518,94.4,125
NP_001373473,XP_056305858,92.24137931034483,232
XP_073809805,XP_056314953,86.68478260869566,733
XP_001923752,XP_056328740,82.04081632653062,245
XP_021333237,XP_056318724,82.58928571428571,222
XP_005159833,XP_056336107,91.42857142857143,350
NP_001038238,XP_056337267,87.82608695652173,230
NP_001292542,XP_056306807,97.29729729729729,259
XP_073809810,XP_056314955,86.66666666666667,732
NP_001003526,XP_056309985,89.60244648318043,654
XP_005160524,XP_056337202,92.05020920502092,716
NP_001107088,XP_056330390,99.03069466882067,619
NP_001003572,XP_056325054,95.63106796116504,412
NP_999983,XP_056334545,87.88198103266596,948
XP_001335854,XP_056310183,86.97916666666667,766
NP_001108355,XP_056312042,94.79768786127168,518
XP_009290149,XP_056330068,89.61864406779661,471
XP_073790448,XP_056302164,97.98488664987406,1191
XP_021334632,XP_056321337,92.85714285714286,224
XP_073791697,XP_056301689,95.1276102088167,862
NP_001093523,XP_056313129,89.91735537190083,605
NP_001124145,XP_056310694,89.05660377358491,1058
XP_009297676,XP_056309414,91.3907284768212,1057
NP_001074137,XP_056324182,91.37931034482759,462
XP_001342303,XP_056322443,85.24844720496894,642
NP_001138281,XP_056328268,91.53846153846153,260
XP_001340218,XP_056307068,85.02304147465438,434
NP_001076331,XP_056313390,95.85987261146497,314
XP_073785676,XP_056336631,92.91217257318952,649
NP_001017843,XP_056319218,93.84615384615384,325
NP_001373261,XP_056324685,97.20670391061452,179
NP_001002108,XP_056331268,93.92523364485982,214
NP_001025415,XP_056324323,95.11002444987776,409
XP_073790449,XP_056302165,97.39495798319328,1190
NP_001154873,XP_056324495,92.34693877551021,196
XP_005165901,XP_056315629,93.12320916905445,348
NP_001007436,XP_056306795,88.33592534992223,643
XP_073787208,XP_056335448,87.5912408759124,274
NP_001104662,XP_056325314,89.58333333333333,336
NP_001073144,XP_056337109,93.29268292682927,492
XP_073809974,XP_056315469,88.6426592797784,361
XP_021327030,XP_056308841,84.9015317286652,457
XP_073785667,XP_056336631,89.06942392909896,677
XP_073787400,XP_056335356,87.73895847066579,1494
XP_009290393,XP_056331224,89.5778364116095,758
XP_021332139,XP_056312881,93.10344827586206,348
XP_073803131,XP_056311083,91.26760563380282,355
XP_003197745,XP_056312726,81.11111111111111,448
XP_021334186,XP_056320539,84.84210526315789,475
XP_073799133,XP_056308185,98.47068819031436,1177
XP_001921439,XP_056326629,93.20859320859321,1443
XP_021334748,XP_056321753,81.34529147982063,2046
XP_073786480,XP_056336302,95.625,320
XP_073801703,XP_056312042,94.99036608863199,518
XP_073801523,XP_056312017,94.16342412451363,257
XP_009293954,XP_056303183,90.0,310
NP_001348442,XP_056318274,92.71402550091075,549
NP_956683,XP_056323167,93.75,368
XP_021324189,XP_056337431,95.06172839506173,162
NP_001159810,XP_056327208,94.96402877697842,139
XP_005172727,XP_056322672,88.91687657430731,397
XP_073798913,XP_056307400,98.78366637706343,1151
XP_073798914,XP_056307399,98.78366637706343,1151
NP_001096044,XP_056324448,93.03370786516854,445
NP_001038799,XP_056316974,95.26315789473684,190
NP_001139258,XP_056319869,88.35978835978835,941
NP_001073448,XP_056321274,89.71774193548387,496
XP_021322168,XP_056330029,88.32644628099173,942
XP_005156015,XP_056324806,79.45017182130584,1449
NP_001306061,XP_056330585,91.5129151291513,541
XP_073790323,XP_056302574,90.15151515151516,132
NP_001314862,XP_056333615,88.79120879120879,454
XP_002666883,XP_056307847,90.9814323607427,377
XP_005163456,XP_056332501,97.76422764227642,492
XP_005173133,XP_056328329,89.19860627177701,287
XP_073796428,XP_056307094,96.87220732797141,1119
NP_001258768,XP_056314589,93.66197183098592,568
XP_073798007,XP_056307954,94.0,150
XP_073808704,XP_056316152,93.5114503816794,524
NP_001243177,XP_056325477,91.21813031161473,353
XP_698063,XP_056311426,93.6077057793345,1142
NP_001191237,XP_056313196,90.87591240875912,548
NP_001003769,XP_056337386,93.31983805668017,494
XP_073787401,XP_056335356,88.0794701986755,1487
NP_957297,XP_056333370,92.20779220779221,769
NP_001076408,XP_056321053,96.55172413793103,174
NP_001277347,XP_056324614,90.73033707865169,356
NP_775362,XP_056309194,97.40259740259741,154
NP_001074456,XP_056320562,92.22520107238606,373
NP_001035475,XP_056302892,93.42560553633218,289
NP_001003738,XP_056308281,94.85530546623794,311
XP_005171071,XP_056324023,96.12546125461255,542
NP_001071198,XP_056319493,97.62845849802372,253
NP_001313518,XP_056314570,96.2566844919786,187
XP_073807189,XP_056314570,96.2566844919786,187
NP_001373462,XP_056306525,93.29268292682927,164
XP_073796947,XP_056310350,93.01397205588822,500
NP_001073284,XP_056324900,93.6026936026936,297
XP_073805739,XP_056314794,92.51559251559252,961
NP_001076554,XP_056336608,86.47058823529412,340
XP_073805458,XP_056307509,92.54658385093168,161
NP_001082800,XP_056308309,88.19599109131403,449
NP_001313303,XP_056329514,96.07843137254902,255
XP_073800388,XP_056309289,92.97153024911032,1124
XP_073800390,XP_056309290,92.97153024911032,1124
XP_005163543,XP_056333378,92.07792207792208,768
NP_001245157,XP_056332368,81.15015974440895,1548
NP_001006033,XP_056309041,96.85714285714286,350
XP_021324253,XP_056337348,95.99170697995854,1447
NP_998474,XP_056319789,91.10576923076923,414
NP_001239390,XP_056331938,93.47258485639686,383
XP_073786328,XP_056334434,86.82008368200837,1912
XP_073800591,XP_056306919,96.72131147540983,122
XP_009304583,XP_056324303,94.71830985915493,284
XP_001339876,XP_056335941,91.11111111111111,765
XP_005157021,XP_056326232,90.32496307237814,1354
NP_001014359,XP_056333708,94.5945945945946,407
XP_002660769,XP_056328995,92.24422442244224,606
NP_001314830,XP_056333710,93.54838709677419,155
XP_073786718,XP_056337467,92.20360824742268,1551
XP_003199150,XP_056320454,89.85507246376811,207
NP_001108161,XP_056312994,93.65079365079364,441
NP_001003545,XP_056325492,93.158953722334,497
XP_073802092,XP_056312102,93.54260089686099,1115
XP_073799471,XP_056310021,95.02304147465438,1085
XP_073792392,XP_056303548,96.17169373549883,862
XP_005165821,XP_056315560,97.21577726218098,431
NP_001155221,XP_056308380,96.28378378378379,296
XP_073794695,XP_056304737,92.23946784922394,902
NP_001091718,XP_056302344,94.8207171314741,251
NP_001189413,XP_056332657,94.73684210526316,209
XP_005167077,XP_056319563,96.17834394904459,628
XP_073792908,XP_056303329,90.20044543429844,449
NP_001070845,XP_056320740,96.34831460674157,356
XP_001920282,XP_056306028,88.78923766816143,665
XP_002667428,XP_056324199,89.62765957446808,375
NP_001008653,XP_056322984,98.0,200
XP_073787365,XP_056335140,85.97071327350024,2046
XP_073806843,XP_056314466,92.94871794871794,1091
NP_956910,XP_056330541,94.70198675496688,453
XP_073807508,XP_056313011,89.28571428571429,336
XP_073793719,XP_056303599,90.6832298136646,483
NP_956467,XP_056311667,96.5,200
XP_073794273,XP_056305238,94.18819188191883,1082
XP_073797191,XP_056307205,97.4820143884892,278
XP_073808192,XP_056312752,95.37223340040241,1491
NP_001082841,XP_056308244,96.36363636363636,110
NP_938169,XP_056318702,89.68609865470852,223
NP_001166240,XP_056324440,94.8339483394834,542
XP_005166123,XP_056316272,96.7741935483871,310
XP_005169066,XP_056318836,88.62660944206009,466
XP_005163903,XP_056309200,94.57142857142857,350
XP_005161262,XP_056303159,96.2406015037594,399
XP_073792374,XP_056303503,92.7710843373494,415
XP_005158206,XP_056330868,96.85039370078741,254
NP_001122221,XP_056316382,95.2755905511811,127
XP_009289358,XP_056328784,86.95652173913044,391
XP_002665864,XP_056337625,90.74074074074075,432
NP_001076508,XP_056336733,89.32926829268293,328
NP_001121712,XP_056320459,98.19277108433735,166
XP_002667440,XP_056304957,88.909426987061,541
XP_073809576,XP_056315263,96.09507640067912,589
XP_073799692,XP_056309457,93.59534206695778,687
XP_005173451,XP_056330002,97.90575916230367,191
XP_002661302,XP_056310316,96.90265486725664,226
XP_001922019,XP_056308027,94.44444444444444,216
NP_001129949,XP_056319250,88.32116788321167,273
XP_073804343,XP_056310429,91.8423464711274,1091
NP_001012372,XP_056334220,98.00995024875621,201
NP_001418075,XP_056337746,94.31137724550898,334
NP_998267,XP_056318802,96.10894941634241,257
NP_001025433,XP_056329776,93.69369369369369,444
NP_001006091,XP_056333616,96.19377162629758,289
NP_001410660,XP_056303027,88.81431767337807,447
NP_571231,XP_056304791,95.13888888888889,575
NP_001077337,XP_056320892,92.03821656050955,313
NP_001315274,XP_056313013,91.73553719008264,242
XP_009303552,XP_056322276,96.4,250
XP_005163555,XP_056333772,89.19597989949749,397
XP_073805573,XP_056303348,95.06172839506173,243
NP_001076419,XP_056334355,92.90657439446366,578
XP_073791556,XP_056302477,93.96825396825396,315
XP_073808944,XP_056316124,96.03960396039604,404
NP_001007290,XP_056327087,96.72727272727273,275
XP_073797702,XP_056306691,91.0569105691057,859
NP_001025308,XP_056334874,91.27218934911242,676
XP_021336400,XP_056326604,92.92307692307692,325
NP_001188278,XP_056323378,95.23809523809524,189
XP_005166511,XP_056317964,95.74468085106383,141
XP_005166511,XP_056317965,95.74468085106383,141
XP_073794112,XP_056305461,95.6043956043956,273
XP_009302026,XP_056320057,95.92969472710453,1081
NP_001243652,XP_056321522,95.74468085106383,564
NP_001129443,XP_056307193,96.81818181818181,220
XP_005155457,XP_056312530,91.28978224455611,595
XP_073797700,XP_056306690,91.17305458768874,859
XP_017208134,XP_056336618,98.28934506353862,2046
NP_001410928,XP_056328709,94.5859872611465,314
XP_073809598,XP_056315310,91.91489361702128,469
XP_009305674,XP_056326499,87.15277777777777,286
XP_073788329,XP_056326044,90.64366290643663,1507
NP_001103947,XP_056333541,97.1264367816092,348
XP_073788148,XP_056337428,81.93018480492813,970
XP_073788146,XP_056337428,81.93018480492813,970
XP_005172140,XP_056315372,95.11627906976744,860
XP_073789384,XP_056337600,95.85492227979275,578
XP_005163268,XP_056308001,95.83333333333333,240
XP_073794328,XP_056305940,95.51820728291317,357
XP_073799389,XP_056308317,94.04761904761905,924
XP_073809674,XP_056315374,95.11059371362049,859
XP_009296400,XP_056308318,94.04117009750813,923
NP_001094417,XP_056313075,94.5945945945946,259
XP_005160228,XP_056312215,96.35678391959799,795
NP_001334810,XP_056327261,89.42486085343228,1078
NP_001132934,XP_056335792,96.52173913043478,230
XP_021323377,XP_056334145,89.7005988023952,834
NP_963874,XP_056311236,95.96199524940617,421
XP_009296338,XP_056307317,88.73563218390805,435
XP_009293482,XP_056302396,87.46177370030581,1628
XP_005164438,XP_056310135,92.57142857142857,350
NP_957431,XP_056330677,96.7948717948718,312
XP_017213593,XP_056323320,86.11898016997168,353
XP_005155912,XP_056323633,96.13259668508287,362
NP_001373647,XP_056312863,92.7860696517413,402
XP_073798240,XP_056307325,93.33333333333333,780
XP_021335468,XP_056324314,98.27188940092167,868
XP_073786743,XP_056301248,86.5845311430527,1459
NP_956923,XP_056331353,95.65217391304348,460
NP_001074161,XP_056318353,94.53860640301318,531
NP_956219,XP_056334832,96.82539682539682,252
XP_073795722,XP_056304794,94.49853943524829,2046
XP_073786839,XP_056336484,90.56603773584905,371
XP_073796214,XP_056306326,96.00431965442765,926
XP_003199702,XP_056324938,95.47325102880659,486
XP_001338050,XP_056305898,90.02932551319648,341
NP_001300637,XP_056320215,97.27272727272727,220
XP_073804867,XP_056313625,97.65432098765432,810
NP_001289407,XP_056303158,96.7741935483871,62
NP_001373225,XP_056329373,92.25352112676056,284
NP_001315525,XP_056312101,98.0,100
XP_073792768,XP_056304029,92.04081632653062,978
NP_001038706,XP_056334260,97.1938775510204,392
XP_073807992,XP_056313266,93.15448658649399,1080
XP_073785462,XP_056336487,93.69951534733441,1235
XP_021332043,XP_056312785,94.0,250
NP_001006060,XP_056329486,97.73755656108597,221
NP_001093466,XP_056313827,96.875,288
XP_005157135,XP_056313902,93.73297002724796,367
NP_001373590,XP_056308222,95.47511312217195,221
XP_005158182,XP_056308495,95.65217391304348,230
XP_073801950,XP_056311221,88.24451410658307,638
XP_073810189,XP_056315791,98.61111111111111,72
XP_073801617,XP_056312276,97.08520179372198,445
NP_997940,XP_056334702,95.9349593495935,246
NP_835232,XP_056315789,93.75,720
XP_005167308,XP_056319147,94.46227929373997,1246
XP_005169360,XP_056324136,95.42483660130719,612
XP_073787877,XP_056336488,95.3416149068323,322
XP_005168400,XP_056316893,96.27839536007733,2046
XP_002662532,XP_056316117,93.82151029748283,436
XP_073799686,XP_056309568,97.33333333333333,1125
NP_956801,XP_056321352,96.67519181585678,391
NP_001003753,XP_056314391,92.43243243243244,370
NP_955956,XP_056312683,96.98492462311557,398
NP_001038834,XP_056329695,87.9245283018868,264
XP_009302544,XP_056319082,87.44434550311665,1121
XP_073810181,XP_056315799,92.70386266094421,931
XP_073788151,XP_056337428,82.3045267489712,969
XP_009291413,XP_056333364,94.7565543071161,267
NP_001373182,XP_056329177,98.0295566502463,203
XP_009295472,XP_056306326,96.32829373650108,926
XP_689494,XP_056310018,93.09210526315789,607
XP_073805283,XP_056313179,97.78761061946902,226
NP_001038732,XP_056315098,92.97520661157024,242
NP_001315077,XP_056321495,95.58823529411765,340
NP_001074100,XP_056301359,96.27906976744185,215
XP_009293386,XP_056302871,92.73170731707317,2046
XP_073798688,XP_056308228,93.15352697095436,482
XP_073789117,XP_056336924,92.86846275752774,631
NP_001155959,XP_056336924,92.86846275752774,631
NP_001002343,XP_056335464,91.80064308681672,621
XP_017213911,XP_056325430,95.76059850374065,401
XP_073800483,XP_056309394,96.9047619047619,420
NP_001313647,XP_056318929,96.93251533742331,163
XP_001344126,XP_056328376,93.2394366197183,355
XP_073788171,XP_056337428,84.04255319148936,940
XP_073788170,XP_056337428,84.04255319148936,940
NP_001002122,XP_056315994,93.28358208955224,402
XP_696773,XP_056336548,97.06959706959707,273
XP_073800369,XP_056309239,92.97423887587821,427
XP_697468,XP_056323589,96.86411149825784,574
XP_005163269,XP_056308253,96.875,224
XP_009301640,XP_056317883,97.10610932475885,311
NP_001107062,XP_056320886,94.05204460966543,268
XP_005165179,XP_056313637,93.57142857142857,280
XP_073805462,XP_056306530,93.23843416370107,281
NP_001252536,XP_056307291,97.1311475409836,244
NP_001017763,XP_056308297,95.11278195488721,532
NP_001025446,XP_056337612,98.41269841269842,126
XP_073808186,XP_056313563,92.03539823008849,904
NP_001070739,XP_056314093,96.25360230547551,347
NP_001035011,XP_056328561,97.37373737373737,495
NP_001036213,XP_056303695,96.73913043478261,184
XP_021328841,XP_056309113,96.05633802816901,355
NP_998083,XP_056319357,97.57785467128028,289
NP_001017776,XP_056302667,96.65071770334929,209
XP_073799678,XP_056309292,93.80165289256199,484
XP_005173217,XP_056328348,94.71428571428571,700
XP_005160202,XP_056312428,91.92139737991266,458
XP_073785397,XP_056334011,92.71255060728745,741
NP_001373205,XP_056328704,94.06392694063926,219
NP_001017786,XP_056310186,91.95402298850574,609
XP_021326136,XP_056307403,97.23404255319149,470
XP_073808513,XP_056315644,93.61702127659575,188
XP_005172154,XP_056316419,96.00570613409415,701
NP_001096668,XP_056335095,93.64069952305246,627
NP_001313648,XP_056318936,96.07843137254902,102
XP_683309,XP_056309383,87.35440931780366,601
NP_001103871,XP_056315859,95.57739557739558,407
NP_001373248,XP_056322274,95.1923076923077,104
XP_693491,XP_056301249,97.98994974874371,199
XP_009302520,XP_056319228,94.16243654822335,394
XP_073794349,XP_056305507,96.44268774703558,253
NP_001318129,XP_056305119,94.18604651162791,516
XP_021332887,XP_056316174,91.796875,512
XP_009290791,XP_056330845,93.93282773564464,921
NP_001005988,XP_056316273,97.09677419354838,310
NP_001005988,XP_056316274,97.09677419354838,310
XP_005170607,XP_056304082,93.67469879518072,332
XP_009291852,XP_056334951,90.71117561683599,689
XP_021326091,XP_056309213,97.10144927536231,276
XP_073796503,XP_056306722,95.81673306772909,502
XP_073796504,XP_056306721,95.81673306772909,502
NP_957075,XP_056318995,97.15536105032822,457
NP_001091730,XP_056313902,93.73297002724796,367
NP_571139,XP_056304916,93.99141630901288,233
XP_005161976,XP_056304917,93.99141630901288,233
XP_009289277,XP_056328560,96.76767676767676,495
NP_956369,XP_056309126,94.91017964071857,334
NP_001315622,XP_056318837,91.74041297935104,339
NP_957145,XP_056315297,96.1038961038961,308
NP_001018462,XP_056302703,97.64397905759162,382
XP_021334793,XP_056323581,97.3913043478261,115
XP_017209063,XP_056306012,92.71948608137045,463
XP_017212638,XP_056318426,94.98910675381264,459
NP_001313511,XP_056315059,92.13836477987421,318
NP_001002218,XP_056309139,95.4054054054054,370
NP_001006006,XP_056326028,96.16519174041298,339
XP_005157914,XP_056331053,93.58208955223881,670
NP_001009918,XP_056306401,92.67352185089975,777
XP_073808166,XP_056313484,97.57869249394673,2046
XP_073786341,XP_056333998,91.64810690423162,888
NP_957082,XP_056312819,98.42271293375394,317
XP_005159014,XP_056332670,94.61883408071749,223
XP_021322044,XP_056330463,87.37864077669903,1648
XP_005155462,XP_056322293,94.85714285714286,525
NP_001002430,XP_056329927,95.64356435643565,505
XP_073785574,XP_056334845,98.5874330248417,2046
XP_001333235,XP_056336210,93.27485380116958,342
XP_009296422,XP_056323017,96.49923896499239,657
NP_957061,XP_056329597,98.21428571428571,168
XP_073797019,XP_056306835,94.74548440065682,609
NP_001265531,XP_056337693,92.61363636363636,528
NP_001013287,XP_056316758,94.90586932447397,903
XP_021327596,XP_056317483,97.97297297297297,444
XP_005162247,XP_056304857,96.48531535869041,2046
XP_073791602,XP_056324992,94.28571428571429,560
XP_073806043,XP_056313638,94.16342412451363,257
XP_073806043,XP_056313640,94.16342412451363,257
NP_001038357,XP_056335909,92.0997920997921,481
XP_005173239,XP_056328263,76.1791329204383,2046
XP_017208065,XP_056328120,95.49248747913188,599
XP_009298154,XP_056310362,96.08247422680412,485
XP_009302825,XP_056320940,98.78286270691333,2046
XP_073786287,XP_056334802,94.65648854961832,917
XP_021327347,XP_056314158,96.55688622754491,668
XP_073791216,XP_056302414,96.7032967032967,455
XP_073788354,XP_056301575,92.67241379310344,696
XP_073785221,XP_056333872,96.56160458452722,349
NP_001007315,XP_056332185,95.23809523809524,378
XP_073798610,XP_056308288,97.10144927536231,1034
XP_073809510,XP_056315610,94.28969359331477,718
XP_009294522,XP_056304205,95.18867924528301,1060
XP_003200424,XP_056332814,94.65478841870824,898
XP_005168471,XP_056329368,94.23791821561338,538
NP_998304,XP_056312697,97.61904761904762,210
NP_001014323,XP_056308250,98.20717131474103,502
XP_073808927,XP_056313249,96.04904632152588,733
XP_005160189,XP_056312467,95.40581929555896,653
NP_001373560,XP_056306673,95.94594594594595,222
NP_998248,XP_056314587,97.12230215827338,278
NP_001315523,XP_056323750,95.625,320
XP_073785661,XP_056334559,94.48669201520913,526
XP_073809358,XP_056316337,95.47169811320755,530
XP_073809367,XP_056316337,95.47169811320755,530
XP_005166119,XP_056316337,95.47169811320755,530
XP_073809391,XP_056316338,95.47169811320755,530
XP_073809379,XP_056316338,95.47169811320755,530
XP_073809355,XP_056316337,95.47169811320755,530
XP_073786524,XP_056336246,90.56068133427964,1397
XP_073786524,XP_056336245,90.56068133427964,1397
XP_073786524,XP_056336244,90.56068133427964,1397
XP_009305755,XP_056327080,95.66787003610108,554
NP_001005592,XP_056319280,98.14814814814815,108
NP_001070800,XP_056318840,94.80286738351255,558
XP_009295491,XP_056306345,94.12878787878788,1055
XP_021328883,XP_056332918,93.50348027842227,861
XP_001332484,XP_056307781,91.23841617523168,1164
XP_073786428,XP_056334019,95.75289575289575,259
XP_005173827,XP_056335938,97.15099715099716,351
XP_073809525,XP_056315131,96.8,125
XP_073809525,XP_056315132,96.8,125
NP_997784,XP_056334795,96.91629955947137,227
NP_001070809,XP_056324086,94.94949494949495,396
XP_005164005,XP_056309502,98.65771812080537,149
XP_005164005,XP_056309503,98.65771812080537,149
NP_001155959,XP_056336925,96.54036243822075,607
XP_009293301,XP_056336925,96.54036243822075,607
XP_005165978,XP_056315935,98.59154929577464,213
NP_001108048,XP_056303849,92.14402618657938,611
NP_001104657,XP_056327080,95.48736462093864,554
XP_073793080,XP_056303314,97.82496116002072,1928
XP_021323777,XP_056335206,96.8415937803693,2046
NP_001410864,XP_056324733,96.59574468085107,470
NP_998461,XP_056310263,95.85253456221199,217
XP_005164822,XP_056311047,95.89442815249267,341
XP_001337612,XP_056329432,91.95652173913044,920
XP_009303464,XP_056322126,94.64882943143813,299
NP_999902,XP_056324655,96.64804469273743,358
NP_001018504,XP_056307271,95.05494505494505,182
NP_956596,XP_056337303,93.23308270676692,266
NP_997905,XP_056335617,94.01330376940133,451
NP_001002684,XP_056303111,96.37305699481865,579
XP_073807894,XP_056313187,93.41692789968653,955
NP_001013318,XP_056318703,94.12587412587412,715
NP_001243709,XP_056332469,95.93114241001565,639
XP_021333890,XP_056319394,95.3405017921147,558
NP_001373169,XP_056303060,94.58413926499033,517
XP_073790877,XP_056302939,94.2367601246106,641
XP_073806134,XP_056314262,95.38461538461539,325
NP_001275592,XP_056302153,96.31336405529954,217
XP_021335796,XP_056324966,93.3389544688027,1179
NP_957434,XP_056323778,94.71624266144813,511
XP_005165223,XP_056313725,95.16129032258064,992
NP_001002592,XP_056322963,96.89922480620154,258
XP_021330990,XP_056311385,91.32507149666348,1044
NP_001035185,XP_056335084,96.13733905579399,233
NP_001304693,XP_056301305,94.9748743718593,398
XP_009304516,XP_056323673,94.51476793248945,237
XP_685049,XP_056304696,95.94843462246777,1086
NP_956095,XP_056307993,96.40718562874251,334
NP_001348443,XP_056318317,95.85687382297552,531
NP_998445,XP_056314754,96.56019656019656,407
XP_005167328,XP_056319159,95.31996179560649,1047
XP_073796694,XP_056306150,93.48017621145374,1131
NP_991274,XP_056303705,95.77464788732394,355
XP_005170948,XP_056315463,96.66666666666667,480
XP_003200756,XP_056301471,95.15885022692889,661
XP_017208279,XP_056301910,87.8048780487805,2046
NP_001122292,XP_056327283,97.01834862385321,436
NP_001108040,XP_056324018,96.21621621621621,185
NP_956669,XP_056315807,97.44680851063829,235
XP_689465,XP_056303309,93.8506588579795,683
NP_571108,XP_056312823,98.2078853046595,279
XP_073787288,XP_056336498,94.24860853432283,539
XP_005158581,XP_056332950,97.4512743628186,667
XP_009292113,XP_056308632,95.30201342281879,596
XP_009295234,XP_056304828,96.94835680751174,426
XP_073787871,XP_056301943,94.96855345911949,795
NP_001103597,XP_056305785,97.43589743589743,234
XP_073809201,XP_056315563,95.43010752688173,372
XP_073790728,XP_056302703,97.64397905759162,382
XP_073808082,XP_056312816,96.33507853403141,191
XP_021328768,XP_056332350,98.7012987012987,308
XP_073790762,XP_056302983,97.97979797979798,99
XP_073790761,XP_056302982,97.97979797979798,99
NP_001333080,XP_056311537,96.53524492234169,837
NP_001025142,XP_056332290,98.57142857142857,210
NP_001074083,XP_056316572,98.95833333333333,192
NP_956085,XP_056306904,97.82270606531881,643
XP_073800481,XP_056309389,97.3568281938326,454
XP_017214016,XP_056325246,92.46987951807229,996
XP_021322905,XP_056332746,95.5659276546091,857
NP_001012312,XP_056302319,98.35390946502058,729
XP_073785016,XP_056334504,95.07575757575758,528
NP_991148,XP_056313822,95.94594594594595,296
XP_009301762,XP_056318926,94.6927374301676,358
XP_073796695,XP_056306150,93.3920704845815,1130
XP_021332547,XP_056312892,95.61933534743203,662
NP_001116722,XP_056316007,97.2318339100346,578
NP_956732,XP_056336837,97.5346687211094,649
XP_692939,XP_056325147,95.6989247311828,1023
XP_009304046,XP_056323833,97.44897959183673,196
XP_002660750,XP_056328721,95.7516339869281,306
XP_073805396,XP_056308926,94.18604651162791,601
XP_009305510,XP_056326827,96.27659574468085,564
XP_017209214,XP_056305669,91.39784946236558,837
XP_021329266,XP_056305228,95.11834319526628,673
XP_005166542,XP_056318000,93.32048811817597,1548
XP_005172311,XP_056318786,96.28252788104089,538
XP_005162523,XP_056319131,93.53448275862068,695
XP_005156580,XP_056327118,96.40625,640
NP_001038288,XP_056336368,94.72140762463343,341
XP_699919,XP_056319548,96.19047619047619,630
XP_073796273,XP_056315218,97.95918367346938,294
XP_009300272,XP_056314768,94.47236180904522,1390
NP_957500,XP_056326541,97.74436090225564,399
XP_073794535,XP_056306012,93.11827956989248,461
NP_001004580,XP_056336010,92.87469287469287,407
XP_021326390,XP_056309655,94.28129829984545,1289
NP_001073486,XP_056317384,97.40791268758527,733
NP_001070769,XP_056305085,95.40229885057471,522
XP_017207509,XP_056334003,80.65447545717035,2046
XP_073787024,XP_056335898,94.0754039497307,557
NP_001038822,XP_056326802,97.61904761904762,126
XP_073806755,XP_056313565,95.99383667180277,649
NP_001070053,XP_056318289,95.58823529411765,204
XP_005171500,XP_056324211,93.75,351
XP_073805215,XP_056317862,95.79967689822294,619
XP_073797888,XP_056307762,93.45549738219896,382
NP_001417870,XP_056304952,97.00996677740864,301
NP_001417870,XP_056304951,97.00996677740864,301
XP_073808782,XP_056315620,96.13356766256591,569
XP_073808778,XP_056315620,96.13356766256591,569
XP_005167220,XP_056319408,93.95061728395062,810
XP_021326390,XP_056309654,94.2084942084942,1290
NP_001107071,XP_056325494,93.83983572895278,486
NP_001020663,XP_056337464,95.02688172043011,744
XP_021332756,XP_056314996,96.94189602446484,327
NP_001373526,XP_056305849,97.67441860465117,172
XP_073809027,XP_056316531,97.44214372716199,821
XP_005173186,XP_056328276,97.14912280701755,912
NP_571667,XP_056329961,96.0122699386503,326
XP_073801716,XP_056311218,95.06531204644412,689
NP_001001838,XP_056306884,95.5,600
XP_009292403,XP_056336215,95.88014981273409,267
NP_001025246,XP_056309654,94.28571428571429,1290
XP_021323655,XP_056336432,99.36908517350157,317
XP_073801853,XP_056312286,94.27890345649583,839
NP_571201,XP_056320643,97.32824427480917,262
NP_001352516,XP_056314739,94.28942245295262,1536
XP_021334491,XP_056332103,95.74105621805792,587
XP_073809680,XP_056315372,93.48837209302326,860
XP_021325872,XP_056306246,88.6509635974304,1859
XP_021333706,XP_056318333,96.46772228989038,821
XP_073807896,XP_056313177,90.875,794
XP_073806727,XP_056313990,97.50346740638003,721
XP_073806730,XP_056313989,97.50346740638003,721
XP_073806728,XP_056313990,97.50346740638003,721
XP_002667042,XP_056308827,98.65771812080537,149
XP_005164012,XP_056309513,97.19887955182072,357
XP_068069081,XP_056326508,93.14079422382672,831
XP_017210021,XP_056309878,92.23300970873787,206
NP_998193,XP_056309357,98.55072463768116,138
XP_005171209,XP_056327465,98.56115107913669,139
NP_001038525,XP_056335830,96.90265486725664,226
XP_073798835,XP_056307712,95.45454545454545,396
XP_073797505,XP_056306678,94.83985765124555,562
NP_001003988,XP_056331651,96.27831715210355,618
XP_073808682,XP_056315355,97.75561097256858,401
XP_073796483,XP_056306770,97.54464285714286,448
NP_001124143,XP_056301393,93.76854599406528,337
XP_073793089,XP_056303314,98.02802283341983,1924
XP_073793078,XP_056303314,97.9296066252588,1932
XP_073793083,XP_056303314,98.1318111053451,1926
NP_001018145,XP_056309109,95.50898203592814,1000
NP_001002358,XP_056335513,95.28089887640449,445
NP_001002617,XP_056311742,97.15302491103203,281
XP_073797828,XP_056307943,98.48628192999054,1057
XP_021325399,XP_056305029,94.8473282442748,524
NP_001074134,XP_056332953,96.73913043478261,644
NP_956726,XP_056305758,94.37125748502994,835
NP_001107919,XP_056321239,93.4878587196468,1810
NP_001018165,XP_056313385,96.22641509433963,424
XP_021323796,XP_056335998,97.28813559322033,590
XP_073801982,XP_056311541,97.07207207207207,444
XP_073801492,XP_056311486,94.59119496855345,795
XP_005158638,XP_056332444,94.54949944382648,1798
NP_001038816,XP_056323078,98.39357429718875,249
XP_021330924,XP_056311631,90.35087719298245,1480
XP_005159745,XP_056335598,97.04595185995623,911
NP_001002712,XP_056326363,98.1981981981982,111
XP_003198149,XP_056309315,97.15447154471545,492
NP_957262,XP_056309046,96.09375,128
XP_073788901,XP_056337040,95.23052464228935,1257
NP_001099066,XP_056315035,95.6989247311828,186
NP_001002435,XP_056319108,97.72727272727273,264
XP_073801614,XP_056311342,97.59615384615384,416
NP_991151,XP_056323519,96.58385093167702,322
NP_932335,XP_056321906,94.4954128440367,327
XP_005158499,XP_056330735,95.81497797356828,454
XP_005169484,XP_056325573,94.66292134831461,712
XP_073788980,XP_056337417,95.73863636363636,352
NP_998538,XP_056312435,96.26168224299066,321
XP_073801484,XP_056312658,95.58652729384437,860
XP_073793724,XP_056304174,92.33409610983982,874
XP_694757,XP_056333214,97.9253112033195,482
NP_998318,XP_056304976,95.58359621451105,317
XP_073799689,XP_056309849,97.29166666666667,480
NP_001073502,XP_056312859,98.94736842105263,95
XP_073789157,XP_056301265,97.22222222222223,540
XP_005157361,XP_056327882,97.07792207792208,924
XP_073789167,XP_056301265,97.22222222222223,540
NP_001410760,XP_056317860,97.80701754385964,228
XP_073795554,XP_056305438,95.91836734693878,490
NP_001411420,XP_056330287,96.42857142857143,84
NP_001082792,XP_056324103,97.63313609467455,338
NP_001124067,XP_056336857,92.46344206974128,889
XP_688031,XP_056337173,98.11866859623734,691
XP_021334932,XP_056322210,95.49319727891157,1176
NP_001315623,XP_056313215,95.83789704271632,913
NP_991258,XP_056329424,96.56488549618321,260
NP_001107081,XP_056320385,96.56652360515021,233
XP_073794629,XP_056305726,97.23435225618631,687
XP_005159177,XP_056334671,96.32352941176471,408
XP_001342267,XP_056334682,95.38904899135447,347
NP_001137390,XP_056316546,98.32810867293625,957
XP_073795522,XP_056304920,96.82539682539682,504
XP_017214324,XP_056326799,97.23435225618631,687
XP_005159810,XP_056335055,92.83489096573209,642
XP_690320,XP_056334640,96.3302752293578,545
XP_005167828,XP_056321398,94.6518668012109,991
NP_001313321,XP_056304148,96.79802955665025,406
XP_005156008,XP_056324368,96.89922480620154,387
XP_005162451,XP_056305567,95.47079856972586,839
NP_999980,XP_056335117,96.48127128263337,880
XP_005158123,XP_056331976,96.3265306122449,490
NP_001082887,XP_056323491,95.71734475374733,467
XP_707353,XP_056332442,98.3177570093458,1069
NP_001314865,XP_056333601,98.13664596273291,322
XP_073792677,XP_056303996,98.84057971014492,345
XP_073801266,XP_056318082,98.84726224783861,1041
XP_005164223,XP_056309998,93.41590612777054,1533
NP_001018495,XP_056337496,94.84083424807903,911
XP_005160101,XP_056312659,95.83843329253367,817
XP_005160100,XP_056312663,95.83843329253367,817
XP_073801544,XP_056312660,95.83843329253367,817
XP_005160101,XP_056312660,95.83843329253367,817
XP_021323778,XP_056335206,96.7930029154519,2046
NP_001314688,XP_056320055,91.40926640926641,2046
XP_005171651,XP_056309314,97.15447154471545,491
XP_692102,XP_056330333,91.11617312072893,878
XP_017207523,XP_056334035,98.34024896265561,241
NP_001007452,XP_056327504,96.42857142857143,532
XP_001919896,XP_056325680,96.10655737704919,488
NP_956853,XP_056322047,97.95918367346938,392
XP_073797459,XP_056306385,93.1533269045323,2046
XP_009303363,XP_056322888,93.58730158730158,1573
XP_073809315,XP_056315345,92.26890756302521,595
NP_001245153,XP_056325359,97.69911504424779,565
XP_001340709,XP_056303516,98.44559585492227,193
NP_001315484,XP_056320052,97.32313575525812,523
XP_005169569,XP_056327141,97.76536312849161,537
XP_021336696,XP_056327852,96.23733719247467,690
XP_005169468,XP_056324101,96.89608636977059,739
XP_073785592,XP_056334851,99.26686217008798,2046
XP_005155626,XP_056322953,96.21542940320234,687
NP_001002703,XP_056313400,98.10126582278481,158
XP_005170009,XP_056334563,95.44863459037711,769
XP_073806015,XP_056313341,97.22222222222223,504
NP_001032892,XP_056306521,98.02631578947368,152
NP_001093454,XP_056323406,95.04741833508957,948
XP_009300512,XP_056315641,95.18213866039953,847
XP_001919144,XP_056314254,90.62196307094267,2046
NP_001002476,XP_056305983,96.72897196261682,214
XP_073794532,XP_056306009,95.5032119914347,463
NP_001020351,XP_056317819,96.62921348314607,267
XP_073801588,XP_056312659,95.71603427172583,817
XP_001921072,XP_056318046,90.87870105062082,2046
XP_009304311,XP_056324174,97.76286353467562,447
XP_017211729,XP_056313525,93.2395889670092,1848
NP_001018871,XP_056322233,93.73040752351098,957
NP_001032201,XP_056322648,95.98214285714286,224
XP_009296056,XP_056307728,98.48484848484848,132
NP_001077334,XP_056337545,96.21409921671018,766
XP_021336036,XP_056324891,96.51293588301462,889
XP_005158608,XP_056332431,95.90062111801242,805
XP_073802574,XP_056311921,95.8756724447101,1672
NP_001242932,XP_056332335,97.73584905660377,265
NP_001025312,XP_056311748,97.12918660287082,209
XP_683261,XP_056325820,96.08391608391608,714
XP_021327608,XP_056317503,96.35922330097087,2046
NP_001121859,XP_056316725,94.26751592356688,314
XP_001336283,XP_056304953,92.88079470198676,1208
XP_021327557,XP_056317166,96.52777777777777,571
XP_017207446,XP_056334844,98.5874330248417,2046
NP_998181,XP_056306527,98.01488833746899,403
NP_957120,XP_056308709,98.75,320
XP_005159264,XP_056334420,94.75218658892128,1028
XP_005170233,XP_056301295,95.49549549549549,444
XP_001341616,XP_056305319,96.7479674796748,369
XP_005167050,XP_056319638,94.94007989347537,1500
XP_696266,XP_056331943,96.99863574351978,733
NP_001315314,XP_056312534,96.30390143737166,974
XP_005159824,XP_056335444,98.34983498349835,303
XP_021336036,XP_056324889,96.40449438202248,890
NP_001340792,XP_056331842,93.36734693877551,1371
NP_001157369,XP_056306137,98.13953488372093,215
NP_001138287,XP_056334681,98.1859410430839,441
XP_021330694,XP_056312657,95.58652729384437,861
XP_005160148,XP_056312560,98.11827956989248,372
XP_009304973,XP_056325024,95.23346303501945,2046
NP_001006018,XP_056335020,97.51243781094527,201
XP_005171244,XP_056327630,94.67723669309173,879
NP_001091651,XP_056325699,96.0539979231568,963
NP_001093507,XP_056313339,98.83040935672514,342
XP_017208482,XP_056303118,88.37962962962963,2046
XP_009297712,XP_056309491,93.74456993918332,1146
XP_005156878,XP_056326244,96.85534591194968,477
XP_073801300,XP_056310378,91.85033316248078,1951
NP_001154983,XP_056314454,96.44405897658282,1153
XP_073786980,XP_056335257,96.79611650485437,2046
XP_021334005,XP_056334691,96.0,650
NP_001076324,XP_056328924,95.81395348837209,430
XP_005159573,XP_056335906,95.18518518518519,540
XP_689880,XP_056326837,96.95652173913044,460
XP_009302707,XP_056320650,94.56440804169769,1335
NP_001121710,XP_056331601,96.88473520249221,321
NP_001422880,XP_056318256,97.24896836313617,727
NP_571230,XP_056330760,97.98270893371757,347
XP_073805687,XP_056314065,95.06493506493507,385
XP_073807070,XP_056314462,96.80555555555556,720
NP_001041532,XP_056314462,96.38888888888889,720
XP_009303367,XP_056322892,93.71354504212573,1541
NP_001103413,XP_056334382,96.5311004784689,836
XP_073798545,XP_056307845,97.12,625
XP_073796097,XP_056306399,93.44,625
XP_073792899,XP_056303759,97.61904761904762,966
NP_001071032,XP_056304913,97.64521193092622,637
XP_073796933,XP_056306532,94.9064449064449,960
NP_001352362,XP_056319923,97.32888146911519,1198
NP_001002863,XP_056325421,97.375,800
NP_956114,XP_056326284,98.2690794649882,1271
NP_001002354,XP_056336954,98.05825242718447,309
NP_001003559,XP_056335618,96.89578713968957,451
XP_005158216,XP_056330821,96.49334945586457,827
XP_021326189,XP_056308258,93.79799173065564,1691
XP_073785585,XP_056334849,98.5874330248417,2046
XP_005156576,XP_056326750,97.44680851063829,235
NP_001189455,XP_056336364,97.58620689655173,580
NP_997919,XP_056325682,96.98275862068965,696
NP_001032313,XP_056311766,90.86509376890503,1651
NP_001076402,XP_056326548,97.97979797979798,99
NP_957370,XP_056314706,94.80314960629921,635
XP_073795664,XP_056304748,96.60377358490567,1060
XP_017214027,XP_056324835,96.13733905579399,233
NP_001035400,XP_056323593,93.29388560157791,507
XP_005166175,XP_056316327,96.16801768607222,1356
XP_073802106,XP_056311962,95.75471698113208,212
NP_001230108,XP_056308689,98.91891891891892,185
XP_073795624,XP_056305413,95.53219448094612,761
NP_001077312,XP_056324656,98.48484848484848,264
NP_001003869,XP_056326842,93.54005167958657,387
NP_571885,XP_056315715,95.43147208121827,394
XP_021326900,XP_056313240,96.71484888304862,761
XP_005156871,XP_056326756,94.12416851441242,897
NP_001139043,XP_056326959,97.3621103117506,417
XP_686699,XP_056320721,95.57344064386318,497
XP_017209571,XP_056307756,97.22222222222223,468
XP_073798876,XP_056307695,97.30423620025674,778
XP_021327362,XP_056313034,97.34042553191489,376
XP_021322895,XP_056332607,97.92626728110599,434
NP_001004549,XP_056322623,98.64864864864865,518
XP_073786282,XP_056334760,96.04863221884499,329
NP_001152786,XP_056317527,94.58388375165126,756
XP_005157788,XP_056329667,98.06763285024155,207
XP_073802790,XP_056311774,98.9821882951654,393
XP_073802789,XP_056311773,98.9821882951654,393
NP_957367,XP_056313899,99.29577464788733,142
XP_073801301,XP_056310378,90.73417721518987,1959
NP_001313637,XP_056323343,98.34024896265561,241
NP_001077325,XP_056320492,95.02427184466019,824
NP_001007183,XP_056321781,98.33333333333333,300
NP_001139055,XP_056326516,95.4356846473029,482
XP_017209396,XP_056306149,93.04123711340206,1161
XP_005159677,XP_056336032,97.56722151088348,781
XP_073785353,XP_056334903,94.92957746478874,1063
NP_001177735,XP_056302442,96.42857142857143,56
NP_001119905,XP_056321101,96.21848739495799,952
NP_001074138,XP_056323955,97.34789391575663,641
XP_009298015,XP_056310199,95.6896551724138,928
NP_001071261,XP_056309997,96.37561779242175,607
XP_009299408,XP_056312789,97.88079470198676,755
NP_999936,XP_056318175,98.03921568627452,306
XP_021334645,XP_056321386,97.35642661804923,1097
NP_001159805,XP_056306115,97.94871794871794,390
XP_073786739,XP_056335626,96.87137891077636,861
NP_001074162,XP_056302142,95.83333333333333,264
NP_001007416,XP_056328971,96.95945945945945,592
NP_998290,XP_056316139,98.36512261580381,367
XP_009296395,XP_056329610,96.240234375,2046
XP_021330747,XP_056311127,97.7815699658703,585
XP_009300150,XP_056314578,93.94856278366112,661
XP_021326183,XP_056307555,94.79015918958032,691
NP_955965,XP_056334798,98.932384341637,281
XP_073804994,XP_056319650,97.11751662971176,451
NP_571678,XP_056319613,97.11751662971176,451
NP_001108195,XP_056322158,97.33840304182509,263
NP_001307335,XP_056309839,98.4375,192
XP_009295317,XP_056305834,97.71309771309771,481
NP_956858,XP_056302355,98.16272965879266,381
XP_005155714,XP_056324503,98.80597014925372,335
XP_073798863,XP_056307690,97.352587244284,830
XP_073794750,XP_056305989,96.98113207547169,265
NP_956747,XP_056326662,97.28813559322033,295
XP_021329454,XP_056306192,95.5846279640229,1223
NP_001417993,XP_056327316,97.10344827586206,725
XP_073799567,XP_056308741,96.875,128
NP_001231707,XP_056312722,96.0,500
XP_005158588,XP_056333525,96.54631083202511,1274
NP_001074457,XP_056327852,96.52677279305354,690
XP_073794760,XP_056305990,96.96969696969697,264
XP_005169866,XP_056332382,89.03256704980843,2046
XP_021333602,XP_056317799,98.17073170731707,492
XP_005169081,XP_056317801,98.17073170731707,492
NP_956161,XP_056309528,97.54098360655738,488
NP_571055,XP_056321164,98.41628959276018,442
NP_991135,XP_056310371,97.24770642201835,109
XP_005172631,XP_056323402,97.01492537313433,335
XP_005157191,XP_056328922,93.58974358974359,1560
XP_005162546,XP_056307045,98.3640081799591,488
NP_001003991,XP_056322661,97.7124183006536,306
XP_021333121,XP_056316863,97.50889679715303,280
XP_005167977,XP_056321845,98.32134292565948,834
NP_001313335,XP_056324398,97.73584905660377,265
NP_001124239,XP_056313680,98.0209545983702,859
XP_005164691,XP_056311768,97.7983777520278,863
NP_001258742,XP_056315030,94.39746300211416,946
XP_002660968,XP_056306948,97.6086956521739,920
XP_001919340,XP_056305075,97.05882352941177,1530
XP_005159136,XP_056334100,98.79227053140097,414
NP_956185,XP_056332355,94.9367088607595,630
XP_073786461,XP_056333863,93.3862433862434,1890
XP_005160006,XP_056314575,98.39449541284404,436
XP_073792822,XP_056303263,94.896331738437,626
NP_001070764,XP_056305737,97.45454545454545,275
XP_021333991,XP_056319215,94.82993197278911,735
XP_021322525,XP_056332082,96.57170449058425,2046
XP_073808101,XP_056313442,98.07846277021618,1249
XP_005166761,XP_056320044,97.51131221719457,442
XP_017209453,XP_056306592,95.42656112576957,1135
XP_021323679,XP_056336249,98.67674858223063,529
XP_021331292,XP_056310677,95.1219512195122,533
XP_003200388,XP_056332776,97.3913043478261,460
XP_073790656,XP_056301762,98.39572192513369,2046
XP_697507,XP_056322949,97.16312056737588,282
XP_009292057,XP_056334185,97.65193370165746,724
XP_073808372,XP_056313905,98.20627802690584,223
XP_021322907,XP_056333306,98.69281045751634,153
NP_001264013,XP_056322131,97.10743801652893,726
XP_005160038,XP_056313428,97.89473684210526,285
XP_005157985,XP_056331267,97.66839378238342,386
NP_001243552,XP_056331047,95.21988527724666,1043
XP_021333965,XP_056320387,98.23008849557522,113
NP_001002198,XP_056326962,99.00332225913621,602
XP_005165615,XP_056314553,97.53363228699551,446
XP_073810192,XP_056315778,96.35627530364373,1235
XP_021334325,XP_056321076,94.52343338599263,1893
XP_017208472,XP_056302841,96.02977667493796,806
NP_001269415,XP_056334602,97.4496644295302,745
XP_021327886,XP_056313974,97.73936170212765,752
XP_009298735,XP_056311409,97.60508308895406,2046
NP_001002207,XP_056307049,97.8468899521531,418
XP_005160608,XP_056337159,95.39877300613497,978
XP_009295233,XP_056304814,98.39416058394161,685
XP_073808084,XP_056313348,98.04347826086956,920
NP_001095863,XP_056301635,97.7859778597786,271
XP_691817,XP_056308211,96.2890625,512
XP_073806584,XP_056314349,98.00569800569801,351
XP_021324032,XP_056336863,96.28127112914132,1479
XP_009300877,XP_056316219,96.92435577722361,1203
XP_005170092,XP_056335883,96.20253164556962,316
XP_073795863,XP_056305823,95.32846715328468,2046
NP_001410904,XP_056327927,97.47474747474747,594
NP_571128,XP_056336912,97.3360655737705,976
NP_001006097,XP_056311820,99.05660377358491,318
XP_073801728,XP_056312003,95.23809523809524,522
XP_005174340,XP_056307689,97.47292418772564,830
NP_001076280,XP_056337181,96.16161616161617,494
XP_002660488,XP_056315670,97.22086786933204,2046
NP_999977,XP_056302736,95.34606205250597,838
XP_005159462,XP_056336398,98.19494584837545,277
XP_694459,XP_056334616,97.23076923076923,325
XP_073798034,XP_056307464,98.29545454545455,176
NP_775328,XP_056309743,99.57716701902748,473
XP_017207366,XP_056333604,94.24040066777964,1196
XP_073798722,XP_056310038,96.4458804523425,619
XP_001335682,XP_056309433,96.37865311308768,1574
XP_005169889,XP_056332606,98.64864864864865,443
XP_005155878,XP_056324513,96.33911368015414,519
XP_021326690,XP_056309897,95.374912403644,1427
XP_002663301,XP_056320541,96.06837606837607,585
XP_073807824,XP_056314854,97.12092130518234,521
XP_021328422,XP_056327752,91.2094395280236,1694
NP_001184183,XP_056306773,97.2027972027972,572
XP_073799666,XP_056309293,97.63440860215054,465
XP_073792359,XP_056303836,97.57412398921834,371
XP_073797374,XP_056309704,96.3882618510158,443
NP_001002121,XP_056317894,98.60834990059642,503
NP_001410713,XP_056307520,93.21223709369025,2046
XP_073790447,XP_056301890,98.78048780487805,164
XP_073802134,XP_056311250,97.21577726218098,431
NP_001032448,XP_056305396,97.0873786407767,515
XP_021325652,XP_056304639,95.458984375,2046
XP_073806657,XP_056313418,93.4487021013597,808
XP_073806660,XP_056313418,93.4487021013597,808
XP_073798670,XP_056309334,95.64270152505446,1836
XP_002667698,XP_056303822,94.96855345911949,318
XP_002667698,XP_056303821,94.96855345911949,318
XP_017212723,XP_056318302,94.1866145578896,2046
XP_005157638,XP_056330244,96.5034965034965,429
XP_021333497,XP_056317420,98.46977811782709,1307
NP_001189424,XP_056328172,94.23929098966026,677
XP_073808687,XP_056316131,98.49056603773585,795
XP_073797328,XP_056307115,98.43937575030012,833
NP_956747,XP_056326663,98.62542955326461,291
NP_001002215,XP_056311824,97.36842105263158,152
XP_005169998,XP_056334885,96.70886075949367,395
XP_073789086,XP_056337689,98.14432989690722,485
XP_009303960,XP_056323170,98.01699716713881,353
XP_002666176,XP_056304090,96.35416666666667,192
NP_001157467,XP_056322057,98.21428571428571,224
XP_005173263,XP_056328367,97.87234042553192,282
XP_021326394,XP_056308263,96.40287769784173,417
NP_991132,XP_056301348,97.13467048710602,349
NP_001296364,XP_056334536,98.20261437908496,612
XP_005164077,XP_056309802,96.07731665719159,1757
XP_073806659,XP_056313417,93.57231149567367,809
XP_005158632,XP_056333441,96.35157545605307,603
XP_073806286,XP_056313045,98.86363636363636,88
XP_009300470,XP_056314951,97.59825327510917,458
NP_001017572,XP_056313107,99.32203389830508,295
XP_009302699,XP_056321152,97.74590163934427,488
XP_073796175,XP_056306234,97.85647716682199,1073
XP_021335712,XP_056328975,96.95945945945945,592
XP_009302003,XP_056320108,97.20101781170483,1179
NP_001002087,XP_056302641,96.73202614379085,459
XP_009295016,XP_056304729,96.27329192546584,1288
NP_001107095,XP_056319278,97.35099337748345,151
NP_998603,XP_056303978,98.24561403508773,627
XP_691507,XP_056324879,95.18900343642612,582
NP_001265751,XP_056329328,97.06546275395034,442
XP_073808928,XP_056316391,98.73264936632468,1657
XP_005164803,XP_056311600,97.50692520775624,1083
NP_001076420,XP_056333827,98.0952380952381,420
XP_073791986,XP_056302723,98.81889763779527,254
XP_073791982,XP_056302722,98.81889763779527,254
XP_073791990,XP_056302722,98.81889763779527,254
NP_001188290,XP_056317924,98.37662337662337,616
XP_005164077,XP_056309800,96.02272727272727,1757
XP_005171501,XP_056301248,93.98663697104676,1347
XP_003200727,XP_056336942,92.96833064949007,1856
XP_002666963,XP_056307889,95.60185185185185,432
NP_001082836,XP_056336047,95.45454545454545,967
NP_001032894,XP_056309613,97.3568281938326,908
XP_073802746,XP_056312136,98.11643835616438,584
NP_001006061,XP_056307415,93.01675977653632,358
XP_017214478,XP_056328575,98.80952380952381,252
XP_073797506,XP_056309405,96.12068965517241,232
XP_021323439,XP_056323470,95.33582089552239,536
NP_957020,XP_056337216,98.17351598173516,219
NP_001038217,XP_056317997,96.49446494464945,542
NP_001083009,XP_056320755,96.90721649484536,582
XP_021336032,XP_056326125,98.76923076923077,650
XP_005172456,XP_056318483,99.19354838709677,124
NP_001373497,XP_056307389,99.19354838709677,124
XP_694888,XP_056309338,97.0414201183432,1014
XP_009304978,XP_056325249,95.94320486815415,986
NP_001020707,XP_056332065,99.09502262443439,221
XP_005160577,XP_056337748,98.51116625310173,806
NP_001124269,XP_056303046,95.6656346749226,323
XP_017212769,XP_056319610,98.26498422712933,634
XP_073802021,XP_056311816,98.9247311827957,186
NP_001313410,XP_056314230,97.27126805778491,623
NP_878276,XP_056331548,98.58490566037736,212
XP_073801093,XP_056314555,98.62385321100918,436
XP_073806156,XP_056314704,96.18441971383147,629
XP_073805498,XP_056317571,97.07174231332357,683
XP_073790614,XP_056302205,97.99291617473436,847
NP_001007350,XP_056313492,97.47474747474747,396
NP_001410783,XP_056302659,95.37914691943128,844
XP_021329052,XP_056337694,97.459584295612,433
XP_005168705,XP_056314716,96.92307692307692,1560
NP_956418,XP_056335536,98.19193324061196,719
NP_001352231,XP_056324709,98.11320754716981,583
XP_073797384,XP_056309704,96.13636363636364,440
NP_571516,XP_056301798,99.26722032242306,2046
XP_021336482,XP_056326575,98.75886524822695,564
XP_017211855,XP_056314597,97.0679012345679,648
XP_073794131,XP_056305015,97.60536398467433,1044
XP_692833,XP_056301257,98.17629179331307,329
XP_073809589,XP_056315295,97.65166340508806,511
NP_001077287,XP_056314752,96.09826589595376,692
NP_001315423,XP_056322834,98.98648648648648,296
NP_001333132,XP_056324264,97.86808794137242,1501
NP_001076392,XP_056311059,98.4771573604061,788
NP_001091654,XP_056336635,93.47684279191128,1533
XP_073809710,XP_056315453,96.56050955414013,784
XP_073809712,XP_056315451,96.56050955414013,784
XP_073809711,XP_056315452,96.56050955414013,784
XP_005156286,XP_056325343,94.55587392550143,1047
XP_001339880,XP_056302845,93.61111111111111,1440
XP_009295229,XP_056304941,95.93023255813954,2046
NP_001093508,XP_056314124,98.23008849557522,904
NP_001002633,XP_056312600,97.39884393063583,346
XP_021330878,XP_056316748,98.76760563380282,568
XP_073809590,XP_056315295,97.84313725490196,510
NP_001103936,XP_056304955,97.54224270353302,651
XP_009306038,XP_056328849,98.36909871244636,1165
XP_001923418,XP_056314972,96.10894941634241,771
NP_571185,XP_056332595,98.46153846153847,260
XP_073784980,XP_056334945,98.51063829787235,468
XP_073802427,XP_056311620,97.87234042553192,470
XP_073802424,XP_056311620,97.87234042553192,470
XP_005167533,XP_056321172,97.42388758782201,427
XP_021329649,XP_056309697,97.65853658536585,2046
XP_005160218,XP_056312409,96.8342644320298,537
XP_073796866,XP_056306125,98.83833494675702,1033
XP_073791719,XP_056302573,97.19101123595506,712
XP_009297824,XP_056309620,96.80511182108626,626
XP_005163206,XP_056307458,98.87640449438203,178
XP_005158510,XP_056330596,96.69724770642202,545
XP_021336201,XP_056326446,96.75615212527964,894
NP_956142,XP_056334055,96.79075738125802,779
XP_073809708,XP_056315452,96.68789808917198,785
XP_017206869,XP_056329618,95.0,2046
NP_001002422,XP_056318790,98.21428571428571,168
NP_571136,XP_056333912,98.07445442875482,779
XP_073793741,XP_056304061,97.77015437392797,1166
XP_002666454,XP_056305979,90.5788876276958,881
XP_005166244,XP_056315822,98.96907216494846,388
XP_005167791,XP_056321482,98.2102908277405,447
NP_001006093,XP_056305835,99.29577464788733,142
XP_021328763,XP_056332681,98.31932773109244,595
NP_001303874,XP_056336544,97.75910364145658,357
XP_009300033,XP_056314363,97.72256728778468,483
XP_009300033,XP_056314362,97.72256728778468,483
XP_005164126,XP_056309653,95.77922077922078,1537
XP_005165345,XP_056314101,98.83720930232558,258
NP_001092712,XP_056310197,98.59154929577464,213
XP_073790074,XP_056301609,96.21570482497634,1052
NP_001373731,XP_056322583,98.13084112149532,214
XP_005165556,XP_056314423,97.18045112781955,532
XP_073802603,XP_056312157,96.759941089838,1357
XP_073808474,XP_056312494,98.15789473684211,380
NP_001029346,XP_056305959,97.84615384615384,325
XP_073807077,XP_056313836,97.88732394366197,568
XP_005169649,XP_056328446,98.6,500
XP_073799424,XP_056307625,97.85915492957747,1774
XP_005159829,XP_056336200,98.0,150
XP_073799539,XP_056308325,99.26470588235294,136
NP_001373716,XP_056308326,99.26470588235294,136
XP_073794152,XP_056305019,98.15455594002307,867
XP_073794151,XP_056305019,98.15455594002307,867
NP_001025339,XP_056336653,96.01366742596811,878
XP_073809035,XP_056316509,96.7280163599182,978
NP_956316,XP_056315425,98.73817034700315,317
XP_005174019,XP_056303512,98.08362369337979,574
XP_017207761,XP_056335531,96.42248722316866,1171
NP_957004,XP_056314262,99.35897435897436,312
NP_957004,XP_056314263,99.35897435897436,312
NP_001002167,XP_056335813,98.2905982905983,234
XP_021323173,XP_056333413,96.2089300758214,1187
NP_956526,XP_056330824,97.03153988868274,539
XP_021322669,XP_056330996,97.63313609467455,507
XP_073786928,XP_056335880,97.52136752136752,1170
XP_001919035,XP_056333417,96.21668099742047,1163
NP_001018426,XP_056334379,98.88888888888889,180
NP_001025233,XP_056337382,94.69586374695864,2046
NP_001018874,XP_056323550,98.17767653758543,439
XP_009300642,XP_056315803,97.34104046242774,865
NP_001020725,XP_056336785,97.16024340770791,493
NP_001186664,XP_056334196,97.42710120068611,583
NP_001303598,XP_056307553,97.31343283582089,335
NP_001313279,XP_056324353,99.3324432576769,749
XP_005160914,XP_056301508,98.71794871794872,156
NP_001092700,XP_056336059,98.24902723735408,514
XP_009294068,XP_056303347,98.12734082397004,800
NP_001314829,XP_056332774,97.88029925187033,802
NP_998105,XP_056328134,98.08259587020649,678
XP_005173309,XP_056328134,98.08259587020649,678
XP_073809567,XP_056312717,98.48648648648648,925
XP_005161742,XP_056303645,98.98477157360406,591
NP_001012505,XP_056325459,96.85990338164251,828
XP_009292801,XP_056336642,99.29577464788733,568
XP_009293518,XP_056301944,96.99604743083005,1265
NP_001002538,XP_056321826,98.83040935672514,171
NP_001124080,XP_056334482,98.29787234042553,235
NP_001309362,XP_056306417,97.04604691572546,1151
XP_009303840,XP_056323189,97.66233766233766,385
NP_001352553,XP_056312836,97.51434034416826,1046
XP_073788685,XP_056337713,97.81297134238311,1326
NP_956014,XP_056306488,98.99497487437186,199
XP_021332842,XP_056316030,96.870486278286,2046
XP_073806710,XP_056313545,99.18300653594771,612
XP_021323595,XP_056334205,97.48427672955975,794
NP_001091648,XP_056336412,96.83042789223455,631
XP_021324464,XP_056301941,96.65629860031105,1285
XP_073809589,XP_056315293,97.84735812133073,511
NP_571007,XP_056314099,98.16272965879266,381
NP_001007323,XP_056311653,97.4726200505476,1184
XP_005168788,XP_056315688,98.45528455284553,1230
XP_017213941,XP_056325460,96.73913043478261,828
NP_571063,XP_056333843,98.26989619377163,1445
XP_009305420,XP_056326484,97.88359788359789,567
XP_005166482,XP_056318859,97.63157894736842,1140
XP_005171364,XP_056334347,98.98989898989899,198
XP_001333925,XP_056324099,99.21465968586388,382
NP_001003541,XP_056305171,98.2587064676617,402
NP_991269,XP_056308647,97.10884353741497,588
XP_005162002,XP_056304854,96.76258992805755,1111
XP_017211592,XP_056314350,98.00569800569801,350
XP_009294937,XP_056304851,96.37809187279152,1131
XP_005164311,XP_056310232,97.29477611940298,1072
XP_073807229,XP_056314365,97.70833333333333,480
XP_017208322,XP_056302320,99.34426229508196,305
NP_001305057,XP_056335995,92.96531509526136,2046
XP_021323509,XP_056334372,95.86776859504133,847
NP_001116712,XP_056318222,97.94816414686825,926
XP_001345419,XP_056322142,98.15668202764977,651
XP_005162959,XP_056307191,95.07317073170732,2046
XP_009293516,XP_056301941,97.04510108864697,1286
XP_005162172,XP_056305806,98.34368530020704,483
XP_005171853,XP_056313873,97.8891820580475,1137
XP_009298848,XP_056324698,98.36601307189542,306
XP_005158335,XP_056330993,97.66536964980544,514
XP_073786690,XP_056336004,98.53658536585365,410
NP_001116766,XP_056320553,98.5553772070626,623
XP_021325835,XP_056307051,96.84684684684684,1109
NP_001313319,XP_056329861,97.67441860465117,387
XP_009298565,XP_056311632,94.27374301675978,1429
NP_922918,XP_056314547,98.00884955752213,452
NP_957330,XP_056327268,97.77777777777777,225
XP_005163449,XP_056332003,98.31158864159632,1303
XP_021322123,XP_056329212,97.05456301303718,2046
XP_005157015,XP_056327151,97.28059332509271,808
NP_001018459,XP_056305150,98.38056680161944,247
XP_009298559,XP_056311756,95.01340482573727,1865
XP_073799312,XP_056310077,97.83322390019698,1520
XP_073792773,XP_056303339,96.68911335578002,1772
XP_073807750,XP_056314782,96.54008438818565,1184
XP_073807754,XP_056314783,96.54008438818565,1184
XP_009295890,XP_056307082,97.37098344693281,1027
NP_956970,XP_056329264,97.78761061946902,452
XP_009305257,XP_056325138,98.55072463768116,690
NP_571051,XP_056325319,98.61111111111111,576
XP_005163110,XP_056307852,98.76543209876543,486
NP_001035072,XP_056309880,96.56992084432717,756
NP_001035474,XP_056331058,96.35416666666667,576
XP_009293550,XP_056303046,85.20547945205479,365
NP_001288285,XP_056331731,97.61606022584692,797
XP_073809718,XP_056315455,96.42401021711366,783
XP_005162893,XP_056306181,96.52375434530707,863
XP_005156414,XP_056324940,95.77248270561107,1301
NP_001038884,XP_056325124,98.01980198019803,606
XP_073809713,XP_056315455,96.93486590038314,783
XP_002666175,XP_056303346,98.17961165048544,823
NP_001025332,XP_056337362,96.12518628912072,1336
NP_001002746,XP_056314637,97.88434414668548,709
XP_009301715,XP_056318084,98.06451612903226,465
XP_699295,XP_056333653,98.20717131474103,502
XP_073795525,XP_056304721,97.96905222437137,1034
NP_001333081,XP_056328812,96.95290858725762,722
NP_878299,XP_056323225,99.01768172888016,509
XP_005159168,XP_056334197,97.54385964912281,570
NP_998122,XP_056328161,99.29577464788733,142
XP_073797393,XP_056309705,97.24137931034483,435
XP_073797430,XP_056309705,97.24137931034483,435
XP_009299941,XP_056314215,97.28014505893019,1103
NP_001032776,XP_056303837,97.77227722772277,404
NP_001019576,XP_056321893,98.26086956521739,230
NP_001373634,XP_056320018,98.79032258064517,744
NP_001013589,XP_056330569,99.27536231884058,276
XP_005171853,XP_056313869,98.0650835532102,1137
XP_021334623,XP_056321269,98.30508474576271,1475
XP_005170746,XP_056308352,98.65671641791045,670
XP_073796890,XP_056306128,97.65957446808511,940
XP_009296480,XP_056307416,96.88084840923268,1603
XP_005165354,XP_056314078,98.0225988700565,354
NP_998687,XP_056314077,97.74647887323944,355
XP_073788778,XP_056336759,97.71955361475013,2046
NP_001018174,XP_056327447,99.22239502332815,643
XP_021322873,XP_056333488,98.110661268556,1473
NP_001417804,XP_056322676,98.19121447028424,387
XP_009304364,XP_056323705,96.7930029154519,1714
XP_073797934,XP_056307912,97.60403530895334,793
XP_005170524,XP_056303370,97.1890372452565,1423
NP_571692,XP_056319738,98.32841691248771,1017
XP_009304049,XP_056324715,98.04791481810115,1126
XP_685212,XP_056328385,96.66160849772382,659
XP_073803043,XP_056312067,95.89867310012063,829
XP_009291105,XP_056332644,97.8088861838101,1643
XP_073793053,XP_056310321,97.86324786324786,468
XP_009294796,XP_056304574,96.6839378238342,965
XP_005157976,XP_056331922,98.39816933638444,437
XP_701004,XP_056313726,97.02048417132217,1074
XP_687246,XP_056331653,98.21882951653944,393
XP_005163095,XP_056307323,92.19892735251096,2046
XP_009296758,XP_056329888,97.78212654924984,1533
XP_009299938,XP_056314211,97.29486023444545,1109
NP_956820,XP_056321390,99.48979591836735,196
XP_002660941,XP_056336538,97.1106412966878,1419
NP_571909,XP_056320688,97.45042492917847,353
XP_017207000,XP_056331387,97.98488664987406,794
XP_009294043,XP_056303214,97.1875,640
XP_073806927,XP_056312809,96.22641509433963,530
XP_005170122,XP_056335137,98.19376026272577,608
XP_017208903,XP_056303299,96.72604718343766,2046
XP_005167631,XP_056321973,97.96954314720813,985
NP_001315147,XP_056302038,97.34693877551021,490
XP_686465,XP_056309974,97.96610169491525,590
NP_001037812,XP_056334635,96.98795180722891,497
NP_001296328,XP_056318993,98.27373612823675,811
XP_073785568,XP_056334847,98.5874330248417,2046
NP_996983,XP_056318902,98.28571428571429,175
NP_001013310,XP_056333557,98.06763285024155,414
NP_001002563,XP_056332847,99.46808510638297,188
NP_001373597,XP_056307381,99.21875,128
NP_001373597,XP_056308330,99.21875,128
XP_017209580,XP_056307915,96.09756097560975,1025
XP_005156569,XP_056326878,99.60474308300395,253
NP_001410745,XP_056316899,99.21875,128
XP_073799483,XP_056316896,99.21875,128
XP_005171231,XP_056328870,97.92746113989638,579
NP_957128,XP_056325629,97.79179810725552,317
XP_073808198,XP_056313592,85.30872959545778,1409
NP_571808,XP_056327888,98.6046511627907,215
XP_002666892,XP_056307406,95.71428571428571,1609
XP_073810615,XP_056316374,98.35390946502058,729
NP_001185672,XP_056324153,98.7012987012987,77
NP_001073638,XP_056315399,96.62045060658579,1153
NP_001299827,XP_056315438,95.9866220735786,897
XP_073807645,XP_056314598,98.28125,640
XP_017211857,XP_056314596,98.28125,640
NP_001352192,XP_056307959,99.31972789115646,147
XP_005160305,XP_056312692,96.89393939393939,1318
NP_001017750,XP_056327161,98.93899204244032,377
XP_017208125,XP_056336697,97.2936400541272,1478
XP_073790618,XP_056302766,97.48822605965464,637
XP_009293168,XP_056337535,98.49246231155779,398
XP_073806873,XP_056313900,98.73772791023843,713
XP_005172157,XP_056316429,97.53810082063306,853
XP_009294606,XP_056304113,96.32075471698113,1060
NP_001002401,XP_056335233,99.07407407407408,216
XP_005173357,XP_056328462,98.61878453038673,362
XP_021328692,XP_056330702,97.5669099756691,2046
XP_073805890,XP_056313692,97.8319783197832,369
XP_021334284,XP_056321971,98.67986798679868,303
NP_001093492,XP_056335674,98.56262833675565,487
XP_073805827,XP_056312860,98.21693907875186,673
XP_073805887,XP_056313688,97.86096256684492,374
XP_005167303,XP_056319238,98.25072886297376,343
XP_009299939,XP_056314210,97.29486023444545,1109
NP_001038838,XP_056302028,99.30555555555556,144
XP_009303436,XP_056322725,98.29787234042553,470
NP_001373597,XP_056316896,99.21875,128
XP_002664717,XP_056329503,95.1683748169839,2046
XP_005158389,XP_056330882,98.15880322209436,868
NP_957369,XP_056321297,98.66844207723035,751
XP_021332842,XP_056316031,96.49207111965401,2046
XP_073793726,XP_056304174,98.531211750306,817
XP_073805888,XP_056313688,97.59358288770053,374
NP_001157866,XP_056331565,97.009165460685,2046
XP_021324693,XP_056303050,97.48822605965464,1274
NP_001002443,XP_056323616,97.19101123595506,356
XP_073785570,XP_056334849,98.5874330248417,2046
XP_073795049,XP_056305191,98.14957594448728,1297
XP_073797104,XP_056307153,97.88519637462235,993
XP_001919229,XP_056317106,97.81931464174455,321
XP_005167910,XP_056321591,99.34065934065934,455
XP_005163199,XP_056307441,97.68835616438356,1168
NP_001186667,XP_056306565,96.8668407310705,1526
XP_009301419,XP_056317302,98.73417721518987,790
NP_001006046,XP_056326542,98.81422924901186,253
XP_073792069,XP_056302183,98.89349930843707,723
XP_073789793,XP_056301361,98.48714069591529,661
XP_017206847,XP_056332291,99.04761904761905,210
XP_021332107,XP_056313480,97.37864077669903,2046
NP_001018484,XP_056328284,98.24561403508773,342
NP_001373572,XP_056309712,97.88732394366197,994
XP_009304679,XP_056325078,98.3126110124334,1126
NP_998310,XP_056319168,98.34710743801652,242
XP_690143,XP_056321285,98.38709677419355,2046
XP_021330679,XP_056311645,98.45320959010054,1292
NP_991181,XP_056331880,98.18181818181819,275
NP_001259009,XP_056304079,97.85714285714286,420
XP_021333530,XP_056317519,98.82005899705015,678
XP_005174422,XP_056307495,98.84488448844884,606
XP_073788782,XP_056336764,97.67329132331555,2046
NP_998665,XP_056319460,97.61273209549071,377
NP_956081,XP_056334440,98.95104895104895,858
XP_005163912,XP_056309310,98.63013698630137,292
XP_073792404,XP_056309311,98.63013698630137,292
XP_073792411,XP_056309312,98.63013698630137,292
NP_571337,XP_056308164,98.9090909090909,275
XP_073786749,XP_056335452,99.13793103448276,232
XP_021324055,XP_056337747,97.61904761904762,294
XP_002660860,XP_056330777,98.18181818181819,825
XP_009292938,XP_056336870,99.30795847750865,578
XP_005163278,XP_056308337,99.19354838709677,124
XP_009302274,XP_056319589,99.0909090909091,330
XP_073809281,XP_056312751,99.1304347826087,805
NP_955924,XP_056302715,98.27089337175792,347
NP_001186030,XP_056305920,97.67441860465117,344
NP_001122233,XP_056326889,97.80775716694772,593
XP_073808308,XP_056312760,86.43919510061242,1143
NP_001001944,XP_056337407,98.00629590766002,952
XP_005163529,XP_056333826,98.85714285714286,700
XP_009289844,XP_056328973,98.41269841269842,315
XP_001920772,XP_056307479,97.80058651026393,2046
XP_005165946,XP_056316036,96.870486278286,2046
XP_005167440,XP_056319327,98.56115107913669,556
XP_686522,XP_056315499,97.0383275261324,574
NP_997893,XP_056314649,97.41641337386018,658
NP_001009916,XP_056305931,97.70114942528735,783
XP_017210771,XP_056311906,97.07057256990679,1501
NP_001003558,XP_056315411,98.44444444444444,450
XP_009293049,XP_056301321,98.68485143692158,2046
XP_005158270,XP_056331445,97.74647887323944,355
XP_005158696,XP_056333504,98.66220735785953,299
XP_697248,XP_056301645,98.96907216494846,194
XP_009305424,XP_056327185,97.97979797979798,792
XP_001922486,XP_056307506,98.81974248927038,932
XP_009301421,XP_056317307,98.71959026888604,781
XP_009290348,XP_056331159,99.15824915824916,594
XP_017211644,XP_056314220,97.53649635036497,1096
XP_009290439,XP_056330848,97.77406789092933,1797
NP_001007454,XP_056317574,98.91008174386921,367
NP_001038283,XP_056337593,99.02200488997555,409
XP_005158406,XP_056331175,98.12775330396475,908
NP_956688,XP_056313582,97.31012658227849,632
XP_699069,XP_056335411,98.64661654135338,665
NP_001017738,XP_056328580,99.51923076923077,208
NP_957219,XP_056306119,99.41002949852508,678
XP_073807099,XP_056313405,98.51485148514851,606
NP_955863,XP_056333639,99.68253968253968,315
XP_021333509,XP_056317489,99.21875,2046
NP_998046,XP_056329963,98.15242494226328,433
NP_957406,XP_056309602,98.0295566502463,203
NP_001082799,XP_056323229,98.08102345415779,469
XP_009294593,XP_056303203,98.71244635193133,932
XP_021323602,XP_056334744,97.94648413192284,1607
XP_021334299,XP_056321722,99.56772334293949,694
XP_073801321,XP_056315774,97.6824034334764,1165
NP_001038624,XP_056335506,98.50057670126874,867
XP_009289324,XP_056328792,99.04458598726114,628
XP_073797848,XP_056307418,99.13793103448276,928
XP_021326885,XP_056314497,98.3157894736842,950
NP_001232892,XP_056316901,99.21259842519684,127
NP_998576,XP_056326236,97.10526315789474,760
NP_001116722,XP_056316015,99.11816578483246,567
XP_073795974,XP_056304761,98.41089670828603,881
NP_001002726,XP_056333394,96.23992837958818,1117
XP_021323643,XP_056336438,97.84853700516351,1160
XP_073796354,XP_056307006,98.95104895104895,286
XP_073805435,XP_056318838,99.14163090128756,233
XP_009302008,XP_056320106,97.39010989010988,1456
NP_001333153,XP_056330879,95.51546391752578,1939
XP_017213029,XP_056319078,97.15210355987055,1545
XP_021331668,XP_056305491,98.56459330143541,418
NP_001005952,XP_056324718,97.9253112033195,241
NP_571048,XP_056329489,97.5583864118896,941
XP_009301954,XP_056316898,99.21875,128
XP_073787309,XP_056335192,99.12536443148689,686
XP_021334311,XP_056337440,95.91261451726568,1418
XP_021326256,XP_056308215,98.32512315270937,1015
XP_073787339,XP_056335957,98.95104895104895,286
XP_005159582,XP_056335960,98.95104895104895,286
XP_073787339,XP_056335958,98.95104895104895,286
XP_017207957,XP_056337376,98.51632047477744,337
NP_001004007,XP_056337376,98.51632047477744,337
XP_021324704,XP_056302122,97.2101133391456,1145
NP_001289171,XP_056337738,98.02281368821293,1315
NP_997870,XP_056331656,98.49946409431939,933
XP_005164167,XP_056309858,98.72881355932203,708
NP_570989,XP_056329758,98.52670349907919,543
NP_001074095,XP_056313820,99.21259842519684,762
NP_571359,XP_056333602,98.36065573770492,427
NP_571959,XP_056319456,99.28571428571429,280
XP_005169787,XP_056329162,98.5781990521327,211
XP_021335822,XP_056325411,96.10326351680467,2046
XP_005166450,XP_056317456,98.59484777517564,854
NP_958466,XP_056326616,98.55670103092784,485
NP_001002496,XP_056314478,99.49748743718592,398
XP_009292948,XP_056336763,97.86511402231926,2046
XP_021334181,XP_056320583,96.2944904924427,2046
XP_073810894,XP_056316660,98.24732229795521,1027
NP_956804,XP_056305200,99.07834101382488,651
XP_005163797,XP_056309133,98.38235294117646,680
XP_021330936,XP_056311580,98.11320754716981,371
NP_571856,XP_056316180,98.79518072289157,498
NP_958482,XP_056309180,98.73417721518987,869
XP_009304999,XP_056325409,95.94450373532551,937
XP_073798405,XP_056307355,99.10112359550561,445
NP_001014326,XP_056302597,98.43205574912892,574
NP_001103940,XP_056315988,98.5191637630662,1148
NP_001073421,XP_056327747,98.46860643185299,653
NP_001243593,XP_056307288,98.78197320341047,821
XP_021330744,XP_056311549,98.03613511390417,1273
XP_073788213,XP_056337742,98.51239669421487,605
XP_009297645,XP_056309317,98.9492119089317,1141
NP_001107092,XP_056319881,98.33531510107015,841
XP_021335251,XP_056324371,97.19942056977305,2046
XP_021324268,XP_056328352,99.11504424778761,339
XP_021332762,XP_056315738,96.92513368983957,1492
XP_021325852,XP_056306231,98.72813990461049,629
XP_021333062,XP_056318273,97.75438596491227,1425
NP_571308,XP_056324633,98.90350877192982,456
XP_009305769,XP_056326920,98.18181818181819,1540
XP_005159410,XP_056336219,99.10714285714286,448
NP_998404,XP_056324346,98.76237623762377,404
XP_005161463,XP_056302211,99.17081260364843,603
XP_691871,XP_056301814,97.73429454170957,968
XP_017213450,XP_056333308,98.11866859623734,691
XP_005170633,XP_056305332,98.59154929577464,426
XP_073791731,XP_056301744,98.81831610044313,677
XP_021322820,XP_056333394,96.32945389435989,1117
XP_009292082,XP_056333939,98.03921568627452,1071
XP_009300452,XP_056315516,96.92307692307692,1689
XP_685746,XP_056305656,98.67256637168141,452
XP_021323593,XP_056333774,97.59825327510917,916
XP_021334493,XP_056320647,98.34146341463415,1025
XP_003200233,XP_056331736,99.21875,512
XP_009292307,XP_056335196,98.95833333333333,480
XP_009296842,XP_056332889,98.62475442043223,509
XP_021333247,XP_056317774,96.2432915921288,1118
NP_958445,XP_056329281,98.01488833746899,1209
NP_775357,XP_056331184,99.2633517495396,543
NP_001076500,XP_056315575,99.05437352245863,846
XP_017206474,XP_056330044,98.46938775510205,588
NP_001122045,XP_056330526,98.3974358974359,312
XP_001921766,XP_056305744,98.69565217391305,690
NP_998525,XP_056335666,99.19168591224019,866
XP_009292082,XP_056333937,97.67441860465117,1075
XP_073786189,XP_056334332,98.40972871842844,1069
NP_001032316,XP_056322811,99.54128440366972,218
XP_009290987,XP_056302852,96.34680954700438,2046
XP_005156890,XP_056326676,98.24561403508773,342
XP_005169361,XP_056324768,98.50166481687015,1802
XP_002665057,XP_056331590,99.2063492063492,504
XP_021335841,XP_056325121,99.22630560928434,517
XP_005165243,XP_056313494,98.10964083175803,529
XP_021336126,XP_056326070,98.11529933481152,1804
XP_005155582,XP_056323077,98.8013698630137,584
NP_956829,XP_056321271,98.87005649717514,354
NP_956464,XP_056336820,98.79518072289157,415
XP_005169279,XP_056322500,99.40652818991099,337
NP_956447,XP_056315656,98.10126582278481,474
XP_009294228,XP_056303217,97.76536312849161,358
NP_705938,XP_056305454,98.9795918367347,588
XP_003201233,XP_056305198,98.4304932735426,446
NP_001185701,XP_056315744,98.33887043189368,903
XP_009298264,XP_056312032,98.41997961264016,1962
XP_005162427,XP_056305574,98.31932773109244,714
XP_002667227,XP_056327889,99.41520467836257,171
NP_001070217,XP_056316914,99.02912621359224,103
NP_998185,XP_056311704,97.35849056603773,530
XP_005164788,XP_056311704,97.54716981132076,530
XP_073797874,XP_056307426,99.22822491730982,907
XP_009300420,XP_056315392,98.65938430983118,2014
NP_001030160,XP_056312585,97.56756756756756,370
XP_073798248,XP_056308217,97.73429454170957,971
NP_001032179,XP_056324212,98.35728952772074,974
XP_005169335,XP_056324646,99.40944881889764,508
NP_997832,XP_056302061,98.46625766871166,652
XP_073806557,XP_056314394,98.75389408099689,321
NP_001315481,XP_056310552,99.6376811594203,276
NP_001074085,XP_056314611,98.37110481586403,1412
XP_682848,XP_056315120,99.52038369304556,834
XP_005159907,XP_056304425,98.74371859296483,398
XP_073794731,XP_056309336,98.18181818181819,165
XP_005162716,XP_056306497,96.58036150464093,2046
XP_073785117,XP_056334038,98.49624060150376,798
XP_009290638,XP_056331554,99.65753424657534,292
XP_009301685,XP_056317974,99.02097902097903,1430
NP_001002459,XP_056317761,99.24812030075188,133
NP_001025275,XP_056326784,99.28825622775801,281
XP_073810682,XP_056316423,98.58557284299859,707
NP_001004571,XP_056332543,98.75862068965517,725
XP_005166451,XP_056317459,98.78542510121457,494
NP_001037813,XP_056332876,98.66468842729971,674
NP_571836,XP_056315568,99.28571428571429,140
XP_021336334,XP_056326736,98.531211750306,817
XP_005158154,XP_056330827,98.62258953168045,363
XP_073791346,XP_056302306,98.71495327102804,856
XP_073791342,XP_056302306,98.71495327102804,856
XP_009293789,XP_056302749,98.94366197183099,284
NP_001315012,XP_056319133,99.38650306748467,163
XP_009292419,XP_056335381,98.35164835164835,1451
XP_017208544,XP_056302684,99.55357142857143,224
XP_073809475,XP_056315665,97.80439121756487,1002
XP_005162270,XP_056304656,98.04186360567185,1481
XP_009297689,XP_056309427,98.14453125,2046
XP_009297687,XP_056309426,96.51331719128329,2046
XP_009296216,XP_056307877,97.70642201834862,1307
NP_001153139,XP_056336770,98.68549172346641,2046
NP_001121885,XP_056313371,99.1652754590985,599
NP_001004600,XP_056328038,98.32317073170732,656
XP_005173707,XP_056333942,98.7987987987988,999
XP_073810627,XP_056316417,99.2818671454219,1114
NP_001013519,XP_056326426,98.42406876790831,698
XP_005169383,XP_056324535,98.63147605083088,1023
XP_021329873,XP_056322837,99.59514170040485,247
XP_005167088,XP_056319547,98.5372340425532,752
XP_009300257,XP_056314738,97.13035019455253,2046
XP_073810887,XP_056316654,98.28897338403041,1052
XP_021336991,XP_056330345,98.54651162790698,688
NP_571574,XP_056311100,98.40848806366047,377
XP_009290217,XP_056329908,98.14340588988476,1562
XP_009293757,XP_056302439,98.33984375,2046
NP_001417788,XP_056334113,97.13135379969803,1984
XP_009304425,XP_056324765,97.75014801657785,1689
XP_073808541,XP_056316691,98.72881355932203,944
XP_021325744,XP_056305899,98.25783972125436,574
XP_017211970,XP_056316604,98.63325740318906,439
NP_001018471,XP_056331312,99.21052631578948,380
NP_001182336,XP_056317976,99.2153443766347,1147
NP_001018580,XP_056306503,99.29411764705883,425
NP_001315096,XP_056332311,97.65306122448979,978
XP_017213206,XP_056321041,99.1462113127001,937
NP_001039014,XP_056330517,98.34254143646409,362
XP_005163374,XP_056330435,97.35449735449735,1698
XP_073785784,XP_056333775,98.02847754654984,913
XP_009290329,XP_056331211,97.58942457231726,1285
XP_021323777,XP_056335204,97.89936492427944,2046
XP_073796039,XP_056307012,99.37369519832986,479
XP_009299745,XP_056301440,99.56140350877193,456
XP_005156856,XP_056326492,99.22879177377892,389
XP_691455,XP_056325528,98.67549668874172,755
NP_001003883,XP_056324579,98.86104783599089,878
XP_073794634,XP_056309571,99.17127071823204,724
NP_001352121,XP_056323658,97.22762645914396,2046
XP_009302165,XP_056319772,99.15966386554622,119
NP_001313379,XP_056324106,98.6970684039088,614
XP_005163656,XP_056332930,98.9247311827957,372
XP_009296909,XP_056334385,99.52380952380952,210
NP_919343,XP_056304910,99.23922231614539,1183
XP_005162390,XP_056305691,97.78761061946902,1806
XP_009296078,XP_056307399,98.78366637706343,1151
NP_001092228,XP_056322105,98.71382636655949,622
XP_699475,XP_056314614,98.15705128205128,1248
XP_003199781,XP_056326690,96.18768328445748,2046
NP_001272463,XP_056303792,98.58356940509915,353
XP_073792656,XP_056303713,98.67060561299853,677
NP_001104751,XP_056310080,97.9253112033195,1444
XP_005159295,XP_056333820,97.52120026092629,1531
XP_005157523,XP_056329226,98.61495844875347,1083
XP_009299925,XP_056314179,99.05660377358491,636
NP_001038323,XP_056335106,97.88768675940237,1935
XP_017213324,XP_056321574,97.10391822827938,1174
XP_021332546,XP_056316135,99.11330049261083,1015
XP_073803145,XP_056311947,98.75389408099689,1605
XP_009302264,XP_056319465,97.3718791064389,1522
XP_009294225,XP_056304401,98.50299401197604,334
XP_005171035,XP_056312607,98.93899204244032,377
XP_005171035,XP_056312609,98.93899204244032,377
XP_009292116,XP_056312610,98.93899204244032,377
XP_005171034,XP_056312608,98.93899204244032,377
NP_001018394,XP_056332087,99.25373134328358,134
XP_073797492,XP_056306760,99.4750656167979,381
XP_073797492,XP_056306761,99.4750656167979,381
XP_073797486,XP_056306760,99.4750656167979,381
NP_001012508,XP_056331067,98.96373056994818,386
XP_073802899,XP_056311136,99.24812030075188,133
XP_009304297,XP_056324747,98.99328859060402,298
XP_017208637,XP_056303708,98.67256637168141,678
XP_021333867,XP_056319674,99.0909090909091,880
NP_001352582,XP_056318258,99.03381642512078,1242
XP_005157636,XP_056329224,98.36065573770492,913
XP_073809292,XP_056316357,99.11242603550296,676
XP_073809299,XP_056316353,99.0909090909091,660
XP_073809300,XP_056316352,99.0909090909091,660
XP_003197866,XP_056328399,99.38144329896907,485
XP_073810553,XP_056327040,98.47328244274809,524
XP_073792666,XP_056303715,98.77112135176651,651
NP_001123295,XP_056315700,99.02439024390245,205
XP_005165053,XP_056312033,98.42639593908629,1970
XP_009304202,XP_056324285,99.16317991631799,717
NP_001071018,XP_056327533,99.02534113060429,513
XP_001343041,XP_056302900,99.54128440366972,218
NP_958455,XP_056309794,99.04761904761905,420
NP_001070932,XP_056331522,98.34710743801652,1936
XP_073809219,XP_056316196,99.35567010309278,776
XP_009293684,XP_056303149,98.96265560165975,482
XP_009295656,XP_056307017,99.35205183585313,463
NP_955934,XP_056307832,97.9035639412998,477
XP_073809057,XP_056312921,98.53157121879589,681
NP_001013585,XP_056318986,99.22879177377892,389
NP_001092892,XP_056308200,99.23076923076923,780
XP_021333082,XP_056318878,99.67105263157895,304
NP_001013554,XP_056334357,98.91304347826087,184
NP_001002446,XP_056330432,98.64864864864865,222
NP_001038364,XP_056337656,98.40891010342084,1257
XP_001344260,XP_056327483,98.79154078549848,331
XP_005157080,XP_056326304,98.58605558264262,2046
XP_009301396,XP_056317199,97.76699029126213,1028
XP_073788786,XP_056336770,99.36492427943331,2046
XP_017208299,XP_056301970,98.46938775510205,1175
XP_009289755,XP_056315189,98.31932773109244,952
NP_955963,XP_056328843,99.4186046511628,172
XP_005164123,XP_056309651,97.51703992210321,2046
XP_005159647,XP_056336383,99.44444444444444,180
XP_021324370,XP_056337051,97.81704781704782,1923
NP_998551,XP_056320095,99.12587412587412,572
XP_005167978,XP_056321832,99.11816578483246,1134
XP_009295591,XP_056328146,98.6351228389445,1098
NP_001002409,XP_056308087,99.49748743718592,199
XP_009306021,XP_056327765,99.23747276688454,918
XP_009293761,XP_056303071,98.93503727369541,939
NP_001268926,XP_056323600,99.1869918699187,123
NP_956636,XP_056334240,99.35064935064935,154
XP_017212286,XP_056317653,98.90260631001372,729
NP_001410360,XP_056327649,98.84393063583815,346
XP_005166925,XP_056319889,98.73646209386281,554
XP_009292988,XP_056337571,98.5,799
NP_001289172,XP_056319120,98.2990152193375,1117
NP_001349358,XP_056312865,99.16666666666667,240
XP_005173283,XP_056328097,99.09909909909909,1110
XP_073808559,XP_056316440,99.34924078091106,461
XP_073808558,XP_056316440,99.34924078091106,461
XP_073808558,XP_056316441,99.34924078091106,461
NP_001314745,XP_056320567,99.35483870967742,155
XP_009303014,XP_056321444,98.85255306942054,1742
XP_005162385,XP_056305005,99.21671018276763,766
XP_005165942,XP_056316016,97.89473684210526,950
NP_001002426,XP_056304622,99.02912621359224,103
XP_017212968,XP_056336335,98.73417721518987,789
NP_001108158,XP_056316571,99.5016611295681,602
XP_021334253,XP_056321492,97.44493392070484,1132
XP_005159195,XP_056333785,98.62869198312237,948
XP_005163024,XP_056308086,99.50980392156863,204
XP_005173283,XP_056328096,99.00990099009901,1111
XP_009305382,XP_056326347,97.06979222163027,1873
NP_001017549,XP_056321446,98.85255306942054,1742
XP_073790947,XP_056302628,99.08466819221968,874
XP_700015,XP_056309882,99.21156373193166,761
XP_021326214,XP_056307499,99.14529914529915,468
XP_073787985,XP_056336392,98.4375,1536
XP_021329519,XP_056308187,98.62896315338475,1166
NP_001038499,XP_056335269,99.2462311557789,796
NP_571158,XP_056302526,98.10126582278481,316
XP_017212964,XP_056336318,98.75311720698254,801
XP_073790372,XP_056301900,99.26793557833089,683
XP_017212772,XP_056319669,99.08571428571429,875
NP_999874,XP_056337615,99.26144756277695,677
XP_073797194,XP_056306208,99.10941475826972,786
XP_021330770,XP_056311687,99.34383202099738,762
XP_688089,XP_056303058,99.09638554216868,996
XP_073802051,XP_056312236,99.25650557620818,538
XP_073802047,XP_056312236,99.25650557620818,538
XP_005158753,XP_056332646,99.04661016949153,944
XP_009304466,XP_056323949,99.1304347826087,345
XP_009295324,XP_056305466,99.05660377358491,848
NP_001124329,XP_056321492,98.22537710736468,1126
NP_957237,XP_056335149,99.54022988505747,435
XP_005167932,XP_056321803,98.8795518207283,714
NP_001268922,XP_056317533,98.35589941972921,1034
NP_001315282,XP_056304865,98.8538681948424,698
NP_001007314,XP_056324917,99.21465968586388,382
XP_021324360,XP_056337057,98.15317762085823,1841
XP_073810071,XP_056315709,97.45411486086442,1688
XP_073799880,XP_056312633,99.06687402799378,643
NP_001014818,XP_056328295,99.64788732394366,284
XP_005156579,XP_056326290,98.96907216494846,485
NP_956701,XP_056307737,99.46808510638297,376
XP_005166947,XP_056319884,98.64521591871295,1181
XP_073788784,XP_056336764,99.21836834391793,2046
XP_009298659,XP_056311445,98.47009735744089,719
XP_021335341,XP_056323962,99.18367346938776,490
NP_001082974,XP_056333084,99.18032786885246,122
XP_009291236,XP_056332770,99.38574938574939,814
XP_005168535,XP_056309143,98.93617021276596,188
NP_001071075,XP_056328231,98.99598393574297,498
XP_073785167,XP_056334922,98.70759289176091,619
XP_021324356,XP_056337050,98.43668577384054,1919
XP_073792659,XP_056309736,99.07407407407408,540
XP_021322301,XP_056331565,99.46262823644358,2046
XP_021337031,XP_056330309,99.66996699669967,303
XP_021324357,XP_056337051,98.226395409494,1917
XP_073789301,XP_056336746,99.13194444444444,576
XP_005164250,XP_056309904,99.12170639899624,797
NP_957007,XP_056321505,99.61089494163424,257
XP_009302535,XP_056319096,99.06396255850234,641
XP_005164173,XP_056309983,99.45054945054945,364
NP_001116327,XP_056307486,99.45553539019964,551
XP_073810080,XP_056315711,96.93325315694528,1662
XP_073788498,XP_056336882,98.6013986013986,286
XP_005160627,XP_056336883,98.6013986013986,286
NP_001077045,XP_056329208,99.00471451021477,1909
NP_998628,XP_056325223,98.59762675296656,926
XP_073808384,XP_056313955,99.46902654867256,565
XP_684264,XP_056313955,99.46902654867256,565
NP_571222,XP_056331185,99.29328621908127,283
XP_073801040,XP_056310215,99.55257270693512,447
NP_001116764,XP_056320024,99.11894273127753,908
XP_693394,XP_056309245,99.30191972076788,573
XP_021329517,XP_056308184,98.89830508474576,1180
NP_001038410,XP_056319906,98.91304347826087,1196
NP_998521,XP_056332263,98.9983305509182,599
XP_073787546,XP_056335384,99.04580152671755,1048
XP_005173247,XP_056328607,99.01960784313725,1224
XP_073794842,XP_056305483,99.12280701754386,456
XP_073788309,XP_056337632,99.38271604938272,324
XP_021326924,XP_056331728,98.30383480825958,1355
NP_957275,XP_056327761,99.28876244665719,703
XP_073802989,XP_056312153,99.07192575406033,862
XP_073810074,XP_056315711,97.53457606734817,1662
XP_697365,XP_056317467,99.39759036144578,332
XP_005174261,XP_056306886,99.32432432432432,444
NP_957168,XP_056325170,99.38800489596083,817
XP_005173170,XP_056327757,99.29676511954993,711
XP_009292473,XP_056335152,99.01153212520593,607
NP_001025346,XP_056327055,99.5575221238938,226
XP_017208249,XP_056302718,99.36034115138592,469
XP_005171317,XP_056334571,99.04552129221733,1362
NP_001002333,XP_056328487,99.66887417218543,302
NP_001121818,XP_056319496,99.22680412371135,776
XP_698473,XP_056329412,98.51485148514851,404
XP_005157530,XP_056329651,99.54648526077098,441
XP_073805961,XP_056314680,99.29278642149929,707
NP_001002330,XP_056309356,99.47368421052632,380
XP_005172094,XP_056314844,99.15356711003628,827
XP_005172094,XP_056314843,99.15356711003628,827
XP_009293034,XP_056336993,98.3835005574136,1789
XP_009292987,XP_056337571,98.875,799
XP_021331027,XP_056318845,99.20704845814979,1135
NP_001038407,XP_056337301,98.61796643632773,1013
NP_001103954,XP_056303033,98.85496183206106,524
NP_957166,XP_056326056,99.10514541387025,447
XP_005160594,XP_056336764,97.76915615906887,2046
XP_005167171,XP_056319571,99.33862433862434,756
XP_073810415,XP_056316041,98.88132295719845,2046
NP_001038254,XP_056314088,99.79797979797979,495
XP_021333146,XP_056317016,99.35897435897436,624
XP_073794773,XP_056305370,98.9090909090909,550
NP_001032750,XP_056304106,99.2,625
XP_009298429,XP_056311806,99.38488576449912,1138
XP_009295153,XP_056305226,99.27385892116183,964
XP_009298423,XP_056311803,99.39914163090128,1165
XP_001337205,XP_056317926,99.3455497382199,764
XP_073787244,XP_056335520,99.14821124361158,587
XP_073788724,XP_056337163,98.8747553816047,2044
NP_958447,XP_056302276,99.43502824858757,531
XP_009297657,XP_056309342,99.29078014184397,1128
XP_073809342,XP_056315308,98.94179894179894,378
XP_009292908,XP_056336795,99.10313901345292,892
XP_009301752,XP_056318910,99.39759036144578,332
XP_073801015,XP_056309964,92.47515380974917,2046
NP_001313429,XP_056332138,99.50980392156863,204
NP_956213,XP_056314609,99.89484752891693,951
XP_073794468,XP_056304996,99.21996879875195,641
XP_017208906,XP_056303301,98.83211678832117,2046
NP_957154,XP_056330492,99.5,200
XP_073805959,XP_056314681,99.43342776203966,706
XP_005167521,XP_056320739,99.39393939393939,330
XP_001333273,XP_056332795,99.3517017828201,617
XP_005174158,XP_056305071,99.35567010309278,776
XP_073788744,XP_056337168,99.05753968253968,2016
XP_021334979,XP_056322151,98.93283113622097,1593
XP_021329522,XP_056308190,98.93899204244032,1131
XP_005163107,XP_056307671,99.71550497866288,703
XP_009301359,XP_056317129,98.58260019550342,2046
XP_005173151,XP_056328636,99.53488372093024,215
XP_017213227,XP_056320660,98.33601717659688,1863
XP_073791585,XP_056309731,99.46714031971581,562
XP_021334178,XP_056319006,99.55290611028316,671
XP_005166503,XP_056317950,99.25,800
XP_021330286,XP_056316198,98.64864864864865,1036
NP_957203,XP_056314199,99.68553459119497,318
NP_998655,XP_056327724,98.87640449438203,445
XP_696967,XP_056309788,99.69325153374233,326
XP_005166651,XP_056318282,99.3103448275862,435
NP_001076307,XP_056301969,99.23011120615911,1169
XP_009297857,XP_056309733,99.46714031971581,563
XP_005170542,XP_056303223,99.50413223140495,605
XP_009295103,XP_056304907,99.22848664688428,1685
XP_009305639,XP_056326576,99.8158379373849,543
XP_017210541,XP_056311640,99.21935987509758,1281
NP_571039,XP_056318807,99.72067039106145,358
NP_001073170,XP_056314565,99.53051643192488,426
XP_005161646,XP_056303220,99.64973730297723,571
XP_005162281,XP_056304788,99.42196531791907,519
XP_009293036,XP_056336989,98.49498327759197,1789
NP_001038179,XP_056335710,99.43342776203966,1059
NP_001002562,XP_056302112,99.61612284069098,521
XP_073803244,XP_056316571,99.5016611295681,602
XP_073803244,XP_056316580,99.5016611295681,602
XP_073803243,XP_056316571,99.5016611295681,602
NP_997760,XP_056336204,99.76415094339623,424
XP_001337404,XP_056317981,99.3103448275862,725
XP_005160097,XP_056312655,99.44598337950139,361
NP_571056,XP_056334500,99.51219512195122,820
NP_955896,XP_056318641,99.62264150943396,265
XP_073786291,XP_056334802,99.65556831228473,871
XP_021323530,XP_056335920,99.49685534591195,795
XP_021324141,XP_056301516,99.39879759519039,998
NP_778258,XP_056333812,99.76359338061465,423
XP_002665395,XP_056334762,99.52229299363057,1256
XP_005171029,XP_056312603,99.19816723940436,1746
XP_001345114,XP_056302607,99.53271028037383,642
XP_021334426,XP_056335361,99.60474308300395,506
NP_955891,XP_056337088,99.10913140311804,898
XP_005165827,XP_056315540,99.29929929929929,1998
NP_001074171,XP_056337555,99.66101694915254,295
XP_009293035,XP_056336992,98.3835005574136,1787
XP_021332861,XP_056316101,66.8141592920354,678
NP_001007435,XP_056309678,99.01315789473684,304
XP_005165191,XP_056313681,99.0,400
NP_001122238,XP_056314113,99.33110367892976,299
XP_073786633,XP_056335702,99.48186528497409,386
XP_073786632,XP_056335702,99.48186528497409,386
XP_005165205,XP_056313487,99.43872778297474,1069
XP_009295647,XP_056306777,99.72936400541272,739
NP_001001889,XP_056335154,99.61439588688945,778
XP_009292375,XP_056336017,99.47916666666667,192
XP_073799416,XP_056307619,98.43837144450642,1792
NP_001018370,XP_056332144,99.44134078212291,179
XP_073786625,XP_056335701,99.49367088607595,395
XP_005163348,XP_056329700,99.00867410161091,807
XP_009298079,XP_056309082,99.57446808510639,470
XP_005157853,XP_056330318,99.28825622775801,281
XP_073809257,XP_056316340,99.442119944212,717
XP_073809248,XP_056316340,99.442119944212,717
XP_005172350,XP_056317331,98.87585532746823,2046
XP_073805957,XP_056314680,99.43422913719944,707
NP_001296760,XP_056333905,99.48453608247422,776
XP_009304936,XP_056317320,99.81949458483754,554
NP_001116750,XP_056334431,99.53703703703704,648
NP_001191083,XP_056302560,99.51219512195122,410
XP_005170755,XP_056307491,99.37662337662337,1925
XP_073794088,XP_056304845,99.40828402366864,507
XP_021323665,XP_056335695,99.51807228915662,415
NP_001292496,XP_056332767,99.50083194675541,601
XP_021324037,XP_056337085,99.6742671009772,921
XP_005173299,XP_056327629,99.53703703703704,432
XP_073785725,XP_056333915,99.31573802541544,2046
XP_073802654,XP_056311689,99.86754966887418,755
XP_021324672,XP_056309269,99.23413566739606,914
XP_009302369,XP_056319257,99.25876010781671,1484
NP_991119,XP_056323359,99.5085995085995,407
XP_073791603,XP_056321118,99.43396226415095,530
NP_938152,XP_056309298,99.00552486187846,905
XP_001333587,XP_056333313,99.60278053624627,1007
NP_001296394,XP_056312462,98.97360703812316,2046
XP_073785378,XP_056334730,99.31607230092818,2046
NP_998088,XP_056317014,99.62476547842401,533
XP_073797834,XP_056309615,99.84984984984985,666
XP_073797832,XP_056309615,99.84984984984985,666
XP_073797882,XP_056309617,99.84825493171472,659
XP_073802030,XP_056311561,99.76133651551312,419
XP_021324481,XP_056302117,99.79296066252589,483
XP_009295532,XP_056306204,99.23761118170268,787
XP_005168948,XP_056317600,99.56989247311827,930
XP_021329438,XP_056307173,99.58711808422791,1211
XP_005164162,XP_056309853,99.60629921259843,508
XP_073798816,XP_056307698,99.51219512195122,615
XP_073798394,XP_056307791,99.52076677316293,626
XP_686077,XP_056305672,99.7134670487106,1047
XP_073802457,XP_056319378,99.71671388101983,353
XP_073793421,XP_056309227,99.7452229299363,785
XP_021326032,XP_056306492,99.79550102249489,489
XP_073802348,XP_056319350,99.73045822102426,371
XP_017209404,XP_056306491,99.8,500
NP_998664,XP_056312497,99.74619289340102,394
XP_009299818,XP_056313939,99.6268656716418,536
XP_021324176,XP_056301255,99.6845425867508,317
XP_009295738,XP_056306125,99.60975609756098,1025
XP_009301473,XP_056317642,99.74059662775616,771
NP_956021,XP_056337474,99.34640522875817,459
NP_571446,XP_056313661,99.35483870967742,620
NP_001070794,XP_056302270,99.78213507625273,459
XP_005160955,XP_056301492,99.48096885813149,578
XP_005162836,XP_056306464,99.69719909159727,1321
NP_001417783,XP_056332556,99.54198473282443,655
XP_005159285,XP_056334726,99.36461388074291,2046
XP_009290696,XP_056330606,99.79267449896338,1447
XP_021332671,XP_056315487,99.72067039106145,358
NP_001165056,XP_056321634,99.49409780775717,1186
NP_956841,XP_056322388,99.66442953020135,298
XP_009300481,XP_056315550,99.66821499668215,1507
XP_073788438,XP_056336736,99.73333333333333,375
XP_005166906,XP_056319973,99.68553459119497,636
XP_005157040,XP_056327056,99.58904109589041,730
NP_001154956,XP_056312856,99.7229916897507,361
XP_005166474,XP_056317927,99.60474308300395,506
XP_073799045,XP_056307413,99.5049504950495,605
XP_017208907,XP_056303306,99.70674486803519,2046
NP_853634,XP_056309276,99.56976029502151,1627
XP_073789399,XP_056337080,99.7624703087886,842
XP_009302835,XP_056320947,99.56011730205279,2046
XP_021326164,XP_056309855,99.79591836734694,490
XP_073798173,XP_056308177,99.84544049459042,647
XP_009305177,XP_056324946,99.83249581239531,597
NP_001018326,XP_056332652,99.83193277310924,595
XP_003197917,XP_056332951,99.89212513484358,927
XP_005162485,XP_056323166,99.74874371859296,398
XP_009301701,XP_056318014,99.88649262202043,881
XP_009302831,XP_056320943,99.51124144672532,2046
XP_073800460,XP_056309351,99.8389694041868,621
XP_001921020,XP_056309351,99.8389694041868,621
XP_021332522,XP_056316113,99.80353634577604,1018
XP_009301470,XP_056317632,99.8719590268886,781
NP_001019600,XP_056323966,99.80657640232108,517
XP_073806684,XP_056313419,99.65237543453071,863
XP_009295129,XP_056327170,99.90059642147118,1006
NP_001300770,XP_056314296,99.92144540455617,1273
XP_005163697,XP_056302037,99.9090909090909,1100
XP_005169340,XP_056324030,99.90403071017275,1042
XP_005170056,XP_056336158,100.0,215
XP_005159024,XP_056333181,100.0,88
NP_001003494,XP_056331685,100.0,201
XP_005173695,XP_056334480,100.0,456
NP_001006087,XP_056325989,100.0,153
NP_001034926,XP_056325599,98.41269841269842,189
NP_001038787,XP_056308208,100.0,109
XP_021332966,XP_056316465,100.0,303
XP_073794851,XP_056305798,100.0,185
XP_073798357,XP_056318060,100.0,144
NP_001002519,XP_056313007,100.0,140
NP_998516,XP_056329407,100.0,149
NP_001373648,XP_056318483,100.0,124
NP_956376,XP_056337219,100.0,149
NP_957191,XP_056312188,100.0,193
NP_001032320,XP_056304066,100.0,396
XP_017208628,XP_056304067,100.0,396
XP_009296449,XP_056307639,100.0,436
XP_009292978,XP_056301423,100.0,188
NP_001019591,XP_056303061,100.0,101
XP_073795877,XP_056305951,100.0,430
NP_001071211,XP_056307497,100.0,429
NP_001373678,XP_056316899,100.0,128
NP_001307335,XP_056324910,100.0,192
NP_956239,XP_056319045,100.0,108
XP_073796658,XP_056306415,100.0,107
XP_021333835,XP_056319525,100.0,193
XP_005162697,XP_056307004,100.0,112
NP_001373579,XP_056318488,100.0,103
NP_001410239,XP_056316894,100.0,136
XP_005160093,XP_056312651,100.0,188
XP_073799540,XP_056312889,100.0,103
XP_073799484,XP_056316909,100.0,103
NP_001373579,XP_056318492,100.0,103
XP_017209642,XP_056316909,100.0,103
NP_001099176,XP_056308344,100.0,103
NP_001083038,XP_056308342,100.0,103
NP_001373604,XP_056316916,100.0,103
NP_001107268,XP_056332702,100.0,708
XP_073792592,XP_056304068,100.0,395
NP_001013489,XP_056328513,100.0,199
XP_073799484,XP_056316911,100.0,103
XP_009301164,XP_056318491,100.0,103
XP_005164636,XP_056311938,100.0,125
NP_001083038,XP_056316912,100.0,103
NP_001093643,XP_056316892,100.0,136
NP_956840,XP_056329506,100.0,897
XP_002662243,XP_056316916,100.0,103
XP_002666964,XP_056316912,100.0,103
XP_073786745,XP_056335510,100.0,193
XP_009301181,XP_056318489,100.0,103
XP_021334846,XP_056323087,100.0,160
XP_073794656,XP_056304797,100.0,364
XP_688359,XP_056318100,100.0,383
NP_001025171,XP_056329507,100.0,89
NP_997774,XP_056320548,100.0,340
NP_999868,XP_056301706,100.0,178
NP_997859,XP_056311844,100.0,729
NP_571338,XP_056335427,100.0,462
NP_001002152,XP_056319472,100.0,185
XP_009291805,XP_056333801,100.0,201
NP_571291,XP_056330354,100.0,405
NP_998200,XP_056309447,100.0,217
NP_998643,XP_056313486,100.0,313
XP_073808506,XP_056315114,100.0,107
NP_001002079,XP_056318796,100.0,151
XP_073805830,XP_056313995,100.0,167
NP_956228,XP_056314574,100.0,118
XP_005170626,XP_056305859,100.0,163
XP_001339262,XP_056328028,100.0,202
XP_073801676,XP_056311498,100.0,403
NP_001315436,XP_056306361,100.0,380
NP_001159626,XP_056327787,100.0,200
NP_957424,XP_056309301,100.0,374
XP_021334608,XP_056331599,100.0,402
NP_001004672,XP_056318823,100.0,201
XP_073788666,XP_056337621,100.0,231
NP_001373300,XP_056316902,100.0,127
NP_001002708,XP_056315045,100.0,150
NP_001003755,XP_056307633,100.0,183
XP_683865,XP_056309606,100.0,263
XP_003201047,XP_056303927,100.0,209
XP_009304940,XP_056317371,100.0,520
XP_005167867,XP_056321585,100.0,244
XP_021335874,XP_056336651,100.0,236
NP_955842,XP_056323158,100.0,201
NP_997745,XP_056304103,100.0,242
XP_017207140,XP_056333340,100.0,735
XP_017209293,XP_056306361,100.0,380
NP_991120,XP_056331593,100.0,402
NP_001417902,XP_056317398,100.0,241
XP_009292216,XP_056336065,100.0,181
NP_001002061,XP_056309531,100.0,192
NP_001002397,XP_056334337,100.0,68
NP_001007399,XP_056333477,100.0,236
NP_956796,XP_056315389,100.0,156
NP_001070182,XP_056301898,100.0,901
NP_942113,XP_056331228,100.0,444
XP_009289352,XP_056327699,100.0,696
XP_689050,XP_056329641,100.0,247
NP_001009898,XP_056313311,100.0,111
NP_001013481,XP_056316907,100.0,124
XP_005158227,XP_056331482,100.0,395
NP_001015058,XP_056325466,100.0,147
XP_002663478,XP_056321954,100.0,667
NP_001037783,XP_056327271,100.0,71
NP_571255,XP_056314443,100.0,411
NP_991254,XP_056319402,100.0,159
XP_009303285,XP_056321953,100.0,667
XP_005159468,XP_056335580,100.0,463
XP_009296895,XP_056333596,100.0,538
XP_005156465,XP_056324948,100.0,593
NP_998415,XP_056326033,100.0,409
NP_998142,XP_056308914,100.0,427
XP_005163564,XP_056333580,100.0,538
XP_002666990,XP_056316907,100.0,124
XP_005163563,XP_056333580,100.0,538
XP_073794291,XP_056329234,100.0,136
XP_005174365,XP_056308236,100.0,294
NP_956297,XP_056308304,100.0,136
NP_001289715,XP_056302564,100.0,74
XP_691726,XP_056331575,100.0,175
